memory_initialization_radix=16;
memory_initialization_vector=
00D0,
02DC,
017A,
0214,
0051,
00FC,
002C,
FF42,
FE5F,
FF27,
01EC,
032D,
FF97,
012D,
FF99,
01F0,
FD6E,
FFA4,
03CD,
FFAF,
01C6,
0079,
FF69,
FD52,
FFA4,
0248,
0024,
0112,
000A,
FF59,
0064,
00FE,
0198,
02E8,
0005,
FE71,
0222,
00CE,
FF92,
FFFD,
FFC9,
FF23,
FFF3,
FDF9,
0007,
FE54,
FFE7,
FF62,
02C7,
FF47,
FF36,
0050,
FE66,
0127,
FF7C,
FFD5,
FFAE,
FE37,
00FB,
0011,
018A,
FE4B,
FE72,
0303,
FF76,
FF08,
02E5,
FDB2,
FE74,
FF6A,
FF4D,
0057,
FF43,
FECF,
0246,
FFAE,
0083,
FFF7,
FD7F,
02F0,
FF05,
FF23,
FF66,
FF64,
0058,
00E4,
03FE,
01D6,
FF10,
01C5,
0369,
FDFD,
FFA4,
FDB2,
FDBD,
FE11,
FF59,
FF79,
005E,
FF42,
0201,
FEC9,
FF8E,
FFBD,
FE65,
FF16,
017B,
FF4D,
FDE0,
FE41,
FEC7,
FE96,
00C7,
FEED,
FF5E,
FF8D,
FF3B,
FE1C,
FFFF,
FDA7,
02BB,
FCEE,
00DE,
00E9,
FF66,
FECC,
FED1,
02D6,
0261,
FF56,
FF22,
0077,
011D,
0226,
FDEF,
FF35,
0189,
01C8,
0180,
004C,
FE9F,
FDA3,
01BD,
FF80,
018C,
FF05,
0159,
FE34,
008B,
0202,
01A9,
0033,
0318,
FED1,
FFBD,
00EF,
00E5,
0224,
FF8C,
017C,
00BA,
0074,
01BF,
FF82,
0130,
0173,
0128,
FDDE,
FA6D,
027A,
0022,
00ED,
01D6,
0112,
0122,
FF3C,
00D5,
006F,
010F,
FF68,
0044,
FE2A,
006E,
00D1,
FEF7,
FECF,
FE04,
0255,
FED9,
0261,
00C9,
002B,
FCC0,
FF84,
0085,
002D,
0063,
00A9,
0076,
FFE1,
FEFA,
FF66,
0004,
00E4,
00AE,
FFBE,
FE52,
FDA9,
FE79,
0083,
FC2F,
0182,
0078,
FF65,
FEA8,
FFCA,
FD36,
00B1,
0011,
FBF1,
004C,
0148,
0118,
050E,
0190,
0272,
FC75,
FC00,
009D,
FF41,
00CD,
FE5A,
FF44,
003D,
FF26,
FD71,
0034,
FC3B,
FE3A,
FE9C,
FEBA,
FEC9,
008A,
0226,
0084,
0092,
02DB,
FCA0,
0084,
FFB4,
FED6,
00CF,
00C5,
FCFE,
FEE2,
FF22,
FFDE,
FE40,
FF0C,
FCCF,
043A,
FF5B,
0258,
00C6,
FEAD,
00D9,
0172,
FB7A,
048D,
0286,
FEBD,
FEB1,
FFCC,
0319,
FF1C,
FF3D,
0118,
078D,
038D,
FF32,
0028,
0186,
FEFB,
01E5,
009C,
0177,
FFD5,
FF7A,
0451,
018F,
01E6,
FEF7,
0328,
00A8,
01E5,
01B1,
035A,
002D,
00D9,
00EF,
0099,
0167,
01EB,
0331,
01C8,
02A2,
FE22,
009D,
FEEA,
FE17,
FC68,
000F,
FD7B,
FF9A,
0117,
0135,
0074,
FFDE,
FF7C,
02C7,
FF0B,
FF6D,
009A,
FEA1,
00EE,
02A3,
FEE3,
00BB,
003E,
FFF3,
FE2C,
02AD,
FF9F,
002E,
00D0,
FEF3,
0101,
FFB4,
FFFD,
0395,
0098,
00B4,
0187,
006D,
FFFB,
020A,
FFD7,
FF11,
FF82,
FEFE,
FDF3,
FD2E,
006A,
FD8D,
005D,
0447,
FF10,
025B,
FF08,
FED4,
01AC,
00C3,
00BA,
FEF5,
FFA6,
02A2,
00B2,
00C8,
0193,
01F6,
0144,
0037,
01B8,
00B4,
FFBA,
FFD2,
0139,
FE1C,
FF07,
0076,
FF0D,
0062,
FE66,
FED7,
FF92,
FC34,
FDA2,
FB1A,
FD77,
FE56,
00D3,
0225,
FD09,
005B,
002B,
FD84,
0254,
F95E,
FF9C,
02AC,
FAD0,
FF59,
0287,
0072,
0393,
FDD0,
FF38,
01C3,
04CA,
0300,
FF75,
FE50,
FE1B,
0092,
00D2,
00DD,
FF73,
0056,
0266,
FE33,
007C,
024A,
00E8,
0019,
015E,
00A9,
015E,
FB16,
FF2D,
FD83,
0106,
000C,
FE72,
02B3,
01EF,
00A9,
FD5E,
FF27,
FAF8,
01E8,
FF74,
0248,
FCB2,
00E0,
FF99,
019A,
02A2,
0150,
0057,
FCA3,
FF9F,
0187,
01DF,
FF33,
FF5A,
FE82,
FF76,
FD78,
01C7,
FE0B,
FC0E,
FEDC,
FF8B,
FEF5,
FE3F,
FEC2,
004C,
FEF4,
FEF7,
0074,
0314,
FDD3,
014E,
FF2D,
0060,
0135,
FF4D,
02D2,
0098,
0425,
0175,
FED3,
FE30,
0025,
01CA,
FCEE,
0125,
01D3,
01B6,
FF7F,
032A,
003E,
FFFB,
FF8A,
0007,
FE98,
0258,
04C9,
020A,
FEED,
018C,
FF2A,
FFCE,
FF89,
019C,
FF3A,
FF59,
01D2,
02FC,
FDD6,
0031,
0010,
FD15,
021B,
0228,
013A,
FF2E,
01D1,
02A7,
0029,
FEC4,
FE9C,
01BB,
0036,
0096,
0281,
FC77,
FEB8,
FD41,
FFF8,
FEEA,
02D1,
0224,
FD2E,
FE59,
FEFD,
00C4,
FE63,
01EB,
FD0D,
FDAD,
0216,
011E,
003A,
FFF0,
0030,
FFAD,
FFDB,
015E,
FF53,
FF9B,
FEDA,
01EB,
0088,
004C,
FFB8,
0027,
0052,
FED1,
FF1A,
0030,
004C,
FF4C,
FEEC,
006B,
0181,
021E,
02B4,
00C1,
FDE4,
FFA4,
FEC7,
008D,
FE19,
FEC9,
FF58,
001B,
FC96,
0264,
0024,
FED1,
0108,
FDC7,
03E7,
FF0D,
FFA5,
00BF,
FEE2,
FFEC,
02C7,
FF28,
004F,
FDE2,
016E,
00B7,
0164,
FF19,
005B,
FC98,
FE3B,
FE76,
0147,
0231,
FFC5,
02DE,
0359,
FF50,
0310,
FE43,
FF97,
0081,
0265,
02A1,
017C,
0153,
FFF5,
00C7,
0056,
005A,
04EA,
008E,
01AE,
FEAD,
FE69,
FF93,
FFD1,
FEF5,
FF5D,
FFAD,
00EB,
0248,
FF88,
0293,
0019,
FF5F,
FF96,
0178,
FF27,
FE70,
FF63,
0033,
FF51,
FCFA,
FF55,
FE4F,
FFF7,
FE56,
01C7,
FE2B,
FEA6,
FF39,
FDAB,
FAEB,
FF81,
FF7E,
0005,
FE9E,
FF14,
0054,
0036,
FCC0,
00E4,
0002,
FD25,
FF5C,
0063,
0108,
0039,
FC5E,
00AA,
0158,
0008,
0484,
009E,
FF81,
FD9B,
FD31,
0039,
FF0C,
008C,
FCEE,
02C4,
011A,
FF38,
FEDF,
00A9,
FE30,
033F,
0015,
0349,
FFE2,
0013,
0002,
00AA,
0188,
00BA,
01D2,
00A2,
00ED,
FFFF,
0155,
FDEE,
FE91,
0289,
FF8A,
0011,
FF88,
0007,
FF89,
FED1,
FE3A,
00BF,
03BB,
0544,
FFE9,
FF09,
FE4A,
0133,
FF38,
FD8F,
FF0F,
FF66,
FC4A,
0119,
00D3,
019C,
00F1,
FE25,
FF89,
FEE7,
FD91,
FFA5,
FE3B,
FD0E,
01DC,
0305,
FDFD,
009D,
FF9C,
FB58,
FFE2,
FE65,
FDA7,
014D,
024D,
FF8E,
FB83,
FD04,
FE6C,
FD70,
0207,
006B,
FF1B,
FB78,
0507,
FDB5,
FF32,
009E,
0045,
0150,
0274,
FC74,
002F,
FFB5,
FF99,
0060,
FECC,
FFDB,
017E,
FFE9,
FDB0,
0146,
FFEE,
FF81,
FE61,
FFE0,
FE90,
0161,
FECA,
FF8A,
0101,
00E5,
FC79,
FDF7,
FD9D,
FC68,
01AC,
FE99,
003A,
FF4D,
019F,
FF27,
018C,
02BA,
0223,
FE47,
FDFA,
026E,
FF71,
FF2E,
FF42,
FE4B,
FD89,
FDFA,
FED5,
FEA3,
FB6E,
014B,
00AF,
FE37,
006C,
FFE0,
0073,
0284,
01B0,
FDD2,
0139,
FFBD,
0132,
FFAA,
0278,
FF1C,
0193,
FF83,
0183,
FFA1,
FE83,
FE9E,
0164,
0095,
FD1D,
0215,
00ED,
FFD4,
0067,
FFDF,
FE0A,
0439,
FFC6,
FFCE,
033B,
0052,
01E6,
FE2F,
FF69,
FFBC,
FFC7,
FD4D,
00E7,
FF17,
FFFD,
FE7A,
FF7E,
0340,
FED2,
00FD,
FDD0,
012C,
0085,
0143,
012D,
FFEC,
0255,
FA5A,
FE7E,
014D,
FFA7,
FE7C,
FCA3,
FE9C,
FFB2,
019F,
02F2,
FF8F,
FEC7,
FFB3,
FD3F,
FDAB,
FF23,
FDEA,
006B,
FEE6,
02EF,
00D1,
FE0D,
FEE4,
FE44,
02E5,
0462,
FE07,
FFE3,
033A,
FF28,
FF57,
03D7,
FFAD,
017F,
FEC2,
FF2E,
FF72,
FD6D,
FE96,
FC92,
0087,
FECE,
0133,
FEFA,
00B3,
008D,
006E,
FE3A,
0387,
0360,
05EA,
FF7D,
0192,
FE6E,
FCEB,
0025,
0026,
00F7,
FEA9,
FF1A,
FF1C,
FEF7,
FCEA,
FCE4,
FED7,
FDD8,
FF5E,
FFEF,
0199,
004B,
00B1,
FF62,
FEC6,
050B,
0149,
009A,
0066,
00DB,
FD98,
02EB,
FE6A,
FFB5,
0138,
FEBF,
0043,
027F,
FFA7,
01B1,
0053,
0294,
0074,
00FD,
045B,
FBE2,
FE20,
FD4F,
031A,
FD9D,
033F,
FC83,
FB70,
0066,
01BB,
FFDC,
FECB,
FF12,
FE81,
FBD5,
00AB,
0015,
00F4,
0406,
FFCB,
0032,
01C8,
FF6F,
FF81,
FE75,
00C0,
0033,
FF9E,
FF13,
0331,
022D,
0049,
FE8F,
004E,
FE57,
015D,
0221,
FF38,
FD3D,
0005,
FE61,
00B7,
0123,
FF40,
01DF,
FEAB,
01F1,
FEC1,
FDB7,
FF68,
FF7E,
0019,
0253,
012E,
00C9,
FDFB,
0273,
002E,
0125,
FF57,
01BC,
FF74,
FCF2,
FEA5,
FDC6,
FE93,
0071,
FFC9,
FBF1,
FFEE,
0027,
FF7E,
FF75,
0037,
FF6C,
FDA3,
00F2,
FFB9,
0003,
0012,
FE87,
FD72,
FFB5,
FC3C,
FEB1,
FF68,
0078,
FF91,
FC3F,
017A,
FEA7,
FDB2,
FE1F,
FF17,
0195,
0195,
00DD,
0063,
00CD,
FC27,
FD92,
0261,
014A,
FFD1,
FD8E,
FEEF,
FF68,
FE4B,
01C0,
FF39,
018A,
0064,
0471,
037D,
FEBC,
FDCE,
FED4,
FF1F,
01BC,
0008,
FB69,
FB43,
FD20,
0352,
0373,
0117,
FEC7,
FF7C,
FC41,
0009,
011E,
0029,
0172,
FC19,
FF88,
00FA,
03BA,
FBB7,
FFDF,
FAE5,
FF80,
FF8E,
FFDA,
FEE2,
FD9B,
FEF5,
FECA,
0120,
FE55,
FF43,
0399,
00BB,
FF38,
FD71,
024F,
FF85,
007E,
FF40,
0197,
01FB,
FF26,
011B,
FF56,
FE22,
015C,
FF9C,
FE9F,
0254,
FDC1,
0277,
FF9C,
0112,
014C,
FFA4,
0164,
00B8,
FF79,
FD53,
031E,
0131,
0163,
FE07,
0137,
FEE8,
0369,
FEAE,
FEDD,
015A,
FDEB,
0036,
020E,
0071,
FCD5,
0174,
FE42,
FD98,
FFE5,
034B,
FFF7,
036B,
FEE2,
FF90,
0112,
0081,
0056,
FE45,
FD94,
FF3F,
FF08,
0244,
FD6F,
FE75,
FC03,
FEC8,
FF3E,
03A1,
FE78,
FC8E,
FF32,
FFCB,
FD77,
0123,
0363,
0039,
FE6F,
FFFC,
0279,
FED3,
FD68,
0175,
FDC9,
0146,
023C,
00B0,
FBC7,
03BD,
01F5,
0038,
FE68,
FF25,
FE54,
FEA8,
FFE0,
00F1,
0192,
0174,
006B,
FF82,
0197,
FE99,
0032,
01E8,
0115,
01FB,
FE3B,
FD86,
010B,
0093,
00AC,
0018,
FE34,
FF3A,
FF29,
FFDD,
FCDF,
0067,
00C3,
FFE4,
FE69,
FE60,
008D,
FDC6,
FDBF,
FEA2,
020E,
00DD,
FFCA,
FE74,
00BA,
000C,
01BA,
0108,
FD8E,
FF30,
FEDF,
002B,
FE67,
FDCC,
018F,
FDB1,
042B,
00CC,
FEA7,
0199,
00E9,
019E,
011B,
FF3A,
FF34,
0027,
FFD5,
019C,
FEE2,
0106,
FB76,
FFE0,
0273,
01F3,
013D,
01E9,
FFA1,
FED0,
0242,
01FB,
01CD,
00CA,
00D6,
FF84,
0182,
FE67,
FFB5,
00FB,
0198,
FEDC,
0081,
FEDC,
01D2,
02F5,
00A4,
FF15,
002A,
FEC5,
FE7F,
FF7D,
005E,
0194,
FF72,
00D3,
FE92,
FD35,
FE55,
00E0,
FF3D,
00B0,
0227,
FF1E,
0162,
0220,
0194,
0038,
028B,
0189,
02C3,
0126,
0140,
FE10,
FD9B,
FF37,
0027,
FFCC,
FFA4,
FC4A,
02CF,
FEBE,
FF90,
FE9B,
FCB2,
FB4B,
003A,
00F6,
FEA7,
012B,
0049,
024A,
FED0,
FBBA,
FD95,
0174,
FF9B,
FFBE,
0148,
FD25,
FE22,
FF78,
0053,
FEB1,
FFA1,
02E5,
0306,
FF4E,
0091,
00C2,
0108,
FDD7,
01C6,
0200,
FFD7,
FFB9,
003F,
FF30,
0157,
FF07,
FD00,
FE59,
01AE,
00A5,
FEF4,
015A,
02C7,
FCB0,
013C,
FE1D,
0060,
0052,
0070,
FE86,
0169,
010C,
009C,
03BB,
0411,
FDE0,
FEF7,
0147,
0063,
0017,
FD08,
FF24,
FFE8,
FF7A,
FFEC,
FFF4,
FF86,
0079,
001D,
0359,
FF17,
0132,
FE10,
FBEC,
05A0,
03D1,
0117,
FF40,
FC76,
FFB6,
FF60,
0161,
0182,
015C,
0305,
FE93,
012A,
FE47,
FEAB,
010B,
027B,
0101,
0034,
FE2A,
0005,
FEC2,
0330,
01F8,
FC95,
0027,
0528,
0225,
FDC3,
FE0C,
FFDA,
FF08,
00F1,
FF55,
FE17,
FEE6,
0111,
0139,
FF1C,
FD27,
FF28,
0289,
FFA0,
017F,
00D5,
FF0F,
FFF7,
FC9E,
FF5F,
FEA5,
01A0,
FF56,
FC17,
0099,
FFD7,
FEB3,
0261,
01F9,
FCEC,
FF98,
FE58,
FD63,
01AB,
FFC1,
FDFC,
00A4,
0141,
FCF9,
FEF7,
FCF8,
025B,
00B7,
0058,
01D2,
0469,
FF9A,
0291,
0063,
FEB4,
FE6C,
0298,
00B6,
01B7,
02BC,
00A6,
0085,
FDE3,
037B,
FE36,
00AB,
00A6,
FD1B,
FC2F,
FF81,
FD6E,
FF32,
03D4,
007B,
00B3,
FDB8,
FE60,
FE60,
FFF7,
FB78,
FFEC,
FBBD,
FDEF,
004E,
0270,
FE6A,
FF61,
0135,
FD5A,
FF50,
FE32,
0087,
020B,
FD93,
007A,
002F,
FE04,
FE9B,
FFD5,
0021,
FE34,
FF92,
FD62,
FE93,
FD84,
FE51,
FEC3,
0281,
0093,
FD06,
FF82,
0128,
009F,
FBE7,
0143,
005D,
018F,
0331,
05C1,
0381,
01DA,
00C4,
0200,
FFC8,
01B9,
FE92,
FE0A,
001D,
FBBC,
FF99,
00E2,
0069,
0105,
FCBB,
0279,
FF7E,
FDA4,
036D,
01C1,
FE11,
0105,
FDE4,
0333,
01D5,
00D5,
0371,
FC08,
0475,
001D,
00CF,
FC6C,
004B,
0137,
FA35,
018B,
FF3A,
0205,
03DC,
FC70,
FC3D,
00E4,
FE3E,
020E,
FB93,
FF7F,
019D,
005D,
00B4,
01AB,
FDE0,
007A,
00BC,
FD51,
0202,
FD2C,
FFA9,
FF33,
FE48,
FE4C,
FDF0,
00DE,
0291,
0308,
0211,
FF99,
0475,
00BD,
0204,
FE75,
FF5B,
0368,
FBD2,
013B,
FFD1,
FE6C,
01DD,
FD9D,
FE6D,
FE51,
FD75,
00A2,
FE8B,
0321,
015F,
FE86,
02F6,
FD11,
0218,
FFE4,
FEF3,
0098,
017C,
FED5,
02BD,
FF8F,
FE17,
FEC7,
01D7,
006D,
FF05,
FCEA,
FF38,
FED7,
FD40,
FBE9,
FDBE,
0077,
010F,
0332,
FFA9,
FD46,
FFE9,
029E,
019F,
FEE3,
FD70,
01A1,
FE1E,
003D,
0371,
FF70,
01EB,
FF86,
0124,
FE81,
02A8,
FECD,
FFDA,
FFE9,
FC64,
FFC6,
FEBE,
FE0D,
006D,
FE70,
00FA,
FFE8,
FF35,
FFC0,
FD49,
FFC4,
0071,
FF32,
FC2A,
FF8B,
0188,
FD88,
0062,
01D1,
FD50,
00DD,
02E8,
008D,
0188,
FD58,
0114,
001F,
FDB9,
0031,
FF53,
004D,
FFCB,
FF0D,
041C,
00DA,
0036,
00FA,
006B,
FE8B,
FCE3,
FEEE,
0140,
FF43,
FE78,
01EE,
FECF,
00C3,
0182,
FF46,
FFCA,
FE9E,
00C5,
FFD4,
033C,
FD69,
0021,
039B,
015F,
0085,
0211,
000D,
0220,
000F,
FF62,
FEA2,
FCCB,
0420,
FEC3,
FFE5,
01FE,
03F9,
00C7,
FDC2,
FBDA,
0050,
FFD3,
FEEB,
0259,
FCC2,
FA8C,
FFA4,
028D,
02BE,
0209,
FD80,
0127,
0023,
0177,
FC72,
00D8,
FE65,
FFE8,
FF1C,
FE6A,
FF10,
FF85,
FF2D,
FE87,
FE33,
FE24,
FF7D,
FEA1,
0369,
FE67,
FFEA,
FC5A,
044A,
FE03,
FECB,
FF8D,
FF65,
FD87,
02EA,
0345,
FF71,
0160,
0009,
003A,
00C8,
FE76,
0014,
0157,
01C9,
FBC2,
FFB8,
02B5,
FED2,
FFA3,
FEF7,
0077,
FD5D,
008A,
02C2,
FFB6,
FFD4,
FF9A,
037F,
013C,
FD31,
013A,
0055,
FDAA,
007A,
FE6F,
FE63,
FDE1,
0185,
014A,
FEA5,
FFE4,
FDC4,
004C,
FE3E,
FFF9,
022F,
FBD1,
FF43,
FF24,
FF36,
FCA1,
01F9,
0026,
00F0,
02E3,
FB37,
00B1,
036A,
0379,
FC69,
FFD3,
0016,
FF7B,
005D,
FFC3,
FE77,
FF3E,
FFE1,
FF19,
0038,
FFA5,
025F,
0222,
012D,
FFC5,
00D3,
FF3A,
FFAC,
FE45,
FFCF,
0023,
0173,
FD0E,
FF84,
FF2C,
FCAB,
FF33,
0074,
FFD5,
0260,
028A,
00AC,
03E0,
FCC2,
00E7,
0153,
FF1D,
FFC0,
0138,
FF13,
0047,
00EB,
0083,
006B,
0022,
FE2D,
FEEB,
FF33,
FED7,
02D5,
FC2E,
FF9C,
00BB,
FCD9,
FECE,
0040,
FF56,
0154,
FF70,
FE1A,
005F,
02C6,
FFFC,
FFCE,
0225,
011A,
FEC9,
FF3B,
FF6E,
00CF,
FEC2,
006F,
FEE9,
FF23,
0146,
012E,
0215,
FF94,
FFA3,
0153,
0217,
0099,
FEDB,
FEC7,
00D8,
00C9,
00CB,
0040,
03C2,
01EC,
FEFF,
0101,
FF9E,
0114,
0190,
029D,
0055,
FFBF,
0088,
FFDC,
FF73,
0384,
00B4,
FAE1,
FEF4,
0034,
0051,
003C,
FE24,
FD0B,
0101,
0199,
0072,
01E8,
0217,
FE2E,
FDAB,
03CE,
FFC0,
015B,
FE23,
FE48,
02D8,
FE3D,
FCE0,
FF44,
01DF,
FD2C,
0111,
FDEA,
FE99,
0283,
008B,
FE75,
0162,
F9F1,
FCDC,
FF76,
00F6,
01F0,
01AD,
004A,
FE51,
0154,
00D9,
FF35,
004F,
04F6,
FB19,
FE1A,
027F,
0261,
FAEE,
FF9A,
FF8D,
0235,
0131,
FC4E,
FE71,
0027,
FFFB,
023D,
030A,
FF5B,
FFDA,
00FF,
0422,
0172,
033D,
00CC,
FF90,
FDA4,
001D,
0272,
FEF6,
FE56,
FFE1,
0185,
0131,
0054,
FF30,
FF1F,
FED6,
0440,
0093,
00BC,
0026,
FF5F,
0075,
018C,
FE9B,
019E,
010A,
FEF1,
FFB1,
FD5C,
01B6,
0076,
FFA7,
013B,
000E,
FC6C,
03A6,
FFAE,
FFFA,
0016,
FFFC,
FFFF,
FC11,
013C,
0225,
02C0,
00CA,
01D2,
FFED,
FFB8,
016C,
01D9,
FEFA,
FED3,
FFB6,
FFBA,
05A0,
FF74,
FE89,
044A,
01BE,
FEB0,
01BC,
FB1E,
02BE,
0113,
FDE0,
FD40,
FF90,
FF72,
047E,
0106,
FEEF,
00E6,
010B,
02DF,
0016,
0031,
00B8,
00AA,
004D,
FFFA,
FFC0,
FD87,
FFE6,
FEC3,
02C8,
01DB,
FED1,
FEDD,
0113,
008A,
006E,
FDDB,
0204,
FF38,
FE79,
00AF,
FEAF,
00D3,
FFB7,
02AB,
0015,
FFB9,
FEA7,
FE8E,
FF44,
FE30,
FE13,
0171,
FD52,
00D5,
013A,
0330,
FFD9,
FF3D,
FE82,
0383,
020E,
FEF8,
00BA,
0057,
FE42,
FFCE,
012E,
FFC1,
0157,
FF37,
FEE0,
FFA0,
002F,
0131,
0050,
01E7,
FFBF,
FF84,
FF9A,
00A2,
FD95,
FF32,
00DD,
FED2,
FFA3,
030C,
0206,
FFF1,
FF87,
00C2,
0135,
FEF3,
0185,
FE8F,
FE62,
0007,
FEE0,
FF2E,
FFA2,
000C,
FC2F,
0096,
011C,
0088,
FE44,
FF44,
FD3B,
008C,
FEEE,
012C,
FB4B,
FCD6,
01AA,
FEC9,
FF65,
FFE0,
FDD1,
FE58,
FEB9,
020B,
0413,
FFB3,
00A2,
0028,
FD24,
03A4,
FDFC,
FFAE,
021B,
FE32,
FFC7,
00B3,
FFCC,
03C3,
00CC,
FDA2,
0093,
01E1,
0247,
FF54,
FF44,
FF29,
FFCA,
01F2,
01FA,
FF10,
01A8,
0072,
FF63,
041C,
012B,
0119,
FEF8,
0285,
FE86,
0048,
FDD8,
FEF0,
FE8E,
00F8,
FE67,
0046,
050D,
0020,
007C,
FE6B,
FE5D,
F8A3,
01CD,
FE36,
01F4,
FE58,
021C,
FF78,
01E9,
0266,
FFFD,
FF15,
0136,
FD0E,
FE66,
FE2D,
01D3,
00D3,
FE83,
0183,
01C1,
FE61,
FF91,
FF36,
00FF,
0173,
FC92,
FEC5,
010B,
FF74,
005B,
002C,
FD8F,
FE81,
FCE8,
0066,
FE97,
FF27,
000F,
044F,
0113,
FF1D,
0121,
FE6E,
FF8F,
FCBB,
0081,
01CE,
FCC8,
029C,
FE5C,
004F,
FF65,
FEFC,
FDE4,
FA27,
FD95,
FF44,
04C8,
0119,
FEBF,
FE56,
00EF,
021A,
FD46,
FFA7,
01B7,
01DC,
004A,
FF80,
00E4,
FD7F,
FF62,
025C,
FD61,
FE03,
012C,
FEAA,
FD93,
FDFD,
FF6B,
FE26,
0088,
0016,
FF5E,
FFEB,
FF67,
020E,
020B,
0059,
FDF3,
0103,
0474,
0064,
FFF3,
0066,
FCF5,
FF55,
FF2C,
FDB4,
FF4B,
FD3A,
0156,
008E,
FDB5,
016E,
FD71,
FECD,
02F9,
FE88,
FED0,
FE9A,
05C6,
0468,
0006,
FD92,
FF2C,
00FC,
FFB8,
FFE9,
FF24,
FF2F,
00A6,
0020,
FEF3,
FF6B,
01A3,
FDA6,
FFA5,
FFFD,
FF36,
FF92,
FF06,
013C,
0398,
FF7E,
FE17,
04CA,
01D0,
FE71,
FD9F,
0137,
00F4,
FFC4,
FC8E,
011D,
FFA9,
FEC2,
FF2D,
FFE4,
012C,
FDA4,
03BC,
FD54,
00E5,
FEDF,
FD93,
00AA,
00A0,
0188,
0131,
FFBC,
0196,
0239,
FD90,
FE72,
FFC5,
002D,
00CC,
0268,
FDB8,
FEB5,
FECE,
FDAB,
FDE9,
0134,
FCC4,
0322,
FDB3,
FD78,
FDCF,
02CF,
FF94,
0068,
FE1B,
01B2,
0084,
0138,
FF32,
FF39,
FF01,
FE10,
FF0A,
02EB,
FEDC,
007F,
012D,
02EC,
00DC,
000E,
0167,
0009,
016C,
FE59,
FDBB,
0340,
FDB3,
FF90,
0090,
0009,
FD55,
FD85,
01A1,
005A,
003E,
FD6A,
FC6F,
FFC7,
01A3,
FCF1,
01A8,
0028,
FD64,
02A0,
000D,
0367,
00AD,
FDDB,
FEC0,
0187,
FF28,
033C,
FBE5,
0116,
FCF6,
FDFD,
FE69,
0026,
01A9,
FD28,
FD86,
FEBA,
04E1,
0106,
01BA,
0127,
FEA5,
02AF,
002D,
02ED,
01D2,
FD28,
FFA8,
01AF,
000D,
0146,
03C2,
038F,
0128,
0150,
FC8C,
FEAE,
0265,
00BB,
018E,
FE83,
FBD4,
FD5E,
FFEB,
01B0,
0380,
FEFB,
01AC,
FCCA,
0018,
002B,
034D,
FDE7,
001E,
FF99,
014F,
FC06,
FE6A,
FF0A,
0443,
0176,
0392,
00DA,
FF29,
0104,
020E,
FBBB,
003E,
FF04,
FCE0,
FFDF,
FC15,
FF9E,
0475,
02C3,
00FD,
0203,
017D,
0061,
01A4,
FF74,
0145,
0227,
00C4,
00AA,
015A,
0167,
FD31,
FE89,
FEA8,
FF6A,
00A5,
FC82,
012B,
FF15,
0075,
FF51,
FDD4,
0385,
01C2,
FCEF,
FF56,
FDF4,
FF09,
0257,
009B,
FEA1,
FF24,
FF2A,
0046,
0474,
FF50,
FDF7,
FC89,
036E,
FF31,
0094,
0188,
042A,
000D,
FDF6,
FB40,
FCDC,
FFE9,
006D,
003C,
FEF4,
FE18,
00AD,
00FA,
00D5,
032D,
FEE3,
FF95,
00F4,
0050,
0130,
0243,
FDC1,
003C,
00C0,
00CB,
00BC,
FEA1,
FE9E,
FEA4,
FFA8,
FE20,
FED8,
00A9,
00C1,
FF42,
FEB4,
FCE0,
01F8,
FD26,
FEC5,
0038,
FFBC,
01E1,
058B,
026D,
0299,
FD5B,
01C3,
FF06,
0203,
0042,
FFC2,
FF01,
011A,
FFBE,
FF5E,
FD30,
FE9D,
00FB,
FFA5,
FE71,
0281,
001A,
FECE,
0208,
0142,
0287,
00E1,
FFF9,
017F,
FF91,
FFCD,
FFBC,
000C,
00E8,
FF6D,
0163,
004A,
00E5,
0329,
0113,
FEDA,
02E3,
FE9D,
FFD5,
FFF7,
FEB5,
FE3D,
0167,
FD02,
0008,
0016,
00B7,
010D,
FE68,
FF15,
FF2E,
000B,
FFB1,
FEE3,
0033,
FFDF,
0398,
021A,
FEE3,
02DB,
0144,
008B,
016C,
02FA,
FEA9,
FDEF,
001C,
FF53,
01B1,
002F,
FFD2,
0241,
FBB0,
FF8E,
0094,
FF16,
0142,
FD24,
02A7,
0194,
0046,
0031,
01C4,
030C,
00B8,
0149,
FF70,
0216,
FE68,
FF05,
024B,
02B3,
00AF,
004E,
027D,
FE58,
FF5E,
01BB,
FF3B,
FDC3,
00F4,
FFB9,
0074,
01A4,
027C,
0032,
00A1,
FF29,
FDAD,
02C0,
0413,
FF2E,
0079,
FCB3,
0041,
FFB2,
FE18,
FFE1,
FFEF,
FF26,
0163,
0087,
012D,
0031,
FEE1,
0028,
0214,
FF72,
FE52,
01C9,
001E,
002A,
FF63,
02C8,
FE68,
FF81,
01FF,
012A,
FF1D,
FB5B,
FC4A,
FE90,
FEA5,
0046,
022C,
FC9D,
FFD1,
FEEB,
005B,
FD7D,
0055,
0280,
002D,
0192,
FE5E,
FF9D,
FD11,
01DE,
00A6,
FEAB,
FEB3,
FFC8,
03E5,
0116,
FDF1,
03E0,
FF72,
FC6F,
FEDC,
FC60,
03D9,
FFD9,
010C,
FF39,
015A,
02F2,
FDA6,
0409,
0264,
FAFE,
FEAF,
01CD,
00FE,
FE86,
03C3,
007A,
02DC,
0303,
001B,
01F9,
01B2,
0191,
FFE9,
FDC4,
FC75,
FCF7,
FF03,
FEB7,
FF33,
00F0,
0054,
0080,
001C,
FF61,
FF77,
FF58,
00D9,
005D,
00CC,
FDE3,
FF38,
0185,
0006,
FE0C,
0185,
FDDA,
FCE9,
FF95,
01A8,
00AD,
FF74,
FF6C,
008E,
00D6,
FEB2,
FFF3,
0118,
0057,
FF15,
FFF9,
00EF,
FEC0,
00A9,
01E9,
020F,
000A,
01EE,
FEE4,
0120,
FF4E,
00F6,
00AA,
FE87,
FCCC,
0151,
00A3,
00DB,
FE45,
FFB0,
FF44,
FF4B,
002E,
005E,
00D4,
FED0,
FD38,
0006,
0094,
0432,
0125,
0394,
04D8,
FFBF,
FEA8,
017B,
021A,
013A,
FE21,
0195,
007C,
FFE9,
FE6E,
0036,
FFC9,
00F2,
0176,
0170,
FD58,
025F,
03D9,
0175,
FECD,
004E,
FD53,
FF69,
0060,
00D2,
FE37,
0196,
FFA7,
0107,
FF7F,
0031,
FE9C,
0048,
008B,
FDB1,
006C,
FE1B,
00EB,
FDA7,
019D,
00D7,
0060,
0316,
FF9C,
FD4F,
0114,
FE43,
FEE6,
FFEB,
0080,
01B2,
0199,
00B4,
017C,
024A,
FE9F,
0011,
FF93,
04A3,
FFFB,
FE62,
FF91,
007B,
FDF4,
FD7F,
FF52,
008A,
FEED,
FD63,
0247,
000E,
0041,
FF3D,
000B,
FEED,
037A,
FD06,
0242,
0233,
00C9,
FF4D,
FFEB,
0208,
FD6C,
005A,
FFFC,
048A,
0057,
FFEB,
004F,
FE1F,
FEBD,
FE53,
FE1F,
0109,
01B3,
00B3,
02A6,
FE4F,
012E,
FDB2,
01B1,
FEB1,
02F1,
00F0,
0117,
0211,
FDF1,
FF2D,
FF40,
01BB,
FF58,
008A,
017F,
0072,
008B,
FF93,
FE33,
0054,
FE5D,
FE5A,
FFF5,
FE95,
0179,
FFA0,
02E9,
FE19,
00A8,
0336,
0045,
FFD7,
FF88,
FEE9,
0000,
FDBC,
0265,
FD99,
01DB,
FDB7,
FE99,
0262,
01F4,
FD3F,
FF8F,
FF75,
FFAD,
0048,
FD4C,
FD39,
FDEF,
FFD9,
00DE,
00B6,
0005,
FCB2,
0206,
00BF,
FE4E,
0072,
FF22,
01B0,
FF7E,
FEA8,
FFE2,
FFD5,
00C6,
0020,
FE9C,
02C1,
0070,
021A,
007F,
03C8,
012D,
FD54,
FDD0,
FFB7,
FCED,
0019,
008D,
FF87,
0107,
02B7,
FE0C,
FF91,
0013,
0197,
01AE,
0127,
FE33,
00F3,
02FA,
03B3,
FEEA,
FBE1,
0055,
FB84,
FF46,
FF9C,
013D,
0085,
0103,
016A,
0038,
FDE5,
FF0A,
FAEC,
FEB0,
FFB7,
FC96,
0235,
FFB0,
FFC2,
02E7,
01DB,
FF4C,
0130,
0367,
02F6,
FEC1,
FE4D,
FF17,
013D,
FE61,
0171,
0108,
02EE,
00FE,
FDCD,
00DE,
0217,
0023,
0022,
02E8,
00FB,
FF9E,
FD4B,
FF40,
FBEC,
0093,
0005,
FE32,
028F,
00C8,
0012,
FED9,
FF93,
FD4F,
0033,
FF08,
0405,
FDAD,
FF5C,
00AA,
01EB,
FDC9,
0014,
0114,
0027,
FF94,
0240,
FC80,
FF79,
FF54,
0139,
019F,
FF39,
FF6D,
0129,
012A,
FE95,
0142,
FFBE,
01CC,
FC67,
006E,
0111,
FE95,
F8E8,
FD9F,
00C7,
01FE,
FF0E,
00E9,
FF44,
00B5,
FF19,
FD3C,
00BB,
FE16,
001F,
FDF1,
0149,
003B,
01C1,
FEB6,
FB8B,
FE0C,
00CF,
FEE5,
FE18,
FDFB,
FE69,
0047,
FBB2,
019D,
FE93,
034E,
FE44,
0002,
FDAE,
FDDB,
0103,
FEF1,
01DD,
FE58,
0180,
FE1D,
0089,
0267,
0081,
FF5F,
FEC9,
FEDC,
FE4D,
FCD3,
0029,
FD9D,
0208,
FF1C,
FEB2,
FDDA,
FD51,
FB96,
FD50,
0033,
0010,
0005,
FE7B,
FF73,
0070,
FC06,
FFC6,
015C,
FC54,
01BB,
0104,
02A0,
FFC3,
FD7B,
FE9F,
0033,
FFFC,
0367,
FF61,
0075,
FCCA,
FE2D,
0266,
FF1D,
0152,
FEDD,
02BC,
0122,
FCB7,
FE31,
FEF7,
02BF,
029E,
00F0,
0413,
FF84,
FE64,
FEA5,
FE76,
0094,
FFAE,
007E,
02C2,
FEBF,
00F1,
019E,
FEA6,
018A,
0365,
00AB,
0204,
01F3,
00FC,
FEDF,
001C,
FDCA,
0027,
FEA2,
00FB,
0087,
FFBF,
FDDE,
FEB2,
FB53,
0135,
FD6A,
FFBA,
FF7B,
FEBE,
FFB6,
FFDA,
00E2,
FE81,
0055,
FE9B,
FD03,
001E,
FFE4,
0072,
0067,
FF9E,
00B8,
FEF9,
FF45,
0013,
01B6,
FF32,
FDEA,
012D,
FF28,
FF75,
FF42,
FFE8,
FCFB,
FCE1,
01B1,
0076,
00CD,
FC90,
FF4A,
FE15,
0067,
0093,
FE35,
FFB5,
FFF4,
FD12,
005F,
01FE,
025F,
0158,
0067,
00F2,
FDD4,
00FD,
FE29,
FE27,
FF68,
02A5,
0086,
FFCC,
027C,
FEF2,
0001,
00C3,
FE68,
FFEE,
FFF3,
FC0F,
00A3,
00A7,
FD89,
00D9,
01CE,
FF39,
FF4C,
FFCE,
0032,
FCA5,
0112,
FDA8,
015D,
FF17,
FFC6,
FF74,
FED0,
FFFE,
FF6F,
FF19,
FFEA,
01FE,
FF87,
0064,
FD07,
00B8,
FFC4,
FFB3,
002D,
FE5B,
FF6C,
0025,
00B9,
FFE4,
0075,
FF1B,
0012,
022B,
0135,
010C,
FF56,
FEEC,
FCF5,
FE32,
015B,
015D,
FF75,
011F,
FDE6,
013F,
0142,
FEAB,
01D1,
01D1,
FC43,
02C0,
FE6A,
0062,
FCA5,
FF23,
00A5,
002D,
0198,
0023,
0228,
FC8B,
00C7,
0256,
01F8,
FFF6,
0181,
FE9F,
020B,
FEBF,
FC5B,
FC47,
FF79,
FFA1,
FF47,
0168,
0055,
007F,
FDDF,
FDC6,
01AC,
00EC,
FFE9,
0603,
003F,
FE2E,
001C,
00C6,
FFC8,
00F0,
FFB7,
FF4E,
FE77,
FEF5,
01ED,
FFCA,
00E4,
FE1A,
00D2,
0202,
0050,
0219,
02A4,
FFA5,
003B,
FF80,
0031,
FE0D,
0340,
024C,
000D,
FF2A,
0218,
0181,
FDE7,
0064,
FFAE,
FF98,
FF04,
FFFF,
FF69,
0210,
01BE,
02B0,
FF13,
FCFC,
00D5,
02B4,
FCA8,
034E,
01B1,
FEBF,
0227,
FE48,
036F,
0486,
006F,
0086,
FEBB,
01E0,
0058,
00C5,
00FC,
0379,
FFE6,
FECE,
FF28,
FF5B,
00EF,
0212,
FE85,
FE9E,
008A,
FF27,
01A9,
009D,
FCC8,
FDB1,
0071,
00F1,
FFF0,
FFC8,
FF2C,
FE39,
028E,
00A8,
0116,
0368,
FF80,
00E4,
0069,
FEE4,
004B,
0367,
FE63,
FDD9,
FF01,
01B8,
FFD5,
002C,
0050,
025A,
02B5,
FF17,
0157,
04EE,
FD85,
FF35,
00E9,
004B,
FDA1,
FEE9,
00CA,
0127,
00A3,
0032,
FE22,
01EC,
00C4,
FAD6,
FEDA,
FF86,
FD8E,
FE89,
FB71,
0009,
0108,
0015,
FE2D,
026D,
FF7D,
00BE,
FE4B,
023F,
00F1,
FEAB,
02B4,
00B1,
00C5,
0268,
0129,
FD73,
FFBB,
FDA5,
FF23,
FFE8,
FFC3,
001F,
0075,
026D,
0065,
0291,
0224,
FE3A,
0187,
014A,
FD35,
FF76,
0277,
FE17,
FF69,
0238,
004B,
FFD7,
FFE5,
FFA9,
FE0F,
01E9,
0126,
FBA9,
00E7,
0110,
FDD2,
FCB4,
0081,
00EC,
00DB,
FB37,
FDAB,
023F,
0176,
00BD,
004A,
FF49,
0313,
004E,
FE6E,
FEB9,
FE5B,
002A,
0138,
FF3B,
0055,
0029,
FECD,
FE3E,
FEB7,
0237,
FF40,
FBD2,
013B,
FEAB,
0243,
FE93,
FE33,
FDDB,
FF36,
010B,
FF78,
FFCD,
00FB,
02A2,
FE75,
FFE4,
FE7D,
00C3,
FDAD,
0223,
01F7,
FE5D,
FF8E,
FED0,
0166,
0091,
0190,
0152,
FE45,
FED9,
034E,
0138,
FC0B,
FFFF,
FD80,
FEE9,
0020,
FF1E,
0012,
FDE6,
03A2,
01E0,
0007,
0092,
FD8B,
00CD,
FE67,
FEE8,
FC34,
FD7B,
FF69,
FF60,
FE6E,
FE1F,
003B,
FFF0,
00C0,
0039,
047E,
0025,
FD86,
0127,
027D,
00FE,
01EC,
00F7,
FED5,
FFEE,
FFDC,
FF1F,
0012,
FE36,
03E3,
FF06,
FDD5,
FFC8,
00C9,
01E3,
FCBF,
FD39,
012D,
0230,
01EA,
FCA6,
FF18,
FE8F,
015F,
FD59,
0199,
01C8,
003E,
FD08,
FDB8,
FD19,
FE93,
0229,
01D5,
006B,
FD22,
FE95,
FC5D,
FE3C,
008C,
FFE0,
00B1,
FFBF,
FE7E,
FD6A,
FF76,
FE0C,
FE21,
0146,
026F,
FD65,
FF49,
007C,
0197,
FF13,
FEE7,
0116,
0030,
FEEE,
0011,
FF8E,
01C7,
0105,
FE0B,
022B,
0075,
0124,
FEF6,
FDEA,
0117,
FFEE,
FF5F,
FFE1,
FD54,
00E1,
FEF8,
FDCA,
FE64,
FDFE,
FEAC,
0022,
01C9,
FE45,
FE09,
0180,
FF39,
FF46,
FE4D,
013D,
FCA4,
FC44,
FF28,
0132,
0091,
FEF4,
007E,
FDAB,
0049,
0279,
00F4,
0198,
00EE,
02B0,
0057,
FF58,
FFF5,
FE78,
FD7C,
FF33,
0013,
FF1E,
0160,
0320,
FF68,
FFD4,
FD57,
0061,
FEC1,
FF5D,
0291,
FD8A,
FE1C,
011E,
0020,
01C1,
0018,
FF81,
0138,
FFD3,
00E5,
FF29,
FF81,
FF0D,
FD3E,
FE6D,
0052,
FF29,
0254,
017E,
04A6,
0429,
01A9,
00E0,
01B5,
000F,
FB20,
FCF4,
FDF7,
FF2D,
0028,
008C,
01B5,
FF59,
FFA8,
0188,
0233,
0165,
FBC6,
0044,
0074,
0105,
017F,
0003,
FDE7,
FFC7,
015B,
FEED,
00EF,
00E1,
FEDF,
FEA9,
FE6B,
00DA,
0181,
FD72,
FEBD,
FD6B,
03BC,
FFB8,
FF69,
FFA7,
0205,
FEA6,
04A3,
019C,
002A,
0100,
0108,
007A,
FF68,
0204,
FFBF,
0235,
00E4,
FFDB,
FF30,
0150,
FFB8,
043D,
0036,
0130,
FE36,
FFB7,
FF80,
00C2,
FEFE,
FDE3,
050D,
0022,
0327,
00DA,
032C,
FD81,
FCFF,
01E0,
020F,
0139,
0017,
01EE,
FE70,
0024,
FFF2,
FE0B,
FE03,
FC9C,
0258,
0203,
0099,
FEC8,
FEA4,
FF5B,
00A2,
02CA,
FF60,
FF07,
00DA,
0232,
FCB8,
FDCF,
FF11,
0022,
0069,
FEF0,
FE20,
FF55,
00F1,
0184,
02AC,
FFF9,
0101,
018F,
015D,
FF3D,
FD81,
FEE1,
FF57,
FE40,
02D7,
FCBC,
0032,
FEE1,
0203,
011E,
FF00,
FDAA,
FFC5,
FFED,
FF85,
FEFE,
01AC,
0062,
01EE,
0002,
FE0B,
FF34,
FE67,
015E,
0292,
001C,
FF0F,
FF39,
01DB,
0078,
FF34,
001A,
FDEF,
FEA6,
011B,
00ED,
0040,
0217,
FED9,
FDEF,
0322,
020A,
011B,
FDEA,
FEE9,
0126,
01FA,
FB7D,
FEDC,
026D,
FE47,
FEBB,
FEAC,
0128,
0258,
0056,
FE45,
01D5,
FD94,
00A2,
0261,
022D,
FDA9,
008D,
FE7B,
FDB3,
FDF6,
FFF3,
000F,
FF50,
015E,
FF7E,
0053,
FCC9,
FE13,
FB3B,
0222,
FF30,
0089,
0216,
FF6F,
00BF,
01FA,
0119,
0034,
FC62,
FF97,
03D3,
FFF1,
FECC,
FECB,
FD62,
00A8,
010F,
FE8E,
0122,
FFC2,
007E,
FF79,
FEA9,
FFCE,
FF5E,
01BF,
FF49,
FFB4,
FF13,
FAD7,
02C1,
FE70,
005E,
FF7D,
FED2,
FDC5,
FE58,
FDF5,
FD5E,
FDE1,
FC2A,
FFB2,
01B5,
FFCE,
0200,
02BB,
0073,
FDD6,
FEAE,
00D7,
FC3D,
0374,
0048,
006B,
0216,
FC38,
FFB8,
034C,
01A9,
FA9A,
0276,
FE8F,
FD7E,
0168,
FF4D,
FC16,
FE6F,
00DD,
FE8E,
FDF4,
FD99,
FFAA,
00D1,
0633,
FF64,
0259,
FF15,
FCB0,
FDEA,
FDD6,
01A8,
02B5,
0144,
01E2,
0024,
FC46,
FD36,
016E,
003F,
FE58,
FF31,
0426,
FF4D,
00B8,
FE60,
01B4,
0026,
FFB4,
FF6B,
FE8C,
00B6,
0113,
009A,
FFB4,
FF64,
01CA,
FD35,
00FD,
013C,
FC81,
0200,
03E7,
01A0,
000F,
FF6E,
0122,
FD4F,
00B7,
02B7,
FE37,
0311,
FDFF,
FD8B,
0264,
041B,
01B9,
0156,
0333,
FCD1,
02D0,
005F,
0095,
FFCD,
003E,
FFD4,
0061,
FD7E,
FE55,
FDBB,
025C,
0048,
0231,
0295,
0043,
00DD,
FEA5,
0102,
001E,
04E6,
FBFB,
FF8C,
0023,
0065,
FC95,
FEBE,
FFD5,
FFFC,
00EC,
FD58,
0003,
FEA1,
FF17,
00CA,
FFFB,
0177,
FF7E,
FE94,
024D,
FE8E,
028A,
FF23,
FA03,
00E2,
FE45,
01AE,
FCFC,
FDA0,
01B0,
F9F6,
009E,
01B0,
0485,
0146,
014C,
FFA6,
FF7E,
FFB5,
01B6,
FF97,
FE5E,
010A,
FED0,
02F9,
FEFE,
0075,
FF91,
0020,
FFB5,
0122,
FC7F,
FF9D,
FF4D,
FF87,
0015,
FE9A,
FEFF,
0203,
017F,
FF47,
0003,
FE82,
01F3,
00C5,
01E9,
FEF2,
FC18,
FE08,
0293,
0231,
FE6A,
FE7F,
00AA,
FF7B,
FDEC,
0202,
FF95,
FFB6,
FDE8,
00E4,
012E,
03A9,
00F7,
009D,
0089,
00B0,
00E3,
0074,
FD1E,
016B,
020B,
01A8,
043D,
00B2,
FDC8,
FEEB,
0223,
FE24,
00C2,
FEC1,
FD8D,
FC3C,
025B,
FD60,
FF28,
0234,
FC39,
FF50,
FEE2,
FD9C,
FB85,
01B5,
FD96,
024B,
FEDF,
FE42,
0038,
009F,
FF0E,
0045,
FFB1,
FF34,
008E,
FF54,
013E,
012D,
0567,
FFD1,
011B,
0163,
FFED,
FD34,
033C,
016D,
FFB2,
FE18,
00BA,
FF7C,
01D5,
FF06,
001C,
013C,
0375,
000C,
FFB3,
0134,
007F,
00D3,
0185,
FEC0,
00FF,
FF75,
FDE8,
FF21,
02A5,
0424,
FFAA,
034B,
FF35,
01A2,
01A5,
FDF8,
019F,
FE4C,
0070,
FD86,
01B6,
FF3E,
FF4D,
FF47,
FF42,
FE33,
00CD,
FF6A,
FD0C,
FE7D,
FEE6,
FF54,
00F1,
0106,
FDFD,
004E,
011F,
FE64,
FF86,
0198,
FF82,
00A1,
0013,
FD38,
FB0C,
006E,
0116,
0015,
020C,
FF78,
011C,
FE2D,
0024,
0185,
00DF,
0080,
021C,
FE86,
FF8B,
FFAC,
00C1,
FFAC,
0018,
01BD,
001A,
02C6,
FEAE,
FDC7,
026E,
FDF4,
FFDF,
00BC,
FE08,
023C,
FE83,
0145,
FE9B,
00C4,
0065,
FCDB,
FF79,
FF52,
0113,
FD20,
002F,
00E7,
01D9,
01F8,
0064,
020F,
008B,
0042,
FF76,
FE8B,
FF53,
018E,
00C9,
02A3,
FF66,
FFB6,
FEA4,
0166,
0134,
0193,
000F,
03BB,
01C7,
004F,
FE60,
FDBC,
FF44,
0076,
FFA6,
0318,
FE2E,
03A7,
003C,
FE6F,
03CB,
FFF3,
FFD5,
FF93,
FB55,
FF3F,
017A,
FE7C,
FDBA,
009E,
FEEA,
01D5,
0131,
FFE6,
FE01,
FF3A,
009C,
FF40,
FDFB,
FF68,
FD43,
001E,
00E4,
FFC9,
FD55,
FFF9,
009A,
0379,
026D,
FFEC,
FE97,
020E,
01FA,
FCE9,
FD21,
000D,
00B2,
FF0C,
06B1,
FE4E,
0179,
FD20,
014B,
FEFE,
FF14,
FDD8,
012E,
009B,
FFBB,
FFAE,
00BA,
0212,
0058,
FEDD,
02B2,
0247,
007D,
0250,
01EB,
FF0B,
0221,
FFE7,
02E8,
02C5,
020B,
00F4,
006E,
FE79,
0544,
FF26,
FEF3,
FF7E,
00B9,
FE27,
FFD9,
FE5E,
FE9A,
0019,
FE46,
007E,
FEB3,
005C,
FE1A,
00C0,
037D,
0096,
01E9,
FD84,
0233,
0060,
010C,
FF3F,
FFD7,
003A,
0210,
FD31,
003A,
00B6,
0485,
FFA2,
FFB8,
FE6D,
F83C,
FE41,
FCE1,
FFAE,
FEE4,
0078,
FF49,
004B,
02CE,
00C1,
FECF,
FCD5,
0159,
020E,
FE30,
FEE1,
03C0,
FDFE,
FEC4,
0038,
FDD0,
FD66,
01E7,
007D,
FECB,
030B,
FF24,
FF41,
0169,
0257,
00D9,
FFD6,
FD7D,
FEC5,
01C5,
FFC0,
FE6A,
01B2,
FF5C,
015B,
FF5D,
0158,
0159,
FFCA,
007A,
0083,
0051,
FF27,
FF69,
01D7,
0036,
00A8,
FE7F,
013E,
0017,
00B3,
FE35,
00C5,
FEAE,
FE84,
FE54,
010D,
FE32,
FE89,
FF1B,
FF96,
0264,
FD44,
FFC5,
FD3C,
00AD,
0009,
00E1,
FF0C,
FDFF,
022A,
00CE,
0204,
013C,
01CA,
FF2D,
0039,
00D2,
00BB,
FCEF,
047C,
0144,
FFE4,
FF14,
FF4B,
0098,
00BA,
00C2,
FEEA,
FFCF,
FD0F,
017C,
0008,
FD5A,
00C1,
FDDF,
010B,
03EF,
00BB,
FD6C,
FED7,
FFE5,
0316,
FFA6,
0130,
FC17,
0614,
001D,
FE64,
0246,
FE7F,
FF29,
00C3,
FF3C,
FD57,
0141,
FFC2,
FDB8,
FD9C,
FE5B,
00F3,
FFFC,
0055,
FF8A,
007E,
FEFF,
0078,
FDCD,
004E,
FC6C,
0195,
00EF,
FD58,
00EA,
FDAB,
FEC9,
0043,
01B9,
FEB0,
FE30,
FF71,
0007,
FE15,
01B5,
0172,
0198,
FDC2,
0363,
01E9,
FCC0,
FF3D,
010E,
FCA1,
FEE8,
00BA,
FE33,
FDE0,
0053,
023A,
FFAC,
0112,
FFE4,
00FB,
FE08,
0038,
02B8,
FCD7,
FDEF,
FF08,
0063,
FD5F,
0195,
FE6A,
00AB,
FF8B,
FC9B,
003D,
0263,
008D,
FC17,
FF70,
FE70,
FEE8,
00DE,
0021,
FF58,
007A,
00A8,
001C,
FEEC,
FE35,
FF51,
037A,
00FF,
FFCE,
FD9D,
FF9B,
FFE1,
FDAC,
0157,
FE5C,
FE8F,
FF63,
029C,
0045,
FD7A,
FD37,
FC39,
FAA4,
0004,
026F,
00C1,
FF03,
FC1F,
FFDA,
FFDC,
FDA3,
00BC,
FF1C,
FC95,
FECA,
FCC2,
FD67,
0082,
FAA5,
FF4C,
02FA,
0040,
FEBA,
0017,
FEB1,
00D4,
0037,
FDFC,
FF0B,
007B,
0166,
037F,
0400,
0008,
01DA,
FEBE,
01B4,
FF48,
FE4F,
FDB4,
0063,
FE20,
00F9,
023A,
00C3,
00E1,
FF5D,
001E,
FC9F,
FC63,
FFD9,
017C,
FE6F,
FD67,
004A,
01DD,
02E4,
FCE1,
02DB,
FFA1,
FEAB,
FEA7,
00A0,
00D9,
FF77,
FCF1,
FE9B,
0348,
009D,
FDED,
FF24,
FFAF,
FD28,
005B,
FF66,
FC3C,
FDB4,
01F9,
FF47,
02FA,
0273,
FEE8,
FF47,
00DC,
FEB9,
FDFC,
FE01,
FE05,
FED9,
FE13,
0176,
017B,
FFD8,
FD27,
FF35,
00AC,
FD09,
FF18,
0353,
FEFF,
FEAB,
FF89,
FF85,
FF69,
012B,
FF67,
FF37,
FFE5,
FDC2,
00E8,
0256,
00C5,
0226,
FE82,
FC46,
0139,
00F9,
00DE,
01C3,
0258,
FDE8,
FFE2,
FD8A,
0285,
0153,
FBEB,
FECC,
0116,
0161,
FD1C,
0199,
FF2B,
FF0A,
00E9,
FE5F,
027A,
0108,
0000,
FE93,
0256,
01FE,
011A,
FDC7,
0140,
0186,
01FB,
0127,
01E3,
FEBF,
FF78,
FFE3,
FF05,
010A,
01CA,
FE34,
0158,
0125,
FEA7,
FCAE,
FE39,
FF52,
013C,
01A8,
FEA8,
0074,
0438,
FE65,
013E,
FEF4,
FFA8,
000A,
0108,
00B3,
FF25,
00D5,
0036,
0064,
FFD7,
00ED,
FD23,
FEFE,
FD13,
0262,
FDD8,
FFB4,
0124,
0275,
FE8C,
FFCE,
03DE,
FF2C,
FE4A,
0176,
048D,
FEE6,
0181,
03CC,
FF4F,
FFEC,
FABD,
FDD2,
FF93,
019F,
FF94,
FE10,
FDFD,
FFAB,
FFB2,
017D,
FD8B,
FE2B,
FD70,
00C7,
00E2,
FDD3,
02BC,
FBFA,
FEEF,
02B2,
0154,
FD99,
029A,
00FC,
01FF,
FF59,
FCBE,
FE50,
0401,
FE87,
FA0F,
0039,
FE58,
0063,
FFD4,
FF19,
0031,
FFD7,
00F0,
FEEE,
FE8D,
FE6A,
0224,
FE72,
029C,
FFC0,
0247,
FEFD,
FD60,
FF04,
FE94,
011E,
FECE,
FF86,
01A7,
FFB8,
0215,
FE28,
009A,
FE98,
025B,
01B7,
FD02,
FD40,
0069,
FE67,
FF9E,
FF91,
011A,
002D,
FFBB,
01BC,
FE4E,
024D,
FC3F,
FE55,
0191,
0084,
00C2,
FF94,
0013,
FFD9,
FFEC,
FFFB,
FE14,
FE35,
FE0B,
0022,
FF70,
FF3D,
008A,
0309,
FEA9,
FE77,
FF5B,
0044,
0467,
00D1,
FE9B,
FF94,
0243,
FD32,
FF23,
0063,
FFC3,
0295,
0057,
FCDD,
FE4E,
0016,
FE4B,
0210,
0243,
006C,
FFEB,
0279,
0094,
FFBE,
FF60,
0230,
023B,
0177,
FEF1,
FE62,
FF4F,
01DA,
FFB7,
FEEA,
020E,
0051,
FF2D,
FF1A,
00E4,
FF2D,
0028,
FF06,
FCE2,
FEFB,
0020,
FF6B,
FFC0,
FF97,
FF09,
0177,
009A,
00BE,
FF9C,
0122,
02FB,
FFDF,
00FD,
FD6A,
0049,
FF62,
00AA,
0022,
FECD,
00AF,
FF51,
FF23,
0065,
00FB,
0235,
FF4F,
00CA,
FF34,
FCC7,
FF6E,
00FF,
0144,
FF41,
0132,
0003,
FCB9,
FF4E,
029E,
0022,
FE2D,
0216,
0061,
FFAC,
FCB1,
FFE0,
0079,
FD59,
0337,
FF74,
FF42,
FC7C,
02DA,
FD0F,
FF8B,
FFA9,
01B8,
0072,
FEC5,
FE13,
FD6A,
0115,
FFFF,
FE2D,
FE2E,
FE68,
FFFD,
0189,
0118,
0098,
FE6A,
FCD3,
FFF0,
FED6,
FC8E,
0004,
FFA3,
FFEE,
FEA0,
0186,
FEE8,
FDBF,
0199,
FFEF,
FE1C,
0005,
0010,
004F,
028A,
0011,
FFE9,
FC03,
FC4F,
0260,
FE70,
FDA4,
0348,
03E8,
00CB,
01C9,
021A,
00B5,
FF4E,
FEE7,
02FA,
008E,
FFA8,
FE51,
010F,
FFC0,
FEC8,
FF11,
0150,
FF8D,
FFFC,
0040,
FF1D,
FEAE,
FC60,
021D,
018E,
0074,
FE01,
FFD2,
FFB7,
00BC,
01DE,
003B,
FF5D,
FE87,
01B1,
0062,
0101,
FE44,
FDBF,
FFA7,
FD97,
FF16,
02BF,
FD85,
01E2,
FE71,
0123,
0148,
FE69,
FF64,
004E,
FEA6,
FEA1,
018D,
FFA5,
0134,
02E3,
FFA9,
FDEC,
00F8,
00A5,
0022,
0340,
FE1C,
00B5,
FF3E,
FEB1,
FF4A,
00E0,
FB30,
018A,
0120,
FFED,
FE9B,
FF89,
FF9B,
FFC1,
FE76,
00FE,
0035,
FFD9,
FCE0,
FEC0,
0145,
00F5,
FF11,
FEC0,
008E,
FFF3,
01F9,
FFA2,
FEE3,
015F,
00D8,
004F,
FFE9,
00C0,
FEA1,
014D,
003A,
004D,
006B,
FF14,
0231,
006C,
0191,
030D,
FFDA,
01FE,
0057,
FFC0,
0118,
FFFC,
013D,
02D1,
FD67,
00F9,
00FC,
0020,
038F,
0331,
00A7,
FFB7,
0069,
FF1F,
FED3,
FEE7,
FF84,
00E8,
0080,
FF46,
FF1F,
0220,
FFF9,
FFF8,
034B,
FF4B,
0075,
016D,
0078,
FF8B,
FF16,
FEB1,
FEC3,
FE14,
FF50,
FDF1,
0052,
0059,
0358,
FFF8,
0026,
00F5,
0223,
005D,
FF59,
FF1E,
FFF4,
FEF2,
0295,
FF12,
FDB3,
FDB8,
FFE6,
00B1,
00B6,
FC6F,
FE43,
FF11,
0037,
01F4,
021B,
FF9B,
FDC4,
FF52,
FF0F,
0023,
0121,
FD92,
02D0,
03AC,
FE95,
0273,
FD27,
028B,
FE67,
FF73,
00D2,
FF36,
FFBE,
013D,
FE65,
026F,
FEF2,
FD62,
012E,
0198,
001D,
FEB2,
FD6E,
FEA8,
FF6E,
0037,
007B,
008D,
FDCC,
FFC2,
007F,
00C3,
FE2B,
FEC7,
FF91,
00A1,
0244,
FFAF,
009F,
FD6D,
0251,
03C8,
00CF,
FFE2,
0280,
FF65,
001A,
018B,
FF35,
FD81,
FEED,
FF7F,
FE14,
FF07,
FDCA,
015C,
FF89,
001D,
010D,
00CA,
027E,
00FA,
FF62,
FFA4,
FF11,
000C,
FF29,
015F,
FE23,
FEB0,
007A,
02A0,
010D,
01A8,
FE98,
FD47,
00E0,
FFFA,
0162,
00B7,
014E,
0009,
FED9,
006D,
FD3A,
FEA8,
0053,
0072,
0249,
FCF6,
FD97,
FF76,
020B,
00D8,
FF71,
FEAE,
0174,
FE7B,
FEA2,
FFFA,
0269,
0123,
02BF,
01CF,
FEB0,
004C,
0072,
01C9,
FF79,
FD82,
FF72,
FE4B,
FF3B,
01B5,
FE7C,
FDF8,
019A,
0036,
042E,
0007,
000B,
FEA0,
00CA,
0018,
042B,
FFA0,
FFB7,
017E,
FE5C,
0078,
FE5F,
0015,
00E5,
02A0,
FCD5,
00DE,
FF40,
00FF,
FE1E,
00B1,
FEF2,
FF77,
FF99,
FF04,
0259,
FFEC,
FE93,
0109,
0076,
FB78,
0127,
FEDC,
00EE,
016F,
FCDE,
0036,
FF35,
03E3,
FFE5,
03FB,
003A,
0068,
FB61,
FF88,
0163,
0268,
00C1,
008E,
018C,
00CF,
0065,
FEFE,
FD4E,
FF80,
FFCE,
FF8B,
017C,
FEDC,
00D4,
FFA2,
FEBB,
FFC6,
00D2,
0083,
FD4B,
FFE6,
0126,
00E0,
FF39,
00C0,
FE0F,
FF9B,
018A,
0179,
FFFC,
FED8,
FCE7,
FFD6,
FED8,
0191,
03C3,
FF32,
00FF,
FF3F,
FB94,
FF07,
0218,
028B,
FE7D,
004C,
FFEF,
0096,
FF99,
02C0,
01CB,
0361,
03CF,
FDEB,
FF7F,
FC3B,
FC06,
0090,
FCAC,
FF66,
FFDB,
FDAE,
FF03,
0075,
0329,
0260,
FEED,
FFA5,
0268,
FE4D,
FFF2,
032F,
00FD,
FDDA,
05AD,
FCD9,
004B,
02F5,
001D,
045C,
0095,
FF43,
FEA9,
FF85,
0256,
0026,
F666,
0314,
03D8,
FC33,
0180,
FFDE,
FF39,
FDEF,
00FC,
FB5B,
FFD5,
FABE,
0095,
02B4,
027C,
0128,
03FF,
FE8D,
026D,
FFEC,
002D,
FDA0,
02EB,
FFAB,
00A7,
FDA4,
FC53,
0134,
FEC5,
FEA2,
FE32,
0114,
01BA,
FFDD,
FFC1,
01E7,
FD9F,
01C7,
FEB1,
FFB0,
FEC6,
FF78,
019E,
0142,
FFF6,
0246,
FF10,
FEA0,
007D,
FE4D,
FF52,
FCF2,
FC15,
0281,
FF01,
0044,
0289,
FF8F,
0043,
FEBE,
01DF,
FFDA,
FEDA,
FF9E,
FF27,
009D,
00AB,
0148,
FDAC,
0151,
013F,
0021,
0076,
FFEB,
002C,
02E2,
FCDD,
00C4,
0080,
0347,
0081,
FE3F,
FD3E,
FEF4,
0264,
FDAE,
FEF0,
0170,
FE67,
021E,
0255,
FEE7,
FEC9,
00B4,
01B6,
00A0,
005B,
FF63,
FE15,
FFE5,
FE31,
00A1,
00E5,
FE89,
FEE6,
01F6,
FCCA,
02EB,
FFFD,
FDD3,
00D1,
FDFD,
FE37,
006F,
0093,
0019,
FEA5,
FE99,
0038,
0060,
FFFF,
00F5,
FED8,
FFCA,
FE9D,
FFDA,
0370,
FF7D,
FD9D,
01D0,
FE13,
FF2B,
0005,
FF7D,
FED7,
FF90,
FF11,
FE87,
02D0,
FEE9,
0187,
FED5,
FF3B,
005E,
000B,
FF41,
FEFE,
FF51,
FF18,
FEBB,
0227,
FF4C,
0003,
0179,
FE8B,
00E9,
00A1,
FF0B,
FFB8,
012B,
008B,
FD17,
FFE1,
0096,
000C,
0145,
00F5,
FF4B,
FDE2,
0155,
FDAF,
0183,
0022,
0009,
01DE,
FCDE,
FEC1,
FCA0,
FF6D,
FFC6,
FF3C,
012A,
0018,
00E3,
01BA,
0191,
00A5,
FDC2,
FDEA,
00F6,
0128,
00A4,
FE20,
0016,
FD3E,
0133,
0176,
FEDD,
FF13,
016E,
FC99,
FEE0,
00EF,
FF78,
008F,
FFCC,
FED3,
008C,
FCF2,
FF0D,
010E,
0036,
FCE4,
0003,
FF04,
FFF9,
FDEB,
FF30,
FE1E,
00F1,
031E,
FF4C,
FDA9,
00D5,
022B,
FF47,
FEDB,
FF92,
0098,
01B1,
FCE4,
0247,
FFD2,
FD28,
0055,
0240,
FE93,
FCBB,
001C,
0079,
FF3A,
FED4,
00D4,
FFF3,
00C9,
003A,
0494,
01C9,
008F,
FD15,
022C,
0062,
FD1D,
0171,
FF07,
0087,
0200,
FED9,
FD5B,
FF73,
FFA1,
FEAE,
FFBC,
0060,
FE33,
0073,
00DA,
FF6A,
004D,
FF5A,
0021,
00D3,
01E8,
019C,
0079,
0163,
044D,
000C,
FE99,
00B4,
00A3,
0134,
01C8,
FEC8,
013A,
FFF5,
03B5,
0273,
FE61,
FF64,
FE01,
00D9,
FD30,
0015,
FCC5,
FEE4,
FD35,
0096,
FEBC,
FC7A,
0075,
0567,
FE23,
0126,
068C,
FF77,
0194,
FFBE,
001E,
FFD5,
FEAE,
0071,
FEFC,
0157,
0177,
FFA1,
FB6C,
FF90,
00F7,
FD99,
0177,
FE92,
FAED,
0075,
0017,
02AE,
FD99,
01CD,
0010,
FFCA,
018D,
FE81,
0056,
02AE,
FDBE,
FE90,
FD62,
FCD8,
00A0,
FE36,
0190,
0019,
04A4,
016F,
0005,
01B9,
FFF7,
FF38,
0135,
FEDF,
009B,
0077,
0064,
00C1,
00BC,
008E,
FF77,
004B,
00F1,
0071,
FDFB,
FDC0,
FEFF,
0065,
0114,
0068,
FFBD,
0048,
FF5F,
0235,
02CA,
FEDB,
FD81,
0076,
013B,
FCBE,
025C,
FDCF,
FEFB,
FF7B,
FEC2,
FE3B,
FFBC,
FDED,
FE67,
FFD9,
FF33,
0085,
FC14,
0006,
0093,
023D,
016A,
FED9,
000E,
01A6,
00F3,
FDB5,
0156,
010E,
00D9,
010E,
02D4,
FFED,
00CF,
FD8A,
FF69,
0150,
FF15,
0338,
00A8,
FDE1,
0144,
02A2,
0108,
FFD0,
FECE,
0353,
FFFD,
FF84,
FF88,
FF7C,
01E2,
FEBF,
FF92,
FF3F,
FFB0,
005C,
0276,
0054,
021B,
FED6,
FEBA,
FFF9,
00FF,
02E2,
019F,
FF7C,
0017,
FDF6,
FFD1,
00DF,
0063,
FEAF,
FE80,
0165,
FF02,
00D6,
0193,
02B2,
00F8,
FD4E,
00FF,
FFBE,
FEEB,
00E3,
FF33,
0047,
FDE4,
FF73,
FD5B,
0266,
FE0E,
012B,
02A6,
FEAE,
00AE,
00DF,
0284,
FEF1,
00DD,
FEA8,
FFFB,
FD3D,
FFCB,
0050,
FF66,
FE90,
FF12,
0135,
006C,
FFAC,
021A,
FFBA,
FFAE,
FEB5,
00C0,
00EC,
FDD4,
0075,
0114,
FC6C,
FE71,
0003,
FE0D,
00C5,
0342,
FC74,
FE00,
FFCA,
FEB8,
01F4,
0123,
FFB7,
00BD,
0205,
0063,
FDA4,
0402,
00A7,
FFED,
FF88,
05B1,
003F,
FECA,
0279,
FEC4,
FEB8,
FF57,
FF7F,
0047,
0124,
FEFF,
0095,
FDE4,
FE67,
FEFD,
FD90,
FE0D,
0008,
0091,
01B4,
FD24,
FFFD,
0132,
FFE8,
FFC8,
FDC4,
FE7E,
01B8,
00C3,
0090,
0055,
02E0,
0324,
FEE2,
FDDC,
FD34,
FF3E,
0152,
FEE8,
029E,
01C7,
FE99,
019F,
FFF7,
FE9D,
FF70,
0041,
0071,
FE28,
FAA5,
0277,
00C3,
01A0,
005E,
FFBE,
0014,
FEC6,
0080,
FD51,
014F,
FF8D,
FFAE,
0127,
00A5,
FE69,
FF47,
0017,
FD4A,
FFFF,
0093,
FED1,
FD6E,
00EB,
00A6,
0192,
FF26,
FFEE,
FE7E,
010D,
FE94,
FF17,
FE9D,
00E1,
00E7,
FED9,
00F5,
00C0,
02D0,
0086,
FDBF,
01B8,
FFA5,
0146,
FEE0,
FE33,
0143,
02C3,
00BD,
023F,
020B,
FF5E,
FFF8,
0026,
0363,
0120,
FFD0,
02CF,
00C2,
FEA9,
FF15,
FF15,
00B6,
017A,
0049,
FFA2,
FF33,
FFB0,
0103,
02C4,
00E9,
FF28,
0018,
013A,
FF12,
009F,
0021,
0063,
FC76,
032E,
FF17,
0237,
009C,
FD50,
FFF5,
FFD5,
FEBE,
FF35,
038F,
FE1E,
FEF4,
FFB0,
FB97,
FD5A,
0031,
FED2,
02DD,
FFE6,
006F,
0029,
FF22,
0222,
FF32,
0171,
FDCB,
0268,
FF41,
FF22,
FE07,
0316,
001E,
FEE2,
FE06,
02A9,
006C,
0087,
FD02,
01E1,
03E3,
FD7F,
FEB9,
FEF5,
FF25,
FECE,
FCB4,
FE3B,
009E,
029A,
FEF6,
0034,
0331,
0057,
FF86,
00F0,
FE8F,
0151,
0078,
FEC4,
FDA0,
02A2,
FC8D,
FF2C,
005B,
0330,
038A,
FF5D,
FD9A,
004D,
FB97,
00CC,
01BA,
FF4E,
01B0,
005E,
0122,
FFA5,
FFB4,
FE72,
FF13,
FD74,
FDDB,
02C7,
FD9C,
0174,
FD5C,
FF54,
003D,
00A3,
FE3C,
0062,
00B4,
FE12,
FFE7,
0086,
00C0,
FF59,
0266,
0037,
FE63,
FC50,
FEEB,
0245,
0026,
01CD,
0415,
FF99,
FE78,
FD67,
FF6A,
00C8,
006D,
FFB7,
FE4A,
FD80,
FF5E,
FEAB,
FFFF,
FD91,
FD37,
FD9A,
FED6,
FF33,
FF7F,
01F4,
0075,
02E7,
00A5,
FFD0,
FEF8,
0031,
04E2,
003A,
02AB,
FE55,
FE03,
033A,
FFE0,
FDEA,
0096,
FEFF,
001B,
FF61,
015A,
00EC,
00D3,
FE2B,
FD68,
0102,
FDE9,
FF69,
018D,
FF83,
0038,
0267,
FF2C,
FEA1,
FE78,
0147,
01CE,
FFB4,
FBC0,
FF1A,
FFCF,
0097,
FEF4,
0022,
FFB7,
FD85,
009F,
FE71,
02A3,
FED1,
FF53,
01A8,
FE3F,
0238,
FEC7,
0031,
0089,
FFC6,
00E3,
034E,
00A1,
00E3,
FEC3,
FE65,
0020,
0091,
0108,
02B7,
FF5F,
FF50,
FFDC,
005C,
0069,
FF6B,
FD31,
FF35,
007E,
FD9A,
0067,
0103,
FF1A,
01E4,
FDDB,
FED2,
FD74,
FE61,
FF19,
FFE5,
FF6E,
0112,
FF6F,
0025,
0061,
FFD4,
FEF7,
FDEB,
00F1,
00E5,
00C0,
FD2E,
0111,
FEE3,
FF43,
FF69,
0133,
FFFE,
FF9F,
FFED,
FE47,
FAE8,
01B1,
FF6E,
FF13,
00F9,
0067,
005D,
FF15,
FD1F,
0273,
01E8,
FC7B,
FF7A,
FE90,
0244,
012E,
FB4F,
FE38,
0469,
FF57,
02F6,
FF73,
FDDD,
FF6E,
FF59,
FFD9,
FFC8,
02C4,
FF1A,
FFF2,
FEE0,
FEFA,
FD20,
FFE5,
FFAD,
0457,
00F3,
02BB,
00EB,
FEA0,
016E,
0111,
FEFE,
FE7C,
01A2,
000F,
0219,
FCBA,
00CE,
FDD2,
FEC1,
007B,
0276,
00E2,
0051,
FEEB,
03B1,
008B,
FC5F,
FE8F,
01E7,
030D,
FF08,
FFC1,
FD63,
FF0D,
0091,
FECA,
0385,
FE3D,
01BB,
FF3E,
0132,
00C7,
0268,
00B8,
00B4,
0088,
036C,
016F,
0022,
FE39,
FF14,
FF0C,
FED4,
0108,
028E,
FF6B,
00BD,
01A1,
FDCC,
FDE9,
FBF5,
FF7F,
0112,
004E,
FFC5,
0151,
02BD,
FE71,
01D3,
FF6E,
FF95,
007C,
0288,
00C4,
FFCA,
022E,
01AE,
FFD7,
0153,
0000,
FC4D,
010F,
FFC0,
0266,
0081,
FD42,
FFC6,
FFBB,
0005,
FF3D,
FF83,
FF65,
FF6A,
0037,
00E0,
FEB7,
01C0,
FF78,
FE71,
014F,
0274,
000A,
00D4,
FC34,
FE74,
FFCF,
FE55,
FFAE,
FCC1,
0094,
00D2,
0153,
FDC8,
0221,
0090,
01C9,
01C5,
003B,
0052,
FECD,
0010,
FF2D,
FD55,
01D9,
FEF9,
FDBA,
0111,
00DA,
FE70,
FBC7,
034F,
FF63,
FE54,
FE43,
FF8D,
FFA9,
024E,
FF1A,
00F6,
0092,
FEAF,
01AF,
01E2,
015F,
009F,
FF60,
01AE,
001F,
00F7,
FF0A,
0045,
037C,
003A,
FD77,
020B,
0423,
0058,
0423,
01D8,
FDEB,
01C6,
0381,
02CC,
02BA,
0386,
0428,
FF75,
FD52,
0572,
02F5,
FD5D,
FEB8,
FFDF,
FDDE,
0011,
FF93,
FDDD,
FFD0,
FF76,
FE56,
01A5,
01C6,
FEB0,
0278,
04CF,
0103,
027A,
FE2C,
010B,
0075,
01E9,
0037,
FEAC,
0171,
FEF5,
002D,
0048,
025A,
046F,
0127,
015F,
FE64,
F5CF,
FD8A,
FD9B,
FF7A,
0004,
0175,
FE05,
FFB7,
FE84,
02DD,
0054,
011B,
01A0,
F97D,
0131,
01CD,
FFB5,
FCD2,
0199,
FC8E,
FDBE,
0030,
028C,
FD42,
FC49,
FD51,
FBB5,
FDF3,
00BD,
03B8,
FE19,
00EC,
0141,
0486,
0308,
03F4,
FEBD,
00BE,
012B,
022E,
FFE2,
01DE,
FE3E,
FFD8,
0466,
FDF7,
FE68,
FFEF,
FE85,
FF20,
01C7,
FE94,
FDD8,
FE31,
01DB,
FD41,
01F8,
FEAC,
FFBC,
FE08,
FB88,
0207,
FFCC,
FF34,
0234,
0392,
FE21,
01E7,
FF87,
FFFD,
00F7,
01A6,
003D,
FEEF,
FF96,
01FC,
0030,
000A,
FE50,
FF2A,
010B,
FCC1,
0191,
FBAE,
FFB1,
FF4E,
01DA,
FECF,
FD27,
FF99,
FEE0,
FF26,
FEFE,
FED6,
FEDA,
03E9,
0202,
00A2,
0144,
0257,
FF0B,
FF38,
002F,
00C1,
FFA0,
010B,
0077,
000D,
FFE2,
FDEB,
0129,
FE62,
0297,
0155,
036E,
002D,
FB4C,
FFC7,
FE41,
00D4,
0292,
FE5B,
00A3,
0201,
FB2F,
0165,
FE4C,
FE90,
0524,
FFA0,
FC94,
01BF,
FEE2,
FD62,
0085,
01B9,
0090,
FB5F,
0109,
0232,
FFE9,
FF73,
0106,
FF6B,
FF58,
0166,
FFA8,
00A7,
037F,
0108,
01F5,
00D4,
0091,
0571,
005E,
FFF0,
0142,
0007,
FC9B,
FE51,
01E6,
0251,
FE8D,
FFDE,
FCC4,
0338,
FFC2,
FC77,
019C,
0099,
0012,
0177,
001F,
00D8,
00AD,
FFB2,
FDAA,
004B,
00B1,
011F,
FF88,
FEE4,
0040,
FFB4,
0026,
001C,
FFDB,
FDAB,
010E,
0017,
01F3,
00DD,
001D,
FFD0,
00BC,
017A,
FFB2,
00F7,
0006,
00AD,
01FB,
FF04,
FDF4,
00FE,
00B9,
0294,
00DA,
0217,
009B,
FD2B,
0350,
FED0,
FF95,
0046,
008C,
023A,
FF89,
FFDC,
01A1,
FE77,
FEFD,
FF17,
FDC9,
FD22,
FE1D,
00B9,
01D1,
005B,
FB9B,
FED9,
02E9,
00ED,
013C,
01C8,
FE12,
FFD0,
00A6,
00C0,
014C,
FEE9,
FEBB,
FD0A,
FED7,
0189,
FD4B,
0291,
FE19,
FB20,
0037,
FF89,
03A5,
023B,
0021,
FDFB,
0007,
FEDF,
FEA7,
0205,
012C,
01F3,
001D,
FDDC,
FEF4,
FF34,
FF19,
FEAD,
0366,
FC41,
0083,
0164,
FD50,
00DE,
FE29,
0020,
FF2A,
FAC3,
0021,
FFB7,
037D,
023A,
FD1C,
FDDA,
0051,
033D,
FBC3,
FAED,
FFB8,
FF95,
0292,
01A4,
FDA4,
FE74,
02CA,
020B,
FBDE,
040E,
FE59,
FC1C,
FF15,
FF44,
005C,
0000,
FC1A,
FFB6,
FE03,
00F2,
FF81,
FC6E,
FE08,
0052,
FDFB,
F847,
0103,
025F,
FCF4,
0287,
020E,
01C9,
0352,
0153,
FE01,
0355,
FFD4,
0182,
00CD,
0118,
FC0E,
0308,
090D,
FC71,
FFE8,
01AC,
003C,
0043,
00BC,
FE5F,
020D,
FE8B,
FF6F,
0147,
FE87,
0033,
FFF9,
FF35,
0026,
FEF9,
FDD2,
FF50,
0090,
00D2,
0131,
FD52,
FC8A,
FE51,
00C9,
0219,
01F0,
FF70,
FFCC,
0145,
FF96,
FE80,
FE3E,
FEAD,
FF70,
01E4,
FEEC,
0007,
FF4C,
0078,
FF5F,
FEE4,
0011,
FDB5,
FF30,
0176,
FD0C,
00D1,
002A,
022A,
0035,
FEED,
00CB,
FFF2,
0009,
0016,
FD23,
007D,
FFA2,
FE62,
00F7,
0169,
00EC,
FEB2,
00BF,
00D5,
FF32,
06C0,
004F,
FE4E,
FDFB,
0373,
0061,
00AC,
FCEF,
014B,
02E6,
00AA,
01FA,
0004,
FFD3,
FD0F,
0008,
FF20,
FF4B,
FA3C,
FE23,
FE2E,
FE5E,
FF60,
00E5,
0033,
FE48,
0133,
00F7,
FE9D,
FF54,
FF92,
FF22,
01A4,
004A,
FF97,
FBD3,
FD1A,
FE3E,
0229,
001B,
FF0A,
FC16,
01F7,
FFC2,
FC6C,
00C3,
0005,
02E3,
FF8A,
0016,
015F,
FDB7,
002C,
0208,
FF6E,
010E,
FF70,
FFC6,
00B4,
FF01,
0218,
FE86,
006E,
FB9C,
0259,
02F2,
FE17,
FE6D,
01BD,
0139,
0087,
FDD5,
0142,
049F,
01EB,
FF83,
FF9E,
FEB1,
010C,
0080,
FE8C,
FE26,
FED4,
0078,
FED7,
FEC1,
03AA,
FF4F,
FFCE,
FED1,
FF6A,
0511,
001E,
0045,
0204,
01CE,
FEEA,
044A,
FFD4,
019A,
FF36,
009B,
FE1E,
FFE3,
FF5E,
0034,
032F,
FEC0,
FEF8,
007A,
01D1,
FF33,
001D,
FF62,
012D,
FE9D,
0275,
0111,
FE25,
002A,
01FD,
019A,
001E,
0471,
02BF,
0089,
FD7E,
FFBB,
00F9,
FFD2,
FFE7,
FF02,
FD75,
0187,
FFEF,
01C9,
FD5A,
0167,
0166,
FFAD,
0191,
00B9,
FEAC,
FF42,
FE4E,
FBFF,
02A7,
01E4,
0046,
FF92,
03AB,
FE58,
FFDE,
FF73,
FF6E,
02D0,
00AE,
FF08,
00F7,
FF22,
FE16,
0034,
FF2F,
FFCC,
002A,
FE7D,
007B,
FDD1,
0031,
0101,
FEA8,
FE94,
FEBC,
00C2,
FDC9,
00A3,
0139,
FFCC,
FF85,
FF9F,
02D4,
FFC3,
FF69,
FFF2,
FF87,
FFB0,
002D,
FCC3,
0240,
FD40,
FDFC,
00DA,
002A,
FF6F,
01EA,
0154,
FF9F,
0064,
0381,
00AD,
00A7,
00BD,
023B,
00F7,
FBBE,
FDE5,
FFFD,
FF88,
01B6,
00E2,
00E8,
0091,
FDA8,
01F4,
01A7,
013D,
0281,
0300,
FCC4,
FD91,
FF4B,
FFBD,
0158,
FE0C,
0406,
FEBC,
0034,
00AA,
03BB,
01BC,
0032,
FE52,
F9AB,
FC2C,
FED1,
0438,
0089,
FD61,
FB89,
FFF2,
FDC9,
FE08,
FEBA,
FF1D,
FF8A,
FE66,
0076,
0463,
F9FD,
FF7D,
FD42,
000F,
0580,
FED6,
00E3,
00DA,
FDAB,
02AC,
010C,
FE52,
FEAB,
FFAE,
FD2A,
FEE4,
016E,
0223,
FEA7,
FFB0,
FF6D,
FF28,
0017,
007E,
0131,
FFBB,
FF81,
FF56,
0011,
0123,
0067,
001A,
0038,
FF58,
FF1F,
FDD7,
FEB8,
FF54,
FDF0,
FD74,
019E,
FFCA,
FFA1,
01DC,
FFD4,
FE6B,
00B7,
00B2,
00F1,
FF69,
0145,
FE46,
004E,
FEF3,
04C5,
FE1F,
FB62,
0448,
0256,
FFF1,
FF68,
0450,
005D,
FC39,
FF1B,
FF6F,
FFD9,
0144,
02F9,
FF4E,
FE07,
0052,
003A,
01A8,
FEC4,
FF5D,
FF49,
0073,
FFE3,
00D0,
FF0F,
FE9D,
FF41,
FCE6,
001A,
0087,
0054,
FF8A,
FBF5,
0034,
FEFB,
0053,
FFA6,
FE1B,
FF18,
FFCC,
FE79,
FEFB,
FFCD,
01DC,
01B6,
011D,
019A,
FFA2,
FED0,
028E,
FEEB,
FCB4,
01AA,
FDD0,
0391,
0056,
01A0,
FD7A,
FAFD,
02E4,
FDEB,
FF48,
FB34,
FF44,
FF3C,
FFBC,
FF13,
FFB6,
FE92,
FF9D,
FDA2,
0193,
0004,
0040,
FCF7,
0082,
00E4,
012C,
023B,
FE0F,
00F5,
00CE,
FF93,
005F,
006C,
0182,
FF97,
FD64,
00BE,
050A,
02E7,
FCE6,
FDC9,
0042,
FE21,
0038,
0139,
FE6D,
FD7D,
FEC6,
00A3,
0003,
0164,
FE40,
000B,
00FF,
0287,
00BC,
0099,
004D,
0069,
00F9,
0084,
00B9,
FFF2,
FC72,
FEAA,
FF72,
FFAE,
FFE4,
0214,
FD82,
FDDC,
FE05,
0045,
020D,
FF4C,
FF9B,
FFB6,
FF7D,
FF18,
FFA2,
013E,
02A7,
FFFF,
007A,
FEDE,
FFEA,
001B,
FDD7,
009A,
FD71,
0132,
FC66,
FE40,
FF7C,
01BE,
004A,
0053,
FFE9,
FD9A,
01F0,
0298,
01C6,
00F9,
02BF,
0216,
FEF7,
FF47,
00E2,
FFA2,
FDA4,
00EC,
009D,
FE3B,
02BA,
0137,
00C5,
0017,
0015,
FF68,
FCA1,
0183,
02E0,
FF12,
FD14,
0431,
0022,
028C,
010E,
FEA4,
FF41,
FDF5,
00E6,
FF11,
01C5,
FF58,
FE70,
0063,
FF0A,
FE5D,
02D6,
017E,
0311,
02D3,
FF74,
030A,
007D,
FD55,
FB45,
FD55,
0000,
00D1,
0070,
00A0,
FFE0,
FED7,
0128,
0221,
FE8F,
FDE4,
006C,
009B,
FCF3,
0231,
0160,
01BF,
00C0,
00D5,
0109,
FD7F,
FFD3,
FD84,
0444,
0032,
0503,
FF70,
022C,
0037,
013D,
FDE6,
0085,
01E0,
0035,
FE69,
006E,
0039,
020C,
FE77,
01B2,
00EE,
0249,
028B,
FBFF,
040A,
FF05,
FE94,
FDF2,
036C,
00C6,
FEA8,
FDC0,
0185,
0277,
0156,
FDC7,
FEF8,
FE07,
FF86,
01CB,
022A,
0121,
012C,
FE87,
FDBF,
FC98,
011A,
FE88,
0231,
01FE,
013D,
FE43,
014A,
FFB7,
FF67,
FFD4,
02EC,
00AE,
FFA7,
FF1C,
FDA9,
011A,
03F1,
FF4D,
FE9F,
0168,
00B9,
0069,
FE9D,
00A4,
0130,
FFFC,
FF22,
FFA3,
0074,
FEAD,
0072,
FEFF,
FF68,
FE93,
008C,
0376,
0073,
FF84,
FF2C,
029B,
0064,
0119,
FD4F,
0078,
003E,
004A,
00F3,
FFE2,
FFB3,
FF3D,
0072,
FF0C,
00C8,
0239,
FEED,
0035,
FCAC,
FBE4,
FE98,
0106,
FFFF,
010D,
0134,
FF46,
FD95,
FE45,
0253,
FE59,
FE24,
03BE,
FB36,
FDDA,
0103,
0087,
FCDE,
FCE0,
0211,
0139,
0020,
FB15,
FED8,
FF94,
00E2,
0036,
03FB,
0035,
FE59,
0380,
01CD,
02EA,
0092,
FE4F,
FE75,
FFFA,
004A,
02FE,
FC97,
012E,
FE3E,
FECE,
FF71,
FFC0,
0170,
FD48,
FEE5,
01BE,
04C9,
016D,
FF41,
0347,
00E1,
0175,
FEA1,
027F,
0340,
FCE2,
0093,
0146,
00DE,
0128,
01A3,
032A,
000B,
FEF6,
0095,
FF1C,
028F,
002F,
FF33,
FE69,
FD34,
FF40,
00B8,
FF9A,
02D4,
FDA9,
FFDA,
FECF,
019D,
01BC,
FF08,
FF68,
014A,
016D,
0047,
FDA5,
FDA7,
011F,
FEC9,
FFA9,
0288,
FD8C,
FE8B,
FB68,
0251,
0156,
01E2,
0028,
FE72,
FFCC,
00CC,
FE51,
00EB,
FEA3,
FEDA,
FF72,
FFEF,
0128,
01D0,
FE92,
FDCA,
FF37,
FF5A,
FEFF,
00C8,
FFD5,
FD13,
FE82,
FEA0,
000E,
FFD7,
010B,
FD02,
00BD,
FD0A,
FD9E,
FE8B,
FD62,
01C2,
0105,
FCB6,
0112,
FEB3,
FE2F,
010F,
FF2D,
00FE,
FEE9,
FFF7,
0135,
FEB0,
FECD,
FCB7,
035C,
012F,
FFCA,
0225,
0151,
00EE,
FE68,
FD14,
FEE7,
0003,
0166,
0000,
FEFA,
FD1A,
FFD0,
01FC,
00F3,
0263,
FDA0,
00C5,
FEFA,
03A1,
02D4,
01F2,
FE30,
01CF,
0156,
FFEC,
0112,
FD49,
0005,
FF69,
0019,
FDFE,
FFEA,
FEEE,
FF1A,
00AD,
FC9B,
FCF8,
0118,
FEE5,
FE6E,
0111,
0169,
028D,
01EA,
040F,
0330,
FD9A,
02AD,
FC91,
0197,
015F,
0068,
021F,
003F,
008B,
FFF0,
0195,
FC48,
00FC,
FC5C,
0061,
FEE0,
FD0D,
01FC,
00EA,
FF2C,
FD0E,
0152,
00C8,
0048,
FEAB,
01F3,
FD80,
0147,
FF93,
00A9,
FEF5,
FFD2,
01E9,
FF43,
0007,
FDC7,
0402,
00EF,
FFE2,
019A,
FFC9,
FEF0,
FECA,
FD4A,
FE6F,
FE33,
0009,
FF42,
FC95,
FF4A,
01AE,
0243,
030A,
FDF4,
FFE1,
0168,
0138,
FEBC,
0095,
01F4,
00A3,
FE26,
FEBD,
FEA1,
FE38,
0013,
0330,
FF57,
03D4,
FF28,
0038,
FD87,
FEBA,
FCEA,
FC3C,
FF56,
010A,
FD9C,
FE10,
0173,
FD2C,
FE5F,
0229,
0068,
02DC,
010C,
02F3,
FEF4,
FE94,
FF53,
FFBE,
FC12,
017A,
FE74,
FDFB,
00C4,
0156,
0113,
FE11,
00B0,
0044,
FEA2,
0117,
03F0,
FEA5,
FE28,
01E1,
00EA,
011A,
01FA,
FE60,
0211,
FFC3,
02C6,
009B,
FF66,
FE96,
FF4B,
FD42,
FFEF,
FEF2,
005C,
00BF,
04D8,
055A,
FEED,
0156,
018F,
00CF,
FD2C,
FFCC,
FE0E,
FE58,
FE38,
025F,
0155,
FE8C,
FFC2,
0240,
FEB4,
FF5E,
01BB,
038B,
001E,
01D8,
020E,
FFA3,
FDD2,
023A,
0098,
029C,
0197,
0317,
0217,
FDAB,
0343,
01AE,
FD95,
FE0F,
FF79,
FCB3,
008B,
FDAF,
FF7F,
FE25,
0177,
FEC8,
FE5D,
0077,
FB59,
0369,
0228,
0164,
00FD,
0180,
0052,
0221,
FFA9,
0025,
FE1A,
004D,
00A1,
FFB8,
FE4C,
020A,
0431,
FF42,
00CF,
004A,
FB61,
FC3D,
0075,
FE7C,
FE4A,
01E9,
FCA6,
002A,
FF42,
FEF8,
FFFE,
00C5,
0424,
FF22,
0067,
01BB,
0286,
FDE9,
FDBA,
FEB5,
006E,
02FF,
FEAB,
FDFE,
0192,
0234,
FEA8,
FCB3,
004C,
FF32,
FFCD,
0278,
020F,
0067,
FE75,
FF52,
01F1,
0130,
FF95,
FD88,
00B6,
FF1E,
0403,
FD4F,
0018,
FDCB,
FF71,
FB58,
FF9B,
0184,
00C6,
0071,
FE17,
003E,
0046,
0062,
0071,
0124,
FF95,
00A9,
FEE0,
030C,
00B1,
022E,
00D0,
FFF2,
FFBD,
00F5,
FFC4,
00EC,
FEB9,
00BB,
FF8F,
FB3C,
FDE5,
FEC5,
0400,
FC84,
FE3E,
025A,
011A,
FF08,
0000,
FFEB,
00CB,
00E2,
FE40,
FFE8,
0107,
00AE,
01E4,
037A,
FF35,
014A,
0110,
002E,
FE46,
0032,
0000,
FDE9,
FDC5,
01E6,
FE6E,
0000,
009A,
0085,
023D,
02C0,
010D,
0119,
0013,
01BA,
0313,
FE90,
FEDB,
0096,
FE8C,
FECB,
FDF4,
FFB3,
FE9C,
0037,
FE8A,
FD64,
FDDC,
006F,
00AB,
01CE,
FF2E,
01A9,
FF3C,
0166,
00A6,
0199,
FED3,
FEFF,
FF02,
FDD6,
0111,
0433,
FD69,
FF1B,
04BA,
00BF,
FDD4,
02D9,
0166,
00F8,
0283,
0154,
FF18,
0286,
FF47,
FEB9,
FAA5,
00BC,
FC7F,
0261,
0255,
01FC,
0533,
FE71,
FF59,
FEAA,
FF82,
FD83,
01DE,
01D0,
0115,
FEEC,
002B,
0033,
000D,
0428,
FD56,
03FB,
FFBE,
FEEE,
0322,
000F,
00ED,
FCF1,
FF20,
FE1C,
024A,
0095,
0014,
FE7C,
045E,
01D1,
0174,
FE01,
030F,
FD51,
FEAE,
FEA4,
0022,
0324,
FB8D,
018C,
0407,
FFC4,
00AD,
FF16,
FF49,
FFF8,
01C2,
FF90,
FF0A,
FECA,
00A0,
FF7D,
025E,
FFE7,
FDAB,
FF5D,
0120,
00E3,
FF1C,
00CA,
FEF6,
0089,
0027,
00FA,
FD50,
001D,
0074,
0065,
FD08,
FF03,
0019,
02E1,
FFE3,
00B6,
FF6B,
FE01,
FE3E,
FC6F,
FF16,
FF58,
01F0,
FE60,
FE91,
015B,
FED7,
FFE3,
0184,
007A,
FC69,
FF5F,
01DB,
FF93,
0215,
00DE,
FF76,
FF32,
FFAB,
FDF5,
FF5E,
FF14,
0290,
0106,
FFF8,
FE86,
0329,
FEC6,
036D,
0101,
02A0,
008E,
003E,
FDF7,
01BA,
0064,
FE99,
FFCC,
0243,
FF94,
0055,
FBCC,
FF24,
FF5B,
0175,
00F1,
FCD2,
0189,
FCA0,
FF3F,
00DD,
FE81,
FE2D,
0211,
FFB8,
FBF4,
0192,
012D,
FF91,
FF60,
01CC,
00F0,
00A5,
FFFE,
FFD0,
03D0,
FF30,
02B5,
023B,
FFBA,
FEC8,
FD70,
005D,
01AD,
FE84,
FF3B,
002D,
FE69,
0150,
009A,
0023,
FE9C,
FE52,
009B,
0116,
FE6F,
02B6,
FF36,
FF92,
FE01,
0038,
FDCD,
FEF7,
FEEA,
00E5,
FDE1,
FF64,
008D,
008C,
FE60,
00EF,
FFCB,
FF83,
00CB,
01C1,
FCF8,
FF17,
008D,
FC9B,
FE0D,
0188,
012E,
0454,
FE1B,
FD05,
0268,
033B,
025C,
FED3,
FE9C,
02EB,
0147,
0049,
0329,
FDB0,
FF12,
01D2,
0059,
0122,
0185,
FFD2,
FE97,
01C3,
FE9B,
FD9E,
FE73,
0036,
FD30,
0185,
FC11,
FC88,
FFF9,
006F,
0084,
FDF0,
0046,
FF03,
012A,
FFBF,
028A,
FD44,
FF6C,
FEE2,
015A,
001D,
FBFF,
FF87,
019B,
FFCC,
00C6,
FEC6,
FECE,
004E,
0079,
FF7E,
FE75,
0063,
FEFB,
FFD2,
016A,
0021,
FE77,
000E,
033D,
FDC4,
FD51,
FF50,
FEFC,
0223,
FE32,
0024,
FE77,
0025,
0092,
03EA,
FDBF,
0156,
0224,
011E,
00A2,
FEFB,
FD9E,
FDC5,
0188,
FC85,
011B,
02B6,
0074,
009A,
FFC9,
02AA,
0263,
FDFD,
FBB5,
FF17,
FDE6,
FEEB,
FEF4,
FED3,
012D,
FDBA,
01FC,
FE6E,
0352,
0095,
FDC6,
FE50,
FF1B,
01B8,
0104,
0198,
01D6,
03F4,
005B,
0270,
0167,
03EF,
FE80,
FF70,
FF54,
00BF,
FFCF,
0147,
003D,
0046,
0030,
0263,
FE5E,
0128,
FF72,
029D,
0210,
02DD,
00E9,
FE25,
FD50,
0178,
FE68,
0231,
003D,
FC83,
02FC,
003A,
FF5C,
FEDA,
FE5D,
040E,
FB10,
0124,
FE89,
0387,
FFBE,
FE10,
0132,
0152,
0048,
013A,
FF64,
0107,
FFE4,
0199,
00EE,
0094,
FF90,
FCC4,
0016,
FD9B,
FFA2,
FD24,
00B7,
FF7F,
009C,
FFEA,
FDC5,
017D,
FEBD,
FFAE,
0024,
01A8,
FD47,
FFD6,
FFE9,
00CC,
01AA,
FC52,
FDE8,
FFAD,
FDEF,
0196,
FF1A,
008C,
FFCD,
006F,
FC9D,
FE85,
FEEC,
FF8D,
FEDE,
FF2C,
00AE,
0003,
FECB,
FF54,
01A6,
0037,
01B8,
0167,
0297,
00FC,
0009,
01FA,
0157,
FE25,
021E,
0131,
FF6D,
01C5,
01D7,
0171,
FDFE,
FDDD,
00D8,
FFB9,
FCC6,
FF24,
0118,
00C6,
010C,
003B,
0027,
FF3C,
006E,
00FE,
01C6,
FE13,
FDF1,
0199,
FF0F,
03A0,
0125,
FF3D,
FF96,
000D,
002B,
01B3,
FFC7,
023E,
FF0A,
FF36,
0081,
FFFD,
FFD4,
0002,
FF6B,
0028,
012F,
0120,
0037,
0051,
FF0F,
0012,
010D,
00D2,
013F,
0037,
0061,
0099,
FF22,
012B,
FE89,
0066,
0024,
000D,
0290,
FF6D,
00CF,
0002,
FE8C,
FFB7,
01ED,
FF5E,
0135,
0180,
02DA,
0003,
01DC,
0187,
007B,
0023,
FF96,
020B,
01FA,
FEF9,
FFDB,
0080,
002F,
012D,
0017,
004C,
00E3,
00E7,
00CD,
0068,
0135,
FEF6,
00E8,
FF95,
FFCB,
FFFB,
006A,
01FB,
FE0F,
FEFC,
0153,
0196,
0079,
FFCD,
007B,
02C3,
FE8E,
00D0,
FF95,
FEAA,
FC99,
0067,
0036,
FFB7,
FF10,
000D,
FFF7,
012E,
FEB8,
FDCC,
00CA,
0040,
FE57,
0189,
00D1,
FD6E,
01C6,
FE1B,
FFE0,
FCB0,
022E,
0012,
0173,
0267,
00C3,
FF2B,
FED9,
0080,
FDE1,
00F8,
FD7E,
FEBC,
FCDE,
00C8,
0130,
FF94,
001D,
FF0C,
FFD2,
0041,
0193,
FFA1,
FFD2,
FF5F,
FF79,
0645,
FE53,
0024,
0449,
0217,
FBB9,
0033,
FF1E,
00CF,
FF8D,
FD83,
0088,
FFA9,
FF6D,
02DD,
001B,
FF66,
FF64,
0081,
00E8,
0139,
00E2,
FFCD,
FD12,
FEBA,
02D6,
FF61,
FE41,
FE9E,
016D,
017A,
011B,
0155,
FFAD,
01E6,
FF0B,
00D2,
FEF8,
0186,
02F3,
FD87,
FEFB,
0196,
FEC1,
006C,
00A8,
FE9A,
FFC6,
FEFF,
0032,
FF2C,
01FE,
00C6,
FFF4,
FF18,
01DB,
FFCA,
FEC0,
004D,
FF09,
FDE0,
FBD7,
040C,
FE00,
FFC0,
0258,
003C,
0347,
FF2B,
029C,
FF81,
FF9B,
FC3C,
004D,
0167,
FED4,
0180,
0153,
002A,
FD89,
FE3B,
02E7,
00B2,
FEB3,
02EA,
03CA,
FEE0,
002F,
FC29,
0024,
01BD,
0145,
FEA4,
0277,
00B3,
0240,
0130,
0226,
023F,
0178,
0142,
0519,
FEDA,
FE72,
FD6F,
0013,
FCAE,
FEB1,
012B,
0255,
0088,
01B4,
FDF2,
FF3C,
0188,
0540,
FE21,
FAAD,
0053,
FC92,
FF30,
03E5,
0522,
FF91,
FFD4,
FE90,
FF18,
0225,
FF52,
00B5,
FE07,
FEED,
0077,
FFB4,
FECE,
0165,
FE5E,
016F,
02B1,
FFB6,
FDAA,
00D0,
FF85,
FF53,
0138,
FE9B,
FF1E,
FBA4,
0161,
FF68,
FFAA,
00BF,
FE9F,
0351,
FF87,
FEA9,
FF99,
FEA9,
FDCD,
018C,
FC9E,
01EF,
012F,
FF85,
FC42,
0284,
03C2,
FDB2,
FF1A,
FF7B,
FFC1,
FD6A,
0249,
0036,
0192,
02B0,
FFA5,
0150,
0128,
FF0C,
01A5,
0323,
03A5,
0302,
FF4E,
FDA9,
FF4D,
0101,
FE1B,
FF2E,
FE48,
FFF7,
0131,
0152,
FF9D,
FD8E,
FE8A,
FCE0,
0107,
007C,
0064,
FF4D,
FDAE,
FEFE,
FE9D,
FC83,
FE58,
02A0,
016E,
FE3C,
FDB2,
FF5D,
FF0D,
FE02,
000A,
FE88,
0163,
00D6,
007D,
0036,
0235,
FD46,
FE05,
0116,
0219,
FF0C,
FEA6,
FDF1,
FE13,
FE56,
012F,
FEB4,
0093,
0135,
01B4,
018C,
00CB,
FFAD,
FE4A,
0011,
011C,
0067,
FA49,
FBD8,
FDFC,
0098,
017E,
0252,
0173,
FF09,
FD20,
0045,
017A,
FF35,
0110,
001A,
FECD,
0046,
FE72,
0059,
FD34,
036D,
FFFB,
FE15,
FE7F,
FEB4,
FD14,
01AF,
FFC6,
FF31,
0106,
0207,
FEFA,
0064,
FAD0,
019A,
0159,
FC1E,
FD72,
FF67,
021C,
023B,
FE55,
FF86,
0160,
FDF4,
04A5,
FFC4,
0031,
FF38,
FF1A,
01B2,
003A,
0196,
FBFD,
FFF5,
00A9,
0014,
004E,
016C,
FF66,
058C,
00F0,
028C,
FFB0,
FF66,
FF66,
FF5B,
00FD,
FE59,
00EF,
016F,
01A9,
004B,
FFB2,
FDC3,
FE22,
0270,
0040,
00A8,
03AD,
0083,
FD40,
FE82,
00EA,
FEC3,
017C,
FFD5,
FD1F,
0053,
00C7,
0052,
FF5D,
0050,
FE52,
FF30,
FD0A,
0160,
02DD,
00EF,
0002,
00C8,
0003,
FF5C,
0021,
002F,
007D,
00AA,
0273,
025C,
FEE9,
0000,
FF78,
FE37,
0024,
0034,
00F5,
FDC3,
030F,
FE85,
00C6,
0126,
FCE9,
0027,
FE94,
0077,
FE33,
00CD,
00AB,
01B1,
FE73,
0177,
004C,
005D,
FF6C,
FEB5,
FDE9,
FE79,
0235,
FCFB,
01DA,
FD6C,
FF32,
FE15,
0010,
0048,
015A,
00EE,
0278,
FFB9,
0217,
019F,
0047,
FF5D,
00BD,
FD39,
FFF4,
FD50,
0133,
FE76,
FE57,
0070,
0076,
FF15,
00C3,
FF3D,
FE9D,
FE29,
021C,
00DE,
0088,
FF23,
0188,
00DF,
0379,
0364,
FFAD,
0272,
020F,
01AA,
FF99,
00EB,
FDB5,
FEEF,
FFAC,
008A,
FE17,
FD61,
00F3,
0171,
FE59,
00B1,
FFB7,
FE9A,
FE25,
003D,
00C6,
FDB6,
FDEE,
FE27,
FD64,
0198,
00A5,
0032,
001E,
0174,
010F,
FF5F,
002D,
FEEA,
0147,
FE91,
00CF,
00AA,
FF5B,
009D,
FF4C,
0091,
01E2,
FC10,
005A,
04F5,
0071,
FCE7,
00E7,
FEA7,
FC4B,
00DA,
00B2,
009D,
FDDD,
0028,
FEC8,
0347,
01A0,
FE0B,
FFA0,
FE88,
FF83,
FFA8,
FEBC,
0035,
FDB5,
013E,
0026,
FFEF,
0239,
0072,
FD72,
FE4C,
0250,
00C3,
FD57,
007F,
00D4,
FFFF,
0058,
FF6F,
FF20,
FF0A,
FFE3,
FEBB,
0186,
00F1,
0128,
FFDF,
0079,
FF2A,
02DF,
0236,
007C,
0239,
FED5,
FEA6,
00C5,
0098,
FFEB,
FF67,
FE6A,
FF97,
FC20,
FFE5,
FDEE,
FF48,
021E,
FFC2,
0098,
FEC6,
0197,
0425,
004A,
0130,
FEFB,
00F8,
00C0,
010B,
FD28,
FCF8,
FF46,
FEB1,
FD47,
FFB1,
009A,
00E5,
FF7A,
015C,
0214,
003B,
0151,
00A6,
00C7,
00B8,
031A,
FF7C,
00EE,
FFF5,
FF06,
00D1,
025D,
FF89,
003F,
005D,
FF56,
0091,
00C4,
FEA8,
003E,
FD70,
FFCB,
01EA,
00D9,
004F,
FBC9,
FF8D,
FEE1,
FE73,
0305,
011A,
FF8D,
0005,
FEC6,
01A3,
01B8,
FE88,
0158,
FFD4,
FE9F,
0096,
017D,
018B,
00D0,
01B2,
FDE5,
0004,
FF17,
011F,
01CB,
01AF,
FED9,
0118,
FF73,
0038,
FEEA,
0028,
01C0,
0147,
FEA0,
FF46,
0346,
FD9B,
FDF9,
0088,
FEBA,
FE76,
FD1F,
02D1,
007E,
0182,
01F4,
01EE,
FFAD,
000E,
0373,
01E4,
00F5,
0086,
01BA,
FFF6,
FC62,
FEE3,
FF99,
FFBB,
003A,
0180,
FFF3,
0313,
019B,
FE5A,
FF4D,
FEC5,
004F,
0035,
FE53,
FE8E,
FF8F,
047A,
FEDA,
03B1,
0091,
FEC3,
FE02,
FFAE,
FFAA,
0073,
FF28,
0385,
0191,
FE2B,
0276,
012D,
FDBE,
005C,
01CF,
00BA,
FE79,
001B,
FE62,
006C,
FEEF,
FFC9,
FF41,
0204,
FEAA,
0034,
0054,
02C2,
00F6,
FEEA,
0091,
FFAC,
00A9,
FFD7,
0033,
FDD7,
FECE,
0082,
FF46,
0466,
0055,
01A9,
0085,
0034,
FB33,
008B,
FFDC,
01D9,
FFB3,
013C,
FE15,
FFAC,
FF10,
026E,
FE26,
01CD,
03D8,
FE6B,
FDFD,
0357,
FA67,
FC43,
0033,
FF85,
00A3,
00FF,
FD54,
04D0,
0389,
FCC1,
0066,
FFF3,
FFFC,
FE85,
0094,
FF91,
017D,
FE97,
00E4,
FF79,
0173,
FECC,
0661,
039C,
024E,
00B1,
00ED,
FF9B,
026A,
0334,
05DF,
018E,
FF5C,
022B,
FFA9,
0004,
FE15,
FE5E,
FE00,
FEE2,
01F2,
FC5A,
FD6D,
034B,
000E,
F9F1,
FDD4,
0099,
FE1F,
FF0A,
FE0B,
FEA5,
02E1,
FE67,
FB8B,
00B7,
FF19,
03F9,
0269,
FFAB,
FDF8,
0112,
01A3,
0128,
003F,
003A,
FD3D,
0228,
FE1A,
FF43,
0054,
FF4B,
FF6F,
FFE0,
FC25,
FF41,
01F2,
FE63,
0028,
037B,
0099,
0068,
FF92,
00CC,
0677,
FD00,
003E,
0029,
0048,
FCBB,
FC2C,
FF5D,
0062,
FF96,
FEE2,
FFDC,
FC34,
02E2,
FFD9,
FFD7,
FF9E,
00D3,
00BB,
017D,
FFE5,
0172,
005D,
FD93,
00F4,
017A,
02D4,
0292,
FFAF,
FF60,
02FB,
013C,
FD15,
0242,
03E7,
00B0,
FCD7,
FE60,
FF3D,
FF53,
FFFB,
FF57,
018F,
FFFA,
FD63,
FD76,
FF1A,
0199,
FE75,
0002,
FFF5,
FDCC,
0264,
0271,
01BB,
FE4E,
003A,
FD3D,
FE8C,
FF86,
010B,
0068,
FF62,
0047,
FF35,
0135,
0328,
FD69,
FC55,
00D0,
FF46,
01E9,
008F,
0102,
FC21,
008D,
0096,
FE5A,
009E,
0061,
01D5,
FEB9,
FEF2,
FDE8,
0216,
FF8F,
FF10,
FE47,
01DC,
FEA5,
FFFA,
FC82,
00AA,
FDE0,
FF0D,
FEC4,
007B,
000C,
006E,
00EB,
016F,
0101,
FEE2,
FFE2,
FE9C,
FEA8,
FE5F,
FD15,
FE6D,
FFE9,
FF18,
0087,
FED1,
FF71,
FF4A,
FDDB,
009A,
0392,
FDEB,
FEE0,
0145,
0151,
02B2,
F9AF,
FFA1,
0041,
0133,
0026,
00CE,
FF96,
FF21,
FDC7,
0437,
0042,
FBDC,
FFC9,
000D,
0097,
FEC2,
FED3,
FEDA,
FFDD,
FFE6,
004A,
0145,
FE68,
FD6B,
001F,
0055,
FE2D,
FDFE,
FFA1,
01FC,
FE65,
FEA6,
02B8,
0116,
0240,
0201,
FE1A,
FF32,
FF10,
FFAE,
011D,
041D,
FF93,
00FB,
FE62,
FFD1,
032B,
0168,
FDE2,
0141,
FF8C,
0178,
FFF5,
009F,
002D,
0193,
0274,
0034,
00F6,
FF43,
00DF,
0117,
0182,
02E9,
FF51,
0027,
FEB5,
00C0,
00EB,
0226,
027D,
FFFB,
FEA2,
FF6A,
0080,
0260,
FCD2,
FEFD,
0190,
0371,
0035,
FE4F,
0132,
FE42,
FD24,
005D,
FFCA,
FEC5,
FEBA,
FFB5,
0131,
0057,
FF0B,
FFA7,
007B,
FDA4,
FD93,
FD2C,
01B2,
FFDC,
FE75,
FFAC,
0115,
FF4B,
FAE1,
FE18,
01F8,
01D6,
00AD,
024C,
01B1,
0242,
008A,
FEE1,
FEA2,
FFBC,
014C,
FFF9,
030C,
FF10,
0432,
000D,
FDE1,
0345,
019D,
FF86,
0096,
FF0D,
00D8,
01F9,
FDA4,
FE11,
FFE3,
FF90,
0223,
0132,
FF97,
FFF4,
FE50,
0118,
FEC0,
FDF0,
001B,
FD7A,
FF77,
FFC8,
0054,
FDC8,
FFEE,
FF00,
0320,
FFC7,
FF47,
FE62,
01D3,
004F,
FA38,
FF6C,
017F,
00F6,
FFD1,
053D,
FD92,
011E,
FCF1,
0112,
FE55,
FE31,
0056,
FF4C,
FEAA,
FF68,
FE1B,
FD50,
FF84,
FF2F,
FFAA,
FDF9,
0271,
0044,
FDD9,
FF5E,
FCC2,
FC7E,
FEFF,
FF41,
FFC7,
002C,
009D,
0034,
FFAC,
FD8D,
01C7,
006D,
FBB4,
FF8D,
0081,
01F6,
0092,
FB8B,
FEFD,
02B6,
FF1C,
0428,
0027,
FF2C,
FC9C,
FD29,
01AF,
FE21,
0082,
FD17,
0196,
0099,
FE0B,
FE2C,
012D,
001F,
03A5,
024A,
03D7,
00DD,
FF3A,
FF36,
015A,
00E4,
FFCA,
011A,
01B5,
0146,
00AB,
0214,
FE07,
FE79,
0302,
FDBD,
0051,
0158,
FD96,
FC97,
0119,
010C,
FE01,
FE90,
0370,
0356,
007A,
FD5C,
FFFF,
019E,
00F6,
032C,
055E,
011A,
FF97,
0179,
0186,
011C,
010B,
FED9,
FF76,
FF65,
FEE1,
025D,
0021,
FF74,
FE11,
FE82,
01CF,
FF5B,
FDE8,
FF12,
00D0,
02BB,
027D,
003B,
FEFF,
00F7,
0170,
0283,
FD47,
028A,
0398,
FF73,
00F3,
01D0,
FE38,
0092,
FFDC,
FFE1,
FC9F,
FD53,
01B0,
FFBF,
00CA,
FE69,
FF32,
002C,
007E,
0024,
FD65,
FBFD,
FFAA,
00D6,
FB8A,
FF48,
0028,
FB19,
01E4,
FDD8,
072C,
002B,
00B7,
FE29,
FE07,
FDE0,
0256,
027C,
022E,
FC08,
FEF6,
030F,
012B,
FF8C,
FE31,
0050,
0259,
01EC,
00C1,
FFD7,
FFAB,
022A,
FF7E,
01E4,
FE87,
FFA5,
FF5F,
03B6,
0120,
FFD9,
03E7,
FFD5,
FFF3,
00BE,
012A,
0228,
00CB,
FCC2,
FFB7,
0443,
FD4D,
0228,
FF10,
FF2F,
0164,
FC88,
FF9A,
FE75,
FFE7,
00E9,
FF67,
00CD,
FD9D,
FDBE,
01EB,
0135,
01D6,
0365,
002E,
047F,
FFD9,
FF92,
009A,
015D,
0020,
04C2,
0314,
01CB,
016B,
0178,
00B5,
023C,
FF38,
02B9,
011A,
FEAD,
018D,
FEAC,
FFDE,
FFE1,
00A8,
0072,
0043,
FFB2,
FDD1,
FDE6,
00EB,
0001,
0099,
0091,
FFB4,
0180,
0034,
0149,
FFB0,
FE0D,
01B3,
0178,
0018,
FFFC,
FE48,
0094,
FCEE,
00D9,
00E5,
037F,
FF94,
FEC9,
00BC,
FD95,
FC3D,
0196,
FF9C,
FFEC,
FFB7,
FF86,
00DC,
0072,
00AF,
FEB5,
011E,
0166,
03A8,
FED1,
FCA6,
FE1C,
FFE0,
0207,
00D8,
FEBA,
FF18,
0395,
FDEA,
FFE8,
0127,
02C6,
FF63,
00B6,
FC4B,
FEFC,
0262,
00EC,
0222,
0241,
0508,
FCBC,
FFD1,
00F6,
0343,
FE22,
00AD,
004B,
0053,
0350,
FFD9,
FEC9,
0499,
0255,
FC47,
FE7D,
0178,
01ED,
0186,
006E,
0280,
FEE5,
FD22,
FE81,
FE45,
00E7,
FE9E,
FC70,
0310,
FEC0,
FFE5,
018B,
00F6,
013B,
FD44,
FFFA,
FD5F,
FFDC,
00C3,
FF64,
006C,
0136,
02C7,
FF63,
FE4D,
0036,
FDF9,
FE90,
03D0,
0143,
0137,
0011,
FFB5,
FEFD,
000B,
02C5,
00C7,
FE60,
FE53,
FF1D,
FFBC,
FC62,
013F,
0056,
FFBD,
00E4,
0015,
01F6,
FF95,
FEA6,
FFC6,
00DB,
FFA7,
FF24,
0022,
FE30,
FE42,
FCCD,
FEEB,
FBFF,
025A,
0239,
FFE7,
FE6C,
0038,
FD85,
FB88,
00C0,
003F,
019C,
01BA,
01CC,
FE04,
FE52,
FD99,
FFD6,
0098,
FF11,
01AC,
007E,
FE13,
013B,
FFE4,
FD31,
04CA,
0055,
FE96,
FF5F,
0569,
FF5F,
013D,
FEBF,
FFC6,
02A2,
01B8,
027B,
021F,
0156,
00F5,
0025,
FE05,
0153,
FF64,
FDA3,
FD8F,
003C,
FE7D,
00AE,
0033,
FF89,
FF52,
FF28,
FE8F,
00E5,
016A,
FEB5,
01D9,
0390,
017E,
0000,
FDF9,
FFF4,
012E,
004B,
0013,
FE36,
012B,
FE55,
FF16,
FFFE,
0221,
0344,
FF91,
FFEE,
FEC9,
F9F9,
FE4D,
FF5A,
FF2A,
FF72,
0128,
FE08,
007A,
00BA,
024A,
0162,
0147,
FEE6,
01CD,
FEF8,
008E,
00ED,
FE6D,
FF1D,
FE93,
0094,
012A,
FFEA,
FF2F,
FF4E,
FD51,
FEC6,
03B4,
0131,
FE75,
004C,
0190,
FD1D,
FF1B,
0031,
FF7C,
020B,
011E,
0244,
FF0B,
FE82,
00FB,
021E,
00D7,
FE1B,
00BF,
0091,
0068,
FE42,
FD7E,
FF89,
0057,
0111,
FDD9,
01A9,
0024,
FFB9,
FFA2,
FE04,
0008,
FFFE,
FFA8,
FF5E,
0227,
0080,
017A,
FF61,
FFE1,
FE94,
FEBA,
0104,
FFCD,
020F,
016D,
FF4D,
FF94,
027A,
FF9C,
FEFD,
00C2,
FF30,
FE5C,
0003,
0037,
FD3F,
FF5A,
0100,
0182,
0224,
FE1A,
0111,
01F4,
FE6C,
FEAC,
FF5B,
014D,
FE55,
FF67,
FEC0,
005F,
FE61,
FD1D,
008C,
015B,
FD48,
018C,
FF93,
FFE6,
022E,
FDCC,
00D2,
FF9F,
04DD,
FDE1,
FE19,
0291,
02FC,
00AF,
FD4B,
00FC,
FFF3,
FD4B,
FFE2,
FF4E,
0152,
01F6,
025F,
0272,
FF65,
FFB6,
FE73,
FF6A,
001F,
0037,
002D,
0074,
00E1,
FF81,
FE29,
02D2,
FCAE,
FD53,
FF90,
0194,
FC23,
00EA,
0160,
FF89,
0199,
00CB,
FE8A,
0345,
0167,
0127,
007C,
FFEF,
FFE0,
FFE7,
FEA8,
01F9,
FF82,
FD6C,
0355,
0192,
018B,
0066,
FF73,
0042,
FF04,
FF5D,
030E,
FFE6,
FE6E,
01D5,
0252,
0250,
01E5,
FDB6,
0019,
FD77,
007D,
0022,
0118,
FC18,
0018,
FE04,
00E0,
FF0A,
FFA3,
0356,
03C4,
0376,
FFCF,
0350,
0170,
0070,
FD03,
FE20,
FE28,
015C,
FF1E,
01AA,
01BD,
004F,
FF29,
FD78,
FF8C,
FE47,
01C9,
FDAB,
0032,
FF10,
FDB4,
00CF,
0189,
0168,
0202,
FFF5,
FF09,
0293,
0088,
00CF,
FE4E,
0079,
0166,
FF40,
023A,
FEB7,
FFF2,
FF2E,
0011,
FD59,
FEC6,
FF23,
FEB2,
FEDD,
FEAC,
00BF,
FEF4,
FCAE,
0327,
FE68,
0160,
0004,
0152,
FEB4,
FE17,
009A,
FD92,
FFCB,
FEE5,
033F,
034D,
FB38,
034B,
01A6,
0076,
FF9B,
FEE4,
FF4E,
FD75,
0030,
FFFD,
00BF,
00E0,
FFEF,
FE35,
FDDE,
01C4,
FEFE,
FDC4,
FE97,
0142,
01E6,
FD28,
037E,
00BA,
FEB4,
FCE4,
FFF2,
02F4,
042C,
02A4,
057E,
00D1,
FDF8,
02E6,
0002,
FFD9,
FE09,
0009,
FEB7,
FF3C,
FF34,
009D,
FC7D,
021F,
FCE3,
00BD,
01E3,
FE35,
0272,
FFDC,
003D,
034C,
0283,
FE11,
0059,
02E1,
01C5,
003F,
0160,
FF0A,
03F6,
FD37,
0055,
02BE,
0006,
010D,
00B4,
FD65,
FF38,
FEF9,
FCFF,
FF81,
0157,
FFA1,
00BA,
02DA,
00E2,
FEDF,
00F7,
0163,
FEA4,
0305,
FFB5,
0000,
FF97,
006B,
0090,
FD6C,
016A,
0176,
FF05,
FD83,
FD95,
FEA4,
03CA,
FD92,
FF1C,
FF8C,
FE04,
FD9A,
FE43,
0244,
FCF6,
008F,
0058,
0144,
FF91,
FDBA,
017F,
019D,
FEE9,
FD68,
0024,
012C,
FF68,
0129,
0143,
00EE,
0017,
00A9,
FF3F,
FF8D,
FFE3,
FFF5,
0101,
FA94,
FF7E,
01D4,
FF1C,
029B,
02CD,
004C,
FED9,
01ED,
00E7,
001F,
FE86,
FFBF,
FD48,
037E,
020A,
FF7C,
FD8D,
001A,
02DC,
FEB7,
0108,
0037,
01AD,
FF49,
014C,
FF15,
FFEC,
FFF2,
FDA3,
FD91,
00C2,
FFC0,
FDA3,
FD56,
FF86,
0094,
FE94,
FF4F,
00AE,
FE1A,
0220,
00AB,
FE21,
0117,
FFE0,
0123,
FFA3,
00F1,
FDB0,
FFD3,
FFA4,
0140,
FEE7,
00B9,
012F,
0104,
02E4,
FE4D,
00BC,
FF66,
0068,
00CC,
FEB5,
FFC1,
00C4,
02FD,
FF03,
01FF,
0091,
0401,
FF10,
FD05,
FF86,
FF02,
FE68,
02A9,
02CA,
FE9A,
0045,
013C,
0326,
0019,
0125,
00FE,
0095,
FEEC,
00A0,
FF73,
049F,
0137,
FD39,
0090,
FF26,
FFF8,
011C,
FCFB,
0113,
FFCB,
FF94,
FE07,
FE49,
FD16,
FF5C,
01CA,
FED8,
FFE9,
FFD0,
0258,
FD41,
FDC5,
0323,
FFD9,
0132,
018C,
FEA3,
00F6,
FE2F,
FDF8,
FF33,
0035,
FF98,
001E,
FD7E,
0037,
02F0,
FD6A,
0415,
0202,
FFA6,
FED9,
004B,
0228,
FF21,
011F,
0171,
FA72,
FCEA,
FD72,
FFF0,
FF64,
FFDD,
FF74,
FFF7,
FF6D,
FF53,
03DE,
014E,
001D,
FF9A,
00A4,
FF65,
0147,
FD68,
FD7C,
0120,
02A4,
FF34,
00F2,
008B,
FEE2,
007B,
007F,
0188,
00D4,
FFAD,
00AD,
FBCD,
FF75,
FE51,
FF48,
FF8C,
FE92,
0048,
FEDD,
0113,
FF17,
FFA8,
00CB,
FEB3,
FDB9,
0050,
FE9A,
00C8,
035B,
FFF0,
00E9,
FE9E,
FE5A,
FD86,
01CB,
019C,
007D,
FE5E,
00AD,
016C,
FE78,
008C,
FBDF,
01F4,
FD4C,
001F,
FDAC,
FDFF,
01C0,
FD61,
FED0,
FF81,
FE2F,
FFA3,
FCDD,
002D,
FFFE,
0139,
026C,
018B,
000F,
FDB0,
FF8E,
FD19,
FF83,
000D,
0394,
0084,
00C1,
FEB3,
FEF7,
FB91,
00EB,
0233,
FFDE,
001D,
FF3A,
037B,
FCEB,
FBEB,
0158,
FD1C,
01D7,
FF5D,
FF14,
0347,
FDCA,
FE3B,
0021,
0116,
FF0F,
FD74,
0111,
0162,
FFEF,
02D9,
FF44,
FF4D,
0019,
01C0,
00E4,
0191,
FF62,
FD94,
02A8,
0114,
008E,
FFF0,
007B,
FF50,
FE9B,
FEBF,
FC7C,
FF0D,
01EB,
FFD7,
FFA1,
FE6E,
0007,
FE0A,
0251,
FF6B,
0007,
0028,
FEAA,
0026,
018E,
FBFB,
0225,
036F,
FE75,
FE4F,
01C0,
02B9,
FE3A,
FF3B,
00E7,
06BA,
0260,
FE27,
01B9,
00AD,
FE64,
0335,
FFAF,
0085,
002D,
00ED,
03FE,
0143,
0088,
FEF6,
045B,
00BB,
0298,
021A,
02F0,
FF32,
0194,
003E,
FFAF,
FF1C,
0196,
0343,
01D1,
04B1,
FE54,
01D0,
FF41,
FD6A,
FC2C,
FEC2,
FFD5,
021B,
0201,
00C2,
0100,
FDE2,
FE7F,
0291,
FFDD,
FF3F,
0242,
02E7,
FE80,
FF91,
FEC3,
0015,
0204,
FF12,
FDFF,
024C,
FF8C,
FE31,
003D,
FF02,
FE9A,
FAB3,
00E9,
FF9E,
FF95,
F8D3,
FE9E,
0031,
FFC5,
FE8F,
009D,
FF49,
FE0A,
0139,
02BD,
0048,
FDD6,
FFC5,
FE73,
0296,
FEE0,
FDA4,
FBF4,
FE82,
FFE0,
01BD,
FFE0,
FE07,
FBD0,
010C,
FE02,
FB73,
01BF,
FDF3,
011E,
FFE5,
0136,
02AE,
00CE,
0164,
0259,
02A6,
FF3B,
FDE9,
01A1,
01F3,
00CD,
FFC6,
FD7B,
02B7,
FE8D,
FEC4,
FFDC,
00A6,
FF0B,
FF5D,
0003,
0066,
FDE0,
FF27,
FF1B,
FFF3,
FF19,
FD66,
FF24,
FFB4,
016F,
00B7,
01C1,
006C,
FE75,
025C,
0050,
004F,
FFF5,
0090,
0034,
FF5C,
FD15,
FF62,
003D,
FDDF,
FDC0,
FF3D,
FFB0,
FF9F,
0274,
FEB6,
FF1A,
0037,
000A,
FF39,
FF75,
0272,
FFE7,
FED6,
FEF1,
01F4,
0145,
FE40,
0076,
0169,
019E,
FF2A,
022E,
FFB2,
00A0,
FEB3,
0220,
0249,
0264,
00A2,
FF94,
FF63,
001B,
FF39,
FFE3,
01E0,
012F,
FECD,
00A4,
0093,
FFF7,
FFF0,
FFB7,
FFDC,
0030,
FFE8,
FE6D,
FE84,
FF68,
011A,
FF65,
006E,
02DF,
0047,
FF46,
FFA3,
FE76,
FF79,
0081,
FE7E,
0395,
FEAA,
0035,
0237,
FFC2,
FCAA,
FF65,
FE75,
FFF5,
0185,
002C,
0062,
0233,
FF14,
017D,
003F,
01EA,
00F3,
0326,
FE53,
0168,
00AD,
012F,
0160,
01BF,
FE60,
00C7,
0167,
FF35,
0154,
0020,
FDB3,
04AB,
006A,
FEF4,
003F,
FF7F,
FBFB,
0569,
0045,
FFA3,
FB7C,
019D,
FD3C,
FF41,
FE67,
042A,
01B2,
FABD,
FB34,
FCF8,
0128,
FEC0,
0022,
FFB4,
05BC,
0370,
0153,
00A8,
0448,
FDA2,
0164,
011C,
01BB,
00A0,
0001,
0162,
00A5,
0390,
FDBF,
0111,
FEFD,
00B8,
01B8,
02AD,
FF2C,
FE67,
00E6,
FFDD,
0014,
004A,
01A8,
0280,
FF20,
F9C0,
0170,
FF36,
0094,
04C0,
01CC,
FFB3,
005F,
0184,
FE39,
0141,
0000,
FED0,
FE56,
004D,
004E,
FF7D,
FDBF,
FDBC,
01BE,
FE60,
FF7B,
0049,
FE65,
007B,
026A,
FEE0,
FEE5,
009E,
011B,
00AC,
0253,
FE98,
0236,
FE70,
FE4C,
FDDB,
022B,
0017,
0010,
FCE7,
007E,
FF5A,
FE6B,
FDF3,
FE75,
FFDD,
00B1,
0389,
FF6E,
FD1D,
0313,
FFA0,
FFBF,
FC47,
0099,
FE35,
FF97,
00F3,
0007,
0024,
0208,
FDBD,
FD6E,
FF44,
0122,
FDD2,
FF6A,
0004,
FE2F,
FCB4,
FFB0,
012B,
FE73,
FAC4,
04E6,
005D,
FE84,
009C,
FDC1,
029F,
FFCA,
FFA6,
FE9A,
FDC2,
FE29,
006B,
00F8,
FEF3,
0178,
00A5,
FF7E,
02F7,
FE3F,
FE6F,
03F3,
FC92,
0471,
FE42,
FE1A,
FD6F,
02B9,
FE6B,
0308,
FE31,
FE87,
0224,
FD8A,
FEAF,
FE00,
02A8,
FF25,
FFDA,
FE6F,
0520,
FD2C,
FF3A,
01CA,
00EB,
FE46,
FCB5,
FFC5,
0096,
00EB,
00FE,
0046,
FEDA,
FFF6,
FE7E,
FFA6,
FF50,
FF1C,
FF29,
FF4A,
0142,
FE73,
FE8A,
0026,
FCBF,
FD68,
FED0,
04A3,
019D,
FF62,
0098,
00A8,
0127,
FF93,
FEAE,
00E7,
FFDC,
00CE,
FE07,
005B,
0088,
0069,
00A3,
03F1,
00BA,
FF0C,
FDEF,
0021,
FF12,
FE31,
0014,
035B,
FF8F,
01BB,
FF55,
01F5,
0069,
0034,
FD98,
03C2,
01A3,
FDE2,
0025,
0090,
FFB0,
0276,
019B,
FFE2,
01DF,
01E7,
FE40,
FDAA,
FDB3,
FDC1,
030E,
0246,
0085,
FEE1,
FEE4,
FF5C,
041D,
01C5,
00E6,
FEC1,
FCCA,
FFF7,
00C7,
0267,
01C7,
FE66,
01EA,
0053,
FE9F,
FEB2,
FFBE,
0202,
FFD5,
FF33,
006B,
0099,
FFA5,
003D,
01E5,
FE71,
FF45,
FE75,
0266,
0185,
FD4E,
0068,
019A,
FE33,
FB7D,
FDBC,
FFDA,
FDAF,
FED6,
0082,
FDFF,
0176,
00FA,
01C1,
FFBF,
00B0,
0187,
FD66,
FF6F,
00E3,
FF44,
005C,
FFEC,
0018,
FFBA,
FE56,
FFEA,
0008,
01D4,
FF5A,
FDA0,
003D,
FFB5,
006C,
0007,
00B6,
00B0,
FD68,
0000,
FF80,
0075,
FFD5,
02A8,
FF27,
00DE,
0266,
025F,
FE93,
FE02,
FFF6,
FF97,
FE22,
FED4,
FFB6,
FC83,
FDA2,
01D2,
00CA,
00AF,
01BC,
0152,
FED6,
FEFE,
FF2C,
FEAF,
000D,
FFAE,
007D,
FFEB,
FA1D,
FEBB,
02BB,
00A8,
FFBB,
FEA2,
FF3E,
FE8B,
FFDF,
02FA,
0026,
FD4F,
FF8C,
02D7,
FFC2,
FFAE,
03E0,
FF8C,
0086,
FE4A,
014C,
0234,
FDC9,
0009,
FE29,
FE7C,
FFB5,
0173,
FE4C,
014D,
FF74,
FEAB,
0087,
02CD,
014B,
0266,
FF51,
FF60,
FDBD,
0120,
00A6,
0261,
0017,
FFC5,
0114,
0085,
FF25,
0114,
FD67,
FF3F,
FF7B,
FEFA,
017B,
FE76,
0089,
0065,
FCD3,
0193,
FDD0,
0180,
0013,
FE28,
FFA3,
0087,
005D,
FEA6,
FF24,
FEF9,
005E,
006A,
FE6B,
FF68,
00AA,
0082,
041C,
01F5,
01CB,
FEF2,
00A7,
024B,
0061,
FF03,
022B,
0164,
FFB0,
00CC,
010E,
01DE,
FF40,
FFE3,
FFE8,
FF17,
FD21,
0100,
0234,
FF85,
0099,
019E,
FF3F,
FEED,
0027,
01A7,
01AF,
FF5E,
FC35,
0131,
FE9C,
FD99,
0046,
FD33,
FE30,
0073,
00C8,
0179,
0251,
FE66,
FD4B,
FE95,
018D,
0049,
FFD5,
0226,
FE14,
FF57,
FF10,
FE88,
FFFA,
FD35,
03E3,
00D0,
FEC7,
02B2,
FF54,
FDC5,
FCBA,
0025,
0136,
FD0F,
0189,
038D,
FE9C,
FECE,
0325,
032F,
0284,
FF48,
FE58,
FF81,
0039,
01A2,
FE4E,
0329,
FC3B,
FC5E,
FEA9,
FE26,
FD18,
01D8,
01A3,
0017,
03C1,
00EE,
FF88,
027B,
FB4F,
FD6E,
FF73,
FF58,
FF5C,
023E,
015E,
0084,
0321,
0007,
053C,
FF33,
FFEF,
0017,
0285,
FFC0,
00CF,
017B,
01DC,
FE47,
06A5,
00D1,
FF31,
06E9,
0159,
FFEE,
FFCB,
FFBF,
FE76,
FFC5,
FDCB,
FBE4,
FB55,
014D,
0115,
FF50,
FFA4,
00D8,
FDBD,
009B,
00B9,
FC39,
00EF,
001A,
FF44,
0149,
0069,
FDF8,
FF8F,
036B,
02EA,
FFB9,
024F,
FF32,
0173,
00D6,
FE79,
01E9,
FFAB,
02E3,
FF35,
FF68,
FD21,
01BA,
FD1A,
0083,
FE87,
FF03,
FE09,
FF63,
00F4,
026C,
FF86,
FEB6,
01C4,
FEB0,
FFDF,
0103,
FEAF,
01AD,
0049,
02FE,
FDDA,
0017,
FF62,
FF21,
FE7F,
FFBD,
FDC9,
FDB2,
02BA,
FD4B,
FE82,
FE12,
0184,
00B2,
002C,
007C,
FE29,
0043,
0135,
0229,
FE79,
0057,
031A,
01E0,
007A,
FFCA,
002F,
0047,
0083,
FE9F,
FF3B,
003F,
0278,
FEE6,
0022,
FFED,
0062,
FFFF,
0076,
008E,
FE60,
FFBC,
FEA4,
FF31,
FBE1,
FF56,
FEEF,
FED2,
FDA8,
0051,
02D3,
0092,
FEF9,
00A7,
FEA1,
FF49,
02DB,
FCEC,
FEFF,
0085,
FF53,
008D,
FD97,
FF14,
011F,
FD56,
0227,
FF2E,
FFA9,
FD91,
FEAF,
019B,
FE7F,
012D,
0125,
00BE,
018B,
FF36,
FE87,
FF1F,
0094,
009C,
001B,
0015,
FD5C,
00BF,
FD39,
0187,
FDB4,
FF2B,
FF94,
0248,
00E0,
00BD,
FEBF,
FEA8,
FFA6,
FE03,
FEB5,
01A2,
FF0C,
0113,
FEEE,
013E,
FECF,
FEFE,
00C4,
0063,
009C,
01B6,
FF17,
0013,
0253,
0153,
0095,
FF5D,
0049,
FDA3,
FF22,
015E,
011D,
FF8F,
0090,
FDB2,
FCE0,
FFCD,
0028,
FF09,
0059,
00BE,
00D2,
0198,
FC6B,
FC89,
05AB,
FD1A,
0298,
0031,
0118,
FF58,
FEE9,
FE1F,
FFC4,
FF7A,
FDAB,
FEB2,
FCEF,
FD6A,
027E,
02A8,
0261,
010E,
FEAD,
0014,
FE45,
01E4,
FE2E,
FFE4,
00FA,
FE07,
FF51,
02B3,
FFCA,
FDE2,
FF4F,
FEBC,
0046,
01A7,
FF6E,
FF21,
0303,
00BA,
FF60,
FB6F,
0072,
0183,
FDBA,
03FE,
FF62,
0026,
0027,
012F,
FE50,
02A9,
FE69,
019E,
0144,
FB5D,
FD9E,
00A0,
FF1E,
FD70,
01BB,
002A,
000E,
03AF,
FEA1,
01C9,
0177,
FF46,
FDC4,
0077,
0004,
FFAE,
FE92,
0113,
016D,
02B9,
00C5,
01E6,
01E2,
FF34,
FEF7,
0084,
0039,
02A9,
FD9F,
0177,
0060,
FFA2,
FF19,
FED0,
01C8,
FF86,
FF1A,
FEA7,
0114,
02D8,
FDBB,
004D,
FFE7,
016D,
FF06,
01B7,
033B,
FF09,
01ED,
FD94,
002C,
002D,
009E,
FB75,
0102,
FB48,
01DF,
0118,
FED4,
FE9E,
014E,
FF32,
FCFA,
0079,
0252,
FC79,
00BB,
0336,
FBC8,
FECF,
FF0A,
FF9A,
FF4B,
0263,
FCCE,
023D,
FF50,
FF47,
0233,
FEB2,
FFC2,
016F,
FEA2,
00CD,
03E1,
01EE,
0007,
FF29,
FE66,
FE6F,
FD72,
0046,
04A2,
FDD5,
0018,
FEA4,
FEA8,
FEA1,
FE72,
FFD3,
033B,
FF2E,
FE42,
FE97,
FF9F,
FD90,
01B3,
0396,
00F2,
00BC,
FE77,
0109,
FFD4,
00B6,
FEAF,
FFC9,
FEAB,
0212,
06A3,
FBFA,
FE80,
028D,
FFC5,
FFBF,
FFBD,
02C8,
FE73,
FCFC,
FF0F,
0001,
0051,
FDF0,
0067,
FFD5,
FE23,
FE25,
0218,
00E3,
FF09,
0153,
FDF9,
00ED,
0345,
020D,
00E4,
01EE,
00DF,
FFED,
037C,
0122,
FEEB,
0060,
0187,
0018,
006E,
FFC9,
FFDE,
0171,
FFAA,
FE16,
FE73,
0085,
FF8F,
01E3,
002E,
FF35,
0218,
00D7,
FEFD,
012F,
0090,
0064,
0008,
01E4,
FFCD,
FF2E,
0284,
0222,
00F7,
0140,
0138,
FE63,
FE00,
FDF3,
00D4,
FD11,
FFB5,
FCE4,
FFAD,
FF62,
FF55,
0113,
FF65,
01FC,
FFDF,
FDE2,
0006,
FE0B,
FDB8,
009C,
FCC8,
02C4,
FF0E,
0325,
0250,
FC7F,
0323,
00B4,
FE62,
FF90,
0020,
FF56,
FD5A,
FDB2,
FECF,
00D0,
FC7F,
FE28,
0066,
012F,
01F8,
0117,
FEFE,
00D7,
FE6F,
0181,
0150,
03C9,
011E,
04B7,
0016,
FF9F,
FCDD,
FEFB,
FEB3,
0315,
01DF,
FC3D,
FDE9,
FFA8,
02CD,
011E,
01DC,
0352,
FE6E,
FE0B,
01BF,
FE4C,
FE76,
01AC,
FEA1,
0005,
0367,
FFCA,
000D,
00F4,
059D,
FF66,
0270,
020E,
0024,
FE23,
02CF,
03A7,
025F,
028B,
025B,
00C7,
FFA5,
0235,
FE0F,
FCAD,
0114,
FF50,
FDE3,
01F2,
FF00,
FF35,
00CA,
FE71,
0007,
0101,
01C8,
FE2C,
0094,
0104,
023F,
FFBF,
FD33,
FD92,
023A,
0332,
FF52,
FFEB,
FFF3,
FBDC,
0083,
FE66,
FF61,
06C6,
FF5B,
00FE,
FF70,
F7C9,
FB6C,
00AD,
0195,
00CD,
00EB,
FE29,
FFA4,
FEA1,
01D3,
0065,
0203,
FEE5,
FE7F,
FE80,
0100,
FEE2,
FFE0,
01CA,
FE39,
0259,
FF3D,
0196,
0188,
FFDD,
FDE5,
004E,
FF68,
FF90,
00C1,
019A,
018C,
FFF4,
FF44,
01A6,
00C4,
FCF5,
014C,
013A,
00E7,
013A,
FF4E,
FFD1,
FDBB,
FC78,
02A1,
FA99,
00E9,
01D1,
FD90,
00FC,
FFA8,
0179,
01A4,
FFE0,
FFC5,
016F,
FEC0,
0142,
02EA,
00D2,
FEE1,
0058,
02A0,
FEF2,
FFE4,
FEB4,
FFDD,
FF6F,
FF24,
FFDE,
0546,
FF9D,
0068,
FF2D,
FE53,
FF48,
FDA3,
FF2C,
011D,
FE97,
FFEC,
0140,
FE0E,
FD9A,
00C4,
FFE9,
F9BA,
FF13,
FF74,
FB82,
FDFC,
FFBB,
0072,
006A,
FFB2,
FF11,
FFE0,
040A,
0395,
01C7,
FE9E,
FFD2,
FFF8,
FF2C,
012A,
0000,
00FE,
0052,
FD63,
0088,
01C4,
FF1F,
FDFB,
0079,
0186,
FD48,
FC61,
FEA1,
FD3F,
0147,
FEB8,
FECC,
004D,
FDE3,
0038,
FDB4,
FFEF,
000E,
02A8,
FF4C,
0460,
FED1,
01BF,
00E5,
0230,
00F7,
FDEE,
FF31,
014B,
0029,
FEC9,
0048,
001C,
FF32,
FFF3,
02F3,
0213,
006E,
0138,
FEE2,
FFB6,
012A,
FC9B,
00C7,
FEEB,
0142,
FDDB,
FEC7,
FCC6,
FED6,
FF0F,
FF93,
FE4B,
FF94,
FEF0,
02C4,
02E9,
001E,
FDD4,
FF97,
FEBC,
0162,
FCDD,
0254,
00E0,
0052,
FF61,
FC3B,
0114,
006F,
0087,
0016,
FF8D,
0238,
FFA4,
023B,
0321,
00BF,
0343,
0261,
00B2,
0109,
FFC3,
FDE6,
FFC5,
FE5D,
FECB,
FFB9,
038F,
FFAC,
FE42,
FF9D,
00D4,
01EB,
FCBB,
00DE,
FFEA,
FFA8,
FE71,
FFC5,
0011,
009E,
0230,
FFF8,
0169,
FF25,
0008,
FF26,
0496,
00E3,
0167,
0184,
00F3,
003C,
006A,
FF38,
FF02,
009C,
023F,
FD80,
FF54,
0031,
0210,
FE93,
0410,
FFE7,
005F,
FFEC,
00E2,
0328,
0057,
FE4B,
FF85,
01A4,
FE69,
FEFD,
FFF2,
01B2,
FFCC,
FFBB,
FEE5,
FF55,
0093,
010B,
0161,
0004,
FFE4,
0178,
FE91,
0426,
0165,
FC1D,
FDD8,
FF13,
FE9B,
FCAB,
0124,
FE0E,
FF6F,
FEB9,
FE4D,
00E3,
0024,
00AD,
0220,
FE35,
FE32,
FE2D,
FE6F,
0091,
FDC7,
FEA3,
FD9A,
FB9D,
00F2,
011E,
004F,
0293,
FFA7,
005A,
FDD0,
002C,
0443,
03DB,
FF60,
0119,
00FE,
0016,
FD80,
0057,
FD83,
FC61,
00C1,
0282,
02DE,
011E,
0054,
FBCB,
0250,
FECE,
FEDE,
FF44,
FF9A,
0002,
FCE5,
FFF7,
FD84,
FF7E,
036A,
FC72,
FF2E,
00C2,
0064,
FF58,
02E2,
00AD,
FF76,
000B,
0157,
0029,
012E,
FEB0,
FC84,
FF6E,
FC47,
FE80,
FE7B,
02A0,
0090,
FF85,
FF93,
0412,
0102,
FF86,
0135,
007B,
022B,
FE73,
0067,
00F3,
00B5,
0080,
01A1,
0122,
FE60,
FF13,
002C,
0076,
FFF2,
0125,
00BD,
FD31,
00DE,
0175,
00CF,
FFC6,
028D,
024B,
FFF3,
004D,
FEFA,
0291,
0072,
00D7,
015D,
00A4,
010C,
FF1D,
FE0F,
FE81,
00A8,
FE88,
FDB2,
00A3,
FFB1,
0066,
FC54,
0094,
0197,
0196,
FDDB,
02C1,
0084,
FCD3,
017E,
0265,
00BC,
043C,
FCD9,
02E5,
0054,
FFFA,
0139,
FC48,
005C,
008A,
FDE5,
031B,
02FC,
0170,
00CD,
07B7,
FDC3,
02F7,
04C2,
001A,
FB20,
03A4,
FF17,
030F,
01D3,
FD54,
0407,
FEEB,
FF07,
FD92,
FE40,
0006,
FFDB,
FA4A,
02C4,
FF65,
FD23,
FB95,
0356,
FCDF,
FE13,
02A4,
FC9F,
FF7E,
FFE4,
04A8,
FE9D,
FEEA,
020B,
0462,
FE55,
0138,
0557,
FDC6,
00A6,
0340,
01C0,
02D5,
FDEF,
FEDB,
02E0,
03C9,
00ED,
FF2A,
0276,
FF7F,
00F7,
005F,
0001,
FEDA,
006C,
FF46,
FF82,
0222,
0119,
FC95,
FF23,
FF38,
FC11,
0172,
FF8A,
FE58,
FE6F,
01DA,
01D4,
0056,
005E,
FE68,
FEE8,
00F2,
0056,
00DA,
FECC,
FCAA,
FF1A,
FE34,
FFAB,
FEB9,
0122,
FE15,
FF8B,
0006,
FF24,
FBE2,
0153,
FFF5,
FE64,
FEE4,
FE6D,
0002,
FE5F,
FF70,
004B,
0118,
FD98,
0236,
FF92,
03EC,
FE81,
FF9C,
006A,
FE5B,
03DF,
FF3E,
0087,
FCA4,
02A2,
FDE4,
FF46,
FEA8,
FFD1,
00C9,
FE6B,
02BF,
0114,
FEA2,
FF35,
FE29,
FDC3,
00C4,
0201,
006D,
FEE6,
03AC,
FFEE,
FE9C,
FF1B,
00A2,
FD30,
FFAF,
01CB,
FE1C,
FFE7,
FF07,
FFC9,
FFB0,
0000,
0104,
0174,
0202,
FF14,
022F,
0009,
FE4E,
0148,
00E4,
004A,
0294,
026B,
004C,
001B,
01BC,
FE8E,
0074,
FC46,
0146,
01AD,
0006,
FD89,
0016,
FFD7,
004B,
00B4,
02D6,
01B6,
0018,
FF2B,
FC92,
FF9A,
FF78,
00C1,
0041,
00E0,
FFF2,
01F0,
00A1,
0032,
FF84,
FE9B,
00FD,
FFA4,
FD50,
0118,
0213,
FE3B,
0055,
FEF5,
FE65,
FFE7,
FF4E,
01D2,
FFEB,
0057,
0055,
FF8A,
014B,
FD80,
FF3D,
00E9,
00DA,
0072,
025D,
01C8,
026C,
FE09,
000E,
FF97,
024E,
FF53,
FC78,
00F8,
0124,
003E,
005E,
0233,
FEFA,
FEC6,
FEE8,
FCAB,
FE1B,
FEC1,
FDAF,
0344,
012B,
FE84,
FF4D,
FD34,
01AA,
FF8F,
FF6E,
019B,
0291,
FF56,
FE17,
FECD,
0104,
0062,
01DA,
006E,
FFBD,
00A3,
FE95,
FE9C,
FF7F,
012D,
FD79,
FF25,
0300,
0108,
FDF5,
008A,
0052,
FEAF,
00CC,
014A,
004E,
FDD3,
FF8C,
FFE4,
00C9,
0007,
00A3,
FD5D,
0313,
FF40,
FEB0,
0225,
0165,
0203,
0105,
FDDE,
0061,
00BC,
01A1,
00B2,
0084,
0131,
FCE5,
0061,
0150,
014F,
FF68,
013D,
020B,
009B,
0248,
0272,
017C,
00B0,
022B,
FF7C,
014D,
FEA7,
FEAE,
001B,
0110,
FE6B,
01C6,
FFCC,
FEAE,
FFCC,
FFBD,
0013,
001B,
00AF,
FF2C,
FF68,
FEB8,
FF7A,
011D,
004A,
0100,
016A,
FE85,
035A,
0034,
02B8,
FF51,
01A6,
0106,
00FC,
FFBE,
FEB0,
FEFD,
016A,
FFC8,
FE02,
00A7,
0076,
FFBD,
0242,
0001,
FFDB,
FF94,
018C,
00B5,
FFEF,
04DE,
0166,
FFFB,
0189,
0215,
FEB3,
003E,
01AC,
FED2,
FDFC,
0032,
FFAE,
0102,
FF36,
FF57,
FF57,
0010,
0205,
0294,
FFF7,
0157,
FD23,
000C,
0132,
FDF9,
FF6E,
005B,
0030,
FFB1,
FF51,
0103,
0085,
031D,
001C,
FEE9,
FF3C,
03C6,
FD58,
FF21,
0239,
FCF9,
FD25,
00BA,
003F,
0020,
FF4E,
FD7C,
0163,
016A,
01E9,
FDC4,
0126,
00A8,
024A,
FF74,
01D1,
FF4E,
FF3A,
00EF,
FF68,
01BD,
0222,
FEFA,
FF11,
0208,
01F2,
FE48,
FEAD,
0011,
FE08,
FEB4,
FD55,
FEE8,
0224,
FF1B,
00D4,
FEFC,
FED2,
0030,
0059,
FF08,
FF99,
FE2E,
FFDA,
FFB3,
02A7,
00E7,
FE2F,
FE4A,
0066,
02E6,
014C,
0193,
013F,
FF2C,
FFDE,
0078,
00E0,
FB83,
0258,
00B7,
0090,
002E,
FEF6,
FE3A,
FF5F,
FEB3,
0252,
010A,
FDBE,
01E8,
FF11,
0068,
FDFF,
FFD8,
FF35,
FFE6,
FE73,
010D,
FFA1,
FE5E,
0236,
FE60,
FDB8,
0324,
FF4C,
00FB,
0114,
01D7,
0074,
0065,
FF72,
FDD8,
FEA6,
FCE1,
FF8C,
FF1B,
01BC,
0141,
FD47,
0166,
018B,
015C,
FE80,
FF66,
0013,
FF3E,
0118,
FFF1,
FD05,
0022,
00A0,
0273,
005F,
FCC2,
010B,
011C,
0097,
FDFA,
025D,
00ED,
FFDD,
FE37,
FF33,
FF10,
FFF0,
016E,
0016,
FF99,
01C3,
FEA8,
002B,
FEFC,
009B,
0194,
FFCC,
004B,
FFF4,
01AD,
FE9F,
FEC0,
FF91,
FFCD,
0099,
008B,
0324,
FED5,
FF8D,
0098,
00EC,
FFD0,
FC82,
FCC8,
002C,
020C,
02B5,
FDB0,
0122,
FFD3,
FFAA,
FF91,
FF1A,
0125,
00F5,
FF3A,
00A3,
FF92,
0063,
0161,
00E9,
FE97,
01FF,
FEF0,
FF13,
FEB1,
02A5,
FC9E,
015D,
FF89,
FE7B,
FFFE,
FDB2,
FDE4,
00D2,
FE38,
FF8F,
FD16,
005C,
FDF9,
0038,
02CC,
FD09,
01C8,
FD81,
FF1E,
00E2,
00F8,
FFDD,
01C4,
FF40,
0044,
FEA4,
0015,
FF5E,
0062,
FE69,
FE7E,
0111,
FEEC,
FF45,
FE76,
FFF5,
00FD,
030E,
0186,
02F9,
005D,
FEF5,
0036,
FE39,
01D6,
005C,
FE4B,
FF39,
0320,
FE47,
017D,
016E,
FF97,
008B,
FF94,
FFC8,
004D,
0248,
0082,
0075,
00A9,
0213,
FD7D,
FE62,
01AD,
02AD,
FD60,
03D5,
0234,
FFE2,
FEFD,
0246,
00CB,
0012,
FEDF,
FFE2,
FCC1,
059C,
00B6,
FE29,
04CD,
024B,
FD95,
FF7A,
FCD5,
0228,
0193,
FC52,
FBEE,
FCDB,
019A,
01FE,
FE11,
FE82,
02B2,
FD04,
0377,
FEDA,
FD1C,
FFD2,
FECF,
FED8,
FE58,
0015,
FC7B,
001D,
0012,
01DB,
FE8F,
027A,
FF0E,
02BC,
023B,
FE8B,
0098,
00BF,
020C,
0114,
0132,
FE3E,
025A,
FDD6,
03C7,
FF49,
0100,
FE24,
FF20,
00F9,
0003,
FF72,
FE46,
00EC,
FF77,
004E,
00B5,
006E,
0062,
008D,
029A,
FE62,
0186,
00AF,
0078,
039B,
000B,
FCB4,
FF9A,
FD51,
FC44,
FF5C,
01E9,
FF62,
007E,
020E,
FE22,
FF7A,
009D,
00E2,
0012,
FDCE,
FF8A,
0092,
FF5B,
0290,
FE24,
0156,
01B6,
000D,
01A2,
FF23,
00EB,
FFE9,
0019,
FD25,
009B,
0067,
FECB,
FF83,
0024,
0230,
03FB,
00BB,
FF4C,
FFB9,
FF14,
FF56,
00B2,
0061,
0078,
01C2,
001E,
FFD3,
FCF9,
0018,
01B2,
FEB2,
FF44,
FEEF,
0103,
0150,
FDD5,
FF3E,
0249,
003A,
00C2,
02A9,
FF05,
FF77,
FEAA,
FF57,
FED8,
036B,
025B,
0022,
017F,
01B3,
00F2,
FF84,
01CD,
FEF9,
02A5,
FF77,
FF91,
FEED,
0124,
FCF7,
006C,
FE37,
FF40,
FE05,
FF95,
FCB5,
FF6D,
001D,
FE02,
FEB9,
FD9E,
00F0,
00A1,
FD40,
0047,
0095,
0005,
FF8D,
01E1,
FF71,
014D,
0002,
018E,
FD7F,
FEEF,
FFEA,
004E,
FF39,
FFAD,
0055,
FDBE,
012B,
024D,
FEA5,
FFC9,
0182,
FEA8,
FFC9,
0085,
FE8E,
FE40,
FF85,
0001,
02E0,
01F6,
043A,
FC85,
034B,
FBCB,
02E4,
0091,
FE6E,
00C5,
FE52,
FBB6,
0088,
03CC,
016B,
0277,
FE63,
FF7D,
FE95,
00B5,
FC58,
00D9,
024C,
000C,
FFD6,
FF4B,
00C5,
000B,
016F,
025E,
FE94,
FEAA,
0017,
0111,
FE96,
FEA1,
027A,
0076,
FF0F,
018F,
FEC4,
FF45,
00E2,
FE25,
01C0,
02DD,
0239,
FF70,
00A0,
FFD4,
0009,
00C1,
0249,
01B6,
FCFB,
FBF8,
01CB,
FF1B,
02D5,
FD93,
02B5,
FED6,
037D,
FF3A,
0089,
0130,
00D6,
FFE0,
009B,
01AB,
00BC,
006F,
0380,
FD21,
FF6C,
004D,
FF4C,
0019,
000F,
FF57,
FF49,
FDFB,
FC09,
FF1D,
0157,
FFBC,
FF5F,
FBA3,
0313,
FE95,
FEF0,
00CB,
012E,
FBE1,
01AB,
FF5C,
FEA7,
001B,
0160,
FC53,
FD30,
FE60,
0037,
00E8,
00F0,
FEF7,
FE67,
FE10,
003D,
0145,
FFB0,
FC44,
02E1,
FE2F,
FFBD,
00A6,
01F1,
FE32,
025F,
00FE,
FFD1,
FF6C,
01C4,
01C9,
026C,
0063,
FFB1,
FF1A,
0333,
00C6,
010A,
0354,
0256,
FFAB,
FD63,
014A,
005A,
FE1F,
00F9,
FCB9,
FC89,
FE3B,
00D5,
FE50,
FF17,
FEB9,
FF2D,
FF13,
0225,
FED6,
FFB9,
0113,
0094,
01AE,
FE9D,
FE3F,
00A3,
0001,
00AC,
022B,
0243,
FF38,
FF9C,
FF20,
FC86,
0274,
FFAD,
0107,
FFE2,
FEF5,
FD5D,
FE38,
FFB6,
0145,
FF25,
FE62,
FE5A,
00BC,
0034,
01D9,
00C6,
FEA0,
0052,
0110,
FF07,
FF6D,
0125,
01BE,
FEC3,
FF43,
FE9B,
FCF3,
0073,
0006,
FD9D,
000B,
018A,
0217,
FEFA,
003E,
FFDC,
FEE3,
FF39,
0088,
023D,
FEC4,
0196,
003C,
012A,
0020,
FEB7,
FFD0,
FEBB,
FE06,
0346,
FF4B,
00E1,
FD25,
00A1,
01C2,
FDCF,
FEF9,
030C,
FF6B,
0019,
FFBE,
FEC6,
FFFF,
02DA,
FF70,
FFD1,
006E,
0248,
007C,
018F,
FFB0,
00C9,
FEED,
FC97,
00E5,
0224,
001C,
FF9D,
FEFF,
0064,
00F8,
FD75,
0373,
FF73,
FF95,
F89E,
0106,
FD8F,
FF9B,
FF76,
0164,
004B,
FD15,
FD7A,
FBE6,
FF39,
001C,
FE5A,
008A,
040F,
03A8,
005F,
FFD3,
03AB,
FDC1,
006E,
011B,
005A,
00F4,
010F,
FF46,
FF6A,
010C,
FDF8,
FFBB,
FE86,
FF01,
025B,
01DB,
FF5E,
FD3E,
0187,
FFE0,
007C,
01F6,
00EF,
00AA,
FFBA,
FC8C,
0147,
FFAF,
02FB,
0885,
029C,
01F3,
FE06,
00FF,
FE13,
00AF,
00F4,
FF88,
FB0A,
FFE9,
FD5C,
FE31,
01C9,
FE3F,
FE7E,
FFF1,
0041,
0018,
FE10,
0011,
01FD,
FE38,
01F5,
FEEF,
FE7C,
FFCF,
FCEB,
FF7A,
007B,
0057,
00F1,
0219,
0020,
002E,
FDC3,
FFEC,
0037,
00F8,
0083,
039C,
004C,
00F3,
FF48,
013E,
FE4E,
007E,
FFB2,
02E1,
012D,
0015,
FEBA,
FFBD,
00B5,
01A6,
FEF3,
00BD,
FFD6,
FEEE,
FD9D,
FFB5,
0085,
FF65,
0246,
FF43,
0115,
01A0,
FF59,
FEB1,
0055,
011D,
01FC,
FF10,
0145,
0143,
FFF2,
FB8F,
FF40,
FF49,
01B7,
FED2,
FFC1,
0130,
0378,
FDC3,
00B7,
FDF0,
0061,
0393,
FD93,
01FD,
FED5,
01C9,
0101,
0057,
010A,
FCB7,
00F5,
FF4E,
01AA,
02F9,
00C0,
00CA,
019F,
019E,
FF84,
FFD4,
03A4,
FEB3,
01EA,
0045,
FED5,
FFF8,
FFEB,
03A6,
042F,
02F9,
FE3A,
02F6,
FDC9,
FD88,
FF51,
0565,
FFDC,
FFD4,
01D9,
FBC0,
FEFF,
025D,
01B9,
FE57,
FC7B,
FF25,
FE24,
FCD8,
FF88,
FE83,
FE05,
FE79,
FF34,
FFE7,
FE2C,
00F1,
011D,
FCFE,
FDC6,
013A,
FE9E,
FEA3,
0204,
023F,
FEF6,
00AA,
0058,
0023,
FEAE,
FE8C,
010F,
FEEC,
00E2,
FCF6,
FE54,
0114,
0202,
FFC5,
FFE9,
FF05,
004A,
FDC7,
01D4,
033E,
0061,
FDC3,
043E,
01D0,
00A4,
02EF,
01FC,
0041,
0147,
0430,
00C8,
011F,
009E,
0000,
00E1,
FE05,
FF73,
0227,
027D,
0365,
0256,
FF18,
0151,
FF72,
004F,
FF1E,
FD75,
0284,
FEA0,
0157,
FF8C,
FEFD,
FED6,
FF6A,
FDFB,
FE9C,
FF5C,
01E9,
0122,
FFA1,
02E6,
025E,
FFCB,
000C,
FFFC,
FEC7,
01C2,
0037,
04E8,
020E,
003F,
0042,
05F0,
01D9,
FDE2,
FEBD,
00E3,
FFE6,
FD46,
01E2,
FE5E,
FFA9,
FF9B,
FF25,
00B6,
FF7B,
02B3,
00A3,
0071,
014B,
03C9,
FFDF,
0155,
FF55,
012A,
01AA,
FFF8,
01F6,
0314,
002F,
0114,
00F4,
FF7A,
0150,
0004,
00AA,
FE46,
FF0E,
0242,
FFC3,
015F,
FE1B,
02CF,
0067,
0081,
FFCD,
00BE,
00C2,
FFCA,
FEB8,
FE1A,
012A,
0023,
0026,
FF60,
FEFB,
0010,
0090,
001A,
0043,
FE7A,
01AC,
0289,
FF53,
02BB,
00B0,
015C,
00F0,
0143,
FF83,
006C,
FFD5,
019E,
FF0A,
FE5F,
FE87,
FEF5,
FD22,
FE73,
FE04,
0221,
FF57,
0085,
FF6C,
FEE6,
0331,
FFD6,
0166,
0084,
FFD6,
FF0B,
FF48,
FFB7,
FF8E,
01AE,
FF57,
FEB2,
FFF6,
017C,
00B0,
031C,
FDDD,
009F,
FD43,
01E4,
FDF9,
FF74,
FEC2,
007A,
FF19,
FD01,
FF48,
FD72,
FFB1,
FF37,
FD96,
0016,
00DD,
008B,
FE66,
008B,
00AB,
01D9,
04B8,
0035,
00D1,
000C,
FF86,
0165,
0019,
0046,
047E,
0073,
0129,
FFEF,
01D8,
FF49,
0018,
FED9,
0011,
FF64,
FFBC,
001B,
FE52,
0143,
FDF6,
FFB7,
0189,
FFA8,
0014,
00B6,
FE90,
FFEE,
FFCC,
FFD3,
FD59,
FC7E,
014D,
014E,
FE7D,
FFC8,
FF9A,
FFA4,
FF10,
0058,
0044,
FEA6,
FF2E,
FE41,
FF2D,
FE48,
FFAD,
FE9B,
0012,
00B0,
FFBE,
FE9A,
0281,
FFD6,
0157,
0323,
00B8,
FF60,
FF8F,
FCCD,
02D5,
0413,
FE82,
FD1C,
0081,
033C,
FF0E,
FFCA,
0040,
06CA,
00A1,
FF1F,
FF9C,
007C,
FEBD,
016F,
FFFE,
FF8A,
FED3,
FE0E,
0304,
0119,
00A9,
FF25,
0238,
015E,
00CE,
00A0,
0088,
FF56,
FFC5,
02FB,
0155,
000C,
00D9,
029A,
01A9,
00F4,
FC7B,
024F,
FF42,
FE89,
FCE3,
FFA1,
FFF1,
FFC8,
01D4,
FFE4,
FF57,
00BE,
FD8E,
014B,
FECB,
FF42,
001E,
FFAF,
FF6F,
00AA,
FE36,
00D1,
00B8,
008E,
FD4A,
FFA5,
FFDB,
FE8B,
013A,
FF66,
0118,
FE90,
FDB1,
00F6,
004B,
0062,
020D,
0092,
FE2C,
00B6,
005E,
0072,
FF0C,
FF66,
FFB5,
FE8D,
0154,
FF9A,
0132,
020D,
FC62,
FF7D,
01E9,
0435,
0153,
FFE6,
FE66,
0261,
FFC4,
0106,
FEDC,
FDB7,
026F,
FE70,
0312,
FE29,
FDDA,
0137,
FD91,
01C8,
FE29,
0105,
0256,
0226,
FF44,
FEFF,
FF92,
FD95,
0194,
FD14,
017A,
FE06,
01CD,
01FF,
FBD5,
FF3B,
00D0,
00F2,
FE28,
0061,
FE93,
FFFF,
01F9,
FF3E,
02E4,
0039,
00D6,
FDA0,
0325,
FF27,
FFB3,
FD82,
02D3,
0060,
00C0,
FFBD,
01C3,
0168,
FE76,
004D,
0018,
0042,
FFEE,
FC7E,
015E,
01A4,
0153,
FA3B,
FE15,
FFEF,
FF8C,
0052,
FECD,
010E,
01FE,
FD19,
0091,
FF74,
0017,
006C,
012B,
017C,
011E,
00A4,
00B3,
00D0,
013B,
0111,
FD0B,
0051,
FDC8,
01DE,
FF81,
03A9,
0035,
0418,
0035,
FFE8,
0353,
FF88,
0146,
0003,
FE76,
00AE,
0082,
FDAB,
021D,
FD63,
FF71,
FBAC,
FFB1,
FE55,
02AD,
03E2,
FD30,
023F,
FF24,
FC38,
0062,
FD3A,
00F4,
0150,
01B4,
01A0,
03E4,
01BD,
009F,
0130,
FCDF,
04EA,
FEB2,
03DD,
FEDE,
021A,
00FC,
FEB8,
00A6,
0083,
FE0B,
010E,
FCF4,
001A,
FC71,
FC45,
FF93,
FEB1,
FE73,
02BB,
FE23,
FEFF,
00BF,
FDCC,
01C3,
FBF9,
FD0A,
FFB2,
FDAB,
0643,
FCC4,
007E,
FFB4,
01A8,
0065,
FCE1,
FCC7,
004E,
FEBD,
FEA7,
FAF1,
009C,
008C,
013F,
FBD1,
FED4,
036E,
04FA,
FC3A,
FDCE,
054E,
FC2D,
FF3E,
02C8,
FBAB,
FF74,
00DB,
FCEC,
FFF2,
FB40,
FC7B,
003A,
0246,
0180,
00D9,
02B9,
0132,
FCEA,
0231,
0189,
05F3,
FFB4,
FD32,
0022,
FE63,
001B,
05DA,
FE08,
FF05,
0143,
FE6D,
FE71,
FBFF,
FDE3,
FC70,
FE36,
FF41,
0192,
FEF5,
0206,
F82F,
FA84,
FDE1,
02E1,
00FB,
FF8F,
FB5B,
FE0F,
FF2D,
000D,
0084,
FFA6,
016B,
00F8,
00EB,
0197,
FC9D,
00B8,
FDBD,
008F,
02E8,
01C8,
020F,
013C,
FF8F,
03EB,
0351,
FD22,
FDFB,
FE70,
FEE8,
00F8,
02C0,
002D,
FDE3,
FD2E,
FC0C,
039D,
FE48,
FD9B,
FEA9,
002A,
028F,
FF50,
FDFF,
053F,
FF6E,
FFEB,
0131,
01E8,
FF03,
FFE0,
FE87,
0248,
FF40,
FF2E,
004D,
0085,
FFAE,
004B,
FE80,
FEF7,
0190,
FE06,
FDF9,
009C,
FEFD,
0122,
021D,
0048,
001C,
002B,
FF2B,
009C,
FF27,
FFE1,
0128,
0070,
01DA,
0032,
0242,
0379,
FE5F,
0102,
0142,
015A,
0045,
004C,
FF41,
FFAB,
FD61,
0305,
021B,
FEB6,
FFC1,
FD23,
FE82,
01D9,
016C,
00FB,
02BC,
FEBB,
FE7B,
FDC7,
FEE1,
00D1,
0001,
FD6D,
028A,
0103,
FBB4,
FF6A,
0199,
FDBF,
01A5,
0082,
0102,
FD2F,
FDF0,
FE85,
00E3,
FDD4,
FEAC,
FF2C,
0146,
FF3D,
0004,
FF4A,
00BF,
0020,
FD8B,
FF55,
00C1,
FF14,
00FD,
00B2,
FFF8,
0191,
0157,
004E,
FEBB,
FE26,
0358,
02D7,
FE05,
FCC1,
FF51,
03C0,
FF8A,
FF72,
FF18,
0628,
00FD,
0063,
FF37,
024D,
FFB4,
0239,
013D,
FF7F,
FFE7,
FFBB,
035C,
00A8,
0078,
FEB7,
0112,
052F,
0102,
FF8E,
00AE,
FEFC,
004F,
019A,
025E,
FDDF,
0048,
04E4,
FFCD,
0171,
FD09,
00D1,
FF72,
FE25,
0097,
FF1A,
FDE6,
00D6,
0155,
01A6,
FF88,
FF2D,
FCE3,
FFBE,
047D,
012D,
FEC9,
FD89,
0347,
0204,
FDC3,
0356,
FF36,
004F,
00DC,
FF6D,
0064,
FD6B,
FD83,
FF17,
014B,
FE8A,
016E,
0156,
02E2,
FEE1,
FF2A,
FC77,
02B6,
FE8C,
FFE0,
0029,
0317,
0035,
FDFC,
FF81,
0120,
03AC,
FFD3,
FE96,
F890,
0152,
0370,
FDCB,
0196,
028C,
049E,
0233,
0276,
027F,
FEB9,
FF96,
00FB,
0282,
FDE0,
FE9E,
040A,
FF1C,
011B,
0148,
0097,
FFC8,
FEFF,
FFA1,
FF8F,
004B,
02D1,
FDA8,
0312,
FFBA,
FE7F,
FEC5,
0181,
FE51,
01D9,
FF44,
00AD,
03A8,
00BF,
FD49,
FF90,
0128,
FE06,
02FC,
00B5,
FF0F,
00F2,
FECE,
FCF9,
FFDE,
003E,
0033,
0041,
00BB,
FF04,
033C,
000C,
FFA7,
FE2F,
FF03,
FD06,
FE0D,
FEC4,
03AE,
FE4C,
0031,
FFE4,
0143,
FF64,
FFE6,
FF76,
FF2B,
02A2,
0043,
012B,
0076,
FE3B,
FF4C,
FE3F,
01D9,
FF75,
FDA1,
02B7,
0164,
01A8,
FEA0,
FE52,
0158,
0077,
FEF3,
001F,
FF46,
0208,
FEDF,
00D8,
FFC9,
0142,
FD59,
0155,
FFFD,
FEB9,
FD6F,
FF3A,
0031,
029A,
FFD6,
00C5,
FF53,
01B3,
01FA,
FDF6,
FD16,
FEC5,
0140,
FF3D,
01BF,
00ED,
FE52,
002D,
FCD6,
FD38,
0194,
FE18,
0148,
FF47,
FF2E,
FF5D,
0064,
FFC6,
FFFC,
FCD4,
003A,
FECA,
FE32,
0154,
FEB3,
0066,
FE34,
FF6D,
0017,
FB67,
00B9,
0042,
000C,
02A6,
FF57,
017B,
FF4C,
0205,
00F2,
0012,
0152,
FCE9,
FFFB,
0497,
006E,
FCC9,
FFE9,
0109,
0142,
009C,
FDFE,
FDD0,
0274,
0077,
FE60,
01C7,
028E,
0010,
00CB,
01DB,
00F6,
FE47,
004A,
FEDD,
01E2,
FF3A,
0118,
00E3,
01B2,
FE19,
FFFC,
FF28,
0109,
FE27,
FC78,
FC61,
FFF6,
FF41,
FEA7,
003B,
FDB9,
FE10,
01D8,
FD2E,
0249,
00C2,
01F9,
0366,
01A2,
00C0,
FEBE,
0203,
FA03,
FEB2,
00BE,
FFE5,
0036,
FCC0,
0443,
FFE2,
FEBD,
FD33,
FF95,
01E7,
FD44,
0088,
0105,
003C,
01FC,
FF07,
FD91,
FF3D,
FC1D,
0031,
FFA8,
00AA,
0455,
FF95,
FE9C,
FEB6,
FC59,
03C0,
FE1C,
FEEA,
FFBE,
FD76,
0175,
FFAC,
0069,
0167,
02D5,
FF3B,
0256,
0457,
0365,
FF63,
FFB1,
FF9D,
FF66,
0008,
FFFC,
034A,
013D,
0220,
FD94,
030D,
023C,
FEB1,
003C,
01E9,
018D,
0025,
FBA3,
FEB0,
FE25,
0190,
0084,
FF71,
0433,
FF52,
00BF,
FC9C,
FD47,
F907,
019C,
FDBD,
0373,
FF8C,
01A9,
FF18,
0169,
FEE0,
0275,
FE30,
FEC8,
FF12,
0088,
FE08,
FE64,
026B,
0070,
FE7C,
0186,
013E,
002E,
0030,
0074,
00BB,
0211,
FF1C,
0260,
FFCC,
FD27,
003B,
FE8E,
0022,
FDBD,
FE03,
FE8A,
00F5,
FD49,
0075,
FEEB,
FDC0,
0054,
FFCD,
FFAB,
FE06,
02F6,
FFFC,
FF0C,
FF74,
0058,
016C,
FFD9,
FEB0,
01BA,
FF8E,
0176,
FF7D,
00F8,
FEF9,
01CE,
FFC7,
00BE,
0053,
FEEC,
FEF2,
0228,
FF8F,
FEB8,
00A2,
FF9B,
0361,
04B7,
FE44,
FE4C,
FEEB,
0009,
034D,
FC29,
FDD8,
0174,
00A6,
FBA1,
0035,
FF60,
0246,
008B,
FC32,
FFCD,
01D1,
004D,
02BC,
0418,
0074,
0112,
0246,
FFAA,
00DC,
FFCD,
00B4,
FD0F,
FF61,
019D,
FF93,
FE6F,
00BB,
0091,
01C0,
02BD,
010D,
001F,
FF9B,
0087,
0490,
FF26,
FFFC,
FFB3,
FF8B,
FECB,
0127,
FFAA,
00AC,
01CA,
FD86,
FC7C,
00D9,
FF94,
FED9,
0328,
0063,
01F9,
FE63,
0051,
0188,
0259,
0034,
FEA8,
015D,
FDC7,
FDC0,
01B8,
FDA9,
00A4,
0320,
FE70,
0168,
FEDF,
0010,
01DA,
018E,
FFA8,
0547,
01D8,
0081,
009B,
011F,
0142,
0068,
FE80,
036E,
FF02,
0221,
FF21,
0000,
00B5,
FE98,
FE52,
FF9C,
0016,
023F,
0042,
FC86,
FF3A,
0131,
009A,
0167,
0140,
0363,
FFAC,
0173,
FD21,
02CE,
FF5B,
FF03,
011D,
021C,
0040,
016E,
FF64,
003B,
002B,
FE5F,
00F5,
FEDF,
0156,
FFB4,
FC7E,
0048,
FF9D,
0050,
001B,
057F,
0161,
00E0,
FFBD,
0105,
006F,
FFBF,
FF1D,
FFCA,
009C,
FF70,
0043,
FCED,
00F8,
FFE9,
FF52,
00F8,
019D,
019C,
FF83,
013D,
FF18,
FED0,
FE88,
FF47,
FF17,
FC7A,
FF51,
0272,
016E,
0077,
FEB5,
FEE3,
FFCC,
FE67,
0123,
FFE9,
00EE,
FF82,
FFD8,
FC0B,
0118,
003A,
009F,
FC98,
0076,
0134,
FF7F,
FE9B,
FDC7,
FE1F,
FDC8,
FEBA,
0049,
01AF,
025C,
FF6C,
0161,
017B,
0110,
000E,
FDC1,
01C6,
0310,
FD26,
FE22,
00BD,
FF9B,
0140,
FF66,
0245,
FFEC,
006D,
FB8A,
0089,
01D2,
01A6,
FE61,
011D,
0292,
000F,
FC60,
0058,
00CC,
FE88,
000F,
FFE7,
0034,
01BF,
0196,
00CD,
00B6,
00BF,
0209,
01CF,
01B6,
0003,
011A,
FF70,
0092,
003B,
015B,
030E,
FBE5,
0165,
01DD,
0334,
FCA0,
0065,
0153,
0053,
0189,
00EF,
FDE5,
008A,
FFEB,
FD8A,
00FE,
0109,
FFAA,
0200,
01C9,
00BC,
FE55,
00A8,
FF52,
01D3,
0067,
FF1F,
0102,
004C,
FD44,
004F,
0081,
FD3C,
006A,
05A0,
FF8C,
FFC7,
FF9B,
00E5,
FF17,
FF3D,
01E6,
FFA1,
FF4F,
FF87,
0116,
00C7,
023E,
0135,
FE1E,
00C9,
007C,
011F,
FD7C,
0030,
FEF6,
00B0,
0044,
0092,
FFAC,
FF10,
00FA,
FF36,
FDB0,
010C,
00C4,
FF25,
0250,
FEC9,
0089,
FFAA,
FF9D,
0119,
FFD2,
0026,
FFD2,
FFFC,
FEF1,
00D1,
FFF0,
0119,
FE79,
00E0,
01CF,
FEFD,
FECF,
FEBB,
FEAD,
FE17,
01B4,
FDDB,
0046,
03DB,
0137,
FEFF,
FFF1,
FF35,
FF30,
0396,
FE9D,
FC10,
FECD,
0159,
008C,
008B,
FFC7,
FE06,
FECA,
0077,
00A8,
01E5,
FED8,
0040,
0007,
FF45,
FF0E,
00C0,
013D,
FF93,
020E,
0073,
020D,
008B,
01AA,
FF6E,
00CD,
FD45,
009D,
FF48,
0055,
FFED,
0048,
FF92,
02CE,
00AE,
0129,
FFF6,
FD2F,
FF68,
FF87,
FE7E,
FFB6,
FE15,
0021,
FF1F,
0074,
0073,
00B2,
002E,
FF0A,
FE32,
01C1,
FE4B,
0054,
0248,
0395,
00E9,
FFC2,
028B,
FF8E,
FC7E,
0033,
FE66,
FD3C,
FC22,
FF01,
FCCC,
FF4D,
02B8,
00C6,
FF7F,
001C,
0234,
FE76,
FF2B,
FEFF,
FD42,
FD17,
0003,
004C,
FE81,
000A,
FCCC,
03A6,
FEC9,
FE2B,
0104,
024C,
01F8,
FCC1,
00E9,
FCDD,
0106,
FDFC,
0152,
FE48,
FF7D,
004A,
00D3,
0189,
FE2A,
FFA3,
FDA5,
FF3F,
FF0A,
01CC,
0153,
003D,
FDA2,
01B6,
FD75,
007A,
020B,
FC91,
FE7B,
FE9B,
0089,
FD45,
FFF5,
FD7D,
FEE8,
012A,
FFE8,
FFBD,
FDDB,
FF7F,
FD33,
0105,
001B,
0255,
FCFD,
FFE9,
FF98,
FEC3,
FE30,
FEE1,
FF0B,
FF76,
0080,
FEE8,
FED2,
FE27,
00EB,
0155,
FFCE,
013D,
024D,
0328,
009D,
FE3C,
00EB,
FF60,
FE16,
FEDB,
FF45,
0338,
0223,
00D3,
FE6C,
FFF2,
015E,
FE7E,
01AA,
010F,
FE0E,
FE00,
0310,
00FB,
FFDA,
036F,
0026,
02A7,
0234,
00A3,
0064,
02BE,
01B9,
017C,
FE1D,
FD07,
FF8B,
0078,
FE07,
FFB7,
FF63,
02E8,
FEF8,
FF84,
0060,
0168,
FFB6,
FFF3,
0067,
FEBD,
0080,
0115,
FF35,
007C,
FD27,
FCF9,
FF39,
FF42,
FF78,
0319,
00C5,
00F1,
FEE0,
FF65,
01FE,
FFFC,
FF64,
02D6,
01D8,
0018,
FEFC,
FE71,
FFDE,
FB12,
003B,
0136,
FCB3,
001B,
036B,
FFAB,
00C9,
FDEF,
FEF4,
FF89,
FD2F,
01D8,
FFF9,
00F4,
FFCB,
033F,
0268,
FC1C,
03D0,
04B8,
FD68,
011A,
0298,
FFBF,
FEAC,
01FC,
FF33,
0246,
02AE,
00DB,
FBCD,
FD75,
01D6,
FF57,
037D,
0171,
FC95,
00D6,
FDDB,
019B,
0380,
006C,
01A7,
FE3E,
FE14,
FF8A,
0044,
FEDB,
FFF9,
0090,
FE7F,
FFB7,
01AF,
00B9,
FD37,
01B9,
008E,
FFF5,
FEF9,
0033,
FE4A,
0535,
005B,
026D,
FED5,
FFA2,
0133,
FF8A,
00F6,
FEC3,
FC5A,
FF07,
0053,
FDF6,
FD20,
FDB3,
FD4A,
008C,
FD8D,
FD5A,
FE6C,
01E7,
01CB,
FC1D,
018D,
FDE6,
FF4C,
FF90,
FE79,
007C,
FD51,
FCB9,
FE78,
0059,
FF3E,
FD99,
FFAF,
0025,
00D5,
00A5,
FF3A,
FDAB,
FE62,
0008,
00D5,
FE53,
FF1C,
FF2D,
012B,
0195,
FDC5,
FE35,
00D0,
FEC9,
FFC1,
0102,
00F0,
0049,
FF5E,
FFB9,
0038,
FECD,
FE35,
00E9,
0075,
FE78,
00C7,
FF9E,
FF0A,
0006,
010B,
FF19,
FE4E,
FE5C,
0012,
0214,
0217,
0190,
FE86,
0294,
FEE9,
FCDA,
FF30,
004E,
0297,
FFF8,
0076,
0093,
02F3,
00A3,
01B5,
FD35,
FF47,
00C0,
FEB8,
031C,
FF61,
FE30,
FC64,
FEB4,
02FF,
00CA,
FDD5,
02AC,
02EF,
00DF,
00C4,
FE5F,
FF9C,
FEFD,
0102,
0236,
0031,
FE88,
FE26,
0379,
FF4C,
01C4,
FFF4,
FE23,
FD98,
FF6B,
FEAD,
FCF5,
FC81,
FD96,
FD28,
017B,
FF97,
0194,
0352,
026B,
00A9,
FFD7,
FF3A,
FF90,
01ED,
FF64,
FFE1,
02C0,
FDF6,
FEF4,
01E6,
0017,
FC23,
026F,
FD82,
FDC6,
FF9A,
00AB,
FCD2,
01B2,
FEEC,
FE6F,
FE56,
018F,
0002,
010F,
0215,
0062,
0087,
FF6A,
FFE9,
0023,
FED5,
021E,
FE82,
FE2C,
000D,
0172,
FF5E,
00F6,
01E1,
FBBB,
013E,
0175,
002D,
0200,
03A9,
0042,
00BB,
FD3B,
0294,
02F8,
FF22,
FF85,
0127,
FE88,
FFF6,
FFC8,
FD84,
FDD8,
00CC,
FF7F,
FF51,
FF5C,
FF32,
00DE,
0042,
0371,
FFB1,
FFF7,
FFCE,
FF01,
FF09,
0264,
FEDC,
003E,
0300,
FFB1,
01ED,
03B5,
0274,
FFD4,
FF2E,
FE27,
FB02,
FEC8,
FCB2,
FF15,
FF86,
02E1,
FF5F,
00D9,
002C,
FFEB,
00AF,
FDF8,
030C,
FCA9,
FEC1,
00D6,
0197,
FF76,
00F5,
00D8,
00F0,
0169,
FDD9,
FDAE,
FF47,
0393,
FE19,
02B3,
0033,
FF21,
01ED,
00AF,
015D,
00A0,
FED7,
FF9A,
01F3,
0112,
0079,
FEEB,
FF58,
0002,
FF4B,
FF4C,
FE7D,
0127,
003D,
01A5,
011B,
0361,
006C,
0189,
0252,
FE7C,
0259,
0094,
01CB,
FFC7,
FD1A,
01E2,
FF8C,
01BB,
FFC4,
0071,
0136,
FEA6,
FE8A,
FF5C,
FE10,
014B,
FE85,
FFF8,
FF7A,
FDBF,
FFB9,
FD4E,
FF00,
FCF8,
0024,
FEEE,
00A0,
00D3,
01D6,
FFD8,
0109,
FCE8,
018A,
FD66,
0100,
0014,
FDB0,
0092,
014A,
00F8,
00A2,
0046,
FECD,
01AA,
06F4,
0013,
01BF,
0076,
FDFB,
FFBD,
04B6,
FFD2,
004E,
FE81,
00B0,
00E2,
01F5,
0034,
FF11,
0217,
01CF,
0262,
FFD6,
FA8F,
FBB9,
FE38,
0013,
0062,
0065,
026F,
01AB,
00C8,
FE65,
FF61,
FA2F,
02DF,
FEDB,
01F2,
003C,
0108,
025F,
FFB4,
FFD3,
02A0,
FF86,
FF4F,
0116,
FF34,
0077,
025C,
026A,
FE94,
01D0,
01E9,
FEA8,
FF8B,
FDE1,
0193,
0093,
007B,
FDA7,
FF08,
FED7,
FEC6,
02DE,
FDC0,
00E3,
FF11,
FFE7,
0066,
022C,
FFE0,
019A,
017C,
FFBA,
FF10,
00B0,
02DC,
0290,
FE38,
FEE9,
000D,
008B,
FF7E,
FF9C,
FED9,
0142,
0008,
FDDD,
FD2D,
FE56,
00A2,
0109,
FFCE,
FD0E,
FFE7,
00CD,
FED6,
FF7B,
FE88,
00F0,
FF75,
0251,
0147,
FE2F,
FDAC,
0093,
005B,
FEBD,
00D4,
0064,
FEB0,
FF95,
FFAB,
00CB,
0004,
018B,
0136,
0088,
FE41,
FD1B,
015E,
FDDA,
0252,
FD8F,
005A,
0311,
FD35,
01E6,
0042,
00FC,
01D7,
FE50,
0022,
0009,
0102,
00B1,
FEFE,
FFBC,
FE5F,
FE11,
02C7,
007B,
FA1D,
00AA,
FF4F,
FFE7,
0377,
FF39,
01EA,
000D,
0007,
FDD0,
FED6,
01F1,
FD52,
FF98,
FE12,
00D6,
FF3B,
FD71,
FDA6,
0126,
0199,
0012,
FE45,
0177,
0183,
017F,
FEE9,
009C,
FEF1,
000C,
FFFD,
FF27,
0350,
FF2E,
FE5F,
FFCA,
0439,
00D7,
01F6,
0089,
FED9,
00AC,
0194,
027F,
018B,
0242,
0195,
FF15,
FF6E,
0255,
FF18,
FCB3,
FEE6,
0087,
FE57,
003E,
FF63,
FEDE,
FF1B,
FF94,
FF8B,
FFCC,
00F1,
FCB8,
0022,
00D5,
0285,
0030,
FD77,
FF4B,
00FE,
0011,
FF48,
FED3,
004C,
0097,
FE60,
FFA0,
0191,
0450,
FFE7,
0001,
FEC3,
F904,
FD92,
00A5,
00C2,
00CB,
016C,
FEBB,
FF26,
0037,
0115,
00C5,
FCA8,
FD0C,
FEDA,
FED7,
014A,
FCDC,
02EC,
FEDE,
0038,
FC96,
0557,
02A8,
FFAC,
016A,
00BA,
FF36,
01B5,
FD05,
FF5C,
FE80,
0238,
FE51,
0230,
001B,
FCF2,
FBFA,
0236,
016D,
02D3,
01F8,
025C,
002C,
FDF5,
FA69,
FC52,
FF78,
FC1D,
010B,
FD30,
FF1B,
00FA,
0119,
005E,
0035,
0247,
013E,
00A9,
FFBA,
FB79,
FEFD,
0346,
FD0E,
FEAF,
FE14,
FF8F,
00AE,
004A,
FF66,
FD83,
042B,
02CF,
FEBF,
00B7,
FFEF,
0364,
FCDF,
FEF6,
FEAF,
0248,
FF5C,
0083,
FEFB,
FFC0,
FE41,
00D4,
FEF4,
006A,
0026,
00E8,
0296,
0163,
01E2,
FEE0,
FE5B,
009A,
FF82,
FE3E,
00CD,
0096,
FDD5,
0309,
007F,
018F,
FCCD,
0068,
00F7,
FE7C,
FFF3,
FD96,
FE5B,
00C6,
FEAB,
020F,
01EC,
FC4C,
FF2A,
FE97,
0176,
FF3B,
FFC1,
FEF6,
0170,
FFBE,
00B2,
00A2,
043A,
0203,
00A3,
00BD,
01AA,
FFC2,
FF25,
00F8,
0039,
0241,
FEFD,
00F5,
FE32,
0272,
0397,
01BF,
0280,
FF5B,
00E9,
FFBE,
FF7E,
FEC8,
03A9,
FEB8,
018C,
0123,
01B2,
FDBC,
024E,
01D2,
01FE,
FDFE,
0144,
0136,
0345,
012B,
FF3E,
FE2E,
00E4,
00C4,
0023,
03D9,
FF51,
0335,
FF0D,
FF8F,
0085,
0124,
0146,
FC3D,
0411,
003C,
044C,
FF32,
012B,
FFBA,
FFD6,
0132,
00D8,
FD0A,
0378,
005D,
FF62,
01E7,
011D,
014A,
FF82,
01F6,
007C,
00B7,
020C,
FE34,
0391,
FC81,
FF5D,
00CD,
008B,
FFD5,
FF8F,
FD6A,
0124,
FD7F,
FFE7,
FF92,
FF45,
0070,
FFF4,
012D,
0072,
0062,
FCCA,
0122,
FF53,
02C0,
0178,
0045,
FF97,
FFA6,
0023,
00CF,
FEB8,
FF90,
FE6C,
0197,
FF28,
FEF2,
FED0,
FF16,
FEF1,
0148,
FE72,
01FE,
FDD4,
0164,
0040,
FF3D,
0127,
FFAE,
00A4,
FD51,
00C7,
FF35,
FE9C,
00F7,
0043,
FCB4,
0195,
0207,
FF40,
FC59,
FE48,
FF58,
012F,
00AC,
FEB4,
008E,
FF64,
FFAF,
0297,
FCEB,
FE6B,
0087,
0259,
00D8,
022A,
FFBA,
0155,
FC09,
009D,
0063,
FEAB,
0124,
02D4,
0078,
0028,
FF90,
FFBF,
0000,
013C,
FFC9,
0346,
FF4B,
00E2,
008F,
008D,
005B,
FFE5,
FF98,
014B,
01E4,
0019,
0302,
FBB4,
008C,
FFDC,
02A9,
030F,
FF46,
00A9,
FC62,
01F3,
FD3A,
0093,
033F,
FEE5,
0145,
0123,
FA7C,
FFD9,
FD39,
FF9C,
01D0,
0152,
0306,
00F6,
0142,
FF43,
FEA9,
0053,
01AC,
FFC0,
0010,
02CF,
FCF3,
01FB,
005A,
FECA,
FD73,
FFEA,
0099,
FD3D,
FCE3,
FF93,
0132,
02D2,
FFD0,
004E,
00FB,
003E,
FFA0,
012A,
0181,
0011,
010E,
FE42,
006F,
019F,
00AF,
008E,
0089,
0084,
FD4D,
00A0,
FF90,
FE16,
FF56,
FD32,
00AA,
0011,
018A,
FF07,
0044,
FF06,
00A8,
FE62,
0034,
FEB6,
021B,
0214,
FFDD,
00B3,
0409,
0306,
FCD9,
01C4,
FD87,
FF7E,
FF2D,
FF7D,
FDE4,
FE0A,
02D0,
FF9D,
03FE,
006F,
FF74,
019E,
0348,
010B,
FFB7,
016B,
FF71,
01DF,
0397,
FF3E,
FECA,
FFEB,
FEE8,
FE70,
FE7D,
00BE,
FFD8,
013B,
00D8,
0160,
0174,
FF90,
006C,
0209,
0081,
FFE5,
00DB,
0186,
0146,
FE39,
FF14,
FF9C,
FE41,
FECA,
FF24,
0015,
002B,
FEB9,
02CF,
00DC,
00B8,
0050,
FBF8,
002B,
FF24,
FF50,
FEEB,
007D,
0151,
FE99,
FFF3,
019F,
0217,
FFB6,
0135,
026D,
01C5,
0196,
FE4E,
0208,
0062,
FF7D,
01C2,
0045,
FE87,
0072,
0199,
FE8B,
0090,
0137,
0174,
FE6F,
FEEA,
FE41,
FF05,
0037,
00BF,
FF7B,
03D9,
FD2B,
FDA5,
0019,
0217,
FF96,
FCF5,
0072,
FF56,
0150,
F87C,
FFD4,
FFD1,
FE3D,
FF32,
0107,
0027,
FE56,
FE20,
037A,
00F0,
FB4C,
003A,
FFB8,
01B7,
FE5A,
FD16,
FE0E,
0084,
FF0B,
FF36,
0277,
FE89,
FC70,
0082,
FFAD,
FCFB,
FF84,
000D,
02BD,
FFAA,
01FF,
02C5,
033D,
01A7,
0336,
FD2F,
FFDE,
FE87,
0018,
009D,
015F,
FED2,
FE8A,
FEDB,
00C6,
FD6D,
FEE1,
01D5,
FF13,
0127,
FCB3,
FC38,
00F7,
FF4A,
0104,
FB95,
01EF,
FEA9,
043B,
00B6,
FF2B,
FF44,
03E2,
FEDB,
002E,
FE52,
0002,
FEB3,
026C,
FE73,
02A0,
01A5,
0039,
FC6B,
013C,
001B,
FF4B,
FF01,
FF24,
FF14,
FF26,
FAFF,
00D8,
FFF1,
FF9B,
02C1,
FF6A,
0029,
02E1,
FF46,
FFA9,
FE8F,
FEC9,
FE53,
FDF5,
0215,
01A9,
FF8E,
FDEA,
FE90,
FEE4,
0214,
FFE0,
0123,
FB0E,
02BB,
FF17,
FC6F,
FEA0,
FED4,
00F8,
FEF4,
0218,
04FF,
FD32,
02C3,
0146,
FD34,
FC30,
FEBF,
02FA,
0205,
0046,
01B8,
FF3D,
FE2B,
013B,
FFC4,
0134,
FEC2,
FF0B,
01CD,
FF54,
FF83,
00E6,
FCC4,
0052,
FFC4,
01B8,
0265,
FE8D,
FF64,
FFFD,
FD85,
FF8C,
0048,
FE8B,
00F8,
019B,
0080,
FF31,
FEC1,
FED6,
0231,
FD2F,
001B,
012A,
0166,
0002,
0020,
FE32,
0097,
0322,
FEB0,
00C4,
012D,
00F1,
03F9,
002C,
0103,
FF48,
FCF4,
00D2,
0052,
001A,
0181,
FC09,
0289,
009E,
00E3,
FE15,
FF8E,
00A1,
0048,
FDC0,
FD5F,
0096,
FDF4,
FEF8,
0021,
026F,
00CB,
FFB3,
01F8,
FDD2,
0168,
0109,
FF63,
0025,
00AD,
FD93,
FD14,
01AE,
0399,
FEAC,
FE14,
002F,
FE42,
01F8,
0221,
003B,
0068,
FED1,
0210,
003D,
FBC1,
0189,
009C,
FE68,
FFA5,
0229,
00E9,
FEC5,
FFAF,
0142,
01ED,
0014,
FE3B,
0170,
0112,
FF2B,
FD2E,
02EC,
001E,
FD0F,
00F3,
0089,
FDD1,
FF54,
FFC4,
FF57,
FE7F,
025D,
0082,
FF7D,
00C1,
001F,
FF01,
001D,
FD4B,
00EF,
FF96,
0185,
FEEC,
FBB0,
02B8,
FFF6,
FD4A,
FDE1,
0177,
01B1,
FFA6,
00CF,
FE5C,
0148,
FBFF,
FEDF,
00D8,
013C,
00A7,
FF6D,
FFAC,
01E2,
009D,
FF1C,
00BE,
0173,
0001,
013F,
00D7,
FF91,
FD97,
FF18,
FF11,
01DE,
01E1,
FD32,
FC34,
FCA9,
0113,
02D0,
01D6,
FD5D,
FD26,
FD38,
0045,
FFDC,
FF1B,
017C,
0192,
00B3,
0375,
0295,
0046,
0011,
FF65,
01AC,
017E,
0232,
012A,
001F,
03D3,
0169,
0141,
0203,
FE4C,
0034,
FD83,
03EA,
FDA7,
0067,
FEBB,
FE76,
FDAC,
0041,
FF33,
005C,
007F,
FE2D,
00F1,
FDC3,
0080,
FE63,
024D,
019C,
FD62,
FFAF,
FEB3,
00CD,
FF76,
0203,
008C,
013A,
0048,
FFCF,
FD65,
FFE8,
FDAD,
02E8,
FD98,
016A,
FED1,
FDEB,
FFA7,
0015,
FCF2,
FEA7,
0138,
01FB,
FDB6,
FFDD,
0170,
FFBA,
0062,
FEFD,
FFF9,
FDF2,
018E,
FF40,
026F,
012B,
028C,
FDD3,
FFF5,
FE33,
FF71,
FF71,
00B0,
FFB6,
FED4,
007E,
FE76,
02AC,
001A,
FE92,
FFF9,
00EF,
0148,
00A2,
FF56,
FDEE,
FF90,
FF70,
FDED,
FEA2,
FF2C,
001A,
FE26,
FDAB,
05F0,
FD33,
FBD1,
FDB6,
00C0,
FDC8,
FE99,
FFE4,
FD57,
0027,
FFB0,
FC9D,
FD49,
FFA6,
0111,
0079,
FFC4,
02C4,
FEBF,
FE76,
012B,
0075,
FBCE,
FDD9,
0361,
FDE9,
FE41,
FE27,
FE94,
0247,
FF32,
FE50,
FFA4,
019F,
028E,
FD5A,
030A,
00C1,
0023,
FD99,
00C0,
0166,
02FA,
FF84,
049E,
002E,
000C,
0289,
00A1,
FEE1,
FDB6,
FE3D,
FE09,
FE1D,
009E,
0026,
FE51,
00B8,
FD3E,
0179,
01E2,
FEFA,
03D6,
FEA4,
FF99,
0116,
0231,
008B,
FE07,
0121,
004E,
FF8D,
00B8,
FF30,
029C,
FE1B,
005D,
038F,
0153,
0292,
010E,
FDEC,
000C,
FFA3,
FD52,
FFCF,
FE0C,
FF98,
02D7,
0053,
FF27,
0431,
012E,
FFF0,
0108,
0174,
FFFF,
022C,
03AC,
FBF8,
014F,
00B6,
FD35,
0122,
0102,
FBE2,
021A,
017A,
01C2,
FCB9,
FEE1,
FF66,
0006,
FFBB,
FF1B,
021E,
FE16,
FC05,
01EF,
0002,
01C9,
004D,
02D7,
010F,
FD2A,
014F,
FDF1,
FD7E,
0173,
FC4D,
FF5E,
FF14,
FF41,
0176,
FF70,
FDA0,
F8BA,
0099,
0069,
FFDA,
FF1A,
FCE8,
FD14,
0811,
0646,
00E8,
FE82,
F9D7,
005E,
0159,
0219,
0236,
0402,
04DA,
FFF7,
0275,
014D,
FEDF,
FE0E,
02C6,
FF10,
FC9B,
FEE6,
0129,
0078,
FEA7,
01F4,
FFCA,
FF09,
FFD9,
0107,
0219,
0074,
0107,
FE6A,
006B,
0095,
0416,
016E,
00E4,
FED5,
010B,
019F,
000B,
FC7B,
FF1D,
00A3,
FFBE,
038B,
0090,
FF0C,
FF0C,
03BE,
FDB8,
FE2E,
FE8B,
FF0A,
009E,
008C,
FE47,
FFFA,
00B6,
0292,
02D5,
FFCB,
0001,
FFB4,
FDCC,
004F,
00EB,
0161,
020B,
02E1,
FF00,
0082,
FFAE,
FE39,
001E,
01DF,
FF84,
FF99,
FF12,
027A,
FDE4,
01C8,
027E,
FF42,
FF43,
0242,
03D6,
FE70,
FE15,
FFA0,
FCD8,
0385,
FE17,
0137,
0199,
0016,
FE4A,
018C,
01A3,
02A5,
0204,
014B,
0113,
0075,
FC2B,
0067,
FE88,
FC4B,
FC9E,
FA7B,
007D,
FEB9,
FF70,
FF15,
0354,
FAA7,
FE94,
FE0C,
FED6,
0071,
FECF,
FFEC,
015D,
01C3,
024C,
03DC,
0050,
005E,
FF37,
01D6,
0105,
020D,
0103,
FDF1,
007E,
FF80,
FE7B,
002B,
FFC6,
FF75,
FE29,
FCA6,
0107,
01B8,
01B7,
0197,
00B8,
FECD,
05E0,
0055,
FA2A,
FFC6,
0077,
00B2,
01D9,
FC4C,
01BE,
05E2,
FDF6,
0193,
FE02,
FCD4,
FCB3,
FDD6,
FCAB,
FE71,
FFD6,
FE65,
008C,
FDAF,
0297,
FF80,
01BC,
FECC,
0366,
005A,
03C9,
FFB5,
FE6E,
0078,
02A7,
0281,
FC69,
FFD6,
0011,
00A9,
03E4,
FE3F,
FCB3,
007A,
0038,
FFB0,
FFB8,
0304,
0032,
FFA2,
FF89,
0035,
FC4C,
01D9,
0026,
FEA6,
FB10,
02EE,
001D,
FE24,
026C,
00BD,
FDF1,
FDEB,
FE95,
0062,
FE78,
0245,
FE61,
FDE8,
FEF1,
FF78,
FF3E,
0184,
FF30,
00BD,
00BB,
FD4A,
FFD7,
FE2F,
02C2,
FE4B,
FEBE,
FFAD,
FFB1,
02F8,
0013,
FC7F,
024E,
FE87,
FE56,
FFEE,
0020,
04E5,
0045,
FEED,
FE36,
026D,
040E,
FD91,
02AD,
022E,
FDD7,
FFCE,
0228,
FF57,
0068,
026D,
FF57,
009B,
0264,
0149,
00D1,
01D4,
0102,
FC2B,
FF57,
FE9E,
FFF0,
0198,
0035,
FE83,
FD4B,
0069,
01F3,
000D,
036C,
FFB3,
FFD0,
00E4,
00D2,
FF04,
FD22,
FDD1,
FEF5,
00DF,
012A,
FE44,
FEEE,
01E0,
FD4B,
FD68,
FF5D,
FFA3,
0038,
FF6A,
02F6,
FF91,
FEFC,
0022,
0292,
FFD3,
FE1B,
0050,
FF5E,
FEEA,
FF2C,
FE95,
FFEF,
FFCF,
FF03,
FFB2,
006D,
FDA4,
0043,
FEFA,
FD7F,
026D,
FBE5,
FF36,
FD65,
FF2F,
0012,
FCF2,
03F1,
FFCA,
007C,
FFEF,
FF9D,
02E7,
FE2D,
019A,
FCFA,
FC8E,
02D4,
FFD4,
FCD3,
01D4,
00ED,
02C4,
FD9B,
00DE,
0276,
FFEA,
FF4E,
01E3,
01FC,
012E,
FF81,
010D,
0050,
FF04,
FCAE,
FCDE,
FF2C,
FFF7,
FF2C,
FD4C,
FE7D,
01E0,
FF22,
01DD,
FFF0,
0175,
FE9F,
0043,
0125,
FE38,
0233,
0010,
FFA2,
02FC,
0128,
007F,
FE50,
022E,
FFAE,
FD4A,
FE23,
FC5C,
0077,
FCD5,
FE2D,
01D6,
FDF5,
025D,
FEA6,
004F,
FEB2,
0041,
FDAA,
00C0,
FE85,
FF95,
0296,
FC3E,
009F,
FF08,
FFF8,
0019,
011F,
00AB,
FFF9,
0001,
0083,
FF73,
FDC3,
005D,
FCEB,
FDFA,
FEB4,
00AE,
FDB0,
FF8E,
FFCB,
FEFE,
0060,
FF6E,
FD1A,
010D,
00E1,
FFB6,
0137,
FE4C,
0044,
FFE8,
FF72,
FE38,
FF1D,
FF1D,
0055,
01D0,
00AE,
FF91,
FE87,
FC37,
FF6B,
0113,
039B,
FC5A,
FF77,
000D,
0280,
FEA3,
0201,
FF31,
005F,
FE48,
FFCA,
01DE,
01D0,
01B8,
FEEF,
0287,
00F9,
FF52,
FEF0,
FFD0,
FFD7,
004B,
FF6C,
FDA7,
03A7,
0166,
FCF4,
FE18,
01F9,
FFD7,
FE87,
003C,
00B3,
017E,
0071,
FF04,
032F,
FF1E,
FD76,
FFC4,
FC5C,
01E6,
FE60,
FCBC,
FE55,
FFE7,
01AE,
FEF5,
044D,
FFD2,
FF52,
FF62,
FF81,
FF71,
0028,
0043,
001A,
FDCB,
FCD8,
00B4,
0052,
FE68,
00E1,
FDE1,
FF3F,
FDE1,
FDB1,
FF20,
FE14,
0038,
FE91,
FEC9,
00F5,
FFFB,
000A,
FE56,
006A,
FDF7,
003E,
FF0A,
FF74,
0127,
0219,
FE71,
FF8E,
0183,
FFDE,
FDB8,
FDF3,
003E,
0043,
0333,
FDC2,
FDFC,
FF13,
FFFB,
01F3,
0301,
FEBA,
01CC,
0187,
02A9,
FFC8,
02BA,
FD75,
FE52,
0067,
FD04,
FE5E,
FE21,
01C7,
FF27,
0019,
FF23,
FD97,
FE9C,
00C0,
FCCC,
00A7,
FECF,
FDDA,
0122,
009B,
FF1D,
0019,
039B,
FDD7,
00CF,
FF99,
FFFE,
FE57,
FF7E,
036B,
FDAD,
FF1B,
0025,
0022,
01EC,
FDD7,
0143,
FEDB,
FEA5,
FE17,
FE71,
FE2F,
0125,
FF42,
FF68,
FFEC,
00EE,
0094,
FD70,
FFA3,
FE8D,
FF91,
FD5D,
FFAA,
FCB5,
FFBB,
FF3B,
FF21,
005F,
0034,
FDF8,
0139,
FD1E,
019A,
FE65,
FF76,
0085,
FEE2,
00CF,
FEA9,
01ED,
FED4,
0153,
FF7B,
0186,
0188,
0163,
FF3F,
FFD1,
FED7,
FF73,
FFEA,
027D,
00F6,
00D3,
02DA,
FF17,
FEF9,
01E2,
FF7B,
00CB,
FF22,
01BD,
00AB,
FDC9,
FF63,
FE9E,
020B,
00BD,
0082,
0128,
FFAF,
00A2,
FE42,
FD99,
FE29,
002F,
FFB4,
01C4,
000D,
0095,
00CF,
012B,
FED0,
0159,
00CE,
0070,
00C5,
00A7,
FF2C,
FE5A,
01CC,
02F6,
FDCD,
037B,
018B,
FE1A,
0126,
01A9,
FFDA,
00F5,
01F5,
01ED,
018E,
FDE9,
0415,
015A,
0144,
0141,
00EF,
FFCF,
FE7C,
FF5F,
FF8B,
0056,
FDE9,
FE2F,
00A0,
00EB,
FE93,
0112,
0227,
FFCC,
024C,
FEDE,
025C,
FEBA,
04F9,
0220,
001D,
FE18,
FFF9,
0041,
0107,
0241,
0159,
022A,
002D,
FDFA,
FC28,
FEDC,
0110,
FFA2,
FF6A,
FEA9,
FEF6,
011A,
FFEE,
02AF,
FE55,
FE02,
0050,
FCA2,
FCCC,
FFE9,
0036,
001A,
FEA4,
00BB,
FE92,
0046,
01F9,
FAD8,
012A,
02E8,
FD6C,
FDEB,
00B8,
019A,
010F,
FDFB,
FD9B,
01F0,
049E,
0220,
0014,
FE47,
0084,
001B,
FE4C,
0070,
FECD,
FFDE,
0220,
FEC0,
FF1E,
0429,
0067,
FEEC,
0193,
01A0,
FF7F,
FCE0,
FEBD,
FD9F,
01DD,
FED8,
FE9A,
00F3,
FF99,
FF62,
FDCE,
FDD8,
FE23,
00C2,
FCBA,
0318,
FC91,
01EC,
FE29,
02FA,
02F2,
0027,
FE85,
FD93,
02CC,
0198,
FF9C,
FF34,
013E,
0225,
040B,
0013,
FD6E,
028D,
FF96,
FE01,
FFAE,
00F2,
FDAE,
02A9,
FC13,
005A,
0104,
009B,
FF7D,
FF77,
FD40,
0059,
0015,
013E,
01B9,
01EC,
010A,
005C,
FE87,
FF62,
FC71,
FF3B,
01BB,
01B0,
0082,
FCC9,
03B9,
FF3B,
FD69,
002B,
FF76,
00C0,
FE69,
0076,
FD0D,
FEFF,
015D,
FFF0,
FDEB,
FF4A,
0394,
FEA2,
FD09,
01A2,
0307,
FE12,
0145,
FDA2,
FEA6,
004B,
01B0,
034E,
FF85,
00B1,
0117,
00C1,
FEE4,
027F,
0009,
0262,
00FC,
FD03,
0062,
FE9B,
004F,
0036,
FFF7,
FF88,
FDE7,
FD4B,
002B,
FD2A,
FF7D,
FFA8,
0400,
FF58,
FF23,
028F,
030F,
FFF6,
02BD,
020B,
009E,
008E,
FF2A,
FE0E,
0092,
FF9D,
FE34,
011E,
0183,
0278,
FF2C,
018D,
00ED,
FFE8,
FE2B,
FFE8,
FF55,
FFF8,
FC6B,
FF71,
046D,
03EF,
0022,
FEFA,
FCF1,
0066,
0049,
00C8,
FF83,
FE2B,
0152,
01DB,
FF6C,
FDF3,
FDF9,
FFD2,
003E,
FE6E,
FC52,
01C7,
016C,
FDF5,
FE84,
FD2E,
FB7E,
0123,
FEAC,
FE71,
0007,
023E,
FF16,
0048,
FDA1,
0141,
006F,
FDF8,
0112,
00A2,
00F0,
010A,
FAFF,
FE94,
03D8,
01EE,
044B,
0099,
0068,
FF88,
FEEB,
00F4,
FDA7,
0213,
FD15,
0244,
00A1,
FE2E,
FEB4,
0089,
0015,
01E6,
0131,
046A,
FF33,
FF50,
0173,
FF5F,
009F,
FEBC,
029E,
0232,
00D0,
00FC,
00B9,
FD58,
FD29,
0171,
02BD,
00D8,
01B0,
00AC,
FF60,
FF2D,
FEAB,
01BF,
FE8A,
0287,
FE09,
0221,
FE6B,
0013,
FFB6,
FFEC,
016C,
020C,
00BE,
0100,
037C,
FEEA,
019C,
0247,
01D9,
FF24,
FF54,
034A,
FFE1,
01B7,
FF8C,
011F,
FD77,
FFA5,
025B,
FDE9,
01B2,
FFF6,
FF0C,
FFD4,
FF8B,
02B0,
FD61,
FF1D,
FF90,
003D,
005D,
00B4,
0190,
0300,
FE4B,
FF69,
FFE2,
FD8C,
028B,
FEF8,
FFAA,
005B,
02A6,
02C7,
012D,
0289,
0254,
FFA3,
FDF1,
FD8A,
010F,
FE89,
00A3,
FE48,
FF49,
FAEE,
FDA7,
00A2,
FE4C,
00F4,
FFA4,
FC40,
FFAF,
00BC,
FD45,
FFE3,
026B,
FE4D,
00DF,
0091,
01E5,
FF63,
FF60,
0132,
FFBA,
FFE0,
0177,
FE5C,
03F9,
FF58,
FD9E,
FE9F,
0067,
01A3,
FE71,
FD59,
FE7C,
0254,
FEE6,
0024,
FF36,
FFE6,
FE44,
0095,
FFF0,
015E,
FE61,
FEAC,
0251,
00FE,
02C7,
03F3,
065E,
01DB,
02DA,
FBE6,
01A9,
FF42,
FF19,
015D,
FEF8,
FD4A,
FE25,
03C6,
FE4E,
FC60,
FEDF,
FF6E,
FF08,
FE65,
036E,
FDD9,
FF7F,
FF1E,
0044,
008F,
FE50,
0328,
00B5,
FF65,
FEDE,
0108,
FDE2,
0249,
FCB4,
FFBA,
FDAB,
03BC,
FE05,
FDBA,
FEA2,
FFDD,
FF1B,
00C9,
002F,
FCC7,
FAF3,
050D,
FE4F,
FEC3,
FFE3,
FF96,
01E6,
FE32,
01FC,
00C4,
0214,
FCA7,
FC1D,
0125,
FE85,
00E5,
00E3,
FE7A,
026D,
03AF,
FF0A,
013B,
FFFF,
0019,
FD42,
FCBC,
0217,
006F,
FF52,
0156,
0003,
021A,
FFAA,
FF6D,
FFDD,
FCEA,
0060,
005F,
FE71,
FE6A,
0294,
0057,
0157,
001C,
00C5,
01DB,
FF7D,
00BE,
0173,
FF7D,
FEFD,
FEF3,
FFD3,
FF54,
FEEE,
FF6E,
FE71,
0350,
FFAB,
FE8A,
FEF1,
FBFA,
023F,
016B,
FF03,
037F,
FE12,
007A,
0047,
0354,
01F4,
FF4C,
FDB2,
FE9B,
00B8,
FE5E,
00F5,
015E,
003B,
007F,
0035,
FEB7,
FFF7,
FEA6,
FF9E,
FF2E,
0035,
03BB,
00E4,
0025,
FFC6,
003E,
FC88,
0042,
FF5E,
FD5E,
FD1C,
02B9,
FF83,
FB5A,
0390,
0011,
0129,
FE10,
0137,
FDA3,
FFB5,
FDCD,
FD33,
04CE,
FC3D,
00FF,
0098,
FFA5,
0062,
016C,
FF92,
026B,
FE0A,
0072,
FB53,
0085,
FFA1,
01B3,
FF4E,
02EF,
FECA,
FE58,
FB2A,
02A9,
FB8F,
FCC7,
02BE,
FF1C,
00AF,
0173,
FD33,
FF12,
0019,
01AC,
FCFF,
0238,
FFCE,
FEA1,
0226,
FEA7,
FF18,
FB82,
01C7,
FEE3,
FFC1,
004A,
FF38,
FFAA,
0629,
FE7C,
0234,
FE14,
0439,
FDBE,
019E,
004B,
003A,
00AA,
01C3,
FF44,
02D3,
FE43,
FBC0,
FF10,
FF55,
0304,
0230,
FC97,
FF78,
0075,
0033,
FFA6,
FFFE,
FE20,
02A6,
FE48,
002E,
0108,
FEBD,
013B,
0113,
014A,
0238,
FF1B,
010D,
011E,
FDEF,
0009,
FFC9,
004D,
00EB,
FE79,
02D3,
048B,
FF9E,
FEB1,
FF2B,
0045,
FDF9,
015E,
FE64,
FEDA,
0027,
FEFE,
FFCD,
0048,
0090,
00EB,
FF7E,
0255,
FEE3,
028C,
FC7E,
FBF0,
0090,
01A6,
FDBD,
FF47,
0346,
0245,
FF7F,
FF8F,
005C,
FC90,
FE0A,
FF4B,
FC34,
FF1B,
FEEE,
FFE1,
FE3B,
FF4E,
0249,
FBD1,
FF87,
0393,
FE38,
FDF8,
014F,
FFD3,
028F,
FF93,
FC98,
0438,
FFA5,
0295,
00D7,
01F8,
045B,
FFDB,
FFBC,
FEC1,
FD8E,
FDD0,
FC95,
FCE0,
004C,
FEA0,
010C,
00AC,
FE15,
FCB5,
FE9D,
002F,
02A0,
016C,
0223,
0318,
01E6,
FEC3,
FD4B,
FF7B,
FF35,
FBF0,
FFAC,
FB70,
FD61,
039C,
0161,
0086,
0312,
016E,
03D5,
0093,
FFE0,
FEE3,
00F0,
FEFD,
0241,
0180,
0063,
009A,
FF7B,
0072,
0010,
01A2,
FF7A,
FFAB,
00C6,
0094,
004C,
0072,
0238,
01A7,
000A,
FE9F,
FF59,
023A,
FED6,
023A,
FE04,
FFDB,
005B,
FDBE,
FFF6,
0183,
02BF,
006C,
FFFA,
FF91,
028F,
FFDC,
01C1,
0041,
FFD8,
0146,
0079,
011F,
FFD9,
FE47,
01E4,
0165,
FEE2,
FFD1,
FF88,
FDA2,
00A8,
01B7,
00C6,
FFBF,
00FF,
FFA0,
007F,
FDA3,
FFBE,
0100,
02CC,
01C5,
FFCA,
00FE,
0196,
0025,
032A,
FEC6,
010B,
0060,
00C5,
01C4,
FE6F,
FF6B,
FE83,
FF74,
FDEA,
0212,
01C7,
FF77,
FE0A,
FF58,
FFEA,
FD3B,
0107,
FE26,
FE79,
FFAB,
017B,
FDF0,
01D9,
FEEA,
FE98,
00A7,
FD58,
0039,
FF32,
FFDD,
FE6A,
01E3,
FF72,
FEA1,
00BC,
0029,
FECC,
0067,
003C,
FEB1,
013A,
FEC2,
FDD1,
FF0D,
0045,
FFE0,
FEC1,
FEDC,
FFCA,
0021,
0234,
FD9E,
FCA6,
0077,
002A,
FC07,
015B,
FFFD,
009F,
0027,
0017,
FF26,
011B,
FEBD,
007A,
FEAB,
FFE3,
019A,
FE8F,
01C7,
01CA,
FC63,
0160,
001A,
0008,
0031,
029C,
FF64,
FE03,
010B,
023C,
FF18,
FF9A,
0159,
00DE,
FC54,
FE6E,
01F3,
0104,
0101,
FFC5,
0231,
FE82,
0079,
00D0,
002D,
00F9,
FFB6,
001F,
FEFE,
FF04,
FF37,
0153,
0072,
0035,
01CB,
FCB1,
FE15,
00D1,
0066,
0001,
FF05,
FFBB,
0010,
FE52,
0025,
FD12,
FF77,
0012,
0184,
FC7C,
FCBF,
009D,
018F,
01AC,
FEF8,
FCD2,
0116,
FDD7,
0287,
FF63,
0103,
0078,
FE98,
00B1,
0187,
0264,
0516,
01E6,
FF53,
00C8,
FDDF,
FD4C,
014E,
00A1,
FEEF,
0316,
0172,
FE1F,
0230,
020F,
FF08,
FF30,
01A9,
00AB,
01AB,
0173,
FD73,
0247,
FD95,
02A7,
FBAF,
0153,
009D,
015A,
FFAF,
FEEF,
00D8,
009A,
FE9F,
FF82,
0064,
0185,
FEC5,
0388,
0128,
FFA0,
FC2F,
0080,
FDB2,
FFD8,
FE46,
FF7C,
FC1B,
0029,
FEF1,
FFEC,
FF9F,
FF39,
00C8,
FFA8,
01BB,
FE07,
FF26,
0004,
0239,
0317,
0038,
0173,
00D2,
FB6F,
0023,
01CE,
FF50,
02FD,
00AB,
FE53,
00C0,
031E,
FE1A,
FF41,
FFF5,
FFA6,
0018,
FFFA,
0435,
FFBB,
FFCC,
0042,
FEBD,
FFAF,
0007,
00AB,
005C,
FD60,
FCCE,
003C,
FDCA,
FE14,
FDCE,
02C2,
FEB9,
FEDB,
0061,
FCEF,
FED8,
00E8,
FEBA,
FE2B,
FE6A,
0044,
FF3D,
0002,
FD32,
FECB,
FE4E,
01EE,
FF90,
FF14,
FDBB,
FDB8,
FE9A,
FD48,
FDBE,
FD7D,
FF6E,
036D,
0126,
017E,
FFB4,
010B,
0059,
0146,
FFE1,
FB9E,
FF89,
0079,
FF2B,
0031,
0347,
FEC6,
FD53,
FDFD,
FD15,
027C,
FCD2,
FECB,
03D6,
FEF0,
02C3,
FE16,
013D,
059F,
FBDD,
0083,
0581,
014D,
FF80,
0022,
0165,
FFFB,
01F1,
FF56,
FFF5,
FFCF,
0067,
00FB,
017B,
FDE9,
FE40,
FE58,
FF30,
01F2,
FF5C,
FDD1,
FF33,
0077,
022A,
010F,
0109,
0282,
FDE2,
FEF1,
0034,
0270,
FECA,
0024,
0006,
FF7B,
002C,
FF0D,
FF08,
0071,
00F2,
00C9,
FF49,
0042,
00F9,
FF09,
FF73,
FEF6,
01D3,
00B0,
012C,
0039,
FC19,
01B8,
FD9D,
01E9,
FDFA,
FE8C,
00DA,
FF9B,
0443,
0195,
FC8D,
FF75,
01BE,
053F,
FF13,
FCEE,
0156,
035B,
00E9,
FE5A,
00C7,
01E2,
FE1E,
0044,
FDBA,
FFD2,
FF7C,
FFD9,
0078,
FF75,
015D,
FF26,
FFDC,
FED6,
0053,
00F9,
FFA4,
FEDC,
FE85,
0037,
FED4,
FF74,
004D,
01D3,
FF8E,
FF69,
0158,
FD3D,
FFD1,
FDB6,
036D,
00FB,
FCEA,
0184,
FEA7,
00E3,
00BA,
0087,
FF40,
FEF2,
0091,
FF01,
FE75,
FFD2,
0144,
028B,
013E,
FFDD,
0116,
FD53,
0359,
0068,
0038,
00C1,
FE69,
FE37,
01C5,
FF02,
018B,
00D6,
00F3,
FE65,
FE60,
00BC,
00C7,
FFD4,
0074,
0106,
00E0,
012A,
FF2D,
024B,
FF02,
0048,
012D,
FE45,
FF5F,
FFF6,
0194,
FF42,
FFBE,
FE5F,
FEB0,
FEF2,
0296,
0261,
FE95,
027C,
0145,
0311,
006A,
FD33,
FB9E,
FD68,
FCB8,
00D8,
042A,
0040,
009C,
FEB6,
FCE5,
0124,
0264,
FEF3,
FEBB,
FEAC,
00DE,
FF10,
FC83,
04A4,
0190,
FE1C,
FFE8,
FE9C,
FF17,
FCFC,
0114,
01B2,
0320,
FFD0,
009A,
FCCD,
FE9D,
0212,
02E5,
00BC,
FE7C,
002C,
FE14,
012E,
03BB,
FF5C,
FD89,
009D,
0027,
00C1,
FFBC,
FE8E,
0072,
0000,
00B2,
00FC,
01C4,
0129,
0201,
000E,
FE49,
00FD,
FE05,
037D,
0423,
01C6,
FE51,
FE04,
FFEA,
00EA,
FFE0,
FEB9,
0080,
FD65,
0116,
FCE1,
0037,
FF22,
00B3,
00EB,
FEFA,
024D,
FD6B,
FFC1,
FF2A,
FE2F,
00EB,
002D,
0053,
FF7A,
001A,
019D,
00EC,
FDF6,
0444,
0296,
FCA1,
002A,
01CA,
FDD6,
0304,
FDDB,
00D5,
FEF4,
0227,
FF7D,
FFEB,
0340,
FF31,
0065,
0084,
FE86,
02A7,
FCBE,
0040,
FEDA,
FFEE,
FF86,
0142,
025D,
016E,
00EC,
FF7C,
FE46,
004F,
00FC,
02F8,
0084,
0161,
FE4B,
FF3B,
FD68,
FD23,
02DF,
FFA4,
008A,
02CE,
02AD,
025D,
FDC2,
FCAB,
042A,
FF4E,
FDFF,
03DF,
FC6F,
FAE7,
FEE5,
0241,
030D,
017F,
FCE0,
01D5,
008C,
00D4,
FB78,
00F8,
FE7F,
00E7,
FE64,
FE3E,
FF15,
02DF,
001A,
FE28,
FDE7,
FE09,
00A4,
0021,
0218,
FBC4,
FFEC,
FD8B,
03D9,
FEE3,
FE5B,
FF93,
FF17,
FB6D,
016E,
011B,
FF4C,
02F1,
FECD,
01CC,
FFA8,
FCF6,
009A,
02B7,
FE36,
FEAB,
02CD,
FEDD,
0015,
FE92,
011F,
0060,
FF37,
0076,
0157,
FDB4,
FF6B,
0077,
03FF,
011B,
00B7,
0303,
FF62,
FE54,
010B,
0340,
015A,
000A,
0172,
0047,
FEAE,
FFE9,
02E5,
FDA2,
003D,
013E,
00AB,
00FE,
00DB,
018F,
FEF9,
0001,
0341,
00C2,
0047,
0091,
0030,
029E,
005A,
FFE6,
02D9,
FFD9,
0095,
00E4,
029D,
FFBE,
00D9,
FF2E,
01AC,
FF2C,
FE17,
01C6,
FFB3,
0016,
FE3E,
FFA4,
00B3,
FF49,
FF00,
FF18,
00C3,
0145,
FF7F,
00A8,
FF86,
0057,
FE7B,
0295,
FFA4,
0063,
FECB,
FE6F,
037C,
0205,
FFCE,
FDD5,
FE36,
FF06,
03EF,
FA77,
FE86,
FE5B,
01FF,
FFE9,
0201,
FE6F,
0104,
FFF1,
FFA3,
FF3D,
FEC2,
000E,
FD3F,
FEDD,
00BA,
010C,
013F,
FD38,
0161,
0049,
01DA,
FDBB,
FEEC,
FE62,
000E,
FDA2,
FE3B,
FE7F,
02F9,
FFC2,
FF70,
FF65,
FE00,
003D,
0074,
FF1E,
FDEC,
0035,
0139,
FF14,
041F,
00A4,
FB8A,
FEE6,
00E7,
FF67,
03A1,
0021,
028F,
FE34,
01F7,
00DF,
00D4,
FDEA,
FE68,
0288,
FF51,
FEC6,
010A,
0041,
058D,
FCE6,
02B7,
FF6E,
FEEF,
FDDF,
002A,
02B3,
01A8,
00A3,
FDE6,
00CE,
FDD5,
FDED,
0248,
FD83,
0189,
0192,
FF7C,
00CA,
0013,
028E,
0009,
03AA,
FC74,
FD98,
00C7,
FF06,
007E,
FEC2,
02B3,
0065,
FDF7,
FDFA,
0281,
006C,
FF93,
0160,
FE4B,
0219,
02F1,
FD30,
017C,
0074,
00A6,
025C,
02DB,
0360,
FE4F,
0021,
025D,
024F,
FD86,
01DC,
02EF,
FEC1,
01BF,
0277,
0039,
02C0,
FFE9,
FD47,
0120,
FF6B,
FEFF,
0080,
FFB0,
00E2,
FECE,
006B,
01AA,
0085,
011A,
FF0D,
FFDA,
005D,
FB52,
FF9E,
017A,
FFFB,
005D,
FE44,
00ED,
00D3,
FFFE,
FF04,
FF3A,
0180,
FE5A,
FF8C,
0259,
FDB5,
FFCC,
011D,
010F,
FDFE,
010D,
FED9,
FED3,
FC0D,
FCEF,
FDA7,
FE2F,
0401,
FF86,
021A,
FFE7,
FD15,
FE98,
01DA,
FE7B,
00CB,
FECE,
0182,
001F,
0012,
FBCF,
00EF,
0016,
00C6,
00A8,
FDFF,
0162,
FF9D,
FD7D,
0098,
FE9C,
FE3D,
01A0,
FE15,
007A,
FE9F,
0180,
034C,
0240,
00D6,
0014,
0037,
FF14,
0344,
FEAD,
00A4,
012E,
FDC5,
0114,
FE22,
FFEE,
015D,
FE16,
0071,
0187,
FE83,
FFFD,
0164,
005B,
FEC5,
0109,
FE25,
003D,
0028,
FFD7,
FF7A,
FE32,
FDF8,
FFE7,
FEFD,
0254,
FFD5,
FE77,
FED5,
0201,
00C1,
FE20,
FEC4,
020F,
FEB0,
FF37,
018F,
FF37,
01F8,
FFA5,
0052,
FF9C,
0138,
003E,
FCB3,
0152,
FFD4,
025A,
0166,
0079,
0060,
004E,
FDB5,
FF58,
FF18,
0223,
000E,
00BF,
03FC,
FC41,
FE47,
FF75,
00CA,
FD8E,
0085,
02C9,
FFF5,
00B5,
FE5F,
0032,
00CC,
01D3,
FEF3,
FF3A,
0039,
FFFF,
019D,
017B,
FF09,
FF30,
FF7C,
FE8F,
0275,
FFA6,
FE53,
01E6,
FE49,
0217,
FECD,
FCA4,
FF7E,
FE4F,
0295,
FF46,
03FD,
01D0,
0060,
0246,
0002,
001D,
010F,
026B,
01D6,
FD76,
00B6,
00B3,
021C,
FE28,
04FA,
FE6B,
0053,
0133,
0189,
01A3,
FF87,
0059,
FFED,
FFC1,
FFE3,
FF49,
FEB9,
FEB3,
FDDB,
0140,
030E,
027B,
FF45,
FFE5,
FDC4,
FD48,
0183,
FEB6,
019D,
0280,
0276,
FACA,
FF2F,
FCDE,
FF7C,
FEFF,
01ED,
FE02,
FFFA,
0025,
0084,
000C,
FDB8,
0116,
02BA,
014B,
FFA5,
FF5B,
000F,
029E,
FF2F,
0288,
FFAC,
FE12,
FF9A,
FF09,
00BB,
FDCB,
FE69,
FE32,
0042,
FC76,
FDA6,
FED4,
0291,
FEE3,
01BD,
01A5,
01D7,
FE26,
FF93,
0262,
0256,
001C,
04E1,
FEC7,
FF65,
0195,
FDAC,
FF2B,
FE95,
FF0C,
0077,
FBF8,
00B6,
FE42,
FEE6,
023F,
FEAE,
0106,
01A9,
FEDB,
FFB4,
FFEE,
00ED,
0286,
0164,
FCEC,
FF0C,
0288,
0208,
FE14,
FEF4,
FFB6,
01BB,
FD52,
000B,
0080,
00CC,
FE3C,
0349,
FF53,
0120,
0137,
FE4D,
0056,
FFD0,
FF59,
002E,
00A3,
0110,
FCB1,
0047,
FDFC,
FF20,
FFE2,
FFEC,
FED4,
FE1D,
016D,
FF8E,
013D,
FF3C,
FE2C,
005F,
0154,
0145,
0095,
FE44,
FFA2,
00D2,
FF2F,
01F4,
FF96,
FDF9,
FF8A,
007B,
02DB,
007B,
0035,
00F4,
009A,
FF2D,
00EF,
0166,
FFD3,
00B6,
FF45,
FF6A,
00C4,
FDC5,
0079,
FE22,
0114,
FFC2,
00F3,
FEB6,
000F,
FF1B,
0001,
FE78,
01A1,
00E5,
FFD2,
002B,
FF80,
0142,
02C5,
FF19,
FDD1,
00C2,
FD1B,
FF59,
FF8C,
010B,
02D3,
FE9C,
FFE7,
01A5,
02C8,
020B,
022F,
FF88,
FE06,
FF28,
FEFA,
FF9C,
0002,
FFE7,
FD59,
FD9B,
FDF5,
FD86,
FFF6,
002C,
FEDE,
0389,
0334,
FF51,
0132,
FEBF,
03AF,
FE34,
00F6,
00DE,
FDD9,
0040,
0070,
FDEF,
FE13,
FFD2,
0082,
FC1B,
FCC9,
01FE,
0152,
019C,
FE9B,
FFD6,
00EF,
FF8F,
0216,
000B,
0157,
FFCC,
0055,
001A,
017C,
FE5E,
0211,
FE9B,
FF2C,
008E,
FC93,
0085,
FFCC,
0118,
FCB5,
FDA8,
018A,
0200,
0045,
FEDA,
01AF,
0259,
FE83,
006A,
000B,
005E,
FFAD,
038B,
00E5,
FFC9,
FE2B,
023E,
00D8,
FF6F,
0161,
0196,
01B8,
FF12,
FF02,
0181,
FE9F,
00FF,
FEE4,
0056,
0139,
FF37,
FEA9,
FE01,
FB8D,
FF49,
0239,
FFF7,
FF53,
FF66,
FF55,
FE30,
0122,
FE83,
FDBF,
0299,
016E,
FFEB,
FFE2,
FDDF,
FFA3,
FC4B,
FE0A,
FED3,
00F2,
01B6,
FFA4,
0070,
FE8E,
FFB6,
FF80,
FFDC,
FB7A,
05A4,
00E2,
FE3C,
FEEA,
FE4E,
FFE7,
FDFC,
00FA,
FE89,
FF89,
FEC4,
FF80,
007B,
FD7C,
010F,
FFA0,
FCA4,
004C,
019D,
FD2C,
FF5E,
FF9C,
FF89,
FFA2,
FEE8,
FF62,
FE79,
0102,
0109,
FF81,
008D,
0108,
FDAB,
0270,
0034,
FE20,
028F,
00CA,
0088,
FF04,
00FC,
0094,
0021,
FEBD,
0024,
00B5,
FFA6,
FEF8,
0073,
FFEB,
FFA6,
FF9F,
0240,
FE13,
0168,
010D,
0131,
05E7,
0571,
0329,
FE06,
0103,
FEB1,
00B7,
0286,
02E0,
FF7D,
FEC4,
FE80,
007C,
001F,
0446,
FD6D,
01AF,
FAFE,
01BA,
FF1D,
01BB,
FA2E,
FF73,
FE8C,
FE9E,
FEBF,
00F1,
FD5C,
FFE5,
FD46,
007E,
0206,
0293,
FE2A,
015E,
00E2,
014C,
000B,
FEE0,
0269,
FFF1,
02B2,
00C0,
FFBC,
FFB4,
FEC7,
026C,
FBF3,
0443,
011E,
0355,
0300,
024C,
FCF5,
FED9,
01F9,
00FB,
FE3E,
0589,
03FA,
0007,
FE3B,
0155,
FF2F,
0126,
02E2,
015B,
FF5E,
FFAF,
005E,
0663,
FA80,
034A,
02A9,
01F2,
0054,
FECD,
00F5,
FF1D,
FE50,
FDAE,
FFBE,
0079,
0093,
FFA0,
FF0E,
FC25,
FF3C,
01B7,
0266,
FF66,
00B3,
029A,
FD11,
FF31,
01F2,
FE86,
FF1F,
FFD4,
FDC7,
01EA,
FEE9,
FD85,
0177,
FFF5,
00A1,
0092,
FED5,
FD35,
FE06,
FFD3,
FE8D,
000F,
00EF,
FD94,
00A9,
FCC8,
FF1F,
FEA8,
01E4,
FD8F,
01D2,
02AC,
0059,
FEA2,
0259,
FFFA,
00D9,
FF1E,
FFB3,
019F,
FED5,
00F4,
FF10,
01F4,
024F,
012E,
FFD0,
037B,
0233,
FEEA,
FE41,
024F,
FE67,
FBEA,
FEC2,
002F,
025C,
FD5E,
0184,
FD77,
FEE4,
FEA1,
0106,
02C7,
FD93,
0074,
FF6B,
011B,
0213,
03FD,
030A,
012E,
FFE7,
02E8,
050C,
FF17,
FCAB,
00C8,
FF21,
FE95,
00E6,
00C1,
FF7A,
0169,
0341,
FCE1,
FED3,
FF1C,
FD15,
02E7,
0162,
FD47,
0176,
0343,
FFBD,
0138,
0083,
021C,
FF5E,
020F,
0070,
0070,
0201,
0173,
00DA,
FFD6,
FF58,
FDA7,
009F,
0040,
0170,
01B1,
FB60,
0129,
FF4B,
01C3,
0144,
FEF8,
FE7B,
FFE1,
FE5F,
02A8,
FF52,
FDC2,
FCF0,
03F5,
02A8,
FFD1,
FE3C,
FF5A,
FCDC,
013A,
FE7D,
FE52,
FE76,
00A9,
FF15,
FFF9,
FDD7,
0051,
0054,
FEB2,
0131,
0152,
FEC1,
01C5,
FE30,
FF9D,
FE9C,
0245,
004B,
0015,
0195,
0025,
FEBD,
00E5,
0225,
FEF1,
FFA5,
FF8D,
FDCF,
0076,
003F,
FEE6,
FF1B,
0061,
FD62,
FDFD,
008E,
00E8,
036A,
007E,
019A,
012E,
FD7B,
FDBF,
FDAE,
0002,
FC67,
FCAF,
010B,
FD97,
00F6,
FF74,
FFBC,
FE44,
008D,
FFDC,
F956,
012F,
01C5,
FBE9,
FE3B,
00DB,
006B,
0073,
FD0F,
FF20,
FFC4,
01CA,
00B5,
FF98,
FF52,
00BE,
FE7F,
007C,
FF34,
0052,
002C,
023A,
FFCC,
FD8F,
04FE,
005C,
FF20,
FEAB,
008F,
FF58,
FCC6,
01B3,
FD9E,
019F,
00FB,
FD1B,
0058,
FEA3,
FF26,
FDDB,
FF42,
0040,
01DA,
FEB1,
0023,
FEC2,
02EC,
FF11,
0295,
02E2,
FFB7,
01C7,
FFBB,
FDB3,
024E,
FEE3,
00D3,
FE38,
01A5,
01F7,
FF95,
033B,
FFCF,
FF1B,
012D,
FF14,
0265,
0166,
FD67,
FF13,
00B1,
FDBB,
0031,
FEFD,
01B7,
FFC9,
0038,
000C,
FFD1,
0240,
FFFF,
0069,
0063,
020F,
0102,
0088,
FE2C,
0237,
0075,
FFD3,
00C9,
FCA3,
FFFE,
012D,
03ED,
FF56,
FFB3,
FFC5,
FF8A,
FF27,
FE41,
00E0,
021E,
FED9,
FFFA,
FF50,
FE59,
014F,
FE0E,
00E5,
FF59,
0032,
0131,
00B9,
0050,
0092,
FEEF,
FE72,
FEBE,
FFFC,
FFE5,
FD11,
013F,
FEF0,
FC27,
FEBC,
0093,
FF46,
021E,
FFB6,
0279,
0150,
04FB,
FDD0,
0139,
0102,
FEAF,
FD5E,
FEAF,
FDFB,
FE23,
00E7,
FCCC,
041B,
011A,
FE43,
0224,
FFB8,
0190,
035E,
FDF1,
0127,
001E,
0284,
0129,
013C,
0269,
0376,
04D5,
FFD6,
0056,
01BB,
FF9A,
FF88,
0227,
FF21,
01A1,
006C,
FE73,
0090,
0190,
FF4A,
FFCF,
FABE,
036C,
0049,
0011,
FEAA,
FE21,
FF7C,
00CF,
FFD4,
FF31,
0007,
00D3,
00B3,
FCD9,
0171,
0093,
008F,
0009,
0153,
FF28,
017E,
017F,
FFDE,
FF54,
FF9A,
FE0E,
FF75,
FF33,
FF0A,
016E,
015D,
0229,
FDD8,
0081,
01E2,
004B,
FD04,
0050,
FDEB,
FF55,
016E,
00CD,
FFFA,
FEE9,
0142,
FED5,
019A,
FF31,
0030,
00C2,
036B,
FF5F,
0056,
FE54,
FE38,
FDB5,
0078,
FE89,
003D,
FBDB,
FF3E,
FFDF,
FEF9,
0011,
FE71,
02B2,
FC0F,
02D5,
013D,
FE7F,
0291,
01D2,
0088,
FF89,
001B,
0164,
FBBD,
FB0A,
FFEF,
FE9E,
012B,
FFDA,
0025,
0185,
FBF1,
FC8B,
0073,
FE15,
FF0C,
02B9,
FC80,
FFD9,
022C,
0224,
0243,
0004,
FF63,
FFEE,
FFFD,
FF8B,
FC8A,
0278,
01F4,
0007,
FFBE,
FCAE,
FFF2,
FF10,
FE52,
FF50,
FF9D,
FFA3,
FE35,
0197,
02BE,
FD3B,
FFB2,
00CB,
02B6,
FFCE,
0013,
FF93,
FCB7,
FED7,
010F,
FD27,
0064,
026C,
FD9F,
014A,
0046,
FF68,
FFF0,
FEE8,
FE2E,
FFD3,
03C5,
FEBE,
00E1,
0138,
FFC9,
FF99,
FEDE,
FF66,
FFBA,
023C,
FCF7,
FE20,
0289,
02F1,
FF7F,
00C6,
00AE,
FF76,
0040,
0184,
FF17,
FF88,
0044,
FE6C,
002E,
019A,
012B,
FE80,
022E,
FD42,
00D1,
02D3,
019F,
0211,
FFFC,
FF54,
01CD,
0159,
0234,
FF31,
0106,
FF17,
011F,
FE0E,
01B4,
FFD7,
FEF6,
01E2,
FEC2,
00E8,
0042,
01C1,
0291,
00A5,
018F,
FFC5,
FFF1,
033A,
FF48,
FEC6,
FFEE,
FEA3,
00C7,
007F,
0115,
FF5B,
02DF,
057A,
FD03,
0024,
01C4,
0030,
FB5F,
FF52,
0013,
FFDE,
FEFA,
00FA,
FEDA,
FEA3,
0110,
FEB5,
00B3,
00EE,
FBFB,
019E,
013E,
0123,
FF31,
0036,
FF3D,
0022,
FEFF,
FF32,
006B,
015A,
FE3D,
00B8,
FE84,
FF04,
0368,
03F4,
0079,
0055,
FFB9,
0333,
FF0C,
FE34,
0324,
00B7,
01FB,
FF47,
05B2,
FF34,
FE2B,
FDA9,
0066,
01E1,
003F,
FC99,
0186,
FFA2,
00EF,
FF84,
004C,
FEE0,
FC60,
FE31,
0552,
FBF9,
0011,
0259,
00FE,
FFF1,
007D,
FEF1,
00BC,
FFF4,
FBC7,
FE81,
02E2,
00C7,
0140,
0500,
0261,
00B4,
0306,
005F,
FF68,
0144,
FF0A,
FE6F,
FE39,
01FA,
0160,
FEC1,
02AC,
0104,
0107,
00E5,
0236,
FFF1,
FE8B,
FFE7,
04D1,
0202,
0138,
0128,
0315,
FDF5,
FF08,
0116,
006E,
FEB3,
FC51,
FF5E,
FF0A,
0176,
005C,
0535,
0287,
FDBF,
0085,
FDE0,
FFCB,
005D,
FCB9,
FDD4,
0120,
FD05,
01AB,
006D,
01DF,
FF7B,
FF45,
004B,
FEF9,
FFC7,
0087,
00D2,
020B,
FD7A,
FE94,
FFB5,
027C,
01CD,
0077,
FF76,
FF47,
0136,
00A7,
017A,
001A,
0224,
0318,
FD80,
0073,
FDFA,
FF83,
0223,
FD76,
01E0,
FF55,
0192,
FF50,
FF1E,
FF6D,
019C,
00F7,
FD68,
FFA1,
02F9,
0022,
FDA8,
00AE,
FEC6,
0016,
FE45,
0098,
FF56,
031B,
0024,
FD3B,
FFC3,
FA73,
FC88,
FDAF,
045A,
FED2,
00D3,
FF93,
00A8,
0229,
015C,
01D8,
0080,
00F6,
033C,
00D4,
0094,
00CD,
FF00,
FE34,
0274,
024C,
013C,
FEAC,
007D,
0262,
0160,
01F5,
FF73,
01CE,
FD35,
023E,
FFB9,
0156,
FF03,
FEA6,
FCB3,
00FE,
0082,
0177,
FFD7,
FCCC,
FFDE,
FFD3,
FF2A,
FE06,
01E4,
01EC,
FC53,
025B,
FF45,
007F,
00A3,
FFF3,
0184,
0261,
012C,
FEC4,
FF91,
FE6C,
FDD1,
0219,
01AB,
01F3,
FFE3,
0019,
FEA7,
FFBA,
FD09,
FFE3,
010A,
FF73,
0166,
00EB,
FEC0,
0031,
FF1E,
FEA2,
00A6,
0054,
FE5B,
0180,
0094,
FE6F,
FF30,
00E5,
00B2,
0341,
FC8D,
FD9B,
03B9,
FE1C,
00CE,
0022,
006B,
00BC,
FF46,
00EE,
01D9,
FDB4,
FE05,
FD3E,
028A,
FEED,
FE2B,
FFB9,
FDEB,
FE93,
001A,
FDF8,
01F1,
FD21,
FE1D,
FE5B,
018D,
0248,
FF24,
FD82,
0128,
03C1,
00A9,
FE79,
033A,
01FB,
FDC9,
0080,
011C,
FF27,
FE26,
FFEA,
FF88,
015B,
014F,
FF51,
021E,
0176,
021F,
FFA9,
FD6E,
FFC4,
0119,
0315,
020A,
00DB,
FF0E,
FCFD,
030D,
FF0E,
FF65,
01E6,
0122,
0025,
FF70,
02C1,
FE08,
00F3,
0182,
FFDC,
013A,
FFE2,
FFA9,
0040,
030B,
0110,
005D,
00D2,
0162,
FFAF,
FED9,
FD3D,
014C,
00C6,
FF60,
00F9,
FE89,
FF46,
01A1,
00BB,
0061,
FEC7,
FE6F,
01E4,
FF37,
0512,
00AC,
004B,
FEC6,
FD70,
009C,
FD37,
02A6,
FB49,
0374,
0184,
FECF,
0267,
0055,
FF8E,
FC57,
001F,
FFF4,
FE81,
00EF,
FE3C,
FE16,
0064,
FF26,
FF37,
FDAF,
02AA,
FDA9,
FDA1,
01A2,
FF9B,
FE87,
0186,
0165,
FFF9,
0112,
FCC0,
FD22,
02ED,
FF00,
FD17,
0108,
FDA7,
00AB,
FD89,
01F1,
FF9D,
FD88,
01EC,
FE25,
FF60,
FE9D,
037A,
FB07,
FBAD,
00F1,
017C,
00C4,
01A4,
00A8,
0240,
00C5,
FED6,
FFB5,
003D,
FEA6,
FCEC,
00AD,
FE12,
FF5D,
007D,
FF17,
01E9,
00C2,
0064,
00EC,
FF89,
FF82,
00A3,
FD48,
FF7B,
FBB3,
0173,
0096,
FDCA,
FC73,
01E6,
012A,
FF28,
FD5C,
0239,
FFA7,
00A8,
FDC7,
021D,
0088,
FD83,
0052,
FBFA,
0093,
0213,
FD4D,
FF43,
0156,
0130,
00BF,
0032,
0180,
FFDC,
00DC,
003E,
FEC0,
0006,
FFF7,
00F7,
FCF6,
FD84,
FEDC,
0112,
FE68,
02B3,
00B0,
0000,
FE43,
FF73,
FF54,
0064,
FD7E,
FEED,
FF1F,
0053,
FFAD,
0140,
FE8E,
FFCF,
00E9,
004A,
FF03,
01DA,
FD4A,
0429,
FFCF,
00E1,
0285,
FEBA,
009C,
FEBF,
0146,
FBF5,
00B5,
02F5,
0072,
FE59,
00AB,
0300,
FE80,
020E,
008E,
00B7,
01FB,
0034,
0048,
FEC5,
FDFB,
0067,
019E,
FEB8,
FD90,
00EF,
00AB,
FF20,
FF97,
FE27,
0147,
FF88,
FED0,
FE4B,
0045,
0161,
FF25,
00D2,
0248,
00F0,
FF3A,
01F6,
0190,
001C,
0119,
FE4D,
FF63,
0096,
00EB,
FFC1,
FFDD,
FFBA,
FDBD,
FFFD,
02F8,
FFC4,
004B,
FF69,
018C,
0007,
00CB,
FEFF,
0163,
FFFA,
FB81,
FF61,
0274,
FE1B,
FEFC,
025C,
02CD,
FE9A,
00C6,
FF66,
0153,
FF78,
002F,
0308,
FDED,
021C,
01B1,
0124,
0142,
00D7,
FCF2,
0259,
FF10,
008A,
01B3,
FD73,
FE46,
FDE0,
02DB,
0552,
00A9,
FE2B,
FFEE,
FE93,
01E3,
FBC0,
00B2,
0056,
FEEC,
014F,
FD7D,
FEBF,
0128,
01A4,
FDB0,
FD69,
009C,
000A,
FEE1,
01B3,
FDD8,
001A,
FEA3,
01F6,
FE41,
FF6C,
FFB4,
FE73,
FBEB,
FE52,
FEF5,
FCF0,
0395,
FFE0,
007D,
FE27,
FD2D,
00F2,
01C9,
02DC,
FD6A,
FFDF,
0087,
FF9D,
010E,
FDC1,
036C,
FF00,
0166,
FDC3,
0050,
0130,
017E,
0241,
01F0,
0284,
FD49,
0016,
02DB,
0346,
FE59,
00A7,
0337,
FE19,
00F5,
FCC3,
018B,
0159,
0233,
FF60,
02C9,
0161,
01A1,
0038,
002C,
00B5,
0045,
000B,
03DC,
003F,
FFA1,
FCF0,
FE2C,
FEAC,
FE73,
00AE,
00DA,
0130,
02A3,
FD80,
FF1C,
0410,
0232,
01F3,
FF8B,
FDE9,
FEA4,
014A,
0346,
0370,
007E,
0154,
FFB0,
0002,
0018,
FEFA,
00A8,
FF6F,
0262,
0297,
FE04,
FDBD,
0049,
0204,
FFFD,
FE6B,
0019,
02F9,
FFB8,
FECC,
FE06,
FFF4,
FE6D,
FFB2,
0131,
FD68,
0083,
01B9,
01AB,
FE94,
FD7D,
FC3F,
042E,
FF56,
FFDB,
FF53,
FFB8,
00E4,
FD96,
FFCB,
FE5E,
02CF,
FF81,
FEC0,
00CD,
FED4,
FD7D,
02E9,
02B9,
FC8A,
FF8D,
FE46,
FDC2,
0005,
0173,
FF07,
027B,
00CE,
FCC8,
FEFF,
FCC4,
0239,
FEBC,
0179,
0093,
047C,
0094,
FE50,
00A1,
0052,
01BA,
FCC0,
FE5A,
01F3,
0383,
006E,
031E,
026F,
FEC2,
FDF5,
02B6,
0399,
02E4,
0377,
04F9,
FF84,
FE88,
03FA,
FF0B,
FD5C,
FF1A,
FE5D,
FE30,
FCCE,
FFFC,
FD52,
FEA9,
024B,
FE47,
0089,
0201,
FEC9,
0239,
FFA3,
030E,
02F0,
002C,
FDFC,
FF6A,
025D,
01E7,
FEA8,
00E8,
FEFE,
01B5,
FDE4,
000B,
027B,
00CF,
000F,
0113,
FB9F,
FEF8,
007E,
FD81,
0169,
FE7F,
FDBB,
00AD,
011F,
006A,
01A2,
FF0B,
00B1,
01EB,
010A,
0231,
FE71,
005D,
0066,
FEA1,
00AF,
006E,
FF5B,
01E8,
0128,
FF0F,
FF7F,
0331,
00C7,
0450,
014F,
00DD,
015D,
FD5B,
007A,
0137,
FF0B,
FEBC,
00E6,
FFC4,
FF78,
FD10,
0224,
FF53,
FE4A,
0160,
0355,
0168,
FDB3,
FB86,
FFCA,
FD2A,
0144,
FE7C,
FECF,
00C1,
FF2F,
00DD,
FE8C,
0134,
FC69,
FE5D,
FFC6,
FFF8,
0038,
02A9,
FF7D,
00E0,
FDE9,
FD3E,
0043,
FDDE,
01DE,
0031,
FCDF,
005C,
00EE,
00EC,
FDD6,
01B9,
0251,
FD98,
0094,
FD3F,
0326,
01F3,
FFE9,
FE6E,
FFF7,
FE82,
FEEA,
0087,
FDE4,
FE01,
FDAD,
0268,
FEF1,
FE09,
FE6A,
FF8B,
0251,
001A,
FE77,
FDE4,
FEAC,
FEB1,
01F0,
FD64,
01BB,
0106,
FFEB,
FFCB,
FF71,
FF6A,
0136,
01B5,
0346,
FEE7,
0131,
0323,
FF07,
FE5D,
0004,
FDE3,
0204,
FF39,
FEAC,
FDA7,
FF9E,
023B,
0252,
0238,
FEAE,
FF62,
FE0E,
FEF9,
0262,
FFE6,
FE9C,
FE36,
FF10,
FE3C,
FFEE,
009F,
FEF4,
FF65,
FEEF,
FC49,
FE0F,
FE45,
027D,
FBFA,
FFB1,
0063,
FCD3,
FE72,
FF9B,
FFFF,
FF6D,
FF90,
0250,
001E,
0047,
01B8,
000B,
0016,
02C8,
FFA6,
00CF,
0123,
0164,
FF17,
023B,
FE04,
00F1,
0196,
01C8,
0053,
025E,
0095,
0044,
FCA0,
FF33,
000B,
0334,
FDE8,
FF74,
035B,
FF16,
FE33,
FE12,
FF0B,
FF99,
008D,
FD8C,
02FA,
FEF0,
0083,
0088,
FF67,
02A8,
FFE6,
0110,
0469,
FE3D,
FF71,
FF18,
0099,
0068,
0041,
01FE,
00D0,
01CF,
FFC3,
FF77,
0499,
FDFD,
FD2A,
0496,
036E,
FEEC,
01BE,
FDE4,
00F3,
FF1B,
0090,
02DC,
0234,
FE04,
FFEE,
FFE7,
0166,
FA86,
FF67,
00DF,
00C2,
FF79,
FC68,
FF95,
028E,
00F2,
005C,
FE36,
FEAE,
001C,
01E6,
045F,
FC19,
0021,
02A6,
01EE,
00E4,
FDEA,
FFD8,
FE4C,
FAF6,
FEA1,
FFA5,
FE52,
01C7,
FEDB,
0095,
00C7,
FD28,
FEAA,
0308,
0172,
0048,
FEEB,
00B5,
FFAB,
03C6,
FDA5,
FE7B,
FD7C,
00B2,
017C,
FF88,
0225,
0110,
FFCE,
FEE8,
FF59,
0177,
00F2,
01D5,
FFB2,
FED2,
FF5D,
FF25,
011B,
FF7D,
FFED,
FCAF,
FF1D,
FE2A,
FE1F,
FCD9,
FE09,
014A,
FF69,
FEC5,
0017,
FF10,
FD48,
026E,
00F1,
033A,
FED2,
015F,
02CF,
FF12,
01FA,
FF59,
027F,
FBAD,
01DA,
FF98,
FFD8,
04CD,
FFF9,
FC63,
0465,
0196,
FDB9,
0556,
FE63,
FFFE,
0266,
FE3A,
0255,
0341,
00F8,
004D,
0001,
00C2,
FE15,
011B,
FD69,
01BD,
0200,
FDEA,
0044,
FE12,
FF31,
0050,
0009,
0136,
FF6E,
FECC,
0196,
FFFD,
FB51,
FE01,
016C,
0058,
FEC7,
00AA,
02A3,
FE27,
0166,
0346,
0397,
02DA,
FEA2,
FE06,
0072,
FF79,
FE39,
0170,
008B,
0078,
0201,
FFBB,
FF29,
0032,
0246,
FE10,
00C8,
FD46,
FE6A,
FFD1,
020A,
FE07,
029B,
0110,
FE20,
0049,
01D2,
FE51,
0238,
005E,
0098,
0034,
0111,
FEA7,
037B,
01FC,
00BA,
009D,
FFD1,
FF59,
0170,
02CB,
FD65,
0023,
FF5D,
FDA7,
0046,
FC66,
0100,
0017,
01B8,
FF1A,
0049,
FFA3,
00DB,
FF18,
FFAA,
FFC1,
016D,
0059,
0210,
0011,
00EA,
FE82,
FE33,
0062,
0338,
FE84,
0097,
0065,
FEC4,
FE07,
FFB8,
01DE,
FFD6,
FFB1,
FF20,
0121,
02DB,
FE12,
FE6D,
0115,
FF33,
FF50,
FEB8,
FD5D,
0100,
FE8F,
FEF6,
0001,
038B,
0068,
FE09,
FF65,
0003,
0104,
FDB4,
FDEC,
022F,
FE77,
FFD5,
0165,
FE91,
FF1C,
0236,
FEF5,
FD58,
015C,
FE74,
0153,
FF3E,
0120,
FF96,
014B,
FCD5,
FF65,
0100,
00AC,
0110,
FE03,
FEEC,
00E2,
FF71,
0113,
009D,
FD5A,
FD19,
FFF6,
01EC,
FF4F,
00C6,
FF18,
0094,
0105,
FF46,
FCAE,
01FC,
00AA,
0081,
FF17,
0062,
00EE,
01B2,
FEED,
FFBB,
FD33,
0041,
0087,
0006,
0051,
FED8,
0136,
FEBD,
036C,
015F,
FDF9,
FFAA,
FF44,
019B,
FB54,
024D,
04EE,
FFEB,
FEA9,
FEED,
FF31,
045B,
036B,
FD1A,
020C,
FF19,
FDDF,
FF4A,
FEB1,
FE7E,
0299,
013A,
FDCC,
025E,
0173,
008A,
03A0,
02CC,
021E,
025E,
FDD1,
FFF5,
02AA,
FEE4,
FF51,
FFC4,
FC68,
FB90,
FF89,
011B,
FF43,
F84E,
FFF7,
FF91,
FD4B,
004E,
FE5C,
039C,
001C,
FFF5,
FCBC,
013D,
FE8C,
01E5,
FF6B,
013C,
FF8B,
0021,
FECC,
02AC,
032A,
0018,
00CC,
003A,
FD12,
FE22,
FEE1,
008F,
0129,
006C,
FE98,
0110,
01A7,
FE81,
009F,
FF22,
FD6C,
0090,
01DD,
018D,
FC67,
019D,
FFB3,
FDFD,
0109,
FEE7,
FF0C,
FF9E,
0094,
007C,
FF62,
FEED,
FF5E,
FD88,
0086,
FF2F,
FDBD,
03A0,
0090,
00CE,
FDAD,
0046,
0188,
FE89,
FDBD,
FCC4,
FE51,
01C4,
0268,
00DF,
00B0,
03A0,
00C7,
FFA6,
FB43,
0227,
FFDE,
00E5,
FDE7,
FD2F,
FE86,
FDB2,
FE95,
FE8E,
FFB0,
FDD3,
FE1C,
FFC8,
013E,
FDE4,
0083,
FBFE,
015E,
0195,
0018,
FEDF,
025E,
00DC,
FE61,
0315,
0256,
FFF5,
FFE6,
FF60,
FF91,
FF88,
0076,
FF7B,
00CC,
FF00,
FDAA,
FF47,
0032,
FF8F,
012C,
FE33,
01A8,
FF4B,
0223,
FE14,
FD26,
0081,
0137,
FEC3,
025D,
FFE4,
00C5,
FF7A,
0345,
FEBB,
FF28,
0195,
0243,
FFA4,
FFF0,
0025,
FF4F,
000D,
FF6A,
0020,
FEE5,
FD10,
00CB,
FE54,
011D,
0138,
FD90,
0081,
00A6,
FF6D,
FE68,
FDB7,
FD70,
0294,
01F5,
01A9,
0009,
0236,
04CE,
FED5,
FF82,
008B,
FDAD,
00E2,
01AD,
FF72,
FFD1,
FE30,
03B1,
FFD7,
002B,
FBF2,
FF80,
031D,
FD50,
FF3D,
FE93,
038B,
0005,
00EF,
FE30,
0215,
0068,
FBF0,
FE1A,
FFE5,
FEA1,
FDEC,
0140,
FFB6,
FD9D,
03C8,
FEEC,
FBCE,
FD2A,
FD40,
FF0E,
FF64,
FEAA,
0079,
FEA3,
0040,
FD7D,
FD7F,
02A8,
FF69,
02BD,
FF60,
0284,
0090,
FD23,
FD0C,
029A,
FF9C,
FA60,
012C,
FCA5,
FECD,
FE56,
FF32,
FE82,
011F,
03E9,
FECA,
020B,
FD0F,
FE30,
0116,
020D,
0248,
0054,
021B,
FECD,
FE09,
FF93,
0025,
FF39,
FE13,
00EA,
FFD0,
FFD6,
0051,
FF30,
FFD9,
FF61,
0100,
00D8,
FE31,
0341,
01F1,
FDB7,
00DF,
0010,
0084,
FEFE,
0186,
FE82,
FF1F,
0015,
FE7F,
FF5F,
0299,
015F,
FE72,
00C9,
FF46,
007D,
0185,
FFAA,
014E,
FE19,
FE46,
FFA2,
0114,
04B5,
FEC8,
FEA8,
FF04,
FD60,
FEF6,
01ED,
01CE,
FFF1,
FFF0,
0034,
0076,
04AE,
FCDE,
FDAC,
00EB,
0197,
FDEE,
FF6F,
006F,
02B9,
02EC,
0056,
0096,
027C,
FED5,
FE6F,
006F,
0117,
FF84,
FF71,
008D,
002C,
FFD7,
0005,
FDF1,
020E,
013A,
FA4F,
FF3D,
FF61,
FF00,
FC76,
FAA4,
00C5,
00EA,
FF88,
FEA8,
0247,
FFDB,
01CE,
FE11,
0220,
0057,
FF18,
01B5,
FE38,
018F,
0393,
0134,
FDE5,
015E,
FE1D,
FFBF,
FFE0,
0045,
FDB1,
FF7D,
02D5,
FDBE,
0279,
0071,
FE26,
0268,
02A0,
FF80,
FD88,
0169,
000B,
0124,
FFCC,
00CA,
FE35,
022C,
0096,
00D3,
FE4F,
FD8E,
00EF,
FF41,
0288,
0265,
001C,
FF77,
FE0F,
FEA7,
FD5D,
01CE,
012A,
FFBC,
FE0B,
FDED,
042B,
FF9B,
FC62,
FE28,
012A,
FFEF,
0154,
FEE7,
0446,
FEAC,
022A,
FF0D,
01AA,
02BB,
0043,
026B,
FEE7,
FFDD,
00C6,
044A,
FEFE,
FFFB,
0276,
0098,
FEB5,
0207,
FCB0,
0250,
0206,
01AF,
00C4,
FF4D,
012A,
FE48,
0324,
FEC5,
0060,
FECA,
00F2,
0137,
FE3F,
FEE1,
0325,
00BD,
010F,
FF6A,
FE26,
00DA,
0336,
0106,
00F9,
FDC3,
0083,
FEA2,
0132,
0030,
02B5,
0267,
002B,
0238,
0022,
010E,
0204,
0172,
009E,
00BD,
002B,
FEAF,
00AC,
02FF,
FE3E,
FE5F,
FE41,
FF82,
00A2,
02D4,
FCD9,
FFA4,
FD7E,
FE55,
007A,
FF45,
024C,
012D,
00BB,
FCED,
02D6,
01F2,
FCA7,
0337,
FECF,
0216,
FFB9,
059D,
0055,
FF7C,
FF4D,
FFF8,
002D,
01D7,
013D,
FF64,
0067,
FE50,
FF7E,
030F,
003B,
FEFD,
FCD3,
00F4,
FDD3,
0001,
0076,
0601,
0150,
FD73,
FCAB,
FD50,
002A,
FED9,
0063,
FF54,
FF97,
0162,
0108,
00DD,
00B2,
FE38,
0200,
FFC1,
01EF,
0116,
00A5,
FFBA,
013F,
0341,
0076,
00C9,
0007,
0162,
FEEB,
01C1,
FFA4,
FF93,
0066,
015A,
00D0,
FEBB,
FE13,
0198,
FF3C,
FBD8,
0074,
FFD2,
00A8,
0441,
036C,
0116,
FD79,
0186,
0060,
0041,
002D,
FFEC,
FF6E,
FF27,
0003,
FEC5,
0253,
FEC6,
0142,
0415,
FEEE,
01D8,
FFC9,
FF24,
00C7,
0015,
FEA3,
FE11,
FF8B,
0014,
01B4,
FEE0,
FF50,
005F,
FF1A,
02AE,
00C3,
FE69,
0342,
FF47,
FEF3,
FE5C,
FFFF,
01B9,
FF35,
FD9F,
FBFA,
0118,
FD89,
FE06,
0027,
FF46,
0179,
FF68,
FD20,
0342,
FEFC,
0268,
FE5B,
FFCA,
FFC5,
020E,
0198,
FF16,
031E,
0353,
FF15,
FE96,
FEBB,
006F,
0266,
0168,
FE49,
FDB3,
0188,
FE61,
FD9F,
0145,
00A2,
0148,
000B,
0016,
0130,
FFBF,
00D9,
FFAA,
01C4,
FD56,
0204,
FE1D,
FE80,
011F,
FDD5,
02C6,
FF4B,
FF43,
007C,
01D7,
005A,
0133,
01AB,
00A3,
0035,
01FB,
0091,
018C,
FC8E,
01A2,
0054,
010A,
FF0F,
0284,
FC9B,
0072,
0294,
0113,
FF5B,
FE52,
FF05,
0375,
0194,
002C,
FF12,
FF63,
FEBD,
007B,
FFC9,
FF0F,
FFE4,
00AF,
0069,
FEF8,
02EB,
FFBE,
0083,
0218,
FEDE,
FC5F,
FC85,
0069,
0295,
0128,
0197,
0094,
FE89,
01D8,
FCAB,
FFA0,
FF41,
FE95,
011A,
FE59,
FFBD,
0114,
0315,
FF43,
0011,
FFEA,
FFEF,
0164,
0228,
0329,
FF69,
0048,
04E7,
FE25,
FFCE,
FE1E,
0150,
0112,
F94D,
02BE,
FD64,
00DD,
00D4,
0083,
0057,
0002,
FF22,
FE1F,
0078,
FDB4,
FFB9,
0147,
FF30,
003D,
FE1B,
0028,
FD5D,
FE5A,
FF40,
0293,
024D,
0291,
01AA,
01B1,
0127,
04E2,
0201,
FD60,
FE80,
FCFE,
FD53,
FEF3,
00B1,
FFEE,
005D,
FFB0,
FF96,
FC8A,
FE21,
0278,
0263,
0156,
FD76,
035A,
FF0C,
00E9,
0133,
FD64,
0229,
FCBE,
00DD,
FF12,
0230,
00B9,
FFB9,
FF91,
0159,
0057,
FD9A,
FD14,
FFDB,
FDF0,
0099,
01DE,
031C,
FF8E,
FE48,
FC44,
010D,
FE15,
FD6A,
0122,
0094,
0401,
FF97,
FF76,
00FC,
0021,
004B,
FA6E,
040B,
FD93,
FD50,
021C,
FE2A,
FB35,
FE50,
01CC,
FE4A,
FFDB,
0011,
FEBE,
FD42,
061C,
0201,
0149,
FCA8,
FE59,
0084,
0072,
0134,
FEFA,
010C,
02ED,
FC04,
FF96,
FE56,
02DF,
00F7,
0002,
FC86,
FE7A,
FDAD,
FD5B,
0279,
FF5C,
FD0A,
F9B5,
0175,
0077,
FD0D,
FDEC,
FEC4,
0369,
FF67,
019A,
FF78,
01BF,
FF03,
FFDD,
0391,
019D,
0070,
00AE,
0063,
FEAE,
FDC1,
0004,
FE3D,
040C,
020F,
0014,
02C2,
FFA0,
FCF0,
FD81,
FEA4,
FF70,
FF3F,
F9DB,
FC70,
FB6D,
FDF3,
0512,
00AA,
FD23,
FFC0,
FE79,
FEEF,
0108,
FEC2,
0039,
FFDB,
0162,
02C7,
FE2C,
0167,
FEA5,
FC5C,
00E3,
0156,
003C,
043E,
FCCE,
FD4E,
0291,
0148,
0035,
FD4A,
011A,
FFBC,
0016,
F7D3,
FECD,
0079,
01B7,
FE22,
00B5,
FED3,
FFEB,
0044,
FF14,
0065,
FC5A,
FEC0,
FF46,
0131,
FD4A,
FF95,
FF40,
FDF6,
FDF2,
014C,
0035,
FE43,
005A,
FF54,
FEC9,
FBBC,
FF59,
FC87,
01FE,
FE7D,
01BC,
0121,
0347,
008C,
01FC,
0011,
FF4A,
00CC,
FFF6,
0042,
024B,
FDE0,
FFE9,
0280,
0151,
0178,
FFC3,
001E,
FFD8,
025B,
0019,
0202,
0096,
011F,
00B3,
00EF,
01AC,
FF6D,
01B4,
FF91,
020C,
01BB,
006A,
FED6,
FE58,
0155,
0077,
FD03,
0329,
FE52,
FFAA,
01DD,
FF44,
FE6C,
003A,
FF11,
FE5E,
FF28,
00E4,
00A9,
006C,
FDE8,
0033,
0036,
FF2B,
00FD,
FF00,
FEE5,
FE01,
01A1,
FFFE,
FE1E,
0036,
FF1D,
FE84,
FFD5,
FC19,
FE80,
0007,
022C,
FF60,
FF16,
FFF5,
FE1B,
FF12,
02F6,
FF8D,
00A0,
FF69,
01D7,
00D4,
017A,
FC63,
FEB3,
0167,
FE84,
013A,
FD12,
0048,
0223,
FD8F,
02B1,
FE9C,
FD9E,
FF20,
0141,
0188,
FF5A,
FBD7,
00E5,
FDF2,
FE7D,
0473,
FD12,
033D,
FE08,
0147,
FF89,
0392,
00E1,
FF98,
00AA,
0044,
FF07,
0364,
FDB2,
00DF,
FF29,
042E,
01BC,
FD0C,
FD49,
FE58,
FF29,
FEA8,
0085,
FBD5,
0339,
FF62,
023D,
FFDE,
FF2D,
FF4F,
011F,
034B,
FFB2,
FFE4,
00D9,
FDB1,
0141,
00A1,
0010,
FC97,
0021,
FE91,
0258,
001A,
00ED,
0032,
0019,
00B1,
00FA,
FF1E,
FF55,
0378,
FDE0,
00A1,
0270,
FF18,
FFCF,
FE37,
FF89,
0029,
00BC,
0011,
0177,
FC97,
02D2,
0012,
01BA,
FDF8,
0185,
FF38,
FE8C,
0119,
0193,
FF49,
02A5,
FF0D,
017A,
02AD,
00C3,
FF03,
0189,
0310,
03A4,
FFC0,
FF44,
FE55,
FEEB,
FFC7,
FF58,
0206,
00EE,
0084,
001A,
0265,
FF79,
FF7A,
FE5C,
FF71,
023C,
01FE,
0097,
01AD,
020F,
FEE0,
0162,
0002,
029B,
003E,
FF25,
FD8F,
FF87,
FE36,
FEC1,
0143,
FFA6,
0136,
FCDB,
FE39,
0184,
0131,
0224,
0300,
020E,
FE28,
00D3,
005A,
FE4C,
FED5,
01E9,
02CA,
FD9D,
FE86,
0015,
FDB8,
FD92,
FD72,
FEED,
FF18,
004E,
035D,
FF1E,
FE10,
FCE5,
00F7,
FCB2,
FE06,
0001,
FFFD,
0218,
011A,
01EF,
010F,
FDFB,
FD8C,
0167,
00BA,
014E,
0374,
FFC4,
FD70,
01BC,
FF38,
01FA,
005B,
008E,
0103,
FF3C,
FE7B,
FDE7,
0172,
FEEE,
FF17,
0046,
0154,
FD83,
FE94,
FF6E,
0129,
FD56,
0054,
00EC,
FF98,
FD7E,
FECD,
FF17,
FE8B,
021B,
0263,
FD36,
0073,
FE89,
02F5,
00F0,
FF3D,
FDCF,
0255,
0178,
01D2,
FE7F,
0088,
FF61,
01B3,
00D4,
002A,
00C7,
FD1E,
0070,
FFE0,
FD3A,
002F,
0294,
022E,
019F,
019E,
0293,
FD7B,
0049,
FDF1,
FE00,
0174,
028C,
FED7,
FEAC,
02A3,
00C4,
01C3,
FF52,
0187,
0151,
FEFC,
FF95,
FF5E,
01F3,
014A,
FE2D,
FDEB,
FEA6,
02A5,
FFE2,
FF56,
0381,
FD9A,
FDAB,
0141,
00A6,
FF20,
019F,
FE38,
FFE9,
010C,
01B9,
0047,
0194,
FD21,
01AB,
00C0,
FCB3,
0052,
FDFA,
FFA3,
0384,
00B0,
00A4,
FE35,
FEBC,
FF35,
FF07,
036C,
00AD,
FFBE,
0261,
FEFE,
FECE,
FFE0,
039E,
01B9,
FE40,
FF95,
FF8B,
FEAD,
0290,
00A2,
FF09,
019C,
0086,
FE1F,
0325,
0181,
FEA7,
0134,
0080,
032A,
01BE,
0245,
0022,
00A2,
0051,
0101,
0158,
005B,
0322,
FFB0,
FE19,
FF5D,
FE23,
FD8A,
FFB8,
0083,
0208,
FEA9,
FD30,
013D,
005D,
0040,
0536,
FEED,
FFF3,
00EB,
FECB,
04A5,
FFCC,
0058,
0130,
FCE6,
00E3,
02D0,
00BE,
FCD0,
FFBD,
0244,
FCEF,
FE0C,
FE90,
02D2,
0226,
FE44,
009D,
FEE6,
006C,
0166,
0043,
FF4D,
012D,
0036,
0137,
0102,
0003,
FCAB,
FE34,
0047,
0334,
FECE,
01D7,
FE8B,
0215,
FD10,
FE1B,
FFAC,
FF10,
00DF,
FF10,
FE95,
0149,
FE31,
0050,
0039,
01A5,
FFB1,
0366,
012E,
FE7A,
0038,
FFB4,
FD95,
00F1,
FFD9,
01FC,
FFF3,
FFAF,
011E,
00B7,
01C6,
FE2E,
00D7,
0292,
FFD1,
FF64,
0123,
00FB,
FFB0,
0028,
014C,
FF55,
FF9E,
FEBD,
FD40,
FDF5,
0129,
0317,
FEE8,
FF3C,
008B,
0080,
FFE0,
FDD3,
FFE7,
0135,
0203,
0042,
00EA,
0356,
01EC,
00C7,
0116,
FDE5,
FE6D,
008E,
00DC,
FDF3,
01B5,
FFCA,
0094,
0078,
0052,
03A6,
0088,
FF87,
FFF7,
0217,
0046,
0161,
0060,
00FD,
FE47,
0470,
004D,
FF0B,
03B8,
018E,
FF38,
FF82,
FE5D,
FF24,
0136,
FCA4,
FACE,
FD4C,
0100,
0117,
FF57,
FEE2,
00DE,
FF7B,
0130,
0153,
FD0E,
0246,
008F,
FE8D,
FF2E,
0045,
FD0E,
FF2F,
017C,
02D4,
FFFE,
01CD,
FE00,
0283,
010B,
FFA3,
0157,
001B,
021F,
00DF,
010E,
FE25,
01EF,
FCC7,
01A2,
FF60,
01C4,
FDCA,
FF78,
0135,
FFE5,
FF88,
00D3,
FD2C,
FD58,
FCE9,
022A,
0125,
FF0C,
FF7F,
00B1,
FEAB,
006B,
01BE,
0086,
FFB3,
FF5D,
FFDF,
FD5B,
02E2,
0129,
FE89,
FC46,
FDA2,
02C7,
FF62,
0214,
01FF,
0190,
FEA6,
FE62,
FE34,
0258,
00A2,
FDFE,
017A,
015C,
01F9,
FFD0,
0558,
0172,
FF00,
021B,
0072,
FE6A,
FE5A,
00B0,
FFEE,
FD85,
FDFD,
FF1C,
FE9A,
FEEF,
FC6D,
022F,
0165,
FD38,
001D,
02D2,
FFA7,
FE15,
FB18,
FEB1,
FE84,
04B0,
0047,
0227,
005E,
00AB,
FFB5,
FFB3,
02C6,
FFCF,
0102,
FE2B,
FFB7,
023E,
00A9,
0062,
02AF,
0154,
FFF6,
FEED,
FE5A,
00A6,
FE5D,
016D,
0135,
FF46,
0094,
FC93,
0217,
0135,
FFD3,
FF49,
037D,
00C1,
017C,
00A2,
0039,
01E8,
0229,
FF70,
01FC,
FE2B,
00F0,
FD9A,
FDD8,
FD8B,
FCD5,
0190,
00C3,
FF5F,
0092,
FDCF,
FEEF,
04FE,
0411,
00A4,
FD55,
FD65,
FF73,
000A,
0109,
02C0,
00CE,
0147,
0266,
0066,
FD97,
00E6,
FF8C,
0230,
FE25,
FF24,
0009,
FF3E,
0197,
FE1A,
0170,
01EE,
FF92,
00B2,
0257,
FF0C,
FE75,
00E0,
FD4A,
00E5,
03BD,
0204,
FEDF,
FF58,
0076,
FF3F,
02A2,
00E4,
FCEB,
FFD9,
008A,
FF8A,
013D,
01AC,
02F0,
01BD,
010F,
FE34,
0053,
01CC,
00DA,
00A1,
0228,
0100,
0085,
026D,
FF24,
FEA2,
FF48,
FE9B,
0193,
0100,
00C0,
000F,
0150,
0177,
FEB8,
0219,
0168,
FFAE,
00A5,
FF27,
01A9,
0216,
FC60,
FEB3,
0109,
002F,
0135,
FF6E,
FFF8,
048D,
0047,
FFCA,
FE55,
019B,
00C1,
02C7,
FFC7,
029C,
FDA8,
0102,
00BE,
FFE6,
00ED,
FFC5,
0147,
0030,
FE4C,
00A8,
0003,
000C,
011D,
015E,
FE55,
FE8B,
0024,
FF44,
FF98,
FDD2,
FF7A,
FF87,
01D5,
0128,
0147,
FE16,
01E4,
019C,
015E,
FF0B,
0059,
FC97,
019E,
0145,
01F1,
FFAC,
FFC4,
FEA0,
052E,
FFFB,
0156,
016D,
FFCB,
FF0F,
0048,
01BE,
FEF3,
FFB3,
FF2E,
025C,
FE1F,
004C,
02FA,
FFD5,
FD29,
01B5,
FE36,
FF37,
FF7B,
FFE2,
0068,
0213,
FC18,
FC3D,
023F,
FE50,
00A0,
FF66,
FE4C,
00AF,
FE6D,
FD28,
FF44,
FDCB,
FBFC,
FE98,
00AE,
0105,
009C,
0212,
025A,
0068,
FCBD,
011C,
FEBF,
0131,
FC7A,
FF57,
02A8,
FDB2,
FD9D,
0300,
FDAB,
FE18,
FEC9,
FF57,
FE12,
FE84,
010E,
FDD0,
0041,
FF54,
FDAA,
FE57,
0019,
FF51,
FF1D,
024D,
FBF3,
0259,
0046,
0057,
012D,
FF59,
017B,
FD0B,
0194,
FE65,
FF4F,
0053,
FD85,
FFC5,
0021,
FB6D,
FCAE,
FFA8,
0139,
FE45,
FF16,
00F5,
022E,
F9E3,
021A,
FDA7,
0217,
01FF,
011C,
0008,
018C,
FEE7,
FFE7,
FF0C,
0134,
0264,
009C,
00E1,
FD2F,
FD27,
FF35,
FDA3,
033C,
FEB9,
0010,
FE51,
0028,
FE89,
FE23,
FFB3,
FFC0,
0018,
03FF,
0011,
FF27,
FF86,
00B3,
0322,
FDEA,
0104,
0137,
0004,
FE4E,
FF1B,
FF49,
FD2F,
FF45,
0036,
FFC0,
0139,
0131,
023C,
FED0,
02A3,
FFB7,
FE57,
01DF,
02B1,
FF30,
FE73,
FBF8,
F947,
0331,
029B,
0040,
0324,
0139,
017A,
FE4E,
0428,
02F1,
012D,
FF26,
FD6D,
0370,
FA4A,
FBF4,
FE1B,
FDBD,
FFC7,
006F,
FE28,
007F,
FB2A,
0214,
FC81,
FF6B,
0367,
FDF7,
FF61,
FF91,
02A6,
FDC2,
FB66,
012E,
05E5,
FFB6,
00ED,
0010,
0245,
FDD5,
011E,
01B6,
02DC,
0288,
0106,
FE89,
FE6D,
FFF6,
00FA,
005D,
FF80,
0278,
005A,
0134,
FFF9,
FE92,
FECC,
011A,
01E0,
FF67,
FF9B,
FF48,
0056,
0032,
FE7C,
FF82,
FE50,
013F,
0182,
0219,
001B,
019F,
01BE,
FFDD,
FF58,
FFC8,
0256,
FF5A,
FB98,
FEEA,
0399,
00FB,
0022,
FF65,
FFF0,
0264,
0085,
0100,
FE4F,
FF03,
01FE,
FE23,
FE67,
00FC,
FE88,
01CC,
FFCE,
FF5B,
01D8,
0194,
FE1A,
FEF1,
00F5,
00E6,
FFAC,
02AA,
02BA,
FF6D,
00D7,
001D,
00EF,
FE1A,
0050,
0281,
0162,
010D,
007A,
0081,
FAEA,
012A,
FE57,
00E8,
0136,
0038,
FDD8,
03F9,
FEA7,
FD53,
0116,
01E9,
FF79,
FF4E,
00AE,
0119,
FE71,
FE14,
FDC1,
00DC,
01A7,
023E,
FF94,
00FC,
0150,
FE36,
FF18,
FDF7,
FE75,
00CE,
0125,
015C,
FE3E,
0165,
FDBF,
0043,
FC3F,
FF55,
FC46,
FF2A,
012A,
FD9C,
0029,
0127,
FA8A,
FD47,
FE23,
FE54,
FDDF,
007B,
013C,
FF6B,
0015,
0231,
FEBC,
FEEC,
FE1E,
028E,
FE37,
FE91,
01AA,
010C,
0097,
032B,
FD52,
016A,
FEB5,
00F4,
FF30,
029A,
FFAF,
04BF,
FE0D,
FF34,
02AE,
0330,
0122,
FF52,
0113,
00B2,
FF31,
0015,
FEF5,
FF3B,
006B,
FFED,
0136,
005C,
FFFF,
FEA8,
FDA6,
FCDB,
FEF2,
FF8E,
0030,
004F,
FBDA,
015D,
FD43,
FF95,
FAD0,
0046,
FCED,
00BA,
01A5,
FF1F,
FF56,
024E,
FD90,
FA84,
01A5,
FF37,
FF56,
0055,
0138,
FDCD,
FEFA,
0035,
FF19,
0117,
FDC2,
027F,
FEC6,
FFE7,
FDEB,
FF9E,
0035,
FDEE,
FDA1,
FFF5,
FFFB,
FF44,
016E,
FEFB,
FF46,
FEC8,
0012,
0129,
FE9E,
0175,
FF32,
FD28,
001E,
00F4,
FD7F,
0047,
018C,
FEE5,
FF95,
FED1,
01CF,
0085,
FDB2,
FE03,
00D2,
00AA,
0038,
0220,
0059,
0431,
FDED,
015D,
FE9A,
FFE1,
FF93,
03A3,
01C0,
FECB,
FF34,
0119,
00BD,
0307,
FD93,
FEAB,
FFF4,
FEDC,
FD63,
FD92,
FE5C,
FE32,
0158,
007D,
0085,
01F9,
007E,
004E,
0247,
0126,
FFBF,
001B,
FE44,
FE06,
017F,
FE59,
FFCB,
FDA1,
0319,
0290,
031F,
FECF,
02CF,
00AE,
FF86,
FEF3,
0093,
0392,
FEA3,
FD1F,
0364,
FE20,
01D7,
03B8,
FBC0,
0080,
FE3B,
FB8B,
0060,
015B,
0105,
009B,
FD56,
FFBE,
0161,
0078,
00EB,
00D0,
019D,
012D,
01D5,
00A7,
026B,
01A7,
FF2A,
0106,
0228,
FEA9,
FEFE,
FE3B,
0111,
FFDD,
0110,
FF4B,
0242,
FE63,
01FA,
009C,
FE1B,
FFFA,
012A,
02C2,
FEE7,
0058,
02A2,
01EF,
FF63,
FF1C,
FE3B,
0060,
FFD0,
0156,
FF5B,
0197,
FF7C,
01A4,
FE06,
005F,
FCF8,
FEB2,
010A,
0102,
FD6F,
0307,
0140,
02D2,
0103,
FF23,
02FA,
FAE6,
0126,
FF76,
FEB6,
FDBD,
00C8,
FF3A,
FE6A,
01A5,
01D6,
FDD4,
FE3B,
01CF,
FE6A,
01BB,
FCE5,
00C3,
0496,
00E6,
FFAF,
FB8A,
FFB9,
FEDD,
0379,
013A,
FDED,
006A,
00E3,
0277,
FEE8,
00C7,
03F2,
FFB2,
00A1,
FF7E,
01E4,
FE77,
FEB9,
FC20;
