FFFFFFEBBCC3
FFFFFFB667CD
00000002BDB1
00000020627A
FFFFFFD24055
FFFFFFE23D30
000000216CDB
FFFFFFF5CBF8
FFFFFFE8B51F
FFFFFFDC6D26
FFFFFFC61310
FFFFFFCD455A
FFFFFFB215D3
FFFFFFF89060
FFFFFFE72E01
FFFFFFF6A799
00000016F8EE
00000051F452
FFFFFFEB8135
FFFFFFE6A6ED
000000053FA0
000000285394
FFFFFFEBB1AE
FFFFFFEBDB09
FFFFFFE90F76
FFFFFFC05CE0
FFFFFFCC9526
000000004B0C
FFFFFFF59F5F
0000001CED41
FFFFFFB677E8
0000000412FC
0000003E0E0A
000000699AEF
FFFFFFD02FE9
FFFFFFD396B4
FFFFFFE784AD
FFFFFFE01488
FFFFFFE9C467
FFFFFFC6E8DA
FFFFFFCE6EC4
00000004C7A4
FFFFFFF73537
0000001D7163
00000001D406
FFFFFFDA7E18
0000001C82AE
0000006994AA
FFFFFFE7520A
FFFFFFE3F7D2
FFFFFFE7E806
FFFFFFCEAFF6
FFFFFFC48992
FFFFFFEB4BDC
FFFFFFD52DAB
FFFFFFF2C9B6
00000040B47E
00000031C36D
000000164CA1
FFFFFFE821CD
FFFFFFF11FB6
0000004AF512
0000004E6FA9
FFFFFFE579D1
000000094882
FFFFFFEC0290
FFFFFFD4A791
FFFFFFEBB5A2
0000000BBDD2
00000016E368
0000005997A5
0000000F8114
FFFFFFDA76AD
FFFFFFDAFECB
FFFFFFF02F1B
0000000FC509
0000002892BA
0000004349CD
FFFFFFFC7151
FFFFFFFA6F96
FFFFFFF7DB89
FFFFFFF02F79
00000004D17B
00000004A51E
000000361C90
FFFFFFEB52B9
FFFFFFD02F89
FFFFFFCC3F09
FFFFFFC71113
FFFFFFE04C54
FFFFFFE72F5B
00000036AF8B
0000001DD633
FFFFFFD847A7
FFFFFFE746BB
FFFFFFD5B377
FFFFFFEC1E5B
FFFFFFF8D2EE
000000639C00
FFFFFFBC0506
FFFFFFBB8047
FFFFFFCB8480
FFFFFFD4610C
FFFFFFE78BE4
FFFFFFE5A259
00000008A2EF
00000043BFC2
000000072680
FFFFFFD35137
FFFFFFEA1DDF
FFFFFFE3AC81
00000008A415
000000516C9E
FFFFFFF9A8C6
FFFFFFEDE806
FFFFFFE119D9
FFFFFFF9103D
FFFFFFD9457E
FFFFFFE660AA
FFFFFFE61D68
0000007B6567
000000442231
FFFFFFDF12FA
FFFFFFE9066C
FFFFFFEC648E
0000000C6FC8
0000001E8409
0000002863B5
0000001A9C8D
0000001B8200
FFFFFFF037E4
FFFFFFD0A288
FFFFFFD5C042
FFFFFFCA9D58
000000035966
0000000FC04F
000000336BD0
0000000401D0
FFFFFFFEA865
0000001238A9
00000012176E
00000014909D
000000403631
000000005D64
FFFFFFFA3673
FFFFFFF18461
FFFFFFE3A934
FFFFFFD57526
FFFFFFE0FF41
FFFFFFD9A277
FFFFFFE64F5B
FFFFFFF30D1E
0000000908D7
00000044659B
FFFFFFFBE082
0000000B5C4F
000000535017
FFFFFFFBC287
0000000F1B9D
FFFFFFEA96E5
FFFFFFD0A159
FFFFFFDEE639
FFFFFFD294F4
FFFFFFDECA30
FFFFFFED1CF9
FFFFFFDB1FF7
FFFFFFD184EA
0000003A7882
000000046597
FFFFFFDB1053
00000017C5A7
00000006B8A5
00000007C523
00000009BC4D
FFFFFFE8612A
FFFFFFD2113B
FFFFFFD2F4E2
FFFFFFFD63C1
FFFFFFFD99EC
FFFFFFEB9B92
FFFFFFE9B83C
0000003B8D9A
000000172EC1
FFFFFFF49183
00000000932B
FFFFFFFB0E8A
0000000DE105
00000020CE03
0000002A1C4C
000000064FDC
00000022BE5D
0000000DD559
00000015FA48
0000000AF261
FFFFFFFB8C55
0000003EE976
FFFFFFE44225
FFFFFFD121FB
FFFFFF8B6739
FFFFFFD28199
FFFFFFB7C0C1
FFFFFFFD1D21
000000018A9B
0000002E83B0
0000000FD1F8
FFFFFFE906D9
FFFFFFD8AB1D
FFFFFFDC080D
FFFFFFD071A2
FFFFFFA5DFD6
FFFFFFFA446F
FFFFFFFA5D1E
00000008BB88
FFFFFFDA48F5
000000035127
FFFFFFFD1B25
000000088B41
FFFFFFEFC5AA
0000000262A2
FFFFFFD3F124
FFFFFFEF13B6
FFFFFFCFA753
FFFFFFF3CA9C
FFFFFFEE870B
0000000890C4
00000043CD15
FFFFFFF30105
FFFFFFD9FE47
0000004621B2
000000549E41
FFFFFFE16220
FFFFFFD0BC17
FFFFFFD98359
FFFFFFDB8329
FFFFFFE470CB
FFFFFFD09E56
FFFFFFF0822C
FFFFFFEDADC0
00000009ED4D
0000004D73C3
00000017813F
00000004C0EC
000000368B62
0000000CE382
FFFFFFF98C53
FFFFFFD1D369
FFFFFFCC5248
FFFFFFB9EA2A
FFFFFFEEE058
FFFFFFC7928D
FFFFFFE740BA
FFFFFFBB9636
FFFFFFFEBD5E
00000013EF6E
000000143C8F
00000012F1F1
FFFFFFEAFF09
FFFFFFEBB3C3
0000000CB8A6
FFFFFFD3D579
FFFFFFE8F651
FFFFFFF12642
FFFFFFFBEC10
FFFFFFF3CF54
FFFFFFE8ECD2
0000000ADDAB
000000458504
0000000F4237
FFFFFFF040A7
FFFFFFE9AD91
FFFFFFF3B801
FFFFFFF1F3ED
FFFFFFDA8C26
0000000145BB
FFFFFFBB7B6D
FFFFFFC30C98
FFFFFFC4ECC8
FFFFFFECB4F1
0000001E1260
FFFFFFF97AD3
00000030939B
FFFFFFF9A694
FFFFFFCDC015
FFFFFFD3249F
FFFFFFCBE2D8
FFFFFFE276EA
FFFFFFD183AD
FFFFFF984C4A
FFFFFFF28754
FFFFFFD3CC43
FFFFFFC55600
FFFFFFC9D05E
FFFFFFD57D34
FFFFFFE13CB0
000000022C39
FFFFFFB2951D
FFFFFFAE365B
FFFFFFA808FA
FFFFFFB5075D
FFFFFFE9949C
FFFFFFE1DC36
FFFFFFD3E804
FFFFFFEB675F
FFFFFFED7E84
FFFFFFBDFFCA
FFFFFFD68D1B
FFFFFFECC66C
FFFFFFD81491
FFFFFF9996C6
FFFFFFB97FE1
FFFFFFD90088
FFFFFFBDBB92
FFFFFFBA2722
FFFFFFC39099
FFFFFFD2ECBE
FFFFFFE4B71E
FFFFFFF453BB
FFFFFFFEBCF0
FFFFFFC83A51
FFFFFFCE1D0F
FFFFFFD9C3BE
FFFFFFE31855
0000000388B9
FFFFFFEAE74B
FFFFFFFDAE58
FFFFFFB8D927
FFFFFFC68843
FFFFFFB4CCCF
FFFFFFD73239
FFFFFFCFDE13
FFFFFFE49ECD
FFFFFFE92807
FFFFFFE757A2
FFFFFFE6368D
FFFFFFCAB58A
FFFFFFFD1163
FFFFFFE911B0
000000382B09
0000006CB68B
0000001B0264
FFFFFFD90588
FFFFFFCCF7CB
FFFFFFF9041A
FFFFFFD7A022
FFFFFFCD9861
FFFFFFEDF7D9
FFFFFFBE0C29
FFFFFFD957AB
000000082BD1
000000421E97
FFFFFFE995CA
00000041BE07
000000310496
FFFFFFD7B1EE
FFFFFFAF0209
FFFFFFC5E8C3
FFFFFFBACBB5
FFFFFFC02BAE
FFFFFFD38A80
FFFFFFFC5E9E
FFFFFFBF410A
FFFFFFABEA96
FFFFFFC3E51F
00000023C7FE
FFFFFFDFD7E0
FFFFFFD7446E
FFFFFFC07E41
FFFFFFD8413D
FFFFFFCACCC7
FFFFFFC5B82D
FFFFFFDAE564
FFFFFFC9AC5A
FFFFFFB902BC
FFFFFFC35D65
FFFFFFBAC558
FFFFFF905461
FFFFFFBC2001
FFFFFFB8F16B
FFFFFFD98662
FFFFFFC8A10B
FFFFFFBD39F9
FFFFFFC64A76
FFFFFFD1780F
FFFFFFBF819D
FFFFFFAFBDEF
FFFFFFC81547
FFFFFFC10919
FFFFFFCBE7CA
FFFFFFDD1443
FFFFFFDD68F8
FFFFFFC35D80
FFFFFFE01F6B
FFFFFFEBE855
0000001DB9E8
FFFFFFCECB30
00000017C64A
000000133978
FFFFFFEBB53C
FFFFFFEC9ED3
FFFFFFCFAFC0
00000021DD95
00000027F286
0000002B7769
000000298BB4
0000004CB650
0000003AAA62
00000019634C
000000074247
FFFFFFEF71D5
0000000A8195
FFFFFFE2FF31
0000002F99E8
0000003598E3
FFFFFFF83DF2
0000003394AA
000000532718
0000005591E2
000000534150
000000498665
00000043E458
0000000EB27A
0000000DDD45
0000000D75C3
FFFFFFEB497B
FFFFFFAA49AA
0000001E262B
000000551BE3
0000004A09DD
00000048198C
00000039FEFE
000000438865
00000046266D
000000410C02
00000040B5A6
0000003C2569
FFFFFFC1B61F
FFFFFFD11A63
FFFFFFEB6F14
FFFFFFF97D76
0000002AC66C
0000005EEBB3
00000038C7A2
00000038AA8A
00000039AD5E
0000002DD400
000000205F6B
000000438EB4
0000004147F1
FFFFFFF55E4C
FFFFFFC9E059
FFFFFFB7F1E8
0000001E3A6C
0000003B1E09
00000016FB42
0000002EE021
000000259F43
0000001987AC
0000002292BC
0000002B18A1
000000344DC1
00000011FF49
FFFFFFD0E76B
0000001DDBA0
00000000BDBA
000000247F45
0000005ABB87
0000003B07B0
0000002215FC
0000002D0999
0000000E67C8
00000014D43F
000000217D30
0000002AB133
000000336037
0000001C95AD
FFFFFFF0F58B
0000003B7534
0000002206EA
000000405B8E
000000447EAF
000000507E3D
000000503987
0000003A853C
0000001C460F
000000166759
00000044BCAE
0000002B309B
000000384D5C
0000001887FA
000000166E1A
FFFFFFE13A89
FFFFFFEB7C01
000000305930
000000398FCE
00000044BE12
0000004E198E
00000031CF73
0000001B4536
000000107950
0000001B6BED
0000001C2F40
0000001F9AA8
0000002CF8DF
0000001365B5
FFFFFFE9D88B
00000013F6A3
000000136A71
00000020712C
0000000FF701
000000272740
00000034C3A8
00000027DCA1
0000002D5A1F
00000023BBA5
00000030C2EA
000000271CB1
00000023E458
000000137FFD
FFFFFFE50941
0000000AAF21
FFFFFFFAE0BE
00000034F5F9
FFFFFFEE2F2E
00000004876E
0000002DA06D
000000284CD9
000000271152
00000030494D
00000043382C
0000002F8DB0
000000505711
0000003085A2
FFFFFFD5244A
0000000B4167
FFFFFFDDC2D5
0000002365C3
00000013808B
00000003D09E
00000049DCF7
0000004F617C
00000045BF63
0000003E1810
000000355B3E
00000016D86C
0000000119E4
0000001DB8FD
FFFFFFED2862
00000016C154
FFFFFFDC3C56
000000190E1E
00000009527C
FFFFFFF70773
0000001DD4B1
0000001113C3
00000026001F
0000001A3797
0000003575AD
0000000F0423
000000109EE6
FFFFFFD9C329
000000107157
0000001EF755
000000137321
00000012846E
FFFFFFF0609B
FFFFFFFD63B0
FFFFFFE86F24
FFFFFFF8FD2F
0000004F0878
0000000A67B4
000000194762
0000002BF59A
00000016BA67
0000002254F8
FFFFFFEB04AA
0000001979DF
0000001E3837
0000001424CB
FFFFFFFCD354
FFFFFFF815DB
0000001A9990
0000002003A0
000000154E9F
0000000880BE
00000017D0C4
0000000DDE01
00000000F960
FFFFFFEA4D6B
FFFFFFC9CA2C
FFFFFFA4E203
0000006E6B0F
000000870AAB
FFFFFFFCD0B3
00000030ECDD
00000069EC9E
0000001F4C87
00000044E32E
FFFFFFC9E154
FFFFFFDE7634
00000015A8B4
FFFFFFCD96CB
0000000F5377
FFFFFF956764
00000022091C
0000005BB65E
00000085CAE7
0000004DA12E
000000532064
0000004A07EE
0000002F6380
00000053A1CA
FFFFFFFACF01
FFFFFFEBBA5C
FFFFFFFC593C
0000000C8DC3
FFFFFFEB26D2
FFFFFFF31218
0000005FB5AE
FFFFFFF9C21B
FFFFFFDD148C
0000003B0F4D
0000007CD98B
FFFFFFD78F32
FFFFFFECE35D
FFFFFFF3D16E
0000000A1A3E
FFFFFFDBF7F2
00000027C7F3
FFFFFFEC3AA9
00000009FAE2
000000049F40
00000090BF12
FFFFFFDF69A9
FFFFFFF94D2F
0000001120F3
00000043C837
00000019545D
FFFFFFE3AB73
FFFFFFFAC497
0000001A103F
FFFFFFF7556C
0000001514B4
FFFFFFC97DDB
0000000D417C
00000066F59A
00000069DEF6
0000002C10BF
FFFFFFE8A244
FFFFFF9579BB
FFFFFFE38648
0000006F5F27
000000197441
0000003D3AD4
000000042A68
FFFFFFF6D0EC
FFFFFFE2F9D8
FFFFFFFA204E
000000187251
000000459CE0
FFFFFFFD83F7
FFFFFFE25E6D
FFFFFFB30A70
FFFFFF96C5AE
FFFFFF9D6C06
00000048C147
000000536C70
FFFFFFD26775
FFFFFFCCBECC
FFFFFFC2226F
FFFFFFEC39BC
FFFFFFEE9987
000000100F17
00000048B39E
FFFFFFF2E300
FFFFFFB5444E
FFFFFF9A8412
FFFFFF96512D
FFFFFFAD750D
FFFFFFAF62F3
00000060F8A7
000000582A7C
FFFFFFB9422B
FFFFFFAFE8AE
FFFFFFB20783
FFFFFFCB10A5
FFFFFFE28ADF
0000002C601B
FFFFFFBB047B
FFFFFFA55D68
FFFFFFA40C7D
FFFFFFD7D3D1
FFFFFFDE7FE6
FFFFFFAC4F2F
FFFFFFDBD2B2
00000092D282
0000000B8E61
FFFFFFAF4345
FFFFFFC66942
FFFFFFEDB3C9
FFFFFFDACF07
0000002DBEE8
FFFFFFF23D7D
FFFFFFC4D0C3
FFFFFFB99F41
FFFFFFD3BF58
FFFFFFADABB0
FFFFFF9E0B5A
FFFFFFB5D77C
0000003A836C
000000624E90
FFFFFFCA19AC
FFFFFFC25119
FFFFFFC1C4F7
FFFFFFD749E4
FFFFFFFF7406
0000001A3B66
FFFFFFF4DFDD
FFFFFFBEC7BB
FFFFFFC578B5
FFFFFF8B677B
FFFFFFA63BCC
FFFFFF947502
FFFFFFBA6900
0000004386C4
00000022C5AA
00000018BF60
0000000A7645
000000162DFB
FFFFFFE2C7E5
FFFFFFF30A79
0000002F2EFD
FFFFFFB29993
FFFFFFFD622E
FFFFFFEE4E00
FFFFFFE129D3
FFFFFFD013BF
FFFFFFB5B988
FFFFFFCB2797
FFFFFFF26B8C
FFFFFFCA367B
FFFFFFD330A7
00000050D415
FFFFFFEF2ECC
00000019F8AF
0000007D0562
FFFFFFBDFF12
FFFFFFF1E206
FFFFFFB98F89
FFFFFF97BDE9
FFFFFFB58E93
FFFFFFBBD820
FFFFFFF7DC8D
FFFFFFC99AAF
FFFFFFA4E23D
FFFFFF9C3BA3
0000004B873D
000000026E3D
FFFFFFEBB9AE
000000053A37
FFFFFFEC6AA1
000000161E4A
0000001E5786
0000003C5323
FFFFFFD09BB4
FFFFFFCE6FD5
FFFFFFE2BEF8
000000074E29
FFFFFFEBC39B
000000067CC1
000000380060
00000033DB5A
00000017D6E6
000000006F92
0000002AD01F
00000004FDA5
00000009B6A2
0000001E7CDA
000000082E0C
000000192315
00000020503E
FFFFFFEC0CA8
0000001235FB
0000001B55AD
00000025EB7D
00000018B9A2
000000208F85
FFFFFFF7778E
FFFFFFE720BF
FFFFFFF51162
00000017E1D1
FFFFFFFC0E7D
FFFFFFD8528E
FFFFFFF879A7
000000082CCC
0000001A61BB
FFFFFFFFAE1A
0000002BDD0D
00000001F570
0000002A338B
FFFFFFF32456
FFFFFFE946B8
FFFFFFC15574
FFFFFFCC2CFC
FFFFFFF30D1D
00000015E006
00000022850D
FFFFFFE3FD93
0000000066BD
00000015F53A
0000000AC7A6
000000210F25
0000002A0B4C
000000050E7C
FFFFFFA9910E
FFFFFFB8978A
FFFFFFC0C61D
FFFFFFF02D16
FFFFFFDBFAF1
00000027E5FB
0000002AF63D
0000000AC7CF
FFFFFFEE6BE4
0000000FC728
FFFFFFFED7ED
000000182C25
00000027C46D
00000016D125
0000000AC0ED
FFFFFFC96692
FFFFFFB481E3
FFFFFFCACFED
FFFFFFCAAE02
0000001D140B
00000007A7F9
0000001E04C2
FFFFFFEA181D
FFFFFFE901A2
FFFFFFFB7639
0000000079F9
FFFFFFF40A12
FFFFFFBAB7B7
FFFFFFD1E186
FFFFFFDB717A
FFFFFFB092C9
FFFFFFCF80F5
FFFFFFC37FCF
FFFFFFD4C983
FFFFFFF6C143
FFFFFFFB43A0
0000000B0720
0000000825B9
0000001B687C
0000000CBB37
0000002F2CFA
FFFFFFCAB4C2
FFFFFFD4DF4D
FFFFFFC4CE94
FFFFFFCC46C3
FFFFFFCFA4B2
FFFFFFCFCF7F
FFFFFFB52F4C
FFFFFFD72242
000000076614
00000011BE16
000000153713
000000151DA7
000000169F7F
0000000D3265
FFFFFFC5440E
FFFFFFCAFD20
FFFFFFCC8785
FFFFFFD181CC
FFFFFFC7481E
FFFFFFBA8EB6
FFFFFFDD9D46
FFFFFFDB999D
000000008FAF
00000030B616
0000002138CF
0000001BA55B
0000003E3F42
00000012BFE5
FFFFFFC4581E
FFFFFFD242A3
FFFFFFE3DBF7
FFFFFFC9A5D0
FFFFFFA98602
FFFFFFB67A60
FFFFFFC49DF7
FFFFFFE12092
FFFFFFE92676
0000002AC036
000000310589
0000000C1EC1
00000013E94F
000000329438
FFFFFFE050AF
FFFFFFA842C6
FFFFFFA7E83E
FFFFFFB68FD9
FFFFFFBAD291
FFFFFFBC0C68
FFFFFFB69CE3
FFFFFFCEE752
FFFFFFD82668
FFFFFFFE6851
000000222E91
00000018F09D
0000002CE004
0000002C14E9
000000156E0E
FFFFFFC7E096
FFFFFF980378
FFFFFFC30752
FFFFFFD0D920
FFFFFFB8422C
FFFFFFB67CFB
FFFFFFC3635F
FFFFFFE724F6
FFFFFFC85B03
FFFFFFED2BFA
FFFFFFE238CF
FFFFFFE536D6
0000000CD5C0
000000310618
0000001037B8
FFFFFFB980AB
FFFFFFB00589
FFFFFFB380F9
FFFFFFA849BA
FFFFFFA741F2
FFFFFFA0B0DF
FFFFFFBAB63A
FFFFFFBDC158
FFFFFFC3C125
FFFFFFE60354
FFFFFFD4EFE7
FFFFFFC78D5A
FFFFFFF5A9E3
FFFFFFEC29C2
FFFFFFECD711
FFFFFFC9FB1E
FFFFFFCD4E6F
FFFFFFB6238F
FFFFFF9BEBBF
FFFFFF9918F3
FFFFFFBDB613
FFFFFFAB79B9
FFFFFFAE02E9
FFFFFFCCC5A1
FFFFFFE27570
FFFFFFA2CB35
00000017C9AC
FFFFFFF6ABD6
FFFFFFEB75C4
FFFFFFFF8EB9
00000005D99D
FFFFFFC8A690
FFFFFF99F5F5
FFFFFFD62117
FFFFFFC6C5ED
FFFFFFAFB75B
FFFFFF8A35C9
FFFFFFAFDA30
FFFFFFBD10C7
FFFFFFC2CAD3
000000173B72
000000039169
0000000C3176
0000001698EB
0000000A5E27
0000002E0BB0
0000000DA104
000000110572
FFFFFFF481DC
FFFFFFFD0C71
0000001BEE79
0000001EBDD7
0000003C81CB
00000032892F
000000384C82
0000003DDA5C
FFFFFFCFC610
FFFFFF8F04BB
00000004FBCF
00000018AA04
FFFFFFB0BCC1
FFFFFFF14604
FFFFFFEF2406
00000006E9A8
00000006CC55
FFFFFFE936D7
000000083688
FFFFFFF6C216
000000149E6C
00000019DA16
FFFFFFD0E711
FFFFFF5BA584
00000038DC10
FFFFFFCC01F4
FFFFFF9BC76B
FFFFFFA28EF7
FFFFFFC1991B
FFFFFFAAF33B
FFFFFFE26963
FFFFFFDC7B50
000000021EF4
00000013B2D6
0000000178AA
00000008994D
00000038AF13
FFFFFFCCECD0
FFFFFFF53BBD
FFFFFF9C17F1
FFFFFFE957DA
FFFFFFC480DB
FFFFFFFF6248
FFFFFFCBF080
FFFFFFF4743D
FFFFFFEA48AF
0000003CF283
00000008A557
0000000C6ADB
FFFFFFCFFB48
0000001E9FF2
FFFFFFF7D253
FFFFFFD11A9E
FFFFFF803FE2
FFFFFFD0ACC6
FFFFFFF38CC3
00000005D766
FFFFFFD43317
FFFFFFF2DCC4
FFFFFFFAA423
00000056072A
0000003E3FA4
000000088D41
FFFFFFC1431B
0000004B266D
000000075690
FFFFFFE44B8C
FFFFFF95C288
FFFFFFCF0893
00000013E0BC
FFFFFFF466ED
0000002B12D0
00000027D450
FFFFFFFEA96F
0000002C79A5
00000054F5E9
0000004405EC
000000143BB7
000000351928
FFFFFFFE02FD
000000054D4D
FFFFFFD3D343
FFFFFF706226
FFFFFFF82263
0000003E14FD
0000002B6D82
000000219CFE
FFFFFFF4F3E3
FFFFFFEE0CA0
FFFFFFD69A65
00000016B706
0000003110A5
0000001B72AC
00000014E93B
0000000D38E1
FFFFFFEBFA13
FFFFFFCF7755
FFFFFF3FD0C6
FFFFFF9BC889
000000036337
00000014E166
FFFFFFEE76DC
FFFFFFF817AF
FFFFFFF62234
FFFFFFDA42ED
000000291C33
FFFFFFF1BAAB
00000027CE92
00000022EF09
FFFFFFF526EC
FFFFFFD961FC
FFFFFFAEBFE8
FFFFFF56C831
FFFFFFE581C5
FFFFFFFD05A5
FFFFFFEFDB1C
FFFFFFEC6CD5
FFFFFFD9C8AF
FFFFFF58AF62
FFFFFFDA91BE
FFFFFFFE2358
00000033F256
FFFFFFF10101
FFFFFFF2EAB0
FFFFFFE3428F
FFFFFFD83EDF
FFFFFF624B0F
FFFFFF9F41B1
00000015C5A5
00000001E6B6
FFFFFFF25404
FFFFFFF9FF2F
FFFFFFCA5DF7
FFFFFFA6EBCC
FFFFFFBE7F88
FFFFFFC3A712
FFFFFFC5FEF8
FFFFFFFD813A
00000009E108
0000000527A8
FFFFFFA1EB4E
FFFFFF7F0B02
FFFFFF9C72C2
00000000D0D1
000000344BD1
FFFFFFFD9840
FFFFFFDE30B8
FFFFFFF3D39A
FFFFFF98E0CA
FFFFFFDBED2C
FFFFFFD8485E
000000585ED1
00000021C236
FFFFFFE191B0
FFFFFFF1F063
FFFFFFD693A4
FFFFFF9A5C9E
FFFFFFF80514
FFFFFFFDEF5B
000000017966
FFFFFFD684D1
000000006EA3
FFFFFFBFF9DF
FFFFFFFF49F3
FFFFFFCE0593
0000000A29A5
0000001DC949
FFFFFFCC71EC
FFFFFFD304CB
FFFFFFF37AE3
FFFFFFCF8FC4
FFFFFFE8F3D1
FFFFFFF13628
FFFFFFB7759D
FFFFFFC54C0D
00000014C1F8
00000019AE2A
0000002A74F2
FFFFFFCC3AA7
00000016DB7B
FFFFFFDA6E93
FFFFFFCE3E4D
00000011E09D
0000002B7DB6
000000231A16
FFFFFFED1D1C
00000001CB1F
FFFFFFE0409A
FFFFFFD79F43
FFFFFFF09E87
FFFFFFFAB407
FFFFFFD19A90
FFFFFFF8F837
00000000091E
FFFFFFD15F16
FFFFFFF0BE07
FFFFFFF2C163
000000103C71
FFFFFFFC041B
0000000CDBBA
FFFFFFE58F9E
FFFFFFD6443C
0000001578EC
000000370C72
000000507C3E
FFFFFFD555AE
FFFFFFD8D860
FFFFFFDFDADE
FFFFFFECA0FF
000000552843
00000000BAD5
FFFFFF99B961
0000000573D2
FFFFFFBD753D
FFFFFFEC3390
000000289C24
0000004C445E
00000036FBE5
000000B694EA
00000026F50B
FFFFFFDBFD90
FFFFFFC2860C
FFFFFFE1F803
00000004FFB1
FFFFFFBB35BA
FFFFFFE13A65
FFFFFFFAB027
FFFFFFD95523
0000002099B0
00000081BD20
FFFFFFC24596
0000002480C8
0000001E77E6
0000001A86D3
000000BC9440
FFFFFFE8B430
FFFFFFD7C233
FFFFFFF8ADF5
FFFFFF9F4326
FFFFFFB5A3DF
FFFFFFD6A122
000000075CEE
0000000DA180
00000007631A
FFFFFFCE5612
000000B4903C
0000002D351B
0000001CCB97
00000036F3FE
FFFFFFD48DFA
FFFFFFD8E094
FFFFFFC1351F
00000006EC8C
FFFFFFCC7C66
00000014ACB1
0000006BCC1B
00000095C4AF
0000007D7806
00000003E650
00000097D454
00000075BAB9
0000000FAED4
FFFFFFF6E71C
FFFFFFF32250
FFFFFFE65AA9
FFFFFFF0AE08
FFFFFFDA85D8
00000022044D
0000000DBDE7
0000000AD008
0000000EF982
FFFFFFB2FB51
FFFFFFE5D4D3
0000002D9B45
00000028E124
FFFFFFF21531
0000001D7A72
FFFFFFDFBB2B
FFFFFFFB8A31
FFFFFFB74AB2
FFFFFF8F9C7D
FFFFFFA4652C
FFFFFFB0A85D
FFFFFFA09E28
FFFFFF88B93E
FFFFFF82191D
FFFFFFB05260
00000027EFBD
00000020F711
FFFFFFF64833
FFFFFFF0B71C
FFFFFFF99C38
FFFFFFF02C6A
FFFFFFB1CA0E
FFFFFF7C8F55
FFFFFF671121
FFFFFF76A208
FFFFFF79D2D1
FFFFFF72F3F5
FFFFFF635A79
FFFFFFF72155
000000172875
0000000BE52C
00000003670C
000000010CBC
FFFFFFF9731E
FFFFFFF57AD3
FFFFFFE4DCE8
FFFFFF8219E7
FFFFFF545394
FFFFFF73D2FC
FFFFFF8B37C4
FFFFFF967F86
FFFFFF724630
FFFFFFC95DDC
000000095143
0000000E99A6
00000002437C
000000051E80
FFFFFFE8130E
FFFFFFF88EE4
FFFFFFD9059C
FFFFFFCB24AB
FFFFFF70C31D
FFFFFF692DCA
FFFFFF893678
FFFFFF99B243
FFFFFF6C65E2
FFFFFF782884
FFFFFFB72BA0
FFFFFFFB408E
0000000F1602
000000049C04
FFFFFFEB1DF1
FFFFFFF120C1
FFFFFFF17898
FFFFFFE95E4B
FFFFFFB12AE3
FFFFFF8DD69D
FFFFFFAA6697
FFFFFF865B8A
FFFFFF61EE7D
FFFFFF617EF5
FFFFFF7FA4A4
000000151607
00000002165E
FFFFFFDF8025
FFFFFFE7413F
00000002BEEC
FFFFFFFB2168
FFFFFFE2543E
FFFFFFE681AA
FFFFFFF5A1F3
0000000BAF1C
FFFFFFFC4838
FFFFFF7175A1
FFFFFF7D205D
FFFFFFA1BA7C
0000004F3D31
00000010AE79
FFFFFFFF582B
FFFFFFF9BE2F
FFFFFFED6715
FFFFFFF69A05
FFFFFFF1BA19
000000183AED
000000157E45
0000001912E2
000000113BA3
FFFFFFBF7EEB
FFFFFF881A45
FFFFFF7F6747
FFFFFFCC66D3
FFFFFFA0EF95
FFFFFFAF3552
0000000173AA
0000000F0075
0000001BCD36
00000033B109
00000017E265
0000001C49CA
000000052C95
FFFFFFCA3CFE
FFFFFFB9DCD7
FFFFFF7375E5
FFFFFF7C03F9
FFFFFF759EA1
FFFFFF5869E4
FFFFFF72D660
FFFFFF7F6001
FFFFFFB43B0A
FFFFFFAB5FAF
FFFFFFAC8524
FFFFFF925298
FFFFFF7D2504
FFFFFF7908EB
FFFFFF65E318
FFFFFF58BA34
FFFFFFF0C074
FFFFFFD7658E
FFFFFFD88175
FFFFFFE012DA
00000034EA7C
00000042220E
0000004AA1A7
000000115EA9
0000000F0FD1
00000019AB27
00000038CD04
000000347BA5
000000477D0E
0000001C8CE7
00000003869F
FFFFFFD7359E
FFFFFFA6C71D
FFFFFF9C4EC7
FFFFFFF2215B
00000009C979
00000066AE59
00000068273F
00000021571D
000000441289
00000038BC43
000000249FAA
0000003A7F71
0000003286BC
000000313CCA
FFFFFF886545
FFFFFF604378
FFFFFF88A7BD
FFFFFFB0A43D
FFFFFFEEF810
0000003CB86A
00000045E7FC
0000003416B1
000000195DFB
0000004658B1
00000048B85F
0000005DFB0D
0000005F9409
0000004A3C95
FFFFFFF97313
FFFFFFADCB3A
FFFFFF94CF71
FFFFFFCD2EF2
FFFFFFC83611
000000329EA6
00000018131B
00000033EC08
000000358B56
000000557B2E
00000043C682
00000027B1F3
00000056E9E2
FFFFFFD96F5C
FFFFFFF9E0BF
FFFFFFE42946
FFFFFFA8278C
FFFFFFD01692
FFFFFF8D7238
FFFFFFE8422F
00000035B80E
0000004E7675
000000578E76
000000415DB9
0000006C1B9F
0000005192B4
0000003D502B
FFFFFFEF89BD
FFFFFFD3F006
FFFFFFFBBF8E
FFFFFFE58788
0000000565BC
FFFFFFB19CCF
FFFFFF986E30
FFFFFFEEF0F7
00000017487F
00000034F9F9
0000002DC3EF
000000318E3D
0000003C77A5
0000002F2377
000000274BF1
FFFFFFFF94F7
FFFFFFF542DB
FFFFFFDCD63B
FFFFFFEE79FC
FFFFFFEE616A
FFFFFFD9D463
FFFFFFD444EB
FFFFFFFC8FE5
000000246646
0000001A954D
0000000C2560
000000078B08
00000030F4D5
0000000E94A9
00000006443E
FFFFFFF7174D
00000005A6D1
0000002A382C
00000005CC30
FFFFFFDD0170
FFFFFFB3AF99
FFFFFFE924E2
00000003B8C6
000000121D08
00000005CEE5
000000291BB0
0000001CC6F5
000000426001
000000253428
0000000051CD
FFFFFFFCDB83
FFFFFFD55CFA
FFFFFFD1CBB8
FFFFFFD2F55C
FFFFFFCD9158
FFFFFFDCC146
FFFFFFF29686
000000180838
0000001B377F
0000001F465B
00000011991D
0000003CBA51
0000002A3344
FFFFFFE16330
00000007C117
FFFFFFDD51A2
FFFFFFD27D4B
FFFFFFDCB6FF
FFFFFFE2A162
FFFFFFBB279E
000000008644
FFFFFFFB56E5
FFFFFFF86DB6
FFFFFFF89D1F
0000001DECB3
00000016D5ED
0000000C0184
FFFFFFE30CC0
FFFFFFC4137C
FFFFFFE7228E
00000007FDAE
FFFFFFE40276
FFFFFFE3109D
FFFFFFD123F4
FFFFFFE48C08
FFFFFFE6E94E
FFFFFFE4F7AB
FFFFFFAB7C02
FFFFFFF17533
000000141C5F
000000218AF1
000000255568
FFFFFFF06C73
FFFFFFFFD082
FFFFFFD24C5B
FFFFFFB9B411
FFFFFFD8DC9D
FFFFFFC0695B
FFFFFFCB848E
FFFFFFD4842C
FFFFFFE636DF
FFFFFFC52100
FFFFFFC4D17D
00000011AD6E
00000004CC9D
0000000C1FC2
000000101DE3
00000021DE26
FFFFFFE63562
FFFFFFFD58CA
FFFFFFDE6511
FFFFFFF79A54
FFFFFFF4CA68
FFFFFFF2BB88
0000001E81FA
FFFFFFFC45EB
0000000F12F3
000000587550
00000046F52E
0000004396F3
000000350A57
00000022BAD1
0000004FBEC3
00000059A9A6
00000049B83A
000000404C43
0000003B6C4B
000000388BF5
000000524DB4
0000005CEB53
000000644206
00000003C1AC
FFFFFFCD7EAD
FFFFFFF8EFE5
FFFFFFFD17DE
FFFFFFFA2E09
000000460CEE
0000000523E4
0000002C0CA6
00000015E997
FFFFFFB67CAD
FFFFFFC074C6
FFFFFFBFB9E1
FFFFFFC35A32
FFFFFFD1BF52
FFFFFFE03C0A
FFFFFFA85B8F
FFFFFFB558EF
FFFFFFE08E1E
FFFFFFFFEC74
000000074B7D
FFFFFFFD247C
FFFFFFE86D92
0000000F70DB
FFFFFFCB7CC2
FFFFFFBB714D
FFFFFFDF802A
FFFFFFDAF96F
FFFFFFBE9C4D
FFFFFFDBDA32
FFFFFF90DA16
FFFFFFB6F82F
FFFFFFCBEC7F
FFFFFFA6B548
FFFFFFCA2C4C
FFFFFFD1A207
FFFFFFBCACEB
FFFFFFE17BF9
FFFFFFDA36C2
FFFFFFC10809
FFFFFFD6A5E2
FFFFFFF12334
FFFFFFE95066
FFFFFFD1576E
FFFFFFFC2A83
FFFFFFE1DACD
FFFFFFF892A9
FFFFFFB58EC2
FFFFFF9B86FC
FFFFFFB4D8BB
FFFFFFAEA656
FFFFFFE88716
FFFFFFDDC261
FFFFFFC95DDB
FFFFFFE85038
0000000C32CE
FFFFFFEAA45D
FFFFFF9C167D
FFFFFFE56342
0000002C2418
FFFFFFCFC5DC
FFFFFFB3A37E
FFFFFFB217EC
FFFFFFAA19B6
FFFFFFF9BDE9
00000017E847
FFFFFFF58013
FFFFFFEA65EF
FFFFFFDA5AB6
FFFFFFED75D2
000000330E8E
FFFFFF9867ED
FFFFFFBD52D5
FFFFFFC3E3BC
FFFFFF9DFEB5
FFFFFFB96E17
FFFFFFB8BEFF
FFFFFF67B7DF
FFFFFFC5BDE0
FFFFFFEF6716
FFFFFFFAE41F
FFFFFFED673D
FFFFFFD8FA21
FFFFFFD742BA
FFFFFFF8FA23
FFFFFF9FA2F1
FFFFFFC2FEBD
FFFFFFBC3467
FFFFFFA71B7B
FFFFFF964A8F
FFFFFFB59018
FFFFFFA6D694
FFFFFFA96798
000000009256
FFFFFFCE961B
FFFFFFC7F894
FFFFFFC1EDBE
FFFFFFE13C28
FFFFFFCAA31C
FFFFFF948B70
FFFFFFBDC3AE
FFFFFF99844B
FFFFFFAF4E00
FFFFFFB35EA8
FFFFFFB49117
FFFFFFB15B62
FFFFFFCAFCFF
FFFFFFB6FD57
FFFFFFCFDD44
FFFFFFDF0518
FFFFFFE09793
FFFFFFDB6913
FFFFFFDA9D19
FFFFFFD0B9F1
FFFFFFA4A8B7
FFFFFFC6864B
FFFFFFAA4FC6
FFFFFFCA64B7
FFFFFF9556E5
FFFFFFBB5055
FFFFFFC27C5A
FFFFFF93C261
FFFFFFB6CF7F
FFFFFFDE8BCE
FFFFFFB77A11
FFFFFFCDB9E5
FFFFFFEA6758
FFFFFFEC2EBB
FFFFFF982FB9
FFFFFFB5897D
FFFFFFCAEBC1
FFFFFFEA985C
FFFFFFCA3A16
FFFFFFD96EFE
FFFFFFD855BA
FFFFFFB2062E
FFFFFFA9E07A
FFFFFF9E1891
FFFFFF9F8135
FFFFFF64FEBF
FFFFFFCD395B
FFFFFFF20E3B
FFFFFFF24069
000000048C45
FFFFFFEA856B
FFFFFFE21927
FFFFFFE7D66D
FFFFFFCC6F20
FFFFFFD867D5
FFFFFFD93720
FFFFFFB44782
FFFFFFAB1B6E
FFFFFFC7208A
FFFFFFB4EC10
FFFFFFBC54F8
0000001C6F48
000000134D90
00000011BD03
FFFFFFC0EEB9
FFFFFFBD81C7
FFFFFF9A0043
FFFFFF9E5A7B
FFFFFFD82C9A
FFFFFFD42179
FFFFFFC44185
FFFFFFD128D5
FFFFFFBFDB3D
FFFFFFB3DD69
FFFFFFF25E85
FFFFFFE5423A
FFFFFFDCD4D8
FFFFFFB7895E
FFFFFFDC852A
FFFFFFED70A6
FFFFFFBF7562
0000001E1D2D
FFFFFFBFCA09
FFFFFFB068C1
FFFFFFA5E834
FFFFFFE23EA4
FFFFFFA36A32
FFFFFFC26253
FFFFFFC68585
0000000F4C80
FFFFFFC5BB35
FFFFFFE246EE
FFFFFFCC0FAD
FFFFFFF9317E
00000014EB2F
FFFFFFDAB873
FFFFFFE4000D
FFFFFFCC05C2
FFFFFFE0E7F1
FFFFFFD3D982
FFFFFFD72126
FFFFFFE57F97
FFFFFFF9B789
FFFFFFEF02D0
FFFFFFF9ACD6
FFFFFFE39A85
FFFFFFEF8BBD
0000003554A0
00000034CAE3
FFFFFFE9E044
00000017F7A2
0000003DE9F0
0000001C0A36
00000019D9AB
FFFFFFDE83DA
FFFFFFF11C07
FFFFFFF202E4
FFFFFFD4E5E3
FFFFFFAD0918
FFFFFFAF3FDF
FFFFFFB88FEE
FFFFFFEAA2FA
000000001896
FFFFFFF939A5
FFFFFFE35FAB
000000080E00
FFFFFFFE35F2
00000007E419
FFFFFFEF6FD1
FFFFFFCEF249
0000000C4FD5
FFFFFFDB416E
FFFFFFC8C843
0000000AAD24
FFFFFFE295B2
FFFFFFA55BC6
FFFFFFB4E4F3
FFFFFFEE9AA3
FFFFFFE84C3B
FFFFFFF10C79
FFFFFFFDEC40
FFFFFFE49D8A
FFFFFFFC515E
FFFFFFD89E1F
FFFFFFD547A8
FFFFFFC57B12
FFFFFFDBF1EB
FFFFFFEBF6AA
000000223EFF
FFFFFFD7B878
FFFFFFA2B7B7
FFFFFFCACFA0
FFFFFFC9B758
FFFFFFEC7E6C
00000017B8D5
FFFFFFC635F8
FFFFFFFA2333
FFFFFFF4FDCB
FFFFFFC71D67
FFFFFF8EFF2C
FFFFFFBB73C8
FFFFFFB46FF8
FFFFFFDFB636
FFFFFFE0B028
FFFFFFBE266E
FFFFFFB8E5C2
FFFFFFEC0273
FFFFFFD8D29D
FFFFFFF60202
FFFFFFD506EB
FFFFFFCE0D8B
FFFFFFC060B6
FFFFFFDEB756
FFFFFFAF5D2A
FFFFFFE7D578
FFFFFFE50324
FFFFFFC5BC7B
FFFFFFDF2E09
FFFFFFD536DE
FFFFFFACC866
FFFFFFDDC707
00000009A820
FFFFFFE5E964
FFFFFFF8E4D9
FFFFFFD91E99
000000041A0E
000000251B2C
FFFFFFB92B25
00000011DCC8
FFFFFFFAADE1
000000083CD9
FFFFFFFB6169
FFFFFFEF11D7
FFFFFFEDDBF0
FFFFFFBEF786
FFFFFFDFF68F
000000274E71
00000003F357
000000002257
FFFFFFEC238F
000000187CD4
FFFFFFC64968
000000228646
FFFFFFE1940D
FFFFFFF8183A
FFFFFFFA675B
FFFFFFF09666
00000008BDCD
FFFFFFEE85D8
FFFFFFBFF0A3
00000041F79B
00000017AE83
00000006AA15
0000001A7A5C
FFFFFFFAD4C8
FFFFFFFBD85C
FFFFFFC6D386
FFFFFFEDB643
FFFFFFFFE9F9
0000000DCA98
FFFFFFF31B1B
FFFFFFEF3D45
00000007E039
FFFFFFA25617
FFFFFFDEF8ED
FFFFFFF6A8B1
00000004267E
00000005C0AD
0000001922C0
00000028634C
FFFFFFD84A4D
FFFFFFE70001
FFFFFFDEB4A8
FFFFFFF22B51
000000144533
0000000C2B99
00000012552B
FFFFFFE00A5D
FFFFFFBD45B0
FFFFFF99086E
00000008C019
FFFFFFBF52E8
FFFFFFD4C910
00000030E436
FFFFFFE83EC2
FFFFFFE112AD
FFFFFFF5C261
FFFFFFF52D4F
0000001197E3
FFFFFFFD9952
00000027B93B
0000000BBC56
0000001CFDD1
FFFFFFE3F16A
00000006068C
FFFFFFE1DC28
FFFFFFA7C216
0000005A10B7
00000027EA09
FFFFFFF62A04
FFFFFFCB0292
FFFFFFE10B6C
FFFFFFE4B134
FFFFFFEAA6C7
0000001174C6
0000000B75FE
FFFFFFEF1C11
00000009506F
FFFFFFF0D1E0
FFFFFFF3A893
FFFFFFD919E2
00000016F0C0
000000349EB9
FFFFFFEDD291
FFFFFFF1229D
000000246697
FFFFFFD63122
000000074DB3
FFFFFFE4D0D1
FFFFFFCE86D0
FFFFFFAB3C3C
FFFFFFE218D4
FFFFFFD55433
FFFFFFD2C7D0
FFFFFFAB835B
0000001DFF8C
0000000D0B67
00000056B6C1
00000032D053
0000004EC7F2
0000003FEFAF
000000066D9E
0000000590F5
0000000A796B
000000184ADF
FFFFFFF27852
FFFFFFF0959E
FFFFFFFEB126
00000019C7E2
FFFFFFF8CD29
FFFFFFE6BC7E
0000000D852E
0000002E3090
00000068620D
0000006C0A48
000000A7833D
000000461CE0
00000060498E
0000006ADB48
000000627595
000000820AD7
00000062C996
00000032EAA1
00000008E438
FFFFFFFF1746
000000068517
000000023954
0000004A88E6
00000068937A
00000089D248
0000007A6EE8
0000007CA7EE
000000700648
000000500308
000000434A3D
0000004B4ED5
0000005A5DD0
00000075E3B5
FFFFFFFDFE32
FFFFFFE6E328
FFFFFFE0AAD8
0000001900DD
0000005A500A
000000718E5D
0000007BA047
0000009B3B8C
000000859A63
000000B1C5C2
0000008DCA02
0000009A6871
0000009C962C
00000081C44D
0000005F6370
FFFFFFE2D131
FFFFFFFEE82E
FFFFFFF46DC6
FFFFFFEA4965
0000006D2224
0000006EE510
0000004E5FE4
0000006A35AF
0000009513B6
00000089E67B
0000006271F8
00000069BF59
00000025E8FF
00000015CE57
0000001C928D
FFFFFFFDCF1D
FFFFFFE301FD
FFFFFFB98A87
000000249031
000000559CCD
0000004061AB
000000602D51
0000008F34EF
000000AAABA1
00000098E656
000000BCB2A3
00000019ACA8
FFFFFFDE7599
0000000F8485
FFFFFFD7B9A5
FFFFFFE9205C
FFFFFFB99795
FFFFFFC0E72E
00000072CA1B
0000008EB2E3
0000008430D5
00000090D962
00000085B642
0000009FCA4E
000000B750CA
000000532DA5
FFFFFFCB39FE
FFFFFFF19F8E
FFFFFFCBF961
FFFFFFCA6F47
FFFFFFCD8353
FFFFFFB94F66
0000000C72C4
000000869549
00000055D888
00000070C1BB
0000006AB85C
000000733691
000000A2D099
000000352551
FFFFFFE75D04
FFFFFFE4B3A9
FFFFFFEB3490
FFFFFFEAE8B4
FFFFFFC0E18E
FFFFFFCE5172
FFFFFFD8CE1C
000000567757
000000A54790
00000083BFF8
00000074F16E
00000090CA9A
000000AF9E59
00000089D3DE
0000001146A8
FFFFFFF1B0B7
FFFFFFE7D01C
FFFFFFD959E0
FFFFFFC0AF18
FFFFFFD0A325
FFFFFFD3B8C4
00000005AA2C
0000008FCCE4
000000A70E37
000000A91C92
000000A3764D
00000093E51F
000000A55D6A
000000984529
0000000D7272
FFFFFFDAA0BA
FFFFFFD75660
FFFFFFD6049A
FFFFFFD3FCB9
FFFFFFDD2C0F
FFFFFFD102C4
000000229904
00000073782C
0000002918DE
0000002F764B
000000990E04
000000AB2050
000000998852
0000002536BC
FFFFFFE4111D
FFFFFFDCF7CD
FFFFFFE23C1A
FFFFFFC4EB24
FFFFFFD97C79
FFFFFFD752B7
FFFFFFCFC722
FFFFFFE1840F
FFFFFFC45862
FFFFFFB833DE
00000056EE25
0000008943B2
0000006DC64E
00000032FA39
0000001DB78C
00000003A8BE
FFFFFFCF5F2E
FFFFFFE16F25
FFFFFFDFCAC3
FFFFFFE36238
FFFFFFDDE6A8
FFFFFFD8D9C8
FFFFFFC8207C
FFFFFFD72A4D
FFFFFFF3F275
0000009AD7F9
00000088A8BC
00000079283C
000000994982
0000008DB0AA
000000264B49
00000043410B
FFFFFFEECED8
FFFFFFE6B7B0
0000000738A1
000000416E63
000000590085
000000310D0F
0000004D46D3
000000DF677E
000000D4297F
000000D7AF4C
000000CEA011
000000CFBDDE
000000BA6C82
000000C85DF4
000000A1978F
000000C3D425
000000CE4471
000000E68474
000000C81FAC
000000CA2FE2
000000DE02A5
FFFFFF9CC814
FFFFFF8D07C4
0000002931CA
00000019C4D7
FFFFFFC6027A
FFFFFFCD5A8D
0000004BAE69
FFFFFFFD01D4
FFFFFFD8AEAE
FFFFFFD1E847
FFFFFFE9027B
FFFFFFD7FF50
FFFFFFB7EF38
FFFFFFAD7DE9
FFFFFFD748BE
0000001296E8
00000047E4F3
00000070642E
FFFFFFF64754
00000017B331
0000002DA004
0000001A6098
FFFFFFF7B253
FFFFFFD4D152
000000058BB7
FFFFFFF53040
00000006BD1F
FFFFFFCF8A8B
FFFFFFF94026
0000001BA1EF
FFFFFFC6A9C6
0000000EF4B6
FFFFFFFB6542
0000005C6200
FFFFFFF2FDCC
000000038850
FFFFFFF13AEF
FFFFFFEC7BB8
FFFFFFDD7742
00000021563E
FFFFFFFA7B91
000000030E68
00000026C49B
00000079AE2B
FFFFFFB8A88B
0000000D2EFA
000000284645
000000353240
000000075F18
0000000EF802
00000008514A
FFFFFFEE86F4
0000000A0836
00000011130F
FFFFFFB7A871
FFFFFFEAE154
000000425CD3
0000004957D9
FFFFFFED0FC9
00000041D9B2
000000097367
0000002C7581
0000004AF004
00000005DFAF
00000036411F
00000000EC97
000000061282
0000000F5DCA
FFFFFFF27074
FFFFFFC864DF
000000031931
FFFFFFE53453
FFFFFFE68CF1
0000000C244F
FFFFFFFD18AA
0000000E9A36
0000003BB71A
0000003FF48D
FFFFFFC0833D
FFFFFFD67524
FFFFFFB872D8
000000039F79
FFFFFFE515BE
000000178333
0000002251E0
FFFFFFE2E396
FFFFFFDBEB87
FFFFFFEC3DF1
FFFFFFED989D
0000000B0C51
FFFFFFD77502
0000006A0804
0000002C682C
FFFFFFC4FB50
FFFFFFDE755F
FFFFFFDF89C3
00000007ADFE
000000031290
00000048A89F
FFFFFFDC6316
000000070510
FFFFFFE6E1AE
FFFFFFF2F2E8
00000004FAF0
FFFFFFFD3C6D
00000000EED5
0000007CBFE4
FFFFFFF7B7EE
FFFFFFD9C1F7
FFFFFFF0DE73
0000000580CA
000000020295
000000661B41
000000050B1C
0000000785D5
FFFFFFFDE558
00000017E4D7
FFFFFFFE58C9
FFFFFFFDE44C
FFFFFFE67C2B
00000043BA5B
0000004D27D1
FFFFFFC0460E
FFFFFFDCEC32
FFFFFFD596C7
FFFFFFF0E040
FFFFFFFDA633
00000044DA62
000000514092
0000002439CB
000000138D19
FFFFFFDC4B49
FFFFFFD85F48
FFFFFFC6C798
000000067DA1
00000019B836
000000159E83
0000000DABD7
FFFFFFAE9FFA
FFFFFFE1D7EE
FFFFFFE6E29F
00000033902B
000000BB2058
00000042354A
000000624B5A
FFFFFFCDB914
FFFFFFCF7DCA
FFFFFFC7385C
FFFFFFC9C0FF
FFFFFFE3E8E9
0000002E6D64
000000021E9F
FFFFFFBA16BA
FFFFFFDD460A
FFFFFFDECEC5
000000215D68
000000CD79C9
0000002516D6
000000202756
FFFFFFF980DF
FFFFFFEE9C91
FFFFFFD9C9E7
FFFFFFDFF55B
0000001748D8
FFFFFFEB6FE8
FFFFFFD29648
FFFFFFC6A941
FFFFFFE5AB6A
FFFFFFEB9E13
FFFFFFDEA1BF
000000152C65
FFFFFFD7BB88
000000061241
0000002677B1
00000043109C
00000035F4FF
FFFFFFE105DB
FFFFFFDC2C35
FFFFFFEFB48E
FFFFFFF491CE
FFFFFFE33994
FFFFFFF632DC
FFFFFFD024B5
FFFFFFE0C916
FFFFFF9AD276
FFFFFFBB46DD
FFFFFFCBB575
FFFFFFCDE67F
FFFFFFE34238
FFFFFFDC1C9C
FFFFFFC913AC
FFFFFFB631FC
FFFFFFB39422
FFFFFFA3D341
FFFFFFB362B4
FFFFFFC5711B
FFFFFF9E3833
FFFFFF874BA0
FFFFFF952E11
FFFFFF9F5639
FFFFFF8CBA9F
FFFFFF9B3CA4
FFFFFFCD6268
FFFFFFBFAFEA
FFFFFF731757
FFFFFF8C4F5C
FFFFFF8565E3
FFFFFFAA0228
FFFFFF986D96
FFFFFF811463
FFFFFFA0D016
FFFFFF6AFB7D
FFFFFF9B2485
FFFFFF8CF0A1
FFFFFF86F163
FFFFFFAD776C
FFFFFFD4E131
FFFFFF8A4E96
FFFFFF9B9C3D
FFFFFFA6F167
FFFFFF9310CD
FFFFFFB1C9B2
FFFFFF9E3037
FFFFFF9D3582
FFFFFFB34D82
FFFFFF50A234
FFFFFF636D9C
FFFFFFA31679
FFFFFF9A3FC9
FFFFFFA722E0
FFFFFFAD4B90
FFFFFFAE43B4
FFFFFFE7B84C
FFFFFFD7E2AE
FFFFFFDE0771
FFFFFFC4870B
FFFFFFE95CD5
FFFFFFED31FE
FFFFFFC62DB9
FFFFFF5C35C0
FFFFFF48A42F
FFFFFFB42521
FFFFFFF5F81B
FFFFFFB2BA05
FFFFFF8B51EB
FFFFFFB11B3B
FFFFFFC059A1
FFFFFFB5DF7B
FFFFFFE62280
000000121425
0000001B5508
FFFFFFCE313B
FFFFFFA530EC
FFFFFFD66A8A
FFFFFFB9A000
000000032AC6
000000611790
FFFFFFE64AEF
FFFFFF84E53C
FFFFFFBF275A
FFFFFFBBB3C3
FFFFFFC34C79
FFFFFFE61CD1
FFFFFFFC18FC
00000033A4A3
00000019F93E
FFFFFF9A1DCD
00000031A475
000000354A2A
000000343CE1
0000006BE777
00000036D7FC
FFFFFFBE44D1
FFFFFFEFF59D
00000025997C
0000002DDB57
000000373EC0
00000011ADD5
000000432F2B
00000025F29C
FFFFFFCB5638
0000003307C5
00000050B2B2
00000028CCD9
00000038669F
0000003CD778
00000036708E
FFFFFFF33E8A
FFFFFFF4A3C6
000000261F98
0000002EA218
0000001FBD59
0000002E14DD
0000002E6C32
FFFFFFBFD94D
FFFFFFF58987
0000001CFB2B
0000001852A6
0000002084B2
0000002B96A0
0000005370B8
0000002D4420
FFFFFFF66238
00000004DBE9
0000002189FD
00000036851C
0000001B600E
00000013F5AE
FFFFFFF4836C
FFFFFFFA132F
00000014C195
00000015F77D
0000001C0EE6
0000001965A8
00000043A050
0000003B3EB6
00000010C406
000000086E4E
000000221590
00000015F66D
00000012ED02
0000003220C8
FFFFFFF5C93A
FFFFFFDE07CE
000000221EE0
0000000DA932
000000053A74
00000017F91F
00000051F4D7
0000005279A8
0000002292D3
000000111541
000000169D72
0000001A05C7
FFFFFFF7EBC5
00000009D3AA
FFFFFFF8F101
FFFFFFDC7DFC
00000010F92A
0000000ABAC0
FFFFFFE906FB
0000001DE794
000000360A3A
000000279FDF
00000034D1FE
0000004408E5
000000357E7B
00000032961C
00000013A50E
FFFFFFE5101E
FFFFFFEBAFDC
FFFFFFE9C011
FFFFFFFDCCB6
FFFFFFC1E0DF
FFFFFFA2ACF3
FFFFFFB5B385
FFFFFFD8052F
FFFFFFFE4CE0
00000028385E
00000006F369
000000034B28
FFFFFFFF642C
FFFFFFF61F04
FFFFFFCA62A6
000000102B89
FFFFFFF65141
FFFFFFBF6E83
FFFFFFBDE765
FFFFFFCC54F9
FFFFFFB234A6
FFFFFFD3773C
FFFFFFD15D34
000000027089
FFFFFFD74720
FFFFFFBDC51F
FFFFFFB70753
FFFFFFA28376
FFFFFFC0259E
000000311658
FFFFFFF1B005
FFFFFFECFEE7
FFFFFFF3CAE9
0000001DE4E2
00000018A4EC
FFFFFFFF4962
FFFFFFFB7121
FFFFFFB37F7F
FFFFFFDF4254
0000001364D8
000000152CDF
00000013DB05
0000001C4499
000000099419
FFFFFFDA98F4
00000061794C
FFFFFFD20C7C
00000018E6BD
000000019B41
0000002B24FD
0000004403DC
0000000A5E34
000000447D55
000000533C73
0000003C1192
00000003F88E
FFFFFFF3F639
00000025BDAF
0000003BD625
FFFFFFF14F93
FFFFFFDE1086
FFFFFFEF8642
000000001405
0000000DEC89
00000011D10E
FFFFFFD09E12
FFFFFFDC1669
FFFFFFF0366C
FFFFFFF3AA45
0000002360AB
000000079EE0
00000046E4A5
00000038A703
FFFFFFF5EEE9
FFFFFFAC3EF5
FFFFFF8C0AE3
000000180E42
FFFFFFF76EDB
00000029F9E4
FFFFFFFBBC86
FFFFFFFEDA1E
00000006F559
FFFFFFF3CD1F
0000001F56D5
000000166F6E
0000005D3E71
0000007FA139
FFFFFFE41D77
FFFFFFDED26C
FFFFFFF6B0A2
000000243EBE
FFFFFFF6B12A
FFFFFFFC17E9
0000001E4A82
FFFFFFF90AA2
000000406098
0000000954B5
FFFFFFFC126F
FFFFFFF980EB
0000002EE756
FFFFFFE00EC8
FFFFFFC4D644
00000020004F
00000014314F
FFFFFFDB7432
FFFFFFCBF6E3
00000006BAF0
FFFFFFDA3662
FFFFFFF451D0
0000001B6C28
0000002BEEF4
0000000F374A
FFFFFFD6E3B2
0000002F3E6D
FFFFFFBFF684
FFFFFFCB0133
FFFFFFFCB662
0000001211A5
FFFFFFD7C6EE
FFFFFFB81A40
00000008262C
FFFFFFD33042
FFFFFFF70A38
FFFFFFE0068A
0000002652E0
FFFFFFFD87ED
000000413356
0000003395E5
FFFFFFEF073B
FFFFFFE15107
FFFFFFEB6A58
FFFFFFFBB10D
FFFFFFF035F4
FFFFFFB96AD5
FFFFFFAF18AA
FFFFFFACEA4A
FFFFFFF2D580
FFFFFFEE275B
FFFFFFFD1E13
0000000108DC
000000440A36
00000012DA30
FFFFFFEEF3E3
FFFFFFF17C5C
FFFFFFD6C112
FFFFFFEFCE49
000000068877
00000003DDB8
FFFFFFBD8E78
FFFFFFBD4BD5
FFFFFFEFB69A
FFFFFFEA7634
FFFFFFE5E347
0000000BB1D7
00000032B47C
FFFFFFD5D4D2
FFFFFFC5DCDD
FFFFFFD9C3C5
0000000141F0
0000001F65E5
000000071B4D
00000005A1FF
FFFFFFE65845
FFFFFFC66106
0000000F8635
FFFFFFECDA71
FFFFFFF7AE30
FFFFFFF16575
0000003F1308
00000002801A
FFFFFFECA530
FFFFFFE9350A
FFFFFFF0BC3E
FFFFFFCE3D3B
FFFFFFF5FC05
FFFFFFE81672
FFFFFFD3A930
FFFFFFBD9833
FFFFFFD0A6D6
FFFFFFB092D7
FFFFFFD8D4AE
FFFFFFA8B75E
FFFFFFF38E47
00000015D53C
000000436626
0000000EF389
FFFFFFF50B53
FFFFFFC3349F
FFFFFF94768D
FFFFFFF16AA6
FFFFFFE6952A
FFFFFFD808E6
FFFFFFEE09F7
FFFFFFB58946
FFFFFFC8FC54
FFFFFFBB0D81
FFFFFFFFA4DE
0000000E55E5
000000308B64
0000003BAF0F
000000018220
FFFFFFD9548E
FFFFFFC2E9DC
FFFFFFE8B54D
FFFFFFCECB24
FFFFFFE340FB
000000067937
FFFFFFB1E86E
FFFFFFC348C2
FFFFFFD47CCC
000000144CCA
0000000EA4C4
FFFFFFDDB027
FFFFFFD45574
FFFFFFDEAFEB
FFFFFFD4E6ED
FFFFFFF43C33
0000001A607B
0000000416C4
FFFFFFF84F0B
FFFFFFE37339
FFFFFFD967FF
FFFFFFCE0F35
FFFFFFF27747
FFFFFFEE3D11
FFFFFFFD1264
FFFFFFF29EF2
FFFFFFE1B2F9
FFFFFFDFAA63
FFFFFFE4C5D2
FFFFFFB71335
FFFFFFCF5A0E
FFFFFFCAAC89
FFFFFFAC6B45
FFFFFFB704B7
FFFFFFCED1C4
FFFFFFD58321
FFFFFFB13A8F
FFFFFFA76388
FFFFFFEB2027
00000046C533
0000006BED23
00000004CE24
FFFFFFD3961A
0000002ACC3A
FFFFFFD158F7
00000047031C
00000017B23A
00000003B535
00000004EC8D
FFFFFFD107B6
00000028B8F8
FFFFFFD1FEA8
0000004EBE8C
0000002D8CB7
0000003F4817
000000603A04
0000006075D9
FFFFFFEC0FA5
FFFFFF823914
FFFFFFC8AB7A
FFFFFFFCA6DA
FFFFFFAB79FE
0000002E4CDF
FFFFFFDBFCE3
00000013E98F
0000003B14F7
FFFFFFE0C238
FFFFFFCB1FB8
FFFFFFF2508F
00000070F04C
0000001A0000
0000001A9FE4
0000001A1E57
FFFFFFB595F8
FFFFFFC3ABE1
FFFFFFCAAE43
FFFFFFBDCBE8
00000017B5B9
FFFFFFE693D5
FFFFFF8A67F4
FFFFFFE8D04A
000000188D0D
0000004B389A
00000016C672
000000072D0C
FFFFFFA9CC23
FFFFFFDCF4C3
FFFFFFE3E8B4
FFFFFFE4F704
FFFFFFD1C162
FFFFFFE9E265
FFFFFFB85E7E
FFFFFFECF01C
FFFFFFB924DC
FFFFFFD4FFB6
000000364D9A
000000011F17
00000005200F
000000117604
00000029C3BA
FFFFFFFEB7E7
FFFFFFE3238B
000000053585
000000231670
FFFFFFC04E56
FFFFFFE28F9F
FFFFFFAE558D
FFFFFFFBE450
FFFFFF71D9AE
00000004E2AD
FFFFFFECD319
FFFFFFCCA313
00000018B900
0000003F232D
FFFFFFFDF7A0
0000001C3DFE
FFFFFFC246A8
FFFFFFC1877E
FFFFFFBA1710
FFFFFFB520D1
FFFFFFA6CA03
FFFFFFDFA58A
FFFFFF9D2037
FFFFFFDAAEFA
FFFFFFE9C59B
0000000EA5E9
000000044E42
000000014FB6
000000279FF3
0000004976D4
0000001E6032
FFFFFFDFAAFC
FFFFFFD925BE
FFFFFFCB0345
FFFFFFBA3F39
FFFFFF969BEC
FFFFFFF06694
000000409A2E
FFFFFFF0DDB3
0000000223E8
FFFFFFB99A9F
FFFFFF9FF0FA
FFFFFFF6B41D
0000005DC881
FFFFFFE44B09
FFFFFFD44405
FFFFFFBBAE9A
FFFFFFD86A7B
FFFFFFCB8EA7
FFFFFFABD605
FFFFFFC32A03
0000002FC4CE
0000000D393D
FFFFFFE4CE58
FFFFFF9784F8
000000062479
0000000FD515
00000058B993
FFFFFFE99C54
FFFFFFC9707D
FFFFFF9D5C3D
FFFFFFE6C6E3
FFFFFFD8E3D9
FFFFFFA3A707
FFFFFF9BFC11
FFFFFFD9E6B6
00000014149A
0000000B6EDB
000000308DF5
00000037D6E8
0000003D8280
0000004E7A88
0000004B6EC6
FFFFFFD7C7CE
FFFFFF7071B8
FFFFFFDB9C02
FFFFFF6E6781
FFFFFFAFD7CD
FFFFFF9CAC10
0000000119A0
000000205164
0000005F372B
00000001611D
FFFFFFC25C1E
FFFFFFC21AF2
0000000547F2
000000484F5D
00000044CA18
FFFFFFD9B5A6
0000003CCEB2
FFFFFFF668B0
FFFFFF950416
FFFFFFCAE400
00000025EE87
0000004297A2
0000001BB3EB
00000007BF18
FFFFFFFABC4E
0000004CF871
000000209827
0000002E4157
FFFFFFF72878
0000000163B9
00000029F46D
0000004C7B88
FFFFFFA7737D
FFFFFF8E1705
FFFFFFAE81F4
FFFFFF8F72D6
FFFFFFA04424
FFFFFFC1365F
FFFFFFEB3506
0000000813F6
0000000A42FB
FFFFFFE512D1
FFFFFFD12EBD
FFFFFFE978EA
FFFFFFD9F55F
FFFFFFD1DC9C
FFFFFFCCC1F0
FFFFFFBB752E
FFFFFF8D9AF3
FFFFFF917B84
FFFFFF861E8C
FFFFFFA9C124
FFFFFFCDFEA4
FFFFFF8B4FDA
FFFFFFCF0607
FFFFFFCA6CDC
FFFFFFB0AB72
FFFFFF87FC56
FFFFFF800C6C
FFFFFFA8E5D5
FFFFFFB74C7C
000000189D26
0000000F7478
00000040038F
0000002B34AB
000000026611
00000028F7CB
FFFFFFF76F29
00000002C7F7
000000313CB0
FFFFFFFDADED
000000434CFB
00000021BE1D
00000017FC0E
0000004A6933
FFFFFFE0BE92
FFFFFFFA0549
FFFFFFC313C4
FFFFFFBF4610
00000030160F
0000005622C5
FFFFFFE14D36
FFFFFFB420BA
FFFFFFBD9B4B
FFFFFFD9B69D
FFFFFFE49796
FFFFFFE58BE7
00000017EE2A
0000001CDD05
0000000AD601
000000927355
000000633D66
000000230CC0
000000725211
FFFFFFF6E25B
FFFFFFC15715
FFFFFFE34A33
FFFFFFF9FCAF
00000006FE24
000000186F32
0000003325CF
0000004ACA25
000000203762
FFFFFFF7690E
000000311E03
0000000BBDE6
FFFFFFF47564
000000192DEB
00000001ACC4
FFFFFFEBCF01
00000010BDF8
0000002F11B4
000000261129
00000029E7BC
000000500E1F
000000442953
000000121473
000000168125
0000005DBEDD
0000006FA283
00000023D15D
FFFFFF9CC62B
FFFFFF93FDDC
0000002BD313
FFFFFFDDB990
FFFFFFB9103F
00000010041B
00000021502A
0000000AF897
0000004E64D1
0000003B2FE6
0000007F9067
0000001D4C52
000000072895
FFFFFFB52961
FFFFFFBDF984
FFFFFFCCDA52
FFFFFFFCF774
0000005866DB
00000046E802
0000003FE5A2
0000003707B2
000000056D54
FFFFFFC6B230
FFFFFFA77A5A
000000427B66
000000374650
FFFFFFE1D887
FFFFFFB47247
FFFFFFC3281C
FFFFFFCA4BD4
FFFFFFFAD35A
FFFFFFC16D73
FFFFFFC59FCE
FFFFFFF67E5E
FFFFFFFC16DF
FFFFFFF59450
FFFFFFE68FE1
FFFFFFC94E22
0000000FD8F8
FFFFFFCFD10B
FFFFFFB67B5C
FFFFFFB4EB84
FFFFFFE1F3E7
FFFFFFA8BC0B
FFFFFF98C473
FFFFFF9D28A4
0000000DCD34
000000032C76
FFFFFFDB0178
FFFFFFCF329A
FFFFFFE66522
FFFFFFDC5FD3
FFFFFFB4190C
FFFFFFFB1C6F
FFFFFFC11664
FFFFFFECFE24
FFFFFFC1FAF9
FFFFFFA855E4
FFFFFFB1334A
FFFFFFC1D4D5
FFFFFFCBC657
FFFFFFEF023C
FFFFFFE24997
FFFFFFED53F7
FFFFFFD39BE8
FFFFFFCE5149
FFFFFFC3EFD2
FFFFFFF40C2C
0000003003A8
FFFFFFBC06C4
FFFFFFA7FD04
FFFFFFADD5B5
FFFFFFD64454
FFFFFFDFF165
FFFFFF989AC6
FFFFFFC5858B
FFFFFFF4F86B
FFFFFFF2E0DB
FFFFFFFB5EF7
FFFFFFECBF26
FFFFFFD4D2EA
FFFFFFCBA682
FFFFFF99C8AE
FFFFFF94B321
FFFFFFC780CF
0000002DABE3
00000023F866
000000183D2A
FFFFFFEEC91A
FFFFFFDA6215
FFFFFFE6E4EA
0000000E3978
0000004F36B2
0000005886DD
FFFFFFD9D6AA
FFFFFFDAFBBE
FFFFFF88ABF2
FFFFFF8A524A
FFFFFFB84E93
FFFFFFDB2B66
FFFFFFD9DC6A
FFFFFFC5B59B
FFFFFFD69533
FFFFFFBF96D5
FFFFFFBC3994
FFFFFFE041FE
00000022CAA4
000000367F9F
FFFFFFE91F94
00000003BFFA
FFFFFFD2454B
FFFFFFFA4F36
FFFFFFDBF4A2
0000000BEF92
FFFFFFDB6A78
FFFFFFA4510D
FFFFFFF788BF
00000028877F
0000002A53B4
0000000557AB
0000000A48B5
0000002DB05A
FFFFFFC5B90A
000000072A9B
0000002A965A
FFFFFFFDA427
FFFFFFF2F555
FFFFFFDEF303
FFFFFFD4F4D6
FFFFFFB818A3
FFFFFFFFCDC5
0000000FF2ED
00000002CEBE
000000089A2A
FFFFFFF86273
FFFFFFB1A40B
000000203C8B
FFFFFFFE7DCE
000000532109
FFFFFFE53006
FFFFFFECB400
FFFFFFE67D72
00000011B501
0000001742C9
0000000738CE
0000007804DA
0000006CAF80
000000535D95
0000001AF8A3
00000036062F
0000002C000A
00000046AED6
0000002557A1
FFFFFFC683F2
00000001C038
FFFFFFE8ADDC
FFFFFFFD70B8
0000000C3D52
FFFFFFE12EB9
0000002831ED
000000163DE9
0000002920D3
00000038A201
00000012B5F0
00000048BC2D
0000001DBFAA
FFFFFFE14D3B
FFFFFFEB6DF9
FFFFFFC517C9
FFFFFFD1657A
00000017D943
00000051E712
0000000B4E82
0000000F40F9
0000003538CA
00000004778B
0000001F9D60
0000001CEA74
0000002F4003
00000043BC82
00000020DAA3
0000004BE186
00000029FE15
00000016C117
0000002C206D
00000027AF2F
00000026B2A3
FFFFFFFF9429
0000005D9E9E
FFFFFFFC74AB
00000000A4D9
FFFFFFF54343
00000024AB9F
FFFFFFE58FE4
FFFFFFF14B5B
000000525578
0000005F4939
00000005A01A
FFFFFFE9813D
000000119A97
0000000F8D4C
000000385C98
0000000D4264
FFFFFFFCA9F7
0000001E9AA3
FFFFFFC86EFC
FFFFFFA1ED1A
FFFFFFA99994
FFFFFFDEADD5
000000168E91
0000003BC494
000000224F23
FFFFFFC34904
FFFFFFB03FFB
000000152CB1
0000000CF8D5
FFFFFFEACF0F
0000001C11D3
0000000EF0FD
0000002B00C5
FFFFFFBB17CE
FFFFFFAA2CA4
FFFFFFDAB116
000000158F93
00000015219E
FFFFFFFA5E52
FFFFFFDBCC70
FFFFFFC9C5A2
FFFFFFD4E1B0
0000001DE8C1
00000003459F
0000001D80D3
FFFFFFDE126F
FFFFFFF331B7
FFFFFFD68232
FFFFFFD7E6C4
FFFFFFFA1B58
0000001387F9
0000000C9107
FFFFFFEF8B4A
0000000D171F
FFFFFFE22754
FFFFFFD97E7F
FFFFFFBF4AA0
000000256B5C
FFFFFFF090A3
FFFFFFF7E46D
00000007A5A2
FFFFFFD0C699
FFFFFFA0C06D
FFFFFFF42BDD
FFFFFFE8274D
000000296504
00000019E847
000000340C90
0000000AF08D
FFFFFFAB13E0
FFFFFFCD4147
000000158AA4
FFFFFFF86331
FFFFFFF22595
FFFFFFFE23E9
FFFFFFF6C8E5
FFFFFFC595DC
FFFFFFD4A8B8
0000000AF354
0000001FA95A
00000038444F
00000033E78F
00000037E38C
FFFFFFED3817
0000002766E3
0000003DFE19
FFFFFFDB4E6F
FFFFFF69535B
0000000216C8
0000001B6282
000000154589
FFFFFFED4D7A
00000016D932
FFFFFFD7E587
FFFFFFC3D9A4
FFFFFFF76F62
0000001B4A22
00000000F7C8
0000002326C5
0000005A8B61
FFFFFFFCED91
FFFFFFAC2F02
FFFFFFA4AD17
00000013B8B2
00000006F5C5
000000020D25
0000009AF8AB
FFFFFFB0A6D7
FFFFFFE755AB
00000058BDF7
000000440572
000000200C5E
0000000E8922
FFFFFFFFCB23
0000004BB2DA
0000000E57B8
0000001CC395
0000000FB6F3
FFFFFFEB3310
00000018BD02
0000004ECF71
FFFFFFC11EF6
FFFFFFE3333F
00000005A2F3
0000004AB042
00000085F697
000000633EF0
0000003B875D
0000004B7AF2
0000002F5E5D
0000004069FA
0000001BB794
FFFFFFC9C600
FFFFFFC44947
FFFFFFD1E609
FFFFFFDDA735
00000002A019
FFFFFFD57B28
00000006FA7A
0000001671DE
00000024F2FF
00000018E6A5
FFFFFFEE51FE
FFFFFFD09297
FFFFFFD4AB99
000000626709
000000869B41
0000000AC1D2
0000001116A4
000000166A7D
FFFFFFC6CC1F
FFFFFFC0EF67
0000004A078E
FFFFFFFC0CF5
0000001B42FD
0000004227FF
0000000D7341
0000002F7236
0000003564B1
000000822A7A
000000106ADB
FFFFFFDEF048
FFFFFFB4BA61
FFFFFFD53BF2
FFFFFFEDBD79
FFFFFFF7649A
FFFFFFE06F0A
FFFFFFD38957
0000000CACD2
0000003EF554
000000098B4D
FFFFFFE4E109
000000427CE0
FFFFFFE98AAE
FFFFFF641300
FFFFFF6DAAA9
FFFFFFD4FE95
FFFFFFB1E5FA
FFFFFFCB6BDC
00000050F1C5
00000014B79D
FFFFFFE8FD45
FFFFFFE24C3C
000000081CBF
000000005984
FFFFFFF8CEEC
FFFFFFDE0052
00000007243C
FFFFFF9F623D
FFFFFFB4EB6E
FFFFFF6E4FF6
FFFFFFE47E9A
FFFFFFC291A4
000000085949
0000006163DD
000000295F45
0000000E6343
000000148463
0000000817E5
FFFFFFEA7C20
0000000E389B
0000000E8618
FFFFFFBA91E7
FFFFFF800251
FFFFFFC5D980
000000778761
0000001F237D
FFFFFFCDE48E
0000000D7271
000000078CFA
FFFFFFEAD88E
FFFFFFC56380
0000000D3D6B
FFFFFFE9E323
FFFFFFD38D4B
FFFFFFC5BC26
0000002FF311
00000040AFDB
000000550A64
000000575DF7
0000005324F4
FFFFFF784CEB
FFFFFF8230D0
FFFFFFFA455A
000000171D3F
0000001505E8
FFFFFFF28437
000000291718
0000000F3CD2
FFFFFFF4E42D
00000017C220
0000005F15B4
00000065E678
0000007806C0
00000069DCAC
000000496859
FFFFFFC5A139
000000003AE2
0000002D8F5F
0000004E66BB
0000004CB7B4
000000316F95
00000025336A
00000057085A
0000008F4CE2
0000007A2A72
000000491BE7
000000426BE5
000000380186
00000080E529
0000003C391A
FFFFFF9A12A4
FFFFFFDB31CF
0000001BF558
0000001F52FC
00000011001A
00000039AC29
0000001907A2
00000031C378
000000749BF6
000000435FAB
000000537B9F
00000074D913
0000006E5E57
0000005239DC
FFFFFFDAEAC4
FFFFFFB22BC1
000000161A4B
000000080D29
000000270CC7
00000004763A
FFFFFFFC69FC
FFFFFFD969C5
0000000F0468
000000375C83
0000006A793B
000000905205
0000005DAA4F
00000042D8AB
0000004DACF2
FFFFFFC89073
0000001FE8BD
FFFFFFE1DC51
FFFFFFA08297
FFFFFFD21A27
0000001A858D
FFFFFFF3F103
00000006670C
000000222427
0000002831C6
000000081ABE
FFFFFFD3794C
FFFFFFE524B1
000000343533
00000016AB5C
0000001862A5
000000568CB2
000000154681
FFFFFF8D83B2
FFFFFFD8433E
FFFFFFD65B2C
FFFFFFF297FC
0000006211E4
000000779F31
0000006FA6F1
000000298D8C
0000004AFB93
000000483002
000000163B19
0000004FC5B6
0000006A4C10
00000050A728
FFFFFFDAE4C3
FFFFFFDE8665
FFFFFFB35A5E
FFFFFFCE328B
0000001A3069
000000014E81
FFFFFFB8F3D9
FFFFFFCBC562
000000236CA4
FFFFFFEB8193
FFFFFFEF4FF3
FFFFFFE94CBE
FFFFFFFC353C
FFFFFFC3A396
FFFFFFB2C26F
FFFFFFDE01E9
FFFFFFEA34B8
FFFFFFAB50E4
FFFFFFD8591A
00000006DAAD
FFFFFFF15336
FFFFFFF5715F
FFFFFFE35CAA
FFFFFFBA2C4E
FFFFFFF3F952
0000001003C8
0000002A3DD1
00000024C743
FFFFFFF7AECF
FFFFFF9B2FB3
FFFFFF766151
FFFFFFA2A8D4
FFFFFFA1EA13
FFFFFF9EB8A7
FFFFFF9E574A
FFFFFFE3F41F
FFFFFFB5B9B8
FFFFFF6D1B05
FFFFFF548548
FFFFFF99F1E2
FFFFFF8E979C
FFFFFF87D27E
FFFFFF895226
FFFFFF9769AC
FFFFFF734CBC
FFFFFFE2218F
FFFFFFD2AF86
FFFFFFA90E85
FFFFFFBAC5FB
FFFFFFD823A0
FFFFFF97691C
FFFFFF557244
FFFFFF98B0BB
FFFFFF96891D
FFFFFFC668F6
FFFFFF995A11
FFFFFF6736D8
FFFFFF6C1676
FFFFFF627951
FFFFFF9FD3DE
FFFFFFEB5D5B
FFFFFFB07377
FFFFFF54C6E0
FFFFFF724F98
FFFFFF981BBD
FFFFFF6EC4DE
FFFFFF9B6885
FFFFFF9D4186
FFFFFFAC2780
FFFFFF8ECEFC
FFFFFFB13632
FFFFFF47C0A1
FFFFFFDBD0F9
FFFFFFD002E5
FFFFFFEA69C1
FFFFFFC09B4F
FFFFFF834FC7
FFFFFF35ACE3
FFFFFF8B8E6C
FFFFFF7BB4BF
FFFFFF906EBF
FFFFFFA48184
FFFFFFC87C92
FFFFFFA06D62
FFFFFFD71B4E
FFFFFF83CD33
0000001852A2
0000000C356A
00000004F230
000000181412
00000000B133
FFFFFF61CA3C
FFFFFF99E286
FFFFFFA4533E
FFFFFF9DBEC5
FFFFFFBC1E1F
FFFFFFCAC538
FFFFFFC55F0E
FFFFFFD60B97
FFFFFFCC67E2
00000001FC58
000000103CC6
FFFFFFF6CDAD
00000019B37C
000000317E86
FFFFFF9EB281
FFFFFFD7C50D
FFFFFFCA3B01
FFFFFFDDD029
FFFFFFC9D618
FFFFFFCC8F06
FFFFFFCA4990
FFFFFFCE1C35
00000016F072
0000003F81CE
00000023351C
0000002317CC
00000007014F
00000025FF8A
00000007D60B
FFFFFFE8B48F
FFFFFFA5E797
FFFFFFBFB315
FFFFFFD37911
FFFFFFC04170
FFFFFFD08977
FFFFFFDC37DF
000000323935
0000005BF585
0000002C6077
0000002B1DC5
0000001C6D27
0000002105AD
00000031CA0F
00000020CB8E
FFFFFFC33CF7
FFFFFFD785A3
FFFFFFD4FCD0
FFFFFFC2277F
FFFFFFC8AB10
FFFFFFE0AF61
0000002CA2B5
0000002E504C
0000005A5325
000000394D5C
00000062835E
0000002A726D
000000429083
00000041C3A0
FFFFFFE15E53
FFFFFFC9314C
FFFFFFCA2FFC
FFFFFFB504C7
FFFFFFC92D75
FFFFFFE0EBE8
FFFFFF9E602E
FFFFFFCA6722
0000002709FA
0000002C54E5
0000004B327D
00000060ECFC
000000382716
0000003DFEE2
00000003F873
FFFFFFE7249D
FFFFFFF871D7
00000005FBAA
FFFFFFCE44A5
FFFFFF9FCBB5
FFFFFFF34075
FFFFFFB42AE4
FFFFFFFFEFF2
0000001BBDBF
000000484D50
0000006E0AA6
0000002DF12A
0000002B441F
0000002C92EE
00000005A607
000000174179
0000001F7FEE
0000001884DC
FFFFFFB9F746
FFFFFFA2A5B7
FFFFFF93AD23
00000014E060
0000001E77B0
0000002EF522
0000002CF8A7
000000020FCE
0000005517C7
00000038D4F1
00000022AE8E
000000376474
0000003E007A
000000139467
0000000A93FA
FFFFFFAC8CD9
FFFFFFA61FE7
FFFFFFE3FB42
FFFFFFAA6E5B
FFFFFFCEFB96
000000081DAD
00000052A7A6
000000446F68
FFFFFFF0A982
000000038C3A
0000001FEE72
0000000748AB
FFFFFFE88AA2
FFFFFFC85364
FFFFFFB361E5
FFFFFFA80D58
FFFFFFB240ED
FFFFFF8F2FC9
FFFFFFC1487F
FFFFFFC28081
FFFFFFCA3034
FFFFFFC660B2
FFFFFF8DCC7E
FFFFFF986C07
FFFFFF8C892F
FFFFFF84AE24
FFFFFF9C08AB
FFFFFFB6AB5E
0000000D8D2C
0000000DAB30
FFFFFFC4C653
0000000BCC9E
0000004D9E4D
00000031ECA7
00000031BA2E
0000000810AD
FFFFFFFF77D7
0000003C3CE2
0000004ED756
0000002D77CA
0000001EB317
00000019E4CD
00000005BED6
FFFFFFCE517A
FFFFFF5BCAB4
FFFFFF9AE2FF
FFFFFFFE764B
000000334F9D
00000061C35F
00000036CA02
0000000430C8
0000001FA0E3
000000007F34
0000003EA781
000000197DAA
FFFFFFF83A9B
FFFFFFF93504
FFFFFFBEEF1B
FFFFFFCE5AA9
FFFFFFBFEBA3
FFFFFF9FFB44
FFFFFFEF01EE
0000003F9B8D
00000022BA5E
000000233F45
0000002A2D09
0000001D77E2
000000065AA2
FFFFFFFBFFA6
0000000D374A
000000176D29
FFFFFFDE0311
FFFFFFD505C4
FFFFFFCEBB0A
FFFFFF71551F
FFFFFFA8E137
0000000DD640
000000367669
00000018A61E
00000031F12F
00000012D869
000000275400
00000016B61C
00000015575A
FFFFFFA5CD5B
FFFFFFA4B51F
FFFFFFCD610F
FFFFFFB9AED5
FFFFFFB72475
FFFFFFC1BC24
FFFFFFD0C6FA
0000000310BA
FFFFFFE62E2C
FFFFFFF55397
0000001AE14A
00000035A337
00000020C445
00000021A450
0000001652EB
FFFFFFF0AB07
FFFFFFC47FD1
FFFFFFD28035
FFFFFFD83267
FFFFFFBC08A6
FFFFFF8758C4
FFFFFFDF50A6
0000000B8A88
0000001E32A0
0000001D0F7F
0000001E1D98
00000029654E
0000001B4490
0000001F059D
00000008EE47
FFFFFFF63A8C
FFFFFFE5A574
FFFFFFE90F7A
FFFFFFF02946
FFFFFFB558C3
FFFFFFAA57B0
00000016DBEA
00000022D632
000000114427
00000012F4BB
00000028391A
00000048AEE5
00000015B69B
000000430211
000000169E37
00000019C64D
000000015CC7
FFFFFFE0C38E
FFFFFFF13066
FFFFFFD6B6AD
FFFFFFBE9D99
000000483811
0000001CE77A
0000002EC600
0000002897B9
0000005883FD
0000003458B0
0000003EC408
000000310902
0000003805A0
0000000DF4A8
FFFFFFFDBCE4
FFFFFFFA5BAA
FFFFFFE343F6
FFFFFFB2A100
FFFFFFF1007D
FFFFFFF8243B
000000049E6E
000000083E3E
0000002FE788
0000004B5872
000000473588
000000159036
0000001EF88D
0000001B8263
0000000E198B
FFFFFFCB7F75
FFFFFFC265DA
FFFFFFD010FC
FFFFFF8514A3
FFFFFF79A1CB
FFFFFF708BC6
FFFFFFA960D6
FFFFFFE5678F
0000004A8C1C
0000004DB38A
0000000DD8DA
FFFFFFF97A08
000000372DAC
000000218427
FFFFFFF27ECD
FFFFFFF1EAAA
FFFFFFF34F3D
FFFFFFD7B9B6
FFFFFFAA6219
FFFFFFBA2213
FFFFFFB06BE0
FFFFFFCCA0C5
000000333E4D
0000001E5DB2
00000001C8A6
0000002D08E0
000000600431
0000003405A9
000000162C48
000000136F5D
00000010C544
0000000FB499
0000002876D1
0000001F2508
0000000B8ECB
FFFFFFD91B9B
000000251AF8
00000011A335
00000017FEB7
00000015ED4C
0000002EC8D6
00000035BB97
0000003C6867
0000001516C6
FFFFFFEDCBEF
000000057999
000000232145
000000294E35
000000092943
00000009DBFC
FFFFFFE0DC55
0000000F90EE
00000025646E
FFFFFFFF2447
000000324A48
0000002FAC5C
0000001A8A75
FFFFFFF66E6A
FFFFFFFAA8E6
FFFFFFF17759
0000000762F9
FFFFFFE57025
FFFFFFFA8887
00000007936D
FFFFFFFFD93F
FFFFFFD17C98
FFFFFFDC2ABA
FFFFFFD72764
FFFFFFBD4772
00000018BBC1
00000005DDA1
00000016C650
FFFFFFD75D8E
FFFFFFD5F458
FFFFFFACDB41
FFFFFFC94F53
FFFFFFBA1877
FFFFFFAA869C
FFFFFFE644F1
FFFFFFE744DD
0000000AD2B6
FFFFFFE84D87
0000002569E8
FFFFFFC707CD
FFFFFFEA9F25
00000014C4BA
000000093443
FFFFFFC1335E
FFFFFFD38842
FFFFFFBE2BD3
FFFFFFE705DB
FFFFFFC7280C
FFFFFFCA1BB7
FFFFFFB5C063
FFFFFF7FB04C
FFFFFFC93070
000000233FC0
FFFFFFFEDB8B
FFFFFFC700CC
FFFFFFC897D0
FFFFFFF23F83
FFFFFFE174EB
FFFFFFB7718C
FFFFFFDFE48F
0000002D65CD
FFFFFFEDC3D5
FFFFFFB20325
FFFFFFC3369A
FFFFFFA4E7DD
FFFFFFAD06C2
FFFFFFD2DBC8
FFFFFFAEDF62
FFFFFFAFD0BA
FFFFFFAF478E
FFFFFFC9F681
FFFFFFAABB0F
FFFFFFCA210F
FFFFFFD67376
00000002EC5C
000000143573
0000000C8B5A
000000131E0A
0000001DE81A
FFFFFFE59441
FFFFFFE1FDC7
FFFFFFBF0075
FFFFFFC85BAA
FFFFFFF27E48
0000003FE712
FFFFFFFC034E
000000057EE3
FFFFFFD4E7BF
00000020CBD8
0000006D4EEF
FFFFFF9CD6F2
FFFFFFA06B4D
FFFFFFD80FCF
000000045186
FFFFFFE5E74F
FFFFFFC6DC98
FFFFFFEF4A67
0000000328F6
FFFFFFFBA4F1
FFFFFFFE112E
FFFFFFD00DFD
FFFFFFC00A17
FFFFFFF22250
FFFFFFB9E9B7
FFFFFFC4229A
FFFFFFB71E16
FFFFFFDE7B7B
000000089C01
FFFFFFDBE9CC
FFFFFFC53EEB
FFFFFFC3BE10
FFFFFFE12581
FFFFFFFE25B4
FFFFFFCC8F2E
FFFFFFCFABF4
FFFFFFAB5781
FFFFFFD794E2
FFFFFFB99A94
FFFFFFE3956E
FFFFFFCE21A3
000000161CA0
00000012A857
FFFFFFF04D67
FFFFFFF02872
FFFFFFD73C73
FFFFFF948775
FFFFFFEC4205
FFFFFFB8FC76
FFFFFFD2C070
FFFFFFCF1031
FFFFFFA8073B
FFFFFFBDF332
FFFFFFECD92B
0000002FF38E
0000002AF24A
FFFFFFD92169
FFFFFFD23B0B
FFFFFFDEB413
FFFFFFE9AC94
FFFFFFAE3AF9
FFFFFFF01E78
000000117A34
FFFFFFF69517
FFFFFFE899FD
FFFFFFDB5B8F
FFFFFFC2408E
FFFFFFDEC900
FFFFFFE6F92E
FFFFFFFA3CFB
0000003F0968
0000002815B0
00000003AA84
FFFFFFFE936F
FFFFFFDA3C5F
FFFFFFC5C472
000000103DB2
000000227A47
0000002A3F4B
0000005EB9EC
0000001AF4F0
FFFFFFDDB961
FFFFFFE3B0F4
0000003D7E6F
0000000C1D19
00000023BFDE
00000046A730
0000003BB40B
FFFFFFF7821C
FFFFFFCD2825
FFFFFFC35CA4
000000133F71
FFFFFFE09D4F
FFFFFFE327B9
FFFFFFECF5FD
FFFFFFDC4779
00000000C803
00000066CCAE
00000022646B
00000024D23D
0000002D7E8A
FFFFFFF4D9A7
FFFFFFF69A68
FFFFFFDAF6E2
FFFFFFFC4FBF
0000000AF857
FFFFFFFECFD3
FFFFFFB90B23
FFFFFFAB41D7
FFFFFFD76EC9
FFFFFFF040F6
000000250E01
FFFFFFE95090
FFFFFFDA2E98
000000620CB8
0000004F73AF
0000003F8D50
0000004E9DB6
0000002CF913
00000038A2AF
0000004189D2
000000787B6E
000000467E8C
00000021A780
FFFFFFECC81A
FFFFFFB41BCC
FFFFFFB1BD54
FFFFFFCB3E3A
000000119B08
FFFFFFF5CE4D
00000077A4BD
00000028163E
FFFFFFEF7F4C
0000001C1B16
FFFFFFF966F2
0000000B136D
0000000FC8CA
FFFFFFF4B094
000000310F2C
FFFFFF9E966A
0000002042BC
000000228BA6
00000054B5D2
FFFFFFDAD037
FFFFFFD8E682
FFFFFFC3745F
FFFFFFD75EB3
FFFFFF9C2E0B
FFFFFFD9F4FA
0000002ACDAC
0000001DC2CE
FFFFFFF03C81
FFFFFF8E116A
FFFFFF83884E
FFFFFFFD3657
FFFFFFFF790A
FFFFFFE3645F
FFFFFFEBD587
FFFFFFE68CAC
00000019B263
0000001EB5DF
FFFFFFCCBC4B
0000000B0D35
FFFFFFF79A6C
FFFFFFE913A2
FFFFFFF05365
FFFFFF3D44D8
FFFFFFFB0809
00000002C526
FFFFFF9B25D9
FFFFFFB11A57
0000000100A5
FFFFFFC9B416
FFFFFFF05157
0000001DAFD0
FFFFFFFB94B8
FFFFFFF63422
FFFFFFF1B7E3
FFFFFFE5C020
FFFFFFB9F3EF
FFFFFF372D4F
0000002757B7
FFFFFFDE1025
FFFFFFBF50C9
0000000ADECD
FFFFFFFFF833
FFFFFFCD0C08
FFFFFFCF6C8A
0000002FD69F
FFFFFFBC23D3
FFFFFFC62486
00000029F870
0000000EC108
FFFFFF7E7448
FFFFFFD2B760
00000005D0AF
FFFFFF958D2F
FFFFFFDA1D5F
0000001B1255
FFFFFFF2D210
000000096E12
000000149B05
FFFFFFE4B222
FFFFFFE44A38
000000012B19
FFFFFFEEBF98
0000004291DD
FFFFFFDB09EC
0000002F2534
000000127276
FFFFFFDE4BC3
FFFFFFB86593
FFFFFFEB1564
000000214C30
000000054290
FFFFFFFE7B4C
0000002B7BBA
00000057B46D
0000000602EF
FFFFFFF05B5A
FFFFFFFC605A
FFFFFFC92A0B
000000263CB0
000000160EFF
FFFFFFD85D05
FFFFFFDC558A
FFFFFFD1CB74
0000000F3C4A
000000707DB1
0000005A34D9
000000271709
0000001B03D6
0000000C5885
00000029A0EC
FFFFFFE8BB53
FFFFFFCF0C32
00000049EC45
0000001542E1
00000006529C
FFFFFFCF9108
FFFFFFDC0C1A
FFFFFFD67973
0000002D1559
00000022947A
00000028C9CB
00000010D6F6
00000015A66D
FFFFFFF1E22A
FFFFFFE26AEB
0000002E1776
00000073DFBF
FFFFFFEE7701
FFFFFFECBC0A
FFFFFFAE0764
FFFFFFD5C3D1
FFFFFFBA54B0
000000172835
000000103599
0000001415D8
0000002BABD9
000000114B21
000000218BD2
FFFFFFFDE9CC
FFFFFFF7B50B
0000003E5299
00000019D7C8
000000348F9E
00000004F1E0
FFFFFFE2783E
FFFFFFEC4DBF
FFFFFFFF5F8F
FFFFFFF761CE
0000004A1581
0000000DDE9B
FFFFFFE30852
0000008CF924
0000002EF047
FFFFFFDBD776
FFFFFFD14EF5
FFFFFFBA42D5
0000002202EF
FFFFFFF9B8B0
000000136FBC
000000199F0A
000000023B58
000000169CB0
0000000A3005
FFFFFFCBE4C8
FFFFFFF068CD
000000451F6E
00000041D25F
00000008AC98
FFFFFFDD024E
FFFFFFA79F59
FFFFFFCBAE77
000000494FB4
FFFFFFFB13F1
FFFFFFDF4942
000000015080
000000239708
FFFFFFCE37D5
FFFFFFF50DB7
0000000F19D1
FFFFFFFD66B0
00000023C32B
FFFFFFE17E97
FFFFFFFCDD8D
FFFFFFC0F709
FFFFFFC3FE30
00000035E238
FFFFFFEEB8C5
000000008515
FFFFFFDBF562
FFFFFFE19FB1
FFFFFFBB0DE8
FFFFFFF2FAFB
FFFFFFF016E4
0000000BE50B
00000021383D
00000002BBB7
0000002A20AD
00000035A393
00000047606C
0000001F2AA8
0000002BC106
0000003D9388
00000026BD5E
FFFFFFF00D3C
FFFFFFF1C9CC
0000000442A9
0000002369AB
000000505A26
00000056B110
FFFFFFF5E362
00000002625D
FFFFFFFEC23D
0000004DFCFB
0000005A45CF
000000043F75
0000003D2039
FFFFFFF701DD
00000060B309
0000004E6761
0000007111E9
0000007A5817
00000061AE4F
0000007F1655
FFFFFFB29F6D
0000002CF7E7
FFFFFFCDE82E
00000009DBA9
000000447D6F
000000564479
000000708290
0000004C1E2C
0000006DBA11
0000008C1139
0000005050EC
000000432322
00000027036C
0000004142F9
000000735FF8
0000007BA8EA
FFFFFFE38B8F
FFFFFF81F009
0000002C80E8
0000006CC9B3
0000005DA0AE
000000711B3D
00000053CCAB
000000668FF4
0000009383CC
000000805E4E
00000093B96A
000000C0FE2C
000000A65C72
00000079908E
FFFFFFF85CEA
FFFFFFC63D6D
00000012C377
0000006A61B0
000000BD2032
0000007545CA
000000783B57
0000007E4084
0000006F9641
0000006E820F
0000005A6D39
0000009F34CC
00000073E88D
00000019CE4C
000000440587
FFFFFFEF6B76
FFFFFFED9667
FFFFFFCEE0EC
000000A10B9C
000000658007
00000039E402
0000004399EA
00000063A7A0
00000057E8A7
0000005A6C78
0000002471AC
00000042666E
FFFFFFA9EDDC
000000103266
0000000E4888
00000005F2D9
FFFFFF9E2F89
000000282A54
0000004B4F74
000000546B4E
0000006EBB9D
000000594354
00000068C497
00000072DAF8
0000006710EB
0000002BB3AA
FFFFFFF82B63
FFFFFFF769DD
FFFFFFEFBB94
FFFFFFEB596E
FFFFFFE06721
FFFFFF867B83
FFFFFFE10395
0000008A3BAA
0000005B2F84
00000061A2BB
0000006C73AE
0000006442EA
00000081AC24
0000001CD1A2
FFFFFFC6B068
FFFFFFF6DEDC
0000000CEFD3
00000047A594
000000206620
FFFFFFE02FE3
FFFFFF8B6B5E
00000032A70B
00000057B2F1
000000535345
000000635C62
0000008BB285
000000910D85
000000636549
00000018EE15
FFFFFFFA9D58
0000000CEA1D
0000002DD739
000000102FB6
FFFFFFE7E93C
FFFFFFAA3D60
FFFFFFE7FE06
00000069CB16
0000008A7CCA
000000735FB1
0000008943E1
0000009F8503
000000AF9BE5
00000085AEDB
FFFFFFE32EEE
00000008481E
FFFFFFF071F6
FFFFFFC9861F
FFFFFFCA0599
FFFFFFCA3024
FFFFFF92C19E
0000002452A5
0000006AF97A
0000002BAAC8
0000007A2F82
000000958BCA
0000008177FE
00000070461A
FFFFFFE220B9
FFFFFFEE3A27
FFFFFFEBA582
000000122E4B
0000001AB800
FFFFFFF6D038
FFFFFFB68676
FFFFFFE30DBD
FFFFFFDCF08B
FFFFFFA06630
FFFFFFAF3D3E
000000885B82
000000649F2A
0000008B1EE1
FFFFFFEC53BE
FFFFFFFC848D
0000001BFD71
000000033EE8
00000001A90F
FFFFFFE687CC
FFFFFFAF4AB2
FFFFFFF6790E
FFFFFFE06B79
FFFFFFDC61D9
FFFFFF8BC4B4
00000004CBE0
0000009F932F
000000A3A747
000000A08DCB
000000A8E95D
000000A20E8F
0000004C5ACA
00000043419D
FFFFFFFF1A68
0000000EC917
00000004B4FD
00000031B86E
00000065D913
000000417254
0000003C9987
000000B03164
000000D98D6B
000000E11103
000000D0D5C3
000000D3B52D
000000B0D42C
000000DF3F86
0000008E5A92
00000098AF41
000000E37841
000000C02704
000000EC13DF
0000009CB080
000000C41967
FFFFFFDC9D9E
FFFFFFAF2332
000000426F4E
FFFFFFE623ED
0000000471C7
0000000699AD
FFFFFFE2EDC6
0000001E1C87
0000002C8C30
FFFFFFED06EF
FFFFFFC68641
FFFFFFC6007D
FFFFFFC276FA
FFFFFFD9F787
FFFFFFFF5FE7
000000049A08
0000005802C7
FFFFFFE72D70
0000001BFDCE
FFFFFFBE6173
FFFFFFC9DB3A
FFFFFFF70FAE
FFFFFFF49D25
FFFFFFCCEE1F
FFFFFFC3FF7E
FFFFFF8F7B4E
FFFFFFDD4A6C
FFFFFFE01044
00000025D30E
00000030D9E5
FFFFFF98115E
FFFFFFCDD262
0000009D7B66
00000030A69D
FFFFFFCF5D9C
FFFFFFD51511
FFFFFFDBB580
FFFFFFCF68D5
FFFFFFCBD2CC
FFFFFFF9FB8F
0000000FE3E2
FFFFFFF087AC
0000002DF86F
000000C369C3
FFFFFFD1005A
FFFFFFC4A92B
00000006AAC4
0000002B2913
0000000576D8
FFFFFFDDB463
FFFFFFE2F954
FFFFFFDB95C6
FFFFFFD80831
FFFFFFDA30ED
FFFFFFFE5CA6
00000022950E
0000001E470F
FFFFFFD90A69
00000037943D
FFFFFFE6A398
FFFFFFB5E970
FFFFFFA7AAE7
000000027284
0000002CC0F7
0000004BBE25
0000000F969D
FFFFFFF15AB6
FFFFFFDB15AD
000000357B75
0000006357AA
FFFFFFAF8DA0
FFFFFF7E491B
00000007E5AB
FFFFFFFFA211
FFFFFFCF418E
FFFFFFC1DF77
FFFFFFD720C2
FFFFFFDEB4CF
FFFFFFF9EC23
0000001B72FC
FFFFFFF71C7A
FFFFFFEF9E6C
0000000935F1
0000003C5257
FFFFFFAA4C9C
FFFFFFC32983
FFFFFFD6782E
FFFFFFB5D091
FFFFFFBF9631
FFFFFFE37403
FFFFFFA9D0A8
FFFFFFD4E982
000000061707
FFFFFFCC0BE3
FFFFFFCCA077
FFFFFFCD1EDB
000000111A69
000000141865
FFFFFFBFCEA2
FFFFFFA0F354
FFFFFFC77447
FFFFFFCD56A5
00000008F906
0000001473B2
FFFFFFDF1AAE
FFFFFF992CF1
FFFFFFD70F1A
FFFFFFDB4691
FFFFFFC16820
FFFFFFAE90D3
00000002BCC6
FFFFFFE047B0
FFFFFFF450D0
FFFFFFBBE76E
FFFFFFEB2677
FFFFFFEE1637
000000035B9B
FFFFFFBDD5FF
FFFFFFC1BD6A
FFFFFF8F9DAF
FFFFFF9E069A
FFFFFFF12D56
00000019C402
FFFFFFEAAF4A
FFFFFFEAE241
FFFFFFF970D6
FFFFFFF6BC96
000000046D57
0000000F10CD
FFFFFFFA6102
FFFFFFB6DAAA
FFFFFFB0BD09
FFFFFFD77BB6
FFFFFFB21994
FFFFFF89D8CF
FFFFFFF53AB2
0000001BCE48
FFFFFFD95BD1
FFFFFFE97D54
FFFFFFECD19A
FFFFFFCF3010
0000000A196C
0000006176B4
FFFFFFE6ACC7
000000077E5E
00000044EED2
0000001292F1
FFFFFFCC1C7E
FFFFFFAF6A9D
FFFFFFCA1E5D
FFFFFFDC15B3
FFFFFFB997B7
FFFFFFA02A8A
FFFFFFFD271A
FFFFFFC1DFA0
00000004FA95
000000153F3F
FFFFFFAC9F24
000000197D07
000000109C47
FFFFFFA9DDDC
FFFFFFC37EE3
FFFFFFCB948D
00000029D254
FFFFFFD60F20
FFFFFFB07D66
FFFFFF6037B5
FFFFFFD4F838
FFFFFFBA0081
00000007890A
00000036B757
000000273A90
0000003E41A5
000000105C93
0000002FFD8E
FFFFFFBDE775
FFFFFFB082C1
FFFFFFDC14F5
FFFFFFE31ADE
FFFFFFE0AEBA
FFFFFFE4B9E6
FFFFFFFFA6C4
FFFFFFDB76CF
000000302B97
FFFFFFF9AB9B
000000239162
000000160A3F
FFFFFFBCA35C
00000006C6A4
FFFFFFE30BFE
FFFFFFE4FCCC
FFFFFFE88D2E
000000022AAD
000000279B22
0000000E8A0E
0000000646BA
00000029F166
FFFFFFEB94DA
FFFFFFDE17E1
000000046ED2
FFFFFFE143C4
FFFFFFB63B2A
FFFFFFD301F3
0000000BBB9F
000000260725
000000153FDD
FFFFFFD35440
FFFFFFC4D08F
FFFFFFA967D2
0000000DD995
00000010D672
00000010AA5E
0000001DA7D1
00000026AD5C
FFFFFFF4FB16
FFFFFFE5B445
00000005DFF5
FFFFFFEF682C
FFFFFFF35D84
FFFFFFEA7F27
FFFFFFE44231
FFFFFFACA301
FFFFFFC476B7
000000150086
00000001B6B8
FFFFFFE06BB8
FFFFFFCB8E0E
FFFFFFFBD4E0
FFFFFF76D56A
FFFFFFE4180E
FFFFFFBF3066
FFFFFFAACAFC
FFFFFFE4197C
FFFFFFC9C015
FFFFFFB1499A
00000008D7A5
FFFFFFE134CB
FFFFFFD4BE04
0000000161F4
FFFFFFB3764E
FFFFFFBA99FE
00000004DD9C
FFFFFFFD28D3
0000001F48F6
FFFFFFD8D915
FFFFFFFBB959
FFFFFFCA53EF
000000013A4A
FFFFFFFDB120
FFFFFFF769A7
FFFFFFCCDF39
00000008430A
000000191C7C
00000003B96D
FFFFFFD9E7FA
000000592807
0000000A38C6
FFFFFFFF6845
FFFFFFFDCE56
00000028ED04
000000392C9A
0000000EE932
FFFFFFFB3BA5
000000007A19
FFFFFFFE4533
FFFFFFE4520F
0000001EF7FB
00000029C3F0
00000013909E
00000032171D
0000000E8A25
000000247F45
00000009EAF9
FFFFFFF325DC
FFFFFFEF7155
FFFFFFCAEE96
FFFFFFD0F488
FFFFFFEEA3C0
FFFFFFED0D09
FFFFFFE7FDAF
000000400978
00000008F6EE
000000092899
0000001BFBA3
00000012EDA0
0000002FD8C2
00000040E467
0000001EB3A6
FFFFFFD2CC6D
FFFFFFBCF983
FFFFFFE9581E
FFFFFFC26D13
FFFFFFCD02E0
FFFFFFDB47E4
0000001D359F
FFFFFFF7D253
FFFFFFD76868
FFFFFFF2907A
00000051DEAB
0000006A3A4C
0000000DEF8C
00000007C505
0000000E3776
FFFFFFCEC93E
FFFFFFD16C88
FFFFFFA8C18C
FFFFFFBA2300
FFFFFFA08CD9
000000392882
0000003997C7
000000142C2C
00000019E0E0
00000047D7FD
00000025BF28
0000002EE70C
00000013C11D
0000003F5359
FFFFFFE27EED
FFFFFFD1DB96
FFFFFFC2458C
FFFFFFD225E0
FFFFFF916BBD
FFFFFFDBCF1C
FFFFFFEE8FC6
0000001F65BA
00000019540D
0000002E168F
00000026BD56
0000002450EC
0000001A6CDC
0000001A13E6
00000021EE98
0000000ADE6A
00000015F3F5
0000000E4141
FFFFFFE374C8
FFFFFFEC20F0
FFFFFFAAE820
FFFFFFEC092F
FFFFFFBB5738
0000000911CD
FFFFFFFFFE14
000000052746
00000010FC6A
0000001B049D
FFFFFFF80157
00000042384D
0000000DA185
0000001D7B4C
0000000AF0ED
FFFFFFE4F069
FFFFFFD63FE4
00000026B238
000000170674
000000308E7A
00000023F92F
FFFFFFEDD574
000000051858
00000005476D
0000000A4CEF
0000002C94A6
FFFFFFED5CF8
000000032B9F
0000004567BC
FFFFFFAEBB8F
FFFFFFC6D1DA
FFFFFFF220C7
0000000FDF51
0000000C9598
0000001E9386
0000001B5F6A
0000000A7C7C
00000028B797
000000388FCC
00000022C46B
0000000FD8A7
0000003F75C9
0000001AA392
FFFFFFC356B9
FFFFFFB0D172
FFFFFFBD4B39
FFFFFFC8FA50
FFFFFF69E4C3
FFFFFF9F0F7A
FFFFFFDE2011
FFFFFFF69A6E
FFFFFFC11252
FFFFFFBBC345
FFFFFFB00853
FFFFFFB52129
FFFFFFC7DF59
FFFFFFAC9C7E
FFFFFFF51996
FFFFFFFD4C67
FFFFFF85A07B
000000639CA5
000000235225
00000041B9C8
0000005C3234
FFFFFFF45597
0000001B134F
FFFFFFFD6D33
FFFFFFDAF192
FFFFFFEB112A
FFFFFFFBFA2E
00000004883E
FFFFFFF935B5
FFFFFFC43BD5
FFFFFF763AB7
00000008F1D5
FFFFFFEAEF72
0000003038C7
000000543573
000000100049
FFFFFFFB8F77
FFFFFFF57DB4
FFFFFFE0DE7E
FFFFFFF6C53B
0000000CD7B4
FFFFFFFF181F
000000044A2F
0000004351DB
00000040D43D
FFFFFFE7147E
FFFFFFC6B5C9
000000503AA3
000000138470
0000001DCFED
0000000FC026
00000010BF13
FFFFFFF682F7
FFFFFFF0EAFB
FFFFFFE8ED79
00000022FCD9
00000017294C
000000147BFC
0000000A0B36
000000340253
0000002F811C
0000002CC706
0000002F5717
FFFFFFEB7B61
FFFFFFEC6D5A
0000001CFEB8
FFFFFFE86FB5
FFFFFFEE0720
FFFFFFFD3191
FFFFFFCC5F30
FFFFFFB641A7
FFFFFFF546CF
00000004F3F6
00000021082C
00000029C2A6
00000036BCAE
0000006A5EA9
FFFFFFD02606
FFFFFFFF1F06
000000096115
0000000B8F81
0000003C4A05
FFFFFFF52438
FFFFFFC6CF21
000000F1AB63
00000069AF94
FFFFFFF8FDA3
00000025F230
00000024880E
0000004500AD
00000033B76D
000000740C0A
FFFFFFDF2CCD
FFFFFFFC1C43
0000002F1053
00000044770C
0000000B1797
FFFFFFED431A
000000C99DE8
0000005B17D8
000000270D0D
FFFFFFFBF0FB
FFFFFFE8CE17
0000003AB690
00000023948F
FFFFFFEA4E8D
0000000F000C
000000201F3B
0000000D315B
000000149B90
0000003AB393
00000018F23C
000000404587
0000000FBF66
FFFFFFEFFBBD
FFFFFFEF8645
FFFFFFB7FDD5
000000208448
0000001BB71B
0000003B01FE
0000004864D4
000000879E55
0000000DA226
00000042984C
00000027F057
00000036B062
000000306393
0000001FB19D
FFFFFFF2EAFD
00000029F082
FFFFFFE5D8BB
FFFFFFFD7F1A
0000001A27B9
0000003B0EE8
000000926A34
0000008A1BE9
0000000BB01B
00000007E363
00000014EA86
0000004556BB
0000004AC6F4
00000056B64F
00000068A432
0000002A13E0
00000014851D
FFFFFFD5001D
FFFFFFF2DDFC
00000005234C
0000003CE000
FFFFFFF33C2F
FFFFFFDD9239
FFFFFFC8AD70
000000447D98
00000036AB49
00000018639E
0000004FF632
00000045E767
00000044F96E
00000043E64E
00000033BF87
0000003A47A5
0000000F06C0
0000002CE919
FFFFFFFD539C
FFFFFFCEF044
FFFFFFF3C6DF
0000005B6FDF
00000093C036
0000002F8F9E
00000023C7AB
000000014335
FFFFFFD98131
000000280358
0000000972B8
FFFFFFC80766
000000046B7C
0000001F6E23
00000014CFCD
FFFFFFF2C9A5
FFFFFFDD2FDE
0000001625AD
0000006504E3
0000003D72D5
000000128BF1
FFFFFFC90152
FFFFFFA979FE
00000010C852
00000029EB1C
FFFFFFF9C029
0000000C1567
FFFFFFE8924E
FFFFFFBD89EE
FFFFFFE17BC2
FFFFFFB208F4
FFFFFFBB4B37
FFFFFFF528C9
FFFFFFCAB63C
00000018A31F
0000000E8B53
000000262F55
000000067703
FFFFFFE6A529
0000000972D7
FFFFFFD7B32F
FFFFFFAC63F7
FFFFFF71D43A
FFFFFFD1D8A2
FFFFFFD9A599
FFFFFFB31F77
FFFFFFEAFABB
00000027702B
FFFFFFF7160E
0000001D97C6
00000049F89F
00000005BBB7
FFFFFFFB50E2
FFFFFFEA7EC8
FFFFFFE73135
0000001D566E
000000155BA6
0000001DCD9E
000000003027
00000007EF34
0000003F137D
0000004B3BDE
FFFFFFD672AD
FFFFFFD5B04B
00000058BC33
FFFFFFE35EA9
0000002C2FC8
00000000ADF4
FFFFFFF7FA4C
FFFFFFF66F17
0000004A1A63
0000002CD05D
FFFFFFF49455
0000000FE64F
0000000DA435
00000026EFD6
FFFFFFD214D1
FFFFFFEB95E5
00000066B975
FFFFFFC3A0CE
00000000298C
FFFFFFDE8F90
0000001302EB
FFFFFFDB6A5E
000000340F7B
00000019F64E
00000011B0FE
0000000A57B0
FFFFFFE0413D
FFFFFFAC79CA
FFFFFFCAD75C
FFFFFFEF4FDC
000000204F8B
FFFFFFFCF2CF
00000083644C
00000002EED4
FFFFFFE66FD8
00000000EB7D
000000386556
FFFFFFF481D2
0000000BE464
FFFFFFF5CD67
FFFFFFDA7CE1
FFFFFFB1D40C
000000511437
FFFFFFF794C3
00000023F751
000000016713
0000003C364B
0000002288B8
FFFFFFD88FD9
FFFFFFE4D919
FFFFFFF05DF6
FFFFFFE13D4C
FFFFFFFB806E
FFFFFFF36E3E
FFFFFFC9C8DD
FFFFFF9D8438
FFFFFFFB6C1F
FFFFFFE1E800
000000011F22
FFFFFFEB0AB2
000000331498
00000096B00B
00000025D86B
FFFFFFDFD53A
000000103F32
000000243EEB
FFFFFFFCCBB2
FFFFFFED112F
FFFFFFDC3995
FFFFFF966870
FFFFFFDEF5ED
FFFFFFE30756
FFFFFFD6C783
FFFFFFE6AD6D
00000015A2A3
00000064869A
0000008B53DF
0000001E4CE6
FFFFFFF268CA
FFFFFFF695B8
00000007BF59
FFFFFFF55CFE
FFFFFFB64DB8
FFFFFFD4B787
FFFFFFD382F1
FFFFFFFF7DAC
FFFFFFDD012A
FFFFFFD2E074
FFFFFFD9B153
00000004BFB4
0000000FDFC9
00000072680D
FFFFFFF387B4
FFFFFFEE0E54
FFFFFFDD8583
FFFFFFE3215C
FFFFFFCFF50D
00000089E6DC
000000428677
FFFFFFF99415
FFFFFFD05A87
FFFFFFBC5A31
FFFFFFD09C49
FFFFFFFD38AF
0000002739FB
000000390E76
00000026C9A2
FFFFFFE4C821
FFFFFFF90362
FFFFFFFC2B40
FFFFFFC2E97A
FFFFFFDF0635
0000003D243D
0000005A11F0
000000277C42
00000013F380
FFFFFFD5C665
FFFFFFFB6D58
00000015CF18
0000002A98CB
000000AB73CC
000000499889
00000003FA94
000000081A1C
FFFFFFE6B784
0000000700D5
FFFFFFCA3AD9
0000000FD443
FFFFFFCE4836
00000012D0D0
FFFFFFB78272
FFFFFFED081F
0000002B9AB2
000000232814
0000003E02D1
000000514E0D
0000002894BC
00000045637D
0000000DFE5A
0000000547B1
FFFFFFA72DF9
FFFFFFED770D
FFFFFFC40515
0000001BE589
FFFFFFD90BEB
FFFFFFE30695
0000002C98BE
00000021B49E
FFFFFFF47589
0000002B84FC
000000417487
00000043AD1A
000000625686
FFFFFFF47AEC
FFFFFFD6E480
FFFFFFEA0843
FFFFFFF0A1D8
0000004F56DF
0000000858D9
FFFFFFC77CBA
000000144159
0000001153EB
FFFFFFFF891C
00000010DE6F
0000002EE181
00000030F144
0000002AA193
FFFFFFFE06A9
FFFFFFF875B5
00000002FFE3
00000005765D
FFFFFFF68A6E
FFFFFFE09BDB
0000000F24A8
000000141F96
FFFFFFE5F2E9
FFFFFFF3C03F
FFFFFFEB2D26
FFFFFFE66A10
000000070535
FFFFFFDEE674
FFFFFFA4967C
FFFFFF879115
0000000C92E3
FFFFFFB97E0F
FFFFFF81D78B
FFFFFF9788D6
FFFFFFA958B9
FFFFFF8110D0
FFFFFF77A8C6
FFFFFF51448F
FFFFFF7272FB
FFFFFF9AE1D2
FFFFFFA9582B
FFFFFF8FB0D5
FFFFFFA1C965
FFFFFFC196D4
0000007BC9EB
00000052AE80
FFFFFFC682FE
FFFFFFC84082
FFFFFF9C4BE3
FFFFFF85D84F
FFFFFFB1C8E9
FFFFFF87CDF0
FFFFFF9563B0
FFFFFFC70450
FFFFFFB2F6A0
FFFFFF49BFE6
FFFFFF7E6E5D
0000004747B0
000000ABC497
000000BFA87C
00000068CB2D
FFFFFFE21FE2
FFFFFF959592
FFFFFF961B9E
FFFFFFAD65B6
FFFFFFAD209F
FFFFFF993E83
FFFFFF95BF9F
FFFFFF9743DB
FFFFFF8A4038
FFFFFF93928D
00000013A4F7
0000008BA3C5
00000078012A
00000099809D
0000003271BB
FFFFFF91130A
FFFFFF9D9196
FFFFFFB7A7F0
FFFFFF9F9D0C
FFFFFFAD5003
FFFFFF9F9C77
FFFFFF9AF1C6
FFFFFF8F46FE
0000003635CB
0000007FC86A
0000003681A8
0000007D9C39
000000A5EA2D
000000C16338
FFFFFFD820C6
FFFFFFA1553D
FFFFFFD55FE3
FFFFFFB266F6
FFFFFF9DF09A
FFFFFFAA1392
FFFFFF94848A
FFFFFF764425
0000002AB80C
0000006731B6
000000753E81
0000009FBF24
0000009BDD48
000000C1636A
00000091F84F
FFFFFFDD9B2F
FFFFFFA415F1
FFFFFFAF219F
FFFFFFA6BCFD
FFFFFFB272A8
FFFFFF8F7C53
FFFFFF7A52F5
0000004220BF
0000006DA927
0000006E5E48
0000008521B4
000000896AB1
000000892930
000000EE4A62
000000BAE5B5
FFFFFFB6DF7D
FFFFFFB7B56D
FFFFFFB6A4BB
FFFFFFB5F051
FFFFFFAA4F4E
FFFFFF8BEF6F
0000003FA3DC
00000048E41C
0000007CE50F
000000731EC0
00000068C658
00000084F4FF
0000009FC4FE
000000DD73FA
000000475DFE
FFFFFF82EFED
FFFFFFAEBEE2
FFFFFFD14ACE
FFFFFFAE143A
FFFFFFA53263
FFFFFFDC1183
0000002F344F
00000044033A
0000003C5598
0000006D9864
0000008B2FB5
0000009C9AEB
000000C115A8
000000CFFB74
FFFFFFD12CBD
FFFFFFA68FF6
FFFFFFAB1765
FFFFFFA00C64
FFFFFFA3B018
FFFFFF78ACE2
FFFFFFA29F3D
0000002CFF01
0000006AAD35
0000007D8DD2
000000792C2D
0000008FB804
000000ACF69A
000000CC9788
0000009DA75A
0000004749BA
0000008FBC16
0000004D8227
FFFFFFD3CBCA
FFFFFF76E596
FFFFFF7F7BD2
00000018655C
00000026F7EA
00000053B502
0000007DD9ED
0000008B815F
0000009E773A
000000B9976A
000000B16EA5
000000C7283F
000000AF282B
000000D13D03
000000312369
FFFFFF8F335E
FFFFFF87296A
FFFFFFFDC3D9
FFFFFFFF33DF
FFFFFFD921FD
0000002A3FB0
0000005A68B6
000000828804
0000007C69A8
000000927DE2
00000078E294
0000007C23AC
0000009FD4EE
0000006D27EF
FFFFFFB2D9B5
FFFFFFA5615A
FFFFFFB0D774
FFFFFF754417
FFFFFF7213D1
FFFFFFFCD635
FFFFFFFDD081
0000004DA9BB
000000938E96
0000008B0590
00000034504A
FFFFFFFA60A9
00000048AF89
0000006C14FD
FFFFFFA8620C
FFFFFF841E4B
FFFFFF53A989
FFFFFF723A8E
FFFFFF76292F
FFFFFFB24BBC
FFFFFFA1FBF8
FFFFFFCB6233
FFFFFFCA28C6
FFFFFF8EE7E9
FFFFFF87958F
FFFFFF9BB4BF
FFFFFF9A5FE6
FFFFFF803326
FFFFFFE43A36
FFFFFFE227AC
00000034D889
000000096961
0000004E65C1
00000023614F
000000376632
0000001A2867
00000025B3AF
00000026FE40
00000013CF90
000000188725
00000011282D
00000018D24F
FFFFFFA73BA4
00000007D66C
FFFFFFEFF825
FFFFFFFA882F
00000042B85D
0000000CF0C2
00000024AA6F
000000632AEA
00000035E691
000000242E30
000000089065
FFFFFFE0C044
FFFFFFFA2CC7
00000023559E
0000004C7397
000000144A32
000000198A01
FFFFFFFA67CC
00000017B029
00000012C722
000000327569
0000002FCFB7
00000057F99A
000000337CD0
000000553109
0000005F2A28
0000008986EA
000000824914
000000752460
0000002FB50D
0000002ACC7C
0000006959FA
00000018EBD4
00000004A282
0000004B3DAB
0000002DA1C0
00000055DA86
0000004BFAC2
00000046D032
0000007E6E72
000000671763
00000079E2E1
000000188519
000000200C4C
0000003F4699
00000016ABCD
00000021941A
FFFFFFE5F66C
000000620508
000000539DF7
00000059BF07
0000006AE7E1
0000007D7E80
000000770D60
00000076B216
0000006427F7
FFFFFF6AE00D
FFFFFF86D0F3
FFFFFFF85CEF
FFFFFFEBD84F
0000002C734E
FFFFFFC37FC6
0000001C902F
00000088A3E3
000000930860
0000008ED04E
0000007AEC19
000000678F8D
0000006628B0
000000932821
FFFFFF95B487
FFFFFFCC1E83
FFFFFFF982FE
FFFFFFF10666
FFFFFFE2ADF1
FFFFFFD9744A
FFFFFFC75DD7
00000014B137
000000879325
0000005F3DEB
0000006DED05
00000069ED0F
000000717E09
00000091A687
FFFFFFE28CB2
FFFFFFC9F32C
FFFFFFF8777E
0000001C3056
000000283B29
FFFFFFF61CC3
FFFFFFEF6F2A
FFFFFFCB6C50
00000017AFB1
000000709C2C
000000961075
000000823F02
00000079E9AC
000000844310
0000008155E2
000000023C67
FFFFFFE2DD3A
0000000AC084
000000259724
0000000A76D9
FFFFFFF548BF
FFFFFFD38473
FFFFFFD41A1F
000000688809
00000080D45B
0000008D2ADF
0000009ECDCF
000000A9F266
000000C773DC
000000811EE5
FFFFFFFFDE6C
0000002078A4
00000019DE24
FFFFFFE0F074
FFFFFFDA2AA1
0000000DE23D
FFFFFFCD47F3
0000001BD1E5
0000000A19CD
000000173DA3
00000010DC9A
000000773A16
000000AA55AE
00000061F462
00000004897D
FFFFFFEEC1CF
FFFFFFD96FFE
FFFFFFFBDF34
00000005160A
0000001713D0
FFFFFFD23DA9
FFFFFFED31B8
0000000BD0EA
FFFFFFF630BF
FFFFFFA3B187
FFFFFFE97819
000000A8BEAE
00000083381F
0000003A881F
FFFFFFEEDDBD
FFFFFFEBC64C
FFFFFFD79739
0000001AA9A8
FFFFFFFA8507
FFFFFFBD0ED1
FFFFFFE4B03B
FFFFFFC74868
FFFFFFD7B0AC
FFFFFFBD3871
FFFFFF96FD77
000000A0196F
000000B38B58
000000A0CDDC
0000007CCFA8
0000009CF7FB
0000003BC6B4
0000003E3152
0000001B8512
0000002362AD
0000001A5366
0000000495D2
0000002C3565
0000001B46B5
0000001D8D28
000000DF7E4B
000000C9359C
000000EE9DCB
000000A7642C
000000BB2BEF
000000D118A0
000000CDCA0A
000000A52895
000000C3C462
000000C779C9
000000ADB9A4
000000BAAD81
00000087B465
000000BAFF5A
00000022890B
0000001DA9C2
000000088AC2
FFFFFFF2C784
0000000A681C
000000234FB5
FFFFFFF0328B
000000061D12
00000026C85F
0000000AAFFE
FFFFFFF8CDC1
FFFFFFE120EC
FFFFFFEC4413
0000001052D9
00000016B3AD
0000000173A7
FFFFFFF0C619
FFFFFFDFE09F
FFFFFFE01E5A
FFFFFFFBB18A
00000000A53F
0000001863BA
00000015FBCA
FFFFFFF548C0
FFFFFFF69B46
FFFFFFAE202C
FFFFFFDFB92D
00000005F9B0
0000001E0808
0000001ED38E
FFFFFFF3995B
0000003E4F1A
0000004BFC14
000000200CFA
0000001C0D85
0000000ADBE5
000000188B7D
0000000C0D88
0000000C9784
000000170E24
000000279244
00000011ADF9
000000046FF2
00000019611E
0000003E4381
0000001AE4D1
000000330958
000000185534
0000000CEE70
000000282936
00000022CE6D
000000182605
0000000566FA
0000002CBFE0
000000236A51
FFFFFFFAB655
FFFFFFFA68BA
00000016CD5A
000000392700
000000140F45
00000017AD06
0000002A422F
00000016E722
FFFFFFF293F8
FFFFFFEE561A
00000001396D
00000002BEF4
0000002CF190
000000313264
0000005378ED
FFFFFFA5337E
FFFFFFFA7256
FFFFFFFE8EA1
FFFFFFE8CD23
0000000A5BEB
0000001E99B9
00000029B4FF
00000030DA57
000000376C6F
0000003E923B
00000053D436
0000002BED0B
0000005A9399
0000003F15B2
FFFFFF9980B3
FFFFFFCBE215
FFFFFFE3D36B
FFFFFFEAAEC4
FFFFFFE156B7
FFFFFFF936E8
0000003129F0
0000002B74A8
00000068792D
0000002BDE3C
0000003EF62A
000000301057
0000005085FB
0000001E1F39
000000182AB8
FFFFFFDA91E6
0000000BE48C
FFFFFFEB84A0
FFFFFFD46429
FFFFFFD5D5D0
0000001F7AE4
0000001D0579
000000283662
00000047B208
0000003971E5
0000003A677C
0000002718B1
0000003AE2E4
000000539E48
FFFFFFF2DB99
00000018CECF
FFFFFFD555A7
FFFFFFF83D72
00000011F7D5
00000019E964
0000001E64ED
00000018EEEC
00000037FF1C
0000004A1476
0000004B9FA2
00000061FF75
000000441D1E
0000006C39A2
00000048E09A
0000002C55A4
0000000B90EE
000000411B65
00000008966E
FFFFFFF39E19
00000021CFB2
0000002F20AC
00000020A8DA
0000002892A3
FFFFFFFFBD0E
FFFFFFE45543
0000003BA945
000000652D37
0000002F3CB6
000000145745
FFFFFFFF4BB1
FFFFFFE886E3
FFFFFFF5E920
0000001A9AAB
00000028E942
000000233B05
0000002145DA
0000001079C9
00000030CB55
0000003A774B
000000348AE1
00000029792A
00000003DEEF
FFFFFFFAF3FF
FFFFFFF6203D
000000091C80
00000015C7CC
00000021A760
0000001DDD3F
00000025484E
000000153D2F
000000069106
000000146E23
00000046738F
0000002F9B61
000000421DA7
0000002D1C9E
00000019872C
00000043BA35
0000006D0E03
000000141885
0000001A23DB
0000001AB6AD
FFFFFFE9F0E2
FFFFFFF79F37
FFFFFFF50919
FFFFFFF6C745
000000389B63
0000002E4AAA
0000005D4442
0000004EAB57
0000004A63CE
0000004935A9
00000054EFBF
0000005DCB48
000000726259
00000049A033
00000036A197
000000434C59
0000005FE073
0000007D4B0A
00000077B910
000000771987
FFFFFF9E374E
FFFFFF99B46F
000000219305
00000008ADF6
FFFFFFF45502
FFFFFFF32B4C
0000001F1744
000000164A6B
FFFFFFF513A5
FFFFFFE19376
000000033F26
00000001D7B1
FFFFFFDC26DF
FFFFFFEB3120
FFFFFF683382
000000041E88
0000006FB7D7
0000006AA4A4
0000001FB8C4
FFFFFFF5E87A
FFFFFFFC21AF
00000031FFD4
FFFFFFED6897
000000083E4A
FFFFFFDD43B7
FFFFFFC0FF02
FFFFFFDAEEC2
FFFFFFE6B79C
FFFFFFF0A762
00000065FF8C
0000005FCAA6
FFFFFFFAE303
000000A9E6C5
00000032603F
FFFFFFC20832
00000012CD4C
FFFFFFF1BFA9
FFFFFFFA3111
0000000B802E
00000016CC67
0000001648FC
00000037E4B0
00000004721F
0000009F980B
00000067502D
00000029A20F
0000004083F2
0000004BC79D
0000000899E2
FFFFFFEC8CF9
FFFFFFFEF3ED
FFFFFFF54CD3
0000000D1CF3
000000495222
000000240540
0000005BC02D
00000044F35C
000000759D75
0000008ABDDD
FFFFFFF7839C
FFFFFFC9B1C9
FFFFFFDF3A0F
00000035B494
FFFFFFFE58FC
FFFFFFEE1E3D
000000165BE4
0000002C4D98
0000001451DF
0000001EE1F6
00000028C589
000000216B0E
FFFFFFD64239
FFFFFFDE544B
FFFFFFBC8FB4
FFFFFFD15B33
FFFFFFA333E6
00000026E8A1
000000361CAE
FFFFFFFC8153
FFFFFFFA6667
FFFFFFFB24B2
0000000186F2
FFFFFFEDBA31
0000000A114C
00000009C651
FFFFFFF018C0
FFFFFFC18CB0
FFFFFFB5F9D6
FFFFFFC1D4EB
FFFFFFC051A4
FFFFFF76C69E
FFFFFFEF1557
00000020C6F8
FFFFFFBFA3FB
FFFFFFC62BD1
FFFFFFDDF2FE
FFFFFFD95497
FFFFFFFA3237
FFFFFFF7D842
FFFFFFB2FE20
FFFFFFB7A8A5
FFFFFFCEBF75
000000016B7D
FFFFFFD7C58E
FFFFFF9EC0D2
FFFFFF90FC64
000000127AF6
FFFFFFFF7EF4
FFFFFFD5D3C4
FFFFFFD70833
0000000A831A
FFFFFFF84C11
00000023D7DC
FFFFFFE8ED5C
FFFFFFC3D2D8
FFFFFFDA73BF
FFFFFFDDEB73
FFFFFFBAC0CF
FFFFFFA4D5B2
FFFFFF859936
FFFFFFD86B5C
00000019EB09
FFFFFFF08DAD
0000000925AE
0000000D5493
00000004AFE8
0000001AD3C7
000000299DF7
FFFFFFCE30BB
FFFFFFD79299
FFFFFFA51DEC
FFFFFF9C16B6
FFFFFFAA6408
FFFFFFA03D11
FFFFFF90D8EB
00000004F218
00000004436D
0000000A7A72
0000001BB848
00000028A888
0000000C7AA5
FFFFFFF2B31A
FFFFFFEC7992
FFFFFFDDD75E
FFFFFFB72409
FFFFFFD5CE37
FFFFFFFBD155
FFFFFFCD4887
FFFFFF951963
FFFFFFC7D634
FFFFFFBAED51
FFFFFFB29D1C
FFFFFFA51F69
00000021D48A
FFFFFFFF83F5
0000002148EC
0000002E7178
FFFFFFE35B22
FFFFFFE90D52
FFFFFFD22501
FFFFFFD2F2C7
FFFFFFB0D412
FFFFFF988D02
FFFFFFC9C5C0
FFFFFFB1F0FE
FFFFFFBA16B7
FFFFFF91DAA4
FFFFFFF90B02
00000005CCBD
00000015DBAC
00000050AC82
00000010B210
0000001A7B24
0000003888F8
0000002A1855
000000037A72
FFFFFFFFBCFB
FFFFFFF56557
0000000D59A0
000000239F74
000000008E71
0000000D1F7D
0000004248CC
0000004A9422
00000066F6CC
0000004DCD5F
0000004ADD13
00000035F068
000000483942
0000002940FF
0000003C50A8
00000060FAD3
00000028246D
0000002D1BA5
00000024F737
000000496077
000000E8C5F6
000000DA3F99
000000AE9B6E
000000900163
000000700E8C
0000002AEFBE
0000001640FE
0000001F74D1
000000B78C11
000000882170
0000006BC8DE
000000741247
00000091B3DA
000000C1C1D9
000000B7230D
000000BE84BD
00000028CEA1
0000007260A1
000000856475
00000055B865
0000004C85A1
0000005BAC22
0000007D1FA7
00000074CB18
0000007C6E8B
000000760170
00000072107B
0000008FC78C
0000007EF90E
00000081E81A
0000004EF3B2
0000001F47A4
FFFFFFF49655
0000005D0995
0000005559F8
0000000CDC48
0000002CEC66
000000327831
00000029E54D
0000004DF3DA
000000355E93
000000391AAB
00000074844C
000000478B0B
0000002F9D2F
FFFFFFEDA847
FFFFFFA3422D
00000051CDBF
0000007F6A9D
0000005C239C
000000390467
0000005A23A2
FFFFFFFAAEF9
FFFFFFD76C40
FFFFFFE9A7E7
00000006C022
000000626958
FFFFFFE7D877
FFFFFFC9260C
FFFFFFB661CD
FFFFFF7E51D6
0000002E89EA
000000844BF6
0000005FEEE3
000000459561
00000027F50C
00000008FBC2
FFFFFFEF9C82
FFFFFFF0A1B9
FFFFFFE303D4
00000019F72F
FFFFFFA488B3
FFFFFF7DCBBA
FFFFFF9D834E
FFFFFF793450
FFFFFFA61FB2
0000003CA21F
FFFFFFF090BD
FFFFFFEC4C67
FFFFFFE23B13
FFFFFFCDAB90
FFFFFFED059F
FFFFFFD8FD84
FFFFFFCEA0F3
00000016B8D9
FFFFFF7C0394
FFFFFF88E349
FFFFFF911653
FFFFFF9E6D91
FFFFFF92CBB0
FFFFFFF026C7
00000035DE96
FFFFFFFE98EB
FFFFFFEF11E7
FFFFFFF47079
FFFFFFDAEEFC
FFFFFFDEACF0
FFFFFFC31A5F
FFFFFFFFDF9C
FFFFFF9B6C7F
FFFFFF8F67A3
FFFFFF84E4C7
FFFFFF9AB1CB
FFFFFFB581ED
FFFFFFACB8ED
0000000A197B
000000225A49
FFFFFFEDACB1
FFFFFFDC5C95
FFFFFFD89416
FFFFFFD076C3
FFFFFFD6F540
FFFFFFEAE44C
FFFFFFB18C50
FFFFFF6E67DA
FFFFFF7FB66B
FFFFFFB1B80C
FFFFFFBB9283
FFFFFFA01887
FFFFFFCA24F9
0000004A2E78
00000001E0F9
FFFFFFE2B55C
FFFFFFE5D3C5
FFFFFFE56BBC
FFFFFFD7E17E
FFFFFFFDD908
FFFFFFF4BC3B
FFFFFF977C2D
FFFFFF9A24C9
FFFFFFA425EA
FFFFFF9E1895
FFFFFFA01CB9
FFFFFF944C56
0000000C9AC1
000000028BF6
0000000AFBBC
FFFFFFEC32AC
FFFFFFFF237F
FFFFFFE1244B
FFFFFFFF3843
000000144B73
FFFFFFCBB4B9
FFFFFF9CEDDC
FFFFFFA31117
FFFFFF938AB3
FFFFFFB30003
FFFFFFA16431
FFFFFFC17EE7
FFFFFFB02D94
FFFFFFC5E4EE
FFFFFFC33BC2
FFFFFFF0EFF0
FFFFFFF6ABBA
00000005CB71
000000228AC3
FFFFFFD72418
FFFFFFEDD584
FFFFFFF2ED7A
FFFFFFCD69EA
FFFFFFC05559
FFFFFF923F27
FFFFFFBF8EF4
FFFFFFB33615
FFFFFFBA263F
FFFFFFB07D76
FFFFFFF7E372
0000000AE4AE
0000001A5F8C
000000252C7F
00000011F22A
000000479B6E
00000024136E
0000002C95C1
FFFFFFB3F516
FFFFFFB5048E
FFFFFFE87FC7
00000015B367
FFFFFFF83ABF
000000023FD7
00000018279C
000000232472
FFFFFFDA6101
FFFFFFE6E675
00000003ADA4
FFFFFFE9567B
FFFFFFC626DE
FFFFFFEC8F36
FFFFFFF96C7D
000000027635
000000241535
00000015FEE3
00000003611F
00000005E552
FFFFFFF28E63
FFFFFFE6A7C8
FFFFFFF6A4C6
FFFFFFDE14DA
FFFFFFD37D01
00000008D9AA
0000003C89A2
0000004FD8FB
00000055B406
FFFFFFDD992B
00000014CAE5
0000006C51AD
0000002A67BE
0000005615E6
00000026C546
000000040165
FFFFFFE98C92
000000023B6D
FFFFFFF2B616
0000000F78BB
000000118C29
000000338A90
0000002D9E03
0000003D0FC0
0000005DAE34
0000003DC544
000000394A71
0000002A525A
0000001F947F
FFFFFFE28667
000000579EA2
0000003C6F74
0000005C3B17
00000039A621
FFFFFFC05352
0000001E773F
000000230463
0000002F6AAE
0000005C6369
0000004D3FA7
00000037E4B5
0000002106B9
000000044884
0000000D3851
000000189CD7
FFFFFFF46086
0000004F915B
0000002C607F
000000263D1F
00000030C6AF
000000334724
000000305BEB
00000005F97C
000000236912
0000000B4019
FFFFFFC12955
FFFFFF8ECF6B
FFFFFFB6E46D
0000002FED4A
FFFFFFEA7776
FFFFFFE7B6A7
000000335F9A
00000002316D
00000030EAD9
00000032ECC8
0000000E8BD8
0000002207C0
00000009FAD4
FFFFFFFBA374
0000001AB949
FFFFFFE0C4C7
0000001E2381
0000005A36CD
00000001399B
0000000E1087
0000001E3570
FFFFFFF23510
00000028A9D7
0000002D94BC
000000451C69
00000033CFC5
0000001A87E1
00000014697A
000000456690
00000046A4B7
0000005B50CE
0000008BE812
FFFFFFFD95D2
FFFFFFE905A9
00000022CAD9
000000115315
0000000A2E8E
0000002353B5
0000005B1F86
000000464F19
00000042A884
00000059C214
000000466089
00000043122A
00000059D061
00000061D5B9
00000014FB39
0000000FB7BB
00000010A5E9
0000000C6778
0000001C0181
0000000B9EED
00000029D695
00000073A0E2
00000076368C
000000606C6F
000000370BDF
00000042FB39
0000005A7174
000000551B2D
000000259DB3
00000014FE2A
000000041DF2
000000154388
00000028ED28
0000000B00C6
000000366301
0000003FA7E3
0000006C5A9D
0000005FE812
00000058CA21
0000004A5DE6
000000432C20
0000006BE68D
00000046B44F
0000000FB12C
00000009854C
00000026E037
00000024A609
000000002EE4
00000015C66B
00000030E493
0000006983B8
000000904559
00000085B432
000000816364
00000062F7D2
0000007EFAF3
0000005CB039
FFFFFFF4E413
00000006E254
000000382FBE
000000147036
FFFFFFFE1213
000000290A66
0000002AD119
0000001B0CD2
00000033BC79
0000001E1EFE
00000045728D
000000878EA7
0000007D4246
0000001EB46B
FFFFFFE176AC
000000204A64
0000001781BA
0000002E28A2
0000003F71DA
00000037B3E2
0000001682DA
0000001CD1BC
0000002CB1D6
0000001D0124
0000003804FB
00000069D3C4
0000004D7B73
00000039BF00
00000033D83E
00000064479B
0000003C1453
0000000918F9
0000000F6E93
000000317957
00000009E1A7
000000303E09
0000002D1C3C
0000003F6601
0000007D594F
0000006766DB
000000723E2B
00000058C600
000000555CC6
000000762FF7
0000003B12F6
0000003A0CA6
0000003B1802
0000004D329A
0000007F01EC
000000504C09
0000004D76E5
00000044017D
00000063A542
0000006F5C86
00000004E235
FFFFFFD10AD1
0000001C6282
000000067A28
FFFFFFEB1692
000000168268
00000001E21A
000000085A31
FFFFFFDDA213
FFFFFFBED528
FFFFFFEF075B
FFFFFFD6C157
FFFFFFE142D0
FFFFFFED8447
FFFFFFF23455
FFFFFFD7A46E
FFFFFFF17FBF
00000023FE7F
0000002D42E1
0000000676F1
FFFFFFF6BB16
FFFFFFEB2BFA
FFFFFFE03B3A
FFFFFFCEB2A8
FFFFFFE386B5
FFFFFFEC2715
FFFFFFE37580
FFFFFFCF5099
FFFFFFC288DF
FFFFFFD1EED1
FFFFFFB71FE0
FFFFFFE72251
00000024B516
000000214D11
FFFFFFCF9366
FFFFFFC37ED8
FFFFFFC2D588
FFFFFFCB6D2F
FFFFFFCB2335
FFFFFFB9DE01
FFFFFFFED89A
FFFFFFE8AD94
FFFFFFF54FFE
0000000DB0A2
FFFFFFEE3FE1
FFFFFFBB901A
FFFFFFBAC7E2
FFFFFFE5861D
FFFFFFAE55F0
FFFFFFC7755B
FFFFFFC3ADE4
FFFFFFBE0404
FFFFFFB8D066
FFFFFFD165E5
FFFFFFF124A1
000000037073
FFFFFFEEC6D8
FFFFFFFF1A6D
FFFFFFF14BF9
FFFFFF94EDCB
FFFFFFB52964
FFFFFFE29E69
FFFFFFF9E802
FFFFFFD42D13
FFFFFFE6FA0F
FFFFFFBDE724
FFFFFFDA4AD0
FFFFFFC49693
FFFFFFDB8AB4
000000345964
0000000F7A04
FFFFFFCF8425
FFFFFFAB1E57
FFFFFFC4EB95
FFFFFFBC3223
FFFFFFB36A18
FFFFFFB5972F
FFFFFFD399B6
FFFFFFE2A34D
FFFFFFEAE0D8
FFFFFFDF4E3B
FFFFFFBEC869
FFFFFFDEB7A8
FFFFFFDD6E5E
FFFFFFEC0A3B
FFFFFFDB9A52
FFFFFFC24CF1
FFFFFFD19691
FFFFFFCC3CC6
FFFFFFCE9AE0
FFFFFFC14DC4
FFFFFFD34A2F
0000000B0349
FFFFFFDE1DC4
FFFFFFCE5D71
FFFFFFCB9259
FFFFFFCFA338
FFFFFFED14B5
FFFFFFFD3AF3
0000000753EC
FFFFFFC55D5D
FFFFFFDEACC9
FFFFFFD6E49F
FFFFFFB3BB1D
FFFFFFC7FF98
FFFFFFCFBCDE
FFFFFFF65808
FFFFFFCA7892
FFFFFFD78080
FFFFFFDD7839
FFFFFFCE12CD
00000000D9DC
0000000167CA
000000214962
FFFFFFEA7D89
FFFFFFD41B95
FFFFFFBEDE82
FFFFFFC00142
FFFFFFCC7477
FFFFFFC175CC
00000000B831
FFFFFFF4835B
FFFFFFC27D4E
FFFFFFAF71B7
FFFFFFBA2F10
FFFFFFEAE774
FFFFFFEE20BD
FFFFFFDA45C7
FFFFFFBBDA7D
FFFFFFE0DCB4
FFFFFFECB1D0
FFFFFFDE9542
FFFFFFD1BA1F
FFFFFFB9F6C1
FFFFFFD06EEC
FFFFFFC10A18
FFFFFFAB9D83
FFFFFFB6E4D5
FFFFFFBC30C0
FFFFFFD66209
00000002EA33
000000326A02
0000002BC2D0
FFFFFFBA5FDF
FFFFFFFBB075
FFFFFFFD9636
FFFFFFBBC96D
FFFFFFC15BCA
FFFFFFD77AC6
FFFFFFB21E6F
FFFFFFAEE9F3
FFFFFFD1821D
FFFFFFCE36B7
FFFFFFDD1174
FFFFFFE3D9A9
0000004CCD39
000000385497
FFFFFFC3EF2F
FFFFFFED6AE3
FFFFFFBE6B5C
FFFFFFB19E23
FFFFFFEFA0F0
FFFFFFC72F81
FFFFFFCBBF87
FFFFFFFE9B2D
0000001AD4FB
FFFFFFC87D6A
FFFFFFF6DF91
FFFFFFE43D7B
FFFFFFD7459F
FFFFFFE3E392
FFFFFFE25FF4
FFFFFFE35C5B
000000016808
0000001198FE
FFFFFFD63161
FFFFFFDFCC73
FFFFFFEEF7FB
000000027616
FFFFFFFD7B7A
FFFFFFE36B48
FFFFFFF33299
0000002F6C11
FFFFFFE0D8F4
FFFFFFE3DD7D
FFFFFFB761F0
FFFFFFFA4846
00000024BF56
FFFFFFD9660D
000000246B23
0000001BB46D
00000017A5B2
FFFFFFF48765
FFFFFFE12775
FFFFFFFFA926
0000001410CA
FFFFFFEF148B
FFFFFFFD48CB
FFFFFFED9026
FFFFFFB04FDA
FFFFFFB60AA0
FFFFFFCE09AA
FFFFFFE5E82B
00000024337E
FFFFFFD6A312
FFFFFF8F218A
FFFFFFDD8DBE
FFFFFFAF7DA2
FFFFFFC88380
FFFFFFE749CC
FFFFFFFBC940
FFFFFFE9F215
000000546B26
FFFFFFF42EC6
FFFFFF92450D
FFFFFF9DC313
FFFFFFCB93DB
FFFFFFF3DCD3
FFFFFF97AECD
FFFFFFC97E5F
FFFFFFC3934A
FFFFFFB8E612
FFFFFFF27409
0000001BD35F
FFFFFFB22A43
FFFFFFEE2CEE
00000004D641
FFFFFFF2F00D
000000575633
FFFFFFB4F8D1
FFFFFFAB5D97
FFFFFFD992F0
FFFFFF90DFF0
FFFFFF98E347
FFFFFFA4AA93
FFFFFFC3C3BF
FFFFFFB4D3F9
FFFFFFD1DCF1
FFFFFF99CD30
00000051B2BC
0000001728F3
0000000B3E4D
00000023D69C
FFFFFFC31BA4
FFFFFFAD756B
FFFFFF8EE724
FFFFFFD41413
FFFFFF9DB461
FFFFFFDEA153
000000254570
00000040EFCD
00000023EA52
FFFFFFBA68B5
00000058EB87
000000587848
FFFFFFFFDD58
FFFFFFE69D6A
FFFFFFE057EA
FFFFFFB267D2
FFFFFFABB177
FFFFFFB66176
FFFFFFF7FC80
FFFFFFE74BAE
FFFFFFDD0864
FFFFFFE20E45
FFFFFFAAD2A0
FFFFFFED038C
000000128FC2
FFFFFFF7BCFB
FFFFFFE06A3C
0000001183FD
FFFFFFEB7E93
FFFFFFE948F9
FFFFFFAF95E2
FFFFFF8B799F
FFFFFF9AD514
FFFFFF9BB418
FFFFFFA55533
FFFFFF83EF68
FFFFFF7E12F3
FFFFFFBEE0DF
00000027D9BA
00000003B792
FFFFFFED4C7F
FFFFFFECE5A5
FFFFFFFD41C8
FFFFFFEA08B9
FFFFFF9E2774
FFFFFF6F5CB0
FFFFFF77CF81
FFFFFF77FB56
FFFFFF7EA726
FFFFFF7B95B8
FFFFFF6F7052
FFFFFFCF7BBB
FFFFFFFDFB92
FFFFFFEE687F
FFFFFFEFF8BF
FFFFFFF8804E
00000009F0AF
FFFFFFEF53D6
FFFFFFD87432
FFFFFF7D2EDB
FFFFFF6EB50D
FFFFFF820715
FFFFFF8031F3
FFFFFF8BB862
FFFFFF74AEA5
FFFFFFB17863
FFFFFFEAB32E
FFFFFFF8B3A8
FFFFFFF6CA91
FFFFFFFC618A
FFFFFFE63C60
FFFFFFF52738
FFFFFFDE82EB
FFFFFFB7C58B
FFFFFF65C972
FFFFFF5D0129
FFFFFF742256
FFFFFF866B98
FFFFFF6A2886
FFFFFF8ADCA2
FFFFFF9C9685
FFFFFFE7A50B
FFFFFFFD3D05
FFFFFFFE8E60
FFFFFFEB7C80
FFFFFFF33591
FFFFFFF39FF5
FFFFFFDFA4D0
FFFFFF954BC2
FFFFFF6DCE48
FFFFFF8B73FF
FFFFFF76967D
FFFFFF61F16B
FFFFFF7AA4BD
FFFFFF6ECBAC
FFFFFFE9E0BF
FFFFFFF8EDBA
FFFFFFE4F40E
FFFFFFE0A84F
0000000ED79B
0000000819D6
FFFFFFE0B20C
FFFFFFE5293D
FFFFFFE4B64F
FFFFFFFD6AB2
FFFFFFEFBA0F
FFFFFF72A2EF
FFFFFF9795A2
FFFFFF846731
00000008D090
FFFFFFDD3F27
FFFFFFD480AF
FFFFFFE26306
FFFFFFD7581D
FFFFFFEB43DD
FFFFFFE3A2A9
FFFFFFFA5B1A
FFFFFFF7E065
FFFFFFFD01FB
FFFFFFFD8235
FFFFFFB7D9D4
FFFFFF832041
FFFFFF619015
FFFFFFA3ED06
FFFFFF6E93AA
FFFFFF7A1480
FFFFFFBEC029
FFFFFFD2CCAC
FFFFFFF765A9
000000050D1F
FFFFFFF056AD
FFFFFFD56C31
FFFFFFCA04F3
FFFFFFB5F865
FFFFFF9569C6
FFFFFF61E054
FFFFFF5C8A28
FFFFFF7D95D3
FFFFFF56630D
FFFFFF5BC64C
FFFFFF6165B5
FFFFFF7D2E8A
FFFFFF7BC79D
FFFFFF7DFFDD
FFFFFF61AD70
FFFFFF4F1472
FFFFFF4DD4A7
FFFFFF5FA403
FFFFFF566672
FFFFFFE63535
FFFFFFE8C41B
00000023B19F
0000003B3B92
FFFFFFF907FB
00000016DC7D
00000002F72C
000000119AE2
0000003923CA
00000013DAF4
0000000BDCEA
FFFFFFF5529B
FFFFFFE47D9D
FFFFFFF5DEBB
FFFFFFC69672
FFFFFFEAB8A8
FFFFFFA44273
FFFFFFE02F1A
00000010C761
000000150FDC
FFFFFFE2B7C7
FFFFFFDEF637
FFFFFFDB6CC6
FFFFFFC39B64
FFFFFFD429C3
FFFFFFB98FE5
FFFFFFCD3D3D
FFFFFFEAFAE4
FFFFFFEAAB08
0000002C201F
0000005B79CE
0000002A5BAB
000000278AFD
FFFFFFDD03BA
FFFFFFCC4ACE
FFFFFFED9E4D
FFFFFFF0F809
FFFFFFEA62BE
FFFFFFC73890
FFFFFFF9416D
000000043382
FFFFFFDC0179
FFFFFFD92310
0000001C1505
FFFFFFF429C1
FFFFFFF8E60F
FFFFFFED5CEA
FFFFFFE40F09
FFFFFFFCE813
00000006892D
FFFFFFF43413
000000046AE4
FFFFFFE99DE5
FFFFFFE6B458
FFFFFFEA907B
00000003FA89
FFFFFFCFC20A
FFFFFFD14569
00000033D74A
0000003921CE
FFFFFFCC183A
FFFFFFCA9B80
FFFFFFEF37D7
FFFFFFDE8E96
FFFFFFFBDCF2
FFFFFFEDEF2E
FFFFFFDFB74F
FFFFFFE52B3C
0000000AA493
FFFFFFEE1302
FFFFFFDCA47F
FFFFFFDE5FC0
FFFFFFEFAAC2
00000000F5BB
FFFFFFE28CB3
FFFFFFF98C83
FFFFFFE528EE
FFFFFFFA0BCF
FFFFFFF559E1
FFFFFFEFF349
FFFFFFD92321
FFFFFFD6FB5D
FFFFFFC65A08
FFFFFFBC287B
FFFFFFCB2E7F
FFFFFFFED5EB
FFFFFFE73A74
FFFFFFDFB5E4
FFFFFFEF8F93
0000000E2C96
FFFFFFF611D9
FFFFFFEF2FC2
000000004490
FFFFFFD85293
FFFFFFE7D440
FFFFFFE128DA
FFFFFFE8D72C
FFFFFFCD75AA
FFFFFFBF2673
FFFFFFF07AC7
0000000176F8
FFFFFFF3FADE
000000109EAE
FFFFFFF61806
FFFFFFEEB3F1
FFFFFFBDCA33
0000000ADD66
FFFFFFEBF40A
FFFFFFD5FEE1
FFFFFFCF38A1
FFFFFFE72A75
FFFFFFC7E07F
FFFFFFEE4FC1
000000151179
FFFFFFE6B424
00000021DE92
FFFFFFFFEF14
FFFFFFE1A856
FFFFFFE08D3A
FFFFFFDC035E
FFFFFFCB1D6B
FFFFFFD91400
FFFFFFE4DA75
FFFFFFEA27A0
FFFFFFC51036
FFFFFFBC2FFB
FFFFFFD7F852
000000004C37
000000420EB2
000000248D26
00000001FF03
FFFFFFDE8937
FFFFFFE29023
FFFFFFEC061A
FFFFFFE5788F
FFFFFFD8957A
FFFFFFEB0CF8
FFFFFFBD7E07
FFFFFFCF3F9A
FFFFFFD4DA19
FFFFFFBD85A9
FFFFFFD99250
0000000ADE36
FFFFFFE0E933
0000001E8A39
0000002D9052
0000003166FE
0000002C8B82
0000000482A0
00000004D1F5
0000000785F9
00000001F1EB
FFFFFFFD1244
FFFFFFE3595F
FFFFFFFC11B3
FFFFFFF2D2D5
FFFFFFE4CC2A
FFFFFFF72393
000000125C6D
00000024227B
0000000EDA1C
0000000585AB
00000007CDC8
000000097DDA
00000020793E
0000002475EE
0000002BF2D0
FFFFFFF50B32
FFFFFFCCCAFA
FFFFFFE91BA5
FFFFFFEBD348
FFFFFFF9E9E7
FFFFFFF42478
00000040F829
0000003582D7
0000001D28C3
0000003A3C31
0000004F56A6
000000599063
00000057DFD8
0000006AFF0C
000000711262
FFFFFFAD5D78
FFFFFFF90EA2
FFFFFFF1ACA7
FFFFFFE85F61
FFFFFFE8E6D2
FFFFFFCFC890
FFFFFFE5EEE2
FFFFFFF419DD
FFFFFFF95CBA
FFFFFFF45357
FFFFFFDFD8C0
FFFFFFD93CC5
FFFFFFD7A9EB
FFFFFFBDDB63
0000002A6DEC
000000392657
000000D38952
00000078C8FC
0000005AAA4B
0000006A6EBA
000000557929
0000003005BC
0000008741B4
000000401E1A
0000006CAE63
00000052CB54
00000059D97E
0000004BCE29
0000003AD720
000000819EA4
00000066A787
0000008993AD
000000525EE7
000000509449
00000008339B
0000005242CD
0000004C9350
00000045834A
00000068FB01
000000318B44
0000004F3D43
000000512995
0000002B243E
0000007A3E1E
00000053D2BE
00000023D233
0000005AD346
000000530D94
0000002470B9
00000072F715
00000024B63F
0000003DE033
0000001543FE
00000024D0D4
0000000E4133
000000460474
0000001A6500
000000797D56
000000384892
FFFFFFEC6A5F
0000004CF03A
0000004B9CBF
00000049AB8E
000000201330
0000004B388D
0000001DD06C
000000053FCC
000000025092
FFFFFFE4332D
0000001E76F6
00000084F605
0000004E8726
0000005DD006
FFFFFFF0498F
FFFFFFFB10A6
00000026912D
0000006582B7
0000001ED5A4
FFFFFFFE952E
0000002AE1BE
FFFFFFFAE2BC
FFFFFFF2793F
FFFFFFDFB44F
FFFFFFE0AF98
000000413C3F
FFFFFFE42138
FFFFFFF75DD0
FFFFFFFBB252
FFFFFFF1802F
000000079AEE
0000006EDBC7
00000050D490
FFFFFFF7C39D
FFFFFFF37703
FFFFFFFB4BC8
FFFFFFEFC792
FFFFFFC22187
FFFFFFF03BDC
000000292402
FFFFFFEAA663
FFFFFFE4B8F0
000000077181
FFFFFFFB2B75
FFFFFFF348C4
FFFFFFF636A9
00000037FAE2
FFFFFFFB2582
FFFFFFEBCA71
FFFFFFE435CC
FFFFFFF48D56
FFFFFFECD5B8
FFFFFFE95540
000000213077
FFFFFFCC8D30
00000001974C
00000006C0F2
FFFFFFE7F5CF
FFFFFFC5BF42
FFFFFFDAD57E
FFFFFFFCC977
000000576217
0000001AFD56
FFFFFFF9CE3A
FFFFFFEF3D7B
0000001141FC
000000154E33
0000000CA1E1
FFFFFFDDE13F
FFFFFFF059F3
FFFFFFEF2AA5
FFFFFFD6B280
FFFFFFD3963A
FFFFFFE04464
FFFFFFEFD76B
00000046B883
00000039D73B
0000000DBB88
00000011103C
0000001593F6
0000000A2995
FFFFFFD47353
FFFFFFF7F6A6
FFFFFFEF4ABB
0000001105EA
FFFFFFE41A5C
FFFFFFD7F366
FFFFFFC9E44D
FFFFFFDECF9B
0000000CD048
00000021C07E
00000049F9BF
0000004ACED6
00000031C6C6
0000002809AA
FFFFFFFFCAA8
00000015CE32
FFFFFFF9AA73
00000025854C
0000000DE8B4
FFFFFFF772BB
FFFFFFE8C4D4
FFFFFFF1CA6C
FFFFFFF3D146
FFFFFFF05B86
FFFFFFF5742E
000000058B1F
FFFFFFFF3EE1
0000002560ED
000000100E63
0000002632DD
00000008B76E
00000009A73C
0000000DDA0B
FFFFFFEB64AB
FFFFFFF5F5F6
0000000128F6
FFFFFFE49739
FFFFFFE7872C
FFFFFFED715B
0000000115D2
00000008A832
000000121DCC
000000163CF2
0000001A47F0
00000038E35E
00000014F405
0000001E94C2
0000002F3AB2
000000107F21
00000018A5E8
000000097494
00000013D22E
0000002F26F6
000000348CFC
0000001C55F2
0000003326BD
0000000C730F
000000200AFC
FFFFFFFDF2A0
0000002A4EAE
000000389A8D
000000101C7B
000000143D6D
00000030CD36
000000407030
0000000A2920
000000150E59
00000012B584
0000000A9C95
0000000DC1EC
0000006B7338
00000029400A
FFFFFFE372CE
000000111D52
0000000CEAF6
00000020C974
0000001A1884
000000598BFB
00000089133B
0000002EC3EF
00000024488F
000000343B61
0000002FEF5B
FFFFFFEA8BC9
00000033D250
FFFFFFF73B4A
FFFFFFC50453
FFFFFFBCAD62
FFFFFFCB1C26
0000001015D7
000000520CDD
00000069ED33
00000098B283
0000002180BD
0000003A9FBF
FFFFFFF5337C
FFFFFFE085BB
FFFFFFE06DB7
FFFFFFFE87E1
FFFFFFE8132B
FFFFFF86D550
FFFFFF919C7A
000000044BEF
000000487539
0000004C75D4
00000025BADF
0000006DBF69
000000288FB0
FFFFFFED9D03
FFFFFFF05564
0000000B6832
000000075608
00000002519A
0000001F7BDB
FFFFFFB75647
FFFFFF766FEE
FFFFFFDADA60
FFFFFFA7C60B
0000001C9407
000000377E52
0000002A8F88
FFFFFFF043BF
00000002D20A
FFFFFFEF46F3
FFFFFFE0CFE2
FFFFFFE8796B
0000002973BC
FFFFFFCE556F
FFFFFFD006E4
FFFFFFCF5BE1
FFFFFFEFE8CD
FFFFFF9DAD2E
FFFFFFA5F640
FFFFFFF81109
0000000298A2
FFFFFFFC63C8
FFFFFFF85B53
00000002C2EF
0000000E82F0
000000399491
FFFFFF9C57B8
FFFFFFAB1947
FFFFFFCECA3C
0000001A7E26
00000011FF2D
FFFFFFD54A38
FFFFFFA54170
FFFFFFA9A0E2
FFFFFFF2F95F
FFFFFFF14ACF
FFFFFFEE6B8B
FFFFFFEABBD6
0000007934EB
00000007449C
FFFFFFD808C6
FFFFFF918F0F
FFFFFFE481ED
00000010D6BA
0000000FE2ED
0000001A3590
FFFFFFE60579
FFFFFFA77512
0000004F4849
0000000898F7
0000000C0150
FFFFFFFA1241
00000010D691
FFFFFFF96058
FFFFFFE5B0FF
FFFFFF95136B
00000025F37C
FFFFFFF93E7E
0000000FE3E9
000000156778
0000002EAFA6
FFFFFFB0BE4F
FFFFFFC1EF63
FFFFFFF2C43F
FFFFFFF97648
00000026D90F
000000121E2D
0000000EC25D
0000000C988A
FFFFFFC3BE43
0000004C3BC6
FFFFFFBAB330
FFFFFFE646B5
00000003C870
0000002D8599
FFFFFFCF923F
FFFFFFBFF3E2
FFFFFFE5D505
0000002B5AA6
000000272835
000000171EA4
00000009FBA4
0000004F6FF6
FFFFFFD0C58C
FFFFFFE0639B
FFFFFFF7F5F3
0000002C1006
0000000504CC
FFFFFFF0E938
FFFFFFD5721C
0000000698C7
FFFFFFE3BA93
000000363D99
00000014A2B3
FFFFFFC45947
000000177C0D
0000003DA278
FFFFFFFCDD0C
0000003965CC
0000000D89FB
00000014D07E
FFFFFFFB1E79
00000010C21C
FFFFFFF9FBD6
FFFFFFEF0CAA
FFFFFFF3F05E
FFFFFFF94047
FFFFFFEACED3
FFFFFFC2316F
FFFFFFE5BB84
000000401086
000000055998
0000001F3507
000000155E38
0000000A143A
000000155F50
000000079470
00000001E033
FFFFFFF46E87
0000001D8BD6
00000044F7FB
FFFFFFD9D857
FFFFFFEF0ABB
FFFFFFB7B814
00000037DFFC
FFFFFFFDC67F
00000016A015
0000002350F5
0000000745EC
0000000C08B5
FFFFFFFF4163
00000010604E
FFFFFFDF3EAA
FFFFFFEA8ABD
FFFFFFE40062
FFFFFFF73A4C
00000042DDD8
FFFFFFFE7BAD
000000799044
000000252B1D
FFFFFFF39F66
00000007F962
00000045072C
0000003F3817
0000003A5DF3
000000628823
0000001BFA86
0000002F70AF
0000005F9277
00000057662B
000000819E1E
0000006E6430
000000D84532
000000C18D31
00000086FD34
0000007BDFFA
0000007D973E
0000006CB15E
0000004992A6
0000008458CA
000000AD6432
000000800216
00000073935C
0000005EBE5C
00000072D2AD
000000A1C335
000000EA4B44
000000A0B483
FFFFFFBDB85E
FFFFFFF8099C
0000007BD1B2
0000005B6795
000000584C25
00000065386F
0000007ED856
00000076B6AD
0000009A14ED
00000087C240
00000091D5B0
000000D20F7B
000000A87C52
FFFFFFE7DAD5
FFFFFF5BA924
FFFFFF5E3B56
FFFFFF73F8C8
000000476B41
00000082C22B
00000049A215
0000003A29C1
00000040230B
000000405A62
0000005F9800
00000062E0C2
000000575E56
0000009FE9CA
FFFFFFDC4104
FFFFFF7A21C2
FFFFFF912AAB
FFFFFF5E9C16
FFFFFFF9130A
00000076746F
000000478939
0000004D397D
000000536C76
000000381601
00000023423A
00000032B9B2
00000041AC4F
00000028ED5D
FFFFFFB27522
FFFFFFCC32AA
FFFFFF89B921
FFFFFF7E1B2A
FFFFFF9EC31D
00000059CA78
00000083B74C
0000007E49B1
00000063D24C
000000412C98
0000003664C7
0000003B7620
00000040C224
FFFFFFDE4312
FFFFFF88AF2F
FFFFFF9B0FD6
FFFFFF6C05EC
FFFFFF7E799E
FFFFFF734C0A
FFFFFFBB34BC
0000002B373E
0000001CF4F9
000000264E35
00000010A030
00000020F2DE
000000199453
0000003D676A
000000025E8E
FFFFFF7F15FA
FFFFFFA2A990
FFFFFF83AFA5
FFFFFF6400E4
FFFFFF6C9861
FFFFFF58FD4A
FFFFFFBE80B5
0000002F910F
0000003A54D6
000000260738
0000001648C8
0000002DAE16
0000002642AB
FFFFFFE9AB4D
FFFFFF86E574
FFFFFF908571
FFFFFF86B332
FFFFFF85B498
FFFFFF8C44F7
FFFFFF6E7D08
FFFFFF7001A5
FFFFFFECC656
00000020EEA9
0000001C048B
0000000C3DD8
00000008CA1E
0000001BC28A
000000066D86
FFFFFFB317DC
FFFFFFBA3FF7
FFFFFFA635D7
FFFFFFA3FC9C
FFFFFF7E9E22
FFFFFF8C2306
FFFFFF5BE34F
FFFFFF9BF00C
000000219B9E
00000022FECD
00000009A473
0000001816A0
0000002F354F
00000032E33F
0000001898CC
FFFFFFE8E4CD
FFFFFFC1EC64
FFFFFFA73CB6
FFFFFF9585B4
FFFFFF9860C4
FFFFFF7B03D5
FFFFFF5E7D3C
FFFFFF9D8A5C
FFFFFFE20998
FFFFFFBE445E
FFFFFFDFC067
00000003EB10
00000045D2B4
0000005AC64A
FFFFFFEF027F
FFFFFFF2E25A
FFFFFFC21D4F
FFFFFFB16D92
FFFFFF940A4C
FFFFFF745D62
FFFFFF53E0A7
FFFFFF50ED8D
FFFFFF82A625
FFFFFF508FF6
FFFFFF68CDDE
FFFFFFE64AE2
000000525700
00000065A5ED
00000010B19A
FFFFFFF29182
00000023B46E
FFFFFFC6A38F
FFFFFF96DB88
FFFFFF816A81
FFFFFF76E4F4
FFFFFF6836C1
FFFFFF6BE749
FFFFFF4E77A5
FFFFFF4F8E23
FFFFFFB8751D
0000004FAED1
0000003B450C
00000010537B
00000049191D
0000006D41E9
000000249359
FFFFFFEFBBE4
FFFFFFA1E859
FFFFFF73AD43
FFFFFF9881DE
FFFFFFC524A6
FFFFFFD87BA5
FFFFFFB5FB9F
FFFFFFA5BB89
0000000CDDD6
00000002BD76
0000000427DD
000000089EC2
0000000D4D18
FFFFFFF9374A
000000078D7A
0000000A9842
FFFFFFF0BA81
FFFFFFFA2F6C
0000000ACF5D
00000007BFFA
FFFFFFFD562C
0000000FE191
FFFFFFE5880B
FFFFFFD977FC
0000006DF2BF
00000021E2F8
FFFFFFF723D0
000000248B32
0000003F6618
0000001C770C
00000021B3FF
FFFFFFE60246
FFFFFFDF6DF1
FFFFFFD6FDF3
FFFFFFD3ACE2
FFFFFFE6C42E
FFFFFFF24067
00000039996C
0000008D69BF
0000006E4148
00000029389E
FFFFFFE709AC
FFFFFFC631F4
0000000DF411
FFFFFFF4C600
FFFFFFCF20C6
0000001E8D4F
FFFFFFF05164
00000028E124
FFFFFFEABCE9
FFFFFFDF93C3
000000215377
FFFFFFF40FCF
0000003CC507
00000003044D
0000000C5872
FFFFFFC5D9CA
FFFFFFC91D20
FFFFFF9EE03C
FFFFFFD826A9
FFFFFFB13991
0000003BB5AF
FFFFFFB08DF5
FFFFFFCA89C1
FFFFFFA39324
000000672923
00000051DC6B
0000006E1F89
00000029317A
00000028C90C
FFFFFFCFFE1E
FFFFFFD97217
FFFFFFDFE5CA
FFFFFFD0DC08
FFFFFF9CBBEB
FFFFFFCBAD04
FFFFFF8E8793
FFFFFFE383FD
00000048F2EE
0000006FEF55
0000003836F8
0000001CEAD6
FFFFFFDD44D4
0000004DF626
00000049354D
0000001400F9
0000006F5F33
000000218BA4
FFFFFFCA0471
FFFFFFBB6F68
FFFFFFB1E212
FFFFFFC06B20
FFFFFFA60479
FFFFFFD69B38
FFFFFFF9CE4B
FFFFFFD8CEDC
FFFFFFCEAADC
000000294F38
000000640D85
0000002BFD2D
FFFFFF9E1868
FFFFFFA01F5F
FFFFFF96C4F0
FFFFFFBFEC69
FFFFFFA7000A
FFFFFFD4B84B
FFFFFFEDE304
FFFFFFE93B14
FFFFFFD62617
FFFFFFE4F21A
FFFFFFD8769A
FFFFFFEF0BF9
FFFFFFFFA0BF
0000007AFCD4
FFFFFFE96D02
FFFFFF95B23A
FFFFFF935E20
FFFFFF86E559
FFFFFFAEE11E
FFFFFF894463
0000002FE900
FFFFFFD0D17D
0000000BCA59
FFFFFFE80F4C
FFFFFFDC4954
FFFFFFF70495
FFFFFFF217B4
0000003335BD
0000002F11B0
FFFFFFD68F13
FFFFFF922851
FFFFFF787D50
FFFFFFCD1BCA
FFFFFF6CD02C
00000000A840
FFFFFFB69ED2
FFFFFFF11381
FFFFFFF27756
FFFFFFFA288C
FFFFFFD7AEBA
FFFFFFC35DDC
0000000D9681
000000146B78
0000000BCC99
FFFFFF944C4C
FFFFFFAE3935
FFFFFFACFA82
FFFFFF7586CA
FFFFFFA36978
FFFFFFE074B2
FFFFFFFCED23
00000006BB06
FFFFFFDEF2EB
FFFFFFD69EC0
FFFFFFE3EA91
FFFFFFE97AEC
0000001CC584
00000058EEF1
000000256252
000000456122
FFFFFFD6D32A
FFFFFFA70817
FFFFFF93B3EA
FFFFFFB0321B
0000003A1E23
000000321975
000000252368
FFFFFFEB42BE
FFFFFFF8A567
FFFFFFF6BE79
0000000B5DEF
000000005372
00000034E997
0000002935E2
FFFFFFE98EC3
FFFFFFB8A5DB
FFFFFF975DD9
FFFFFFCDFB5F
0000004B1E62
000000185D1F
0000002C93CE
0000000EA0D8
FFFFFFE3B9F7
FFFFFFF61484
0000000E6B9D
0000003EE8D3
000000008E81
FFFFFFF203CE
FFFFFFEEA4CB
00000003FB18
FFFFFF70C6CE
FFFFFFC0A401
0000001BD78E
FFFFFFEE82B6
FFFFFFF7E22D
00000010EA9D
00000016F767
00000012A746
FFFFFFDD59B8
FFFFFFECA176
FFFFFFEAAE23
FFFFFFD84A0C
FFFFFFC61947
FFFFFFFD1DDA
FFFFFF735631
FFFFFF949873
FFFFFF88E8B1
FFFFFFB1CA9E
FFFFFF924403
FFFFFF9A89F8
FFFFFFB7EFBB
FFFFFF93DC1C
FFFFFFC19D12
FFFFFFB75785
FFFFFF9253D2
FFFFFFA33F6B
FFFFFF83C290
FFFFFF88DE79
FFFFFFA8E721
FFFFFF9E2FD9
FFFFFFF7463B
FFFFFFE56638
FFFFFFC67FA0
0000001031B1
FFFFFFD39110
FFFFFFBD2B04
FFFFFFA39644
FFFFFFBCCCA0
FFFFFFCA63A0
FFFFFFD95391
FFFFFFC856DA
FFFFFFC6FD2D
FFFFFFB1FC57
FFFFFFEA8CD5
0000001E668B
FFFFFFF0954C
FFFFFFE61527
FFFFFFFBD3D3
FFFFFFDB1015
FFFFFFC85193
FFFFFFF165E9
FFFFFFC965C9
FFFFFFCDA53F
FFFFFFFA5DFA
FFFFFFE078CB
FFFFFF86F550
FFFFFFC9B8ED
00000037C8B7
FFFFFFF305CA
FFFFFFF10944
0000001B6BEB
00000014DB99
FFFFFFE1B886
FFFFFFECCE93
FFFFFFF87FCA
FFFFFFE7D24A
FFFFFFD40A17
FFFFFFBF117E
FFFFFFCE14A0
FFFFFFC98017
FFFFFFF96822
0000000E7BF4
FFFFFFFA3AF1
00000005E039
000000287808
000000379C09
FFFFFFE5BB4E
FFFFFFE4C109
00000005B998
FFFFFFF1ED89
FFFFFFD6A283
FFFFFFCFF7FD
FFFFFFCA5097
FFFFFFC30D10
0000004B6826
0000001D6D7B
FFFFFFF9E724
0000002B882F
0000003330BE
000000338D91
000000070720
FFFFFFE35DDF
0000000D37A7
FFFFFFD110CE
FFFFFFC7D0BD
FFFFFFD09E18
FFFFFFD34777
FFFFFFD58959
0000004DAF11
0000003A5686
00000050FD8E
0000004D3FC0
000000346D33
000000263B99
0000002D6DFF
FFFFFFF4EB63
FFFFFFD3891A
FFFFFFD36CCA
FFFFFFCEA1EE
FFFFFFDE8276
FFFFFFD5941E
FFFFFFD27798
00000032E848
0000004F5E9E
0000003286B6
0000004218AF
000000310666
0000001DD6C7
0000001E4AA1
000000279F4F
FFFFFFF88F8C
00000002CF2A
FFFFFFDD22B0
FFFFFFECC857
FFFFFFF2A96F
FFFFFFE75A98
000000422F0D
0000002861FD
000000538318
00000046901D
00000049574B
00000045F76F
00000033F1F5
00000016267A
0000002D8F69
FFFFFFDA40F0
FFFFFFD7AC99
000000006FF3
FFFFFFEC4B73
FFFFFFF1EB8D
00000011F906
000000256A9A
0000003801CC
0000003C4583
0000004DA9B9
0000003C95E1
0000003D6889
000000239EBB
00000022E1FF
000000022A43
FFFFFFCBDB06
FFFFFFDA3E3E
FFFFFFBC8BD8
FFFFFFEF9573
FFFFFFD747C1
FFFFFFE866CD
000000368746
0000005F269E
0000004D787D
000000344AAD
000000345A60
00000032DB35
00000002ABC0
00000037F9DC
0000000EA435
000000568B83
0000003E34A0
FFFFFFFB2169
FFFFFFDB8225
FFFFFFDE8CC7
0000002D6593
0000002086CE
00000061C81C
00000069F2C4
000000490369
000000435BC0
00000037A8C0
000000354539
00000054E3FF
00000024D331
00000055E5E9
0000005C47A4
FFFFFFD91B60
FFFFFFE1A5FF
000000243429
000000183CBC
00000022F12B
00000043D395
00000031B855
0000004854A4
00000030D240
0000004E3B50
00000039D263
00000039798E
000000232F2F
000000756ABA
FFFFFFF986A2
FFFFFFF63C2A
FFFFFFFACAC0
FFFFFFD0A06B
FFFFFFD506EE
000000291791
0000001716C5
0000003BAA33
00000053A4EA
0000005A5D12
00000030B8CA
000000147CEE
0000004EE100
00000072AEE6
FFFFFFDFCDD1
FFFFFFBF6764
FFFFFFA1955E
FFFFFFCC408C
FFFFFFC10211
FFFFFFFEAB70
FFFFFFEE42A9
0000000A39EE
0000000F44EF
FFFFFFDC39C3
FFFFFFD86B75
FFFFFFD806E3
FFFFFFE7C8B6
FFFFFFD81216
00000014283F
0000001B426A
FFFFFFDD867E
FFFFFFB61A98
0000000087DE
0000000A73BB
FFFFFFBB537D
0000000B02F3
FFFFFFEEBF0C
FFFFFFEFB993
00000001E500
FFFFFFFF8161
FFFFFFF76716
FFFFFFDD13C6
0000001EFCF8
000000016E90
FFFFFFB1E52B
FFFFFF8E8CEE
00000001E649
0000000D1626
FFFFFFC5D09E
FFFFFFAA1D3A
FFFFFFD4F2CA
FFFFFFDA34A5
FFFFFFE62DE0
FFFFFFE2B8B4
0000000F9768
000000139EE2
0000000E56CE
00000006C7BB
00000014C552
FFFFFFDFA3D1
FFFFFFBADDBA
FFFFFFC4D2D9
FFFFFFC36304
FFFFFFD39AF8
FFFFFFF76009
000000064B1E
FFFFFFFDCF2C
0000001197C6
0000004807A6
FFFFFFF29B1F
FFFFFFDC2BFC
FFFFFFB1E12F
FFFFFFCFB4EF
FFFFFFC42AF0
FFFFFFE79373
FFFFFFBD607F
FFFFFFBEB1BF
FFFFFFDBD38E
00000009C209
FFFFFFF6269B
0000001F9093
00000028B13A
00000056FCFA
00000007456D
FFFFFFE0CC9F
FFFFFFF7F35E
0000001536E0
0000000A53D0
FFFFFFDAA5DC
FFFFFF9BC0F5
FFFFFFABF694
FFFFFFF9476A
FFFFFFC665E7
FFFFFFEA0744
000000104425
0000000D6C9B
0000002290E8
00000025A882
FFFFFFFFDD04
000000173EB8
0000002ABA05
FFFFFFF10B54
FFFFFFEB7288
FFFFFFD7C82F
FFFFFFC81383
00000010F4E0
0000001B790F
00000027760A
00000023F554
FFFFFFFF3A56
FFFFFFECA4BF
FFFFFFCF9F8F
FFFFFFF622F0
0000002E3E33
000000196CD6
FFFFFFFE603E
000000061560
FFFFFFF04A4A
0000000C2DE6
FFFFFF87B34A
FFFFFFACB504
FFFFFFF0FA18
0000000D95A5
FFFFFFF6BE43
FFFFFFF5700A
FFFFFFE67BE0
FFFFFFCEA60D
00000004221B
FFFFFFFB5BB2
FFFFFFE6ED3C
FFFFFFF75985
FFFFFFF1FF1A
FFFFFFEA371A
FFFFFFB29CF3
FFFFFFAA5D62
FFFFFFDEA07E
FFFFFFF00BEA
FFFFFFDE055E
FFFFFFDF9875
FFFFFFD1A166
FFFFFF7B6F3C
0000001061A5
FFFFFFF314E2
FFFFFFFCA262
FFFFFFDF50FF
FFFFFFE680A1
FFFFFFE0C73A
FFFFFFECB601
FFFFFF8F07DF
FFFFFFD6218A
000000097B2E
000000113E22
000000017BCC
FFFFFFE19AD7
FFFFFFB39B88
FFFFFFC48A37
FFFFFFF2DE7D
FFFFFFD1C015
FFFFFFC7DB9F
00000003AAB2
0000001F2DD9
000000157474
FFFFFFB9A9A2
FFFFFFC5884D
FFFFFFD49009
0000001496B4
000000360EDE
FFFFFFFB1FC0
FFFFFFCB8EE5
FFFFFFD53D41
FFFFFFB91493
FFFFFFB549EE
FFFFFFBFC5C7
00000005F720
0000003570AA
0000002B3918
00000012D918
FFFFFFFE65A6
FFFFFFD0C831
00000004B110
00000042EE81
00000029FF9C
FFFFFFDAA4DC
FFFFFFEA9164
FFFFFFB98ABD
FFFFFF9915C2
FFFFFFC7F07C
FFFFFFDD20D2
FFFFFFE84D6C
FFFFFFDCB5DF
FFFFFFF6D7A8
FFFFFFE12A03
FFFFFFD51534
FFFFFFE78C5A
00000023894A
FFFFFFFB45CD
FFFFFFDA16FE
FFFFFFFD76A0
FFFFFFB18565
FFFFFFEBEAB4
FFFFFFCC681C
FFFFFFE6110C
FFFFFFEAD439
FFFFFFC262C9
FFFFFFFB4933
0000000389D9
0000000A8183
FFFFFFF415F9
0000002BED53
FFFFFFE515F6
FFFFFFD80EFB
FFFFFFFB75F7
00000007220A
FFFFFFE5E29C
FFFFFFE7DE95
FFFFFFB8BC0E
FFFFFFBDDB9E
FFFFFFD93E3C
FFFFFFD9E839
FFFFFFEF63C0
FFFFFFE784E7
00000001ACBA
FFFFFFF6C3F2
FFFFFF99B8D4
FFFFFFE195B7
FFFFFFE1EE58
00000042F99B
FFFFFFB98FC8
000000246A73
FFFFFFC8C595
FFFFFFE62786
0000002DACE8
FFFFFFE7F5D3
FFFFFFE9A141
0000000A05F5
0000000A7589
FFFFFFE21C01
FFFFFF9E6EF9
FFFFFFD15E88
000000250759
000000A3DF57
FFFFFFECAD2E
FFFFFFEF4908
FFFFFFF1691D
FFFFFFEFAB49
FFFFFFF2FA91
FFFFFFEF08F6
FFFFFFCCC28C
FFFFFFE2DBD3
FFFFFFDD564B
FFFFFFDA42CB
FFFFFFD7AF26
FFFFFFD329D1
000000361B3C
000000191412
FFFFFFC07166
0000001495B5
FFFFFFE19D4F
FFFFFFE2D1D0
FFFFFFEB40D7
FFFFFFF327F9
FFFFFFD90F08
FFFFFFCFA864
0000001297B4
000000083C7E
FFFFFFE2E547
00000009D31F
000000655290
FFFFFFD49AE5
FFFFFFC40EA1
FFFFFFE4FBD9
FFFFFFBC22BF
FFFFFFC5BC47
0000000458C1
000000204468
FFFFFFD61E76
00000004FCCA
0000002AFF46
FFFFFFF1978D
0000002B3B6E
0000007ABC73
0000001CF1D6
FFFFFFE97EF5
FFFFFFFB0220
FFFFFFED78E5
FFFFFFAECC9B
FFFFFF95A977
0000004DC422
00000000F65B
FFFFFFD29F2E
000000155AC1
0000000CB4F6
FFFFFFE17D01
000000085690
00000013925D
FFFFFFCB5C7A
000000435F34
0000003091B3
FFFFFFFC43FE
FFFFFFA42C62
FFFFFFB80700
FFFFFFE2852C
FFFFFFD3460A
FFFFFFD82973
FFFFFFC799F5
FFFFFFF1B4B3
00000002B7B2
0000002C80E9
0000004AE6C2
00000032D2B0
0000003585C2
0000003B2BF0
000000483623
00000010E232
FFFFFFC4F1D6
FFFFFFB75FFC
FFFFFFC52681
FFFFFFBD9E3D
FFFFFFE07F79
FFFFFFE69254
FFFFFFF63164
0000005D0293
00000046B73D
0000004C1EC9
000000698D3D
000000344E57
00000070AFEE
00000072F1CA
00000016E5B7
FFFFFFA7DCB6
FFFFFF8E3C96
FFFFFFE57A77
FFFFFFDED81B
FFFFFFD666DC
0000001029F9
00000016AD67
FFFFFFCF336A
0000000A7334
00000040A1B5
000000431F58
0000007D863D
0000004C6367
FFFFFFFB4A49
FFFFFFB59EB5
FFFFFF6793E7
FFFFFFDDE9C8
FFFFFFF1F055
000000093EB6
000000125C62
000000090686
FFFFFFE1C640
FFFFFFE29CD9
FFFFFFC9F998
00000005759C
FFFFFFE4A4FA
00000024EF03
FFFFFFEB40F4
FFFFFFC730F7
FFFFFFA5A71E
FFFFFFB1F77C
FFFFFFDC8993
0000008413B3
00000045010A
FFFFFFFBB9D0
FFFFFFEFCFF6
FFFFFFE22B93
0000003D9389
FFFFFFD8C04C
0000001A2BB9
000000106C40
000000065916
FFFFFFD2091C
FFFFFFC08505
FFFFFFC6236D
FFFFFFD84174
FFFFFFEC3914
FFFFFFBB0419
FFFFFFBFE6A1
FFFFFFC3FA23
FFFFFFF0B6F1
000000599FDB
FFFFFFD4EE26
0000005D0B58
000000447621
00000002D917
FFFFFFBE9FE1
FFFFFFBD2CBE
0000003593A3
FFFFFFFAB991
FFFFFFB12891
FFFFFFB1C211
FFFFFF892B0E
FFFFFFCEE0C0
FFFFFFFF64ED
000000221ECA
0000000807E0
000000019F8C
000000133B0A
0000005D3474
00000024409F
FFFFFFBD8472
FFFFFFDC0F5E
FFFFFFD003A3
FFFFFFDE7D7B
FFFFFFF79789
FFFFFFA68065
FFFFFFF98891
000000430C85
FFFFFFFAC842
000000088CE8
000000126412
FFFFFFC4BA52
00000002D88C
FFFFFFF2BE4D
FFFFFFF3BE6D
00000016B9F9
FFFFFFEFD882
00000016A28A
00000005EA40
FFFFFFC031CA
00000047E6A8
000000664265
000000018DB5
000000073210
0000001A3944
00000052A7A5
0000001CC95E
00000038114B
000000119D7C
000000393F74
000000233E1E
000000262D4B
000000263201
000000017F5D
0000008D5487
000000114776
FFFFFF692FCC
FFFFFFC1D430
FFFFFFF4E279
FFFFFFDB8050
FFFFFFEA8184
FFFFFFF3EB6D
FFFFFFF1FDF9
0000001FB96E
00000025FB13
000000104D2E
0000002AB801
000000355935
000000095A46
FFFFFF6087BC
FFFFFF8F7D4B
FFFFFFEAC3D9
FFFFFF5B9595
FFFFFF965A6D
FFFFFFF7A17A
00000002B30C
FFFFFFFD27D6
0000000A9415
FFFFFFD0B366
FFFFFFEE7B45
FFFFFFD35C17
FFFFFFC349F9
FFFFFFAADF5B
FFFFFF3C93EA
FFFFFFAE7356
FFFFFFBB51DF
FFFFFFC56676
FFFFFFA4B160
FFFFFFC1250D
FFFFFFF62C33
FFFFFFE14532
FFFFFFDEA70C
00000001BB71
FFFFFFBAAB7A
FFFFFFD200E3
FFFFFFB06360
FFFFFFA1864D
FFFFFFC886EB
FFFFFFDD6AE9
FFFFFFE53A4D
FFFFFFD80AC3
FFFFFFE3CFBD
FFFFFFAB055A
FFFFFFE5487E
FFFFFFEB44BB
FFFFFFF6F32F
FFFFFFE3F87A
FFFFFFDF0E72
FFFFFFE108E4
FFFFFFD706DF
FFFFFFB69168
0000002238C7
FFFFFFE4A238
FFFFFFDFDA57
FFFFFFEE810D
000000235340
FFFFFFD338E9
FFFFFFDC5096
FFFFFFD2FC47
FFFFFFC823EA
FFFFFFE0B924
FFFFFFC19A44
FFFFFFC69AAA
FFFFFFCDFB92
FFFFFFBA2771
FFFFFFEB4F4D
FFFFFFF20B22
FFFFFFF269BF
00000003B524
0000000F66B3
0000001C0A42
FFFFFFD17D24
FFFFFF9EEA76
FFFFFFD2FAEB
FFFFFFE87C56
FFFFFFDED326
FFFFFFCAACC1
FFFFFFC482DC
FFFFFFD97423
0000001015DD
FFFFFFE986B3
FFFFFFDCC314
FFFFFFC2927C
FFFFFFBEB1B2
FFFFFFF47D34
0000000478E2
FFFFFFDECA3C
FFFFFFC425DE
FFFFFFE3418A
FFFFFFD4223B
FFFFFFBCE787
FFFFFFAF3D73
FFFFFFBB7A93
0000002D17F4
0000001C820F
FFFFFFFD47D4
FFFFFFAF4126
FFFFFFD2039B
FFFFFFF25191
0000002722FF
FFFFFFE7D622
FFFFFFA91F14
FFFFFFC8E187
FFFFFFD55DD8
FFFFFFB60A9D
FFFFFF8A09B2
FFFFFFA6C9D9
FFFFFFDB0C50
0000004D11B4
000000026582
00000002CF0E
0000001F8D5B
000000198905
000000132E87
00000015395F
FFFFFFC4A330
FFFFFFD72321
FFFFFFB2DA08
FFFFFFA8A8ED
FFFFFFBDD62E
FFFFFFAA6579
FFFFFFCD61AF
FFFFFFFFE3B6
0000002FAE91
00000015A087
FFFFFFCCC1C8
FFFFFFBD3048
FFFFFFF15AA0
0000001C40CC
FFFFFFF65F9B
FFFFFFECE600
0000001D96D8
00000014B0EF
FFFFFFAC929D
0000000060A4
FFFFFFD3AD26
FFFFFFCBD29A
0000001A9C87
FFFFFFEEE966
FFFFFFF417EB
000000102F64
000000163D85
00000020700B
FFFFFFC00770
00000012A140
0000003AC70C
0000006B38C8
FFFFFFF1161D
FFFFFF9411E0
FFFFFF8C3E6D
FFFFFF68182F
FFFFFFB556C1
FFFFFFA53AFB
FFFFFFA3485C
FFFFFFCDE9D3
FFFFFFD62D2C
FFFFFFD8D6AB
FFFFFFFBD32D
0000000373DA
00000002C8AF
FFFFFFF86E45
FFFFFFE7B9A0
FFFFFF8714B4
FFFFFF7267F2
FFFFFF68DD77
FFFFFF88E1D3
FFFFFF895388
FFFFFF5C0327
FFFFFF5B03BF
FFFFFF93C60A
FFFFFF8E4D13
FFFFFF5655B6
FFFFFF94A5C6
FFFFFF76FC04
FFFFFFA57DD7
FFFFFF8C7B8D
000000117C11
0000003AF1DA
FFFFFFA46CD3
0000000C594F
0000003B67D9
0000001D82EC
FFFFFFCD2B01
00000000BE99
00000024C13A
000000189C00
FFFFFFFDB702
FFFFFFEBACF0
00000016F4A6
FFFFFFFA6A08
00000021DD09
FFFFFFE8A9C5
000000133164
FFFFFFEAF921
FFFFFFC55887
FFFFFFD8D43F
FFFFFFED763D
FFFFFFE9313A
000000055376
0000002CBE53
00000018187A
00000003C568
FFFFFFE8018D
FFFFFFFEA347
FFFFFFE68150
FFFFFFE91AD6
00000046234F
FFFFFFF3AEC5
FFFFFFE59828
FFFFFFB86A78
FFFFFFFD65A9
00000013C848
FFFFFFE5CF84
0000000FC170
FFFFFFE7DEB6
FFFFFFECAF7D
FFFFFFE0ABB3
FFFFFFFF382D
FFFFFFBB3B3D
FFFFFFFA0404
0000002AE683
0000002254E6
0000002931C5
0000000ED3CC
FFFFFFFEB2D8
FFFFFFFF71E9
FFFFFFF5F921
000000037951
FFFFFFD998DD
FFFFFFD9BAEC
0000000B37EA
0000001709D6
FFFFFFF4C9BB
FFFFFFFECBAE
000000417C9D
000000508D88
0000004C544C
00000013AFD1
FFFFFFE32202
0000000CF04D
FFFFFFE4478C
FFFFFFF0D3C5
FFFFFFF19888
FFFFFFF1B6C4
FFFFFFC3E48F
FFFFFFA2FF56
000000496B88
000000577598
0000007046EF
000000723F51
0000003A9590
0000003A7E2A
000000166A98
FFFFFFDD4AFD
FFFFFFBAC785
FFFFFFC4B126
FFFFFFF87A22
FFFFFFE00B02
FFFFFFDE0963
FFFFFFC63823
0000001A9931
000000793004
000000674495
0000007100C9
00000058E886
00000055FC5F
0000000691F6
FFFFFFD1B13E
FFFFFFCA6E56
FFFFFFDD8848
FFFFFFF21BE2
FFFFFFFEDD43
FFFFFFFA2CB7
FFFFFFD031E7
0000003122C8
000000629EBF
00000078E97A
0000005FB2D3
0000003B7562
0000006A601C
00000050AE64
FFFFFFF7E57D
FFFFFFCDE9A5
00000000481B
FFFFFFE73923
FFFFFFECB754
FFFFFFFCA22F
FFFFFFC0E215
00000024276E
0000004AD23A
0000006027A9
000000692BD5
000000610ACF
00000046A095
000000362428
0000001B1034
FFFFFFDC4D5C
FFFFFFDAC48D
000000129785
0000000C53BD
000000101277
FFFFFFDA9BDB
FFFFFFBEE744
FFFFFFFA69D4
0000004C4235
0000006C0D1B
0000005D8529
000000414FF1
0000001FE057
000000265462
0000000973F6
00000002C2E0
00000035ED26
0000004B2204
000000730255
FFFFFFFA67B3
FFFFFFC19759
FFFFFFA4CC3B
00000021BF65
00000082A80B
00000066F178
00000050C229
00000045FF34
000000268AB0
00000029BB62
0000001C2ABE
00000009A992
000000188E9F
0000005D338C
00000031E2D0
FFFFFFD50DC6
FFFFFFB911A6
FFFFFFE3E07D
0000004AAF9C
0000008CA924
00000086E824
0000003B4974
00000057BB74
00000049A839
0000004FA454
0000006EFB60
000000533D37
0000002804B6
0000004BFD97
FFFFFFC23866
000000004338
0000001613E9
FFFFFFFD4D84
00000026B536
0000004555B3
0000003D7B5D
0000009CD73B
00000037828B
0000000E0093
0000003C5901
000000356401
0000002027B9
FFFFFFDCF7A5
FFFFFF9B8FCA
FFFFFFF5A822
FFFFFFC99D8B
FFFFFFF99FF0
FFFFFFEB6A37
FFFFFFC28075
000000003E1F
00000009EA1E
FFFFFFB84206
FFFFFFC7431F
FFFFFFDA1C0E
FFFFFFE27CC9
FFFFFFCCE7EC
FFFFFFD3F5DB
00000025BDE3
0000001DAB08
000000042F1B
0000000C8C44
FFFFFFD7EC70
FFFFFFFCDB3E
000000453A41
00000023D0F4
00000012AE61
FFFFFFEAF8EC
FFFFFFE1AD8C
0000000E95EA
FFFFFFF71956
0000001242BA
FFFFFFDF7489
00000014C154
0000003FEC16
000000641695
000000265EA5
0000000ADC95
FFFFFFE2C2F6
0000001D2EDA
0000002AAF9C
FFFFFFEE7EA3
FFFFFFFE11D6
FFFFFFFD0F1E
FFFFFFEECE9C
0000001C873A
000000053868
00000059A1F9
000000E96CEA
0000009B5112
00000026B851
00000014F976
FFFFFFE865DD
FFFFFFCEC877
000000011996
FFFFFFF42B31
000000064AA2
0000001515E5
FFFFFFE3AF9C
FFFFFFD46036
FFFFFFC6A854
FFFFFFF84E14
000000B2D2B2
000000C81863
000000557D29
FFFFFFF90083
FFFFFFEE9731
FFFFFFDD686D
FFFFFFF81272
000000032F5D
000000049FF7
00000018520A
FFFFFFEBFAB3
FFFFFFBF4475
FFFFFFF5E8A9
0000006305EE
0000002DB330
00000039059B
FFFFFFDDA78F
0000001F1313
0000000C2A5A
FFFFFFEAA3C0
000000166F7B
0000001A0AE0
0000000B61A3
00000010C58B
FFFFFFEF72C7
0000000AAB1E
FFFFFFFCF886
0000000D1960
FFFFFFCCBAB1
FFFFFFBB5A44
FFFFFFE53A1C
00000003A719
00000053E4E0
0000007BFDDB
0000000E0FBE
FFFFFFE801FE
FFFFFFE13098
FFFFFFF14DD9
FFFFFFE38E50
FFFFFFE956F5
FFFFFFF4D3F7
FFFFFFB3162E
FFFFFFCBAEE4
FFFFFFC820D2
FFFFFFC8E0F7
FFFFFFCC1C64
0000003E4089
0000003AFF88
FFFFFFFF9A96
FFFFFFED0B91
FFFFFFFAFA84
FFFFFFD186E6
FFFFFFDB5160
FFFFFFCB9FF5
FFFFFFE9E0DF
FFFFFFD3BBB7
FFFFFFBFF981
FFFFFFC6FEF9
FFFFFFBDB0C4
FFFFFFDCAE29
FFFFFFD0EF01
00000028D942
0000001E535C
FFFFFFFA01BB
FFFFFFFE9611
FFFFFFF05B5D
FFFFFFCB6C00
FFFFFFCC3AAB
FFFFFFE0898B
FFFFFFD4C522
FFFFFFC236F7
FFFFFFB39E3E
FFFFFFB0B6AC
FFFFFFDAED7B
FFFFFFE2774C
0000000525FE
0000002F91D8
00000009E0BF
FFFFFFD71F54
FFFFFFF4A891
FFFFFFF0138B
FFFFFFCBD0DF
0000001A708D
FFFFFFEF6776
00000000770A
FFFFFFB363FF
FFFFFFE1D46D
FFFFFFDABA59
FFFFFFF6F2FC
000000144EAD
000000263F97
00000026848B
000000081777
0000002EF882
000000080007
FFFFFFD192D4
00000036D84D
FFFFFFE07384
FFFFFFE0ED54
FFFFFFBD333A
FFFFFF9BC61F
FFFFFF924944
FFFFFFC49A01
000000019309
FFFFFFEC7258
FFFFFFF61806
0000001596B2
00000004DAAE
00000018FC9E
FFFFFFD9B2EC
00000053CE37
FFFFFFF4B3D5
00000014575A
FFFFFFCBD1DD
FFFFFFA9F3D2
FFFFFFB7CC04
000000082403
FFFFFFD6545D
FFFFFFC254EB
FFFFFFC490DC
FFFFFFCA459B
FFFFFFAF53BB
0000002D5572
FFFFFFF5E510
00000015FAF8
FFFFFFFF0370
FFFFFFEE58A4
FFFFFFEC0264
FFFFFFEE83B3
FFFFFFE214B3
FFFFFFCE97A3
FFFFFFCBB778
FFFFFFD37849
FFFFFFF5E1D6
FFFFFFDB206F
FFFFFFDC7E2F
00000016601F
FFFFFFFED85A
00000020AE77
FFFFFFE2FBF8
0000003FB71E
000000087584
FFFFFFEDAE0B
00000009F3A2
FFFFFFF9D27F
FFFFFFF0DF47
000000341ADD
0000000EE83A
FFFFFFF37F3A
FFFFFFEBDEC3
FFFFFFF9DF9F
00000000112F
FFFFFF85DC09
FFFFFF920F47
FFFFFFEBAEEB
FFFFFFDBCB99
FFFFFFE34AA9
0000001C63B9
0000002F1682
FFFFFFBA8DDA
FFFFFFEB1B68
FFFFFFD3F0B1
FFFFFFF2D3E1
FFFFFFF7ABFA
FFFFFFEE39AF
FFFFFFC6AB93
FFFFFF9EE141
000000026AB8
0000001211BB
000000201178
0000001CE454
00000032357E
0000003D21AC
00000057EED7
0000002A763F
0000000E500D
000000149AAD
00000018042F
000000288D66
FFFFFFF8CAB2
000000104BFC
0000000D284A
FFFFFFEAACB2
00000000F62D
00000031DCDA
0000004443DB
00000016F4D2
000000394D84
0000002297F8
00000016D231
0000003CDC1B
00000039CAEF
000000520122
000000614E37
000000275A8F
000000536493
FFFFFFEF727F
FFFFFFFB8181
FFFFFFFD1C58
000000104E41
00000039EC8C
000000076D25
0000002CC9BA
0000001BFF00
00000022BE45
00000045CBBE
00000017481F
0000001EE30F
FFFFFFE1DE06
0000002F0B60
00000037BEB1
FFFFFFDE2EEF
FFFFFFBAE1CD
FFFFFFE16DB1
000000283F63
0000001539D8
000000282EE1
00000027F1FA
00000045A15D
00000040F793
0000003E8580
00000066A2A0
FFFFFFD52071
FFFFFFD25FC9
FFFFFFCCE01E
FFFFFFB70EBF
FFFFFFC1395B
FFFFFFB3BEF8
00000014E368
00000044F1EB
0000002DBDF9
00000035BF35
0000002126A3
000000364E50
0000001A66C5
0000002DA175
FFFFFFC8E063
FFFFFFC4D34F
FFFFFFA9FEBE
FFFFFFA9DB8F
FFFFFFA071A9
FFFFFFA313D2
FFFFFFC7462A
0000001B887C
0000003F847B
0000000D9AAE
00000007B5C1
00000009CF5D
0000003A22C6
0000001CF81E
FFFFFFC53B2D
FFFFFFAE3A30
FFFFFFB4E2B0
FFFFFFC093B2
FFFFFFB3D830
FFFFFFA782FA
FFFFFFA5DC6C
FFFFFFE5C02F
000000568D7B
0000003BC026
000000257C13
0000001CB981
00000033CD41
0000003EFB7D
00000019842C
FFFFFFC63A6C
FFFFFF996FB8
FFFFFFA79FE0
FFFFFFA565BD
FFFFFFA181D0
FFFFFF9BC4B6
FFFFFFC36C6F
000000239A36
0000004A57F8
00000021BCEF
0000002D4BE4
0000003B6E62
000000486ED5
000000355C9A
000000206C6B
FFFFFFA481C8
FFFFFFB18CF1
FFFFFFBD9A50
FFFFFF9492DC
FFFFFFA6C717
FFFFFFBAE1DF
FFFFFFE45193
00000012BB58
FFFFFFED5622
000000020E0E
000000053DB0
0000003E22FD
0000003FE181
0000004FFA83
FFFFFFF1649F
FFFFFFB4C442
FFFFFFC6C052
FFFFFFC58FD2
FFFFFFD0DDC2
FFFFFFC31020
FFFFFFB5A071
FFFFFFD5A57D
FFFFFFD1CFFA
FFFFFFE41043
FFFFFFCAFAEF
0000002DFF73
00000005294F
0000003CAA3B
0000003F2EC8
FFFFFFCB1315
FFFFFFB525AD
FFFFFF98EB84
FFFFFFA2BF9A
FFFFFFA09FB1
FFFFFFAAEAE5
FFFFFFBB7F9A
FFFFFF90967D
FFFFFFB74B98
FFFFFFCA3FBE
FFFFFFE44504
0000003CAD47
000000497100
0000004BC25F
000000286B6E
0000003F8845
0000000DEFC5
FFFFFFFD543C
FFFFFFECDB8B
FFFFFFE41DEE
FFFFFFD7E28E
FFFFFFE19410
FFFFFFFFDBA5
0000000B597C
0000001B2888
000000526F44
00000042FC3E
0000005FC157
0000004F0192
0000003EDABC
0000007BFC55
0000005E3956
00000055FED3
0000005D6C99
0000005B55E4
0000004A35A2
0000004E746B
0000005D5A21
000000771FFE
FFFFFFD0830B
FFFFFFDBCCE4
FFFFFFE48C08
0000002290C5
00000000159A
0000000B45AB
FFFFFFD909AA
FFFFFFD4B343
FFFFFFDF5644
FFFFFFE21E15
00000004A2E8
0000000E46AB
00000034D27D
0000001B4CF1
00000032EECE
0000000314AE
000000031D2C
0000007BE8E5
0000003A218C
00000033F7BC
FFFFFFF77C56
000000119C68
0000000EB69A
0000004ED83A
000000363924
00000035323B
0000003D7053
FFFFFFF13B9D
00000014455D
FFFFFFFE670C
FFFFFFF4BDE8
0000003D178F
FFFFFFD85669
000000264488
FFFFFFFC7984
000000224ADF
FFFFFFD2A504
000000256C40
000000118BFA
00000030F2BA
FFFFFFFAC116
FFFFFFD47DEB
FFFFFFDBBF78
0000003EE0EA
000000690CC8
0000004933F7
0000000C9528
00000068C1F2
00000024CE07
FFFFFFF4E3F2
FFFFFFFA2BF9
0000003B81F9
00000009AAA0
FFFFFFEDC972
FFFFFFE90CBE
FFFFFFEADDE6
FFFFFFC79673
0000008E587F
0000000FABC6
FFFFFFF5CDB2
FFFFFFF5546C
000000194B1A
000000367A0E
FFFFFFF827D0
0000001F958B
00000004C7D6
FFFFFFDB7109
0000000F3F68
FFFFFFC8F02D
FFFFFFCC38CC
FFFFFFC0BCE8
0000001667B0
FFFFFFF86605
FFFFFFFA3CA2
FFFFFFDF3B47
000000161418
00000086A229
FFFFFFF971D3
FFFFFFAF9B5C
FFFFFFE083AC
000000010E7C
FFFFFFFF178D
FFFFFFE90072
FFFFFFE216E7
FFFFFFC31C12
FFFFFFFD6099
FFFFFFEE0CB6
FFFFFFE46502
FFFFFFE734A3
0000000A72D9
00000034FC6B
0000003DECCE
00000037EE53
FFFFFFFC8A69
FFFFFFE9711D
FFFFFFF403CC
FFFFFFE1D4D4
FFFFFFC196CB
FFFFFFCBD6CB
00000005B241
FFFFFFF7E25D
FFFFFFE06A51
FFFFFFD096F2
FFFFFFDA93C5
FFFFFFF9AB62
00000013420D
0000003980B9
FFFFFFE14B7B
FFFFFFE01D71
FFFFFFD7C7C5
FFFFFFE62334
FFFFFFD0D86D
000000536FFC
000000504D92
000000041831
FFFFFFD1F48F
FFFFFFB52918
FFFFFFEE841C
FFFFFFEFBFCD
000000259F7B
FFFFFFE913E6
000000208C6E
FFFFFFEBDEAC
FFFFFFF64C24
FFFFFFF24F88
FFFFFFC86215
FFFFFFE2EB51
00000027F72C
00000014A126
00000006B760
0000000DF7D5
FFFFFFFF053A
0000001F6042
0000001556E2
0000000F2194
000000A23A37
0000002056E9
FFFFFFF92D77
00000011C88C
000000048D2F
FFFFFFED5BE1
FFFFFFF303D8
00000006A895
FFFFFFE3D6F8
00000001C1F9
FFFFFFC3247A
FFFFFFEACD83
00000023B380
0000002A3C67
0000004A2F43
0000002DB691
00000006AEB8
0000002F0AE0
0000003D2A20
FFFFFFE95170
FFFFFFF36E4E
0000000562E9
FFFFFFD2068B
000000170277
FFFFFFE362B6
FFFFFFFBF6E7
0000004406B3
0000001DE67C
00000011FE61
000000212001
000000566E28
0000002FDF17
00000088B723
FFFFFFE14544
FFFFFFE72C0B
FFFFFFD9E0DA
FFFFFFE2F137
0000003CCC8A
00000014D841
FFFFFFF4017B
00000025356F
000000153A41
000000000ACC
0000001AFBBC
000000397C95
0000002BD85C
000000202086
00000009F2C5
FFFFFFF5C73C
FFFFFFFDB6FA
0000001C4BD0
FFFFFFF70958
FFFFFFEE7B6B
000000095DC9
00000003CAC9
000000005CAB
FFFFFFF1E108
FFFFFFC9E394
FFFFFFEBBD21
00000008D47B
FFFFFFE33D16
000000458562
000000490589
00000080D546
00000018204D
FFFFFFE87DF3
FFFFFFD32F63
FFFFFFF22A7A
000000489C1E
0000001DBC52
FFFFFFCB08F3
00000008A4C0
FFFFFFE098B8
00000001E7E7
00000030B500
000000655CB3
00000056658E
000000A1E686
0000004E95AA
0000002463FE
FFFFFFF998EE
000000037A8E
0000000B328D
FFFFFFCFD491
FFFFFFE5C437
000000082515
00000002017A
00000027C48B
0000006C6B0F
FFFFFFE1D311
00000012D973
FFFFFFDE9BC5
00000002E088
00000067FF28
0000001B3638
FFFFFFF3C5DC
FFFFFFDBD9E5
FFFFFFB2C3D9
FFFFFFC9F751
FFFFFFE33E6C
00000009E0E6
00000006BEAA
FFFFFFF148CD
0000000F24D7
0000008D543F
FFFFFFD7482C
FFFFFFE4F8FE
FFFFFFD3EAD6
FFFFFFE8875F
FFFFFFEEB9B0
FFFFFFDBE9A3
FFFFFFECD08D
FFFFFFE9B47D
FFFFFFF9CEF5
0000003BADFA
00000050B48C
000000426E3C
00000022D74A
00000053E81D
FFFFFFF12125
FFFFFFD05B05
FFFFFFDC3E53
000000007FA7
00000002CBC5
FFFFFFF9048B
FFFFFFFC81ED
00000009029E
00000001A356
FFFFFFF4F842
00000005CA59
FFFFFFDFAFEF
FFFFFFDED6CA
0000000BD6D6
FFFFFFE923DF
FFFFFFD7D581
FFFFFFE341CE
FFFFFFD2ED74
FFFFFFF7E734
FFFFFFBEF315
FFFFFFADED96
FFFFFFB53A13
FFFFFFB244B3
FFFFFFB89108
FFFFFFA8C791
FFFFFFA7DEEF
FFFFFFD705D3
FFFFFFFD5DBB
00000001E486
FFFFFFDFEF83
FFFFFFDD590B
FFFFFFDAE309
FFFFFFFADE8E
0000000088E7
FFFFFFB897CC
FFFFFF9627EA
FFFFFF9CA6FB
FFFFFF9DAD3E
FFFFFF9D0061
FFFFFF915D07
FFFFFFF64B50
000000104E88
FFFFFFE3F9F6
FFFFFFD41CE8
FFFFFFD4A5CB
FFFFFFE68ADD
FFFFFFF9B21D
000000197544
FFFFFFC83BAE
FFFFFF9A0B56
FFFFFF996822
FFFFFFA5696E
FFFFFFA70362
FFFFFF9850F9
FFFFFFD63796
FFFFFFE0A5D3
FFFFFFC0779E
FFFFFFDCF175
FFFFFFEF6FBC
FFFFFFDF360D
FFFFFFE4B992
FFFFFFEE83EE
0000000195BC
FFFFFFAFA597
FFFFFF7C5454
FFFFFFA27DF9
FFFFFFA9D117
FFFFFF8F82C3
FFFFFF9D50A9
FFFFFFC3CEF5
FFFFFFC59671
FFFFFFC4B920
FFFFFFE1CDC3
FFFFFFDFF1AD
FFFFFFF5F5B0
FFFFFFDA2E25
000000096217
FFFFFFCE6BB2
FFFFFF879670
FFFFFFA8A14A
FFFFFF9053DD
FFFFFF7F7C89
FFFFFF99555C
FFFFFFB9DFE5
000000094169
FFFFFFBC4357
FFFFFFC13361
FFFFFFCE198B
FFFFFFDF3C93
FFFFFFC67F2B
FFFFFFDCDC4D
FFFFFFDC2B54
FFFFFFE50896
FFFFFFEDAEFE
FFFFFFED42BB
FFFFFF80D93B
FFFFFF83E20B
FFFFFFC4E8B6
000000551E2A
FFFFFFEA80ED
FFFFFFED3FCC
FFFFFFDEF9DF
FFFFFFADFF88
FFFFFFCC5C91
FFFFFFF84C9D
FFFFFFFD1325
FFFFFFE05BF3
FFFFFFEA26BF
FFFFFFF03606
FFFFFFBF1E73
FFFFFFBB253C
FFFFFFB04FE2
FFFFFFD0FE57
FFFFFFA72AE6
FFFFFFB72F31
FFFFFFFAA1D7
FFFFFFD2C931
FFFFFFE765E1
00000008E6C2
000000037682
FFFFFFE6E984
FFFFFFD995E3
FFFFFFADBE1A
FFFFFFB6FB93
FFFFFF93660C
FFFFFF94488C
FFFFFF907EE4
FFFFFF6FC3B4
FFFFFF823578
FFFFFFA311CD
FFFFFFA752B4
FFFFFFAB86CF
FFFFFFB39CFC
FFFFFFB748B1
FFFFFF933101
FFFFFF8B7AD6
FFFFFF935857
FFFFFF78F211
FFFFFF7F9CE8
FFFFFF8D8C23
FFFFFF8B53BF
FFFFFF932D8D
FFFFFF888AB0
FFFFFF7A309A
FFFFFF75D335
FFFFFFDF46D1
FFFFFF70A85E
FFFFFF69AF05
FFFFFF829496
FFFFFF64AA77
FFFFFF6B0BF8
FFFFFF7F31E5
FFFFFF8159BA
FFFFFF8E8130
00000036F13E
000000015AA7
FFFFFF806E10
FFFFFF87548B
FFFFFF897C8D
FFFFFF7AA8D0
FFFFFF6C0448
FFFFFF79E80B
FFFFFF738758
FFFFFF7E5B83
FFFFFF85CB21
FFFFFF72E45B
FFFFFF3DFDF7
000000128DC7
000000C91032
000000A2FEA8
000000449086
FFFFFFADBC2E
FFFFFF75B063
FFFFFF8F40CD
FFFFFF7E1F64
FFFFFF8E1F97
FFFFFF7ECE82
FFFFFF8473E7
FFFFFF7FF8A5
FFFFFF62B0C8
FFFFFF55BAE5
FFFFFFD80E65
000000A04865
00000097C5D5
000000AF40B5
000000111FE2
FFFFFF6A6AE0
FFFFFF99E70A
FFFFFF963DC9
FFFFFF9D0026
FFFFFFC83714
FFFFFFDDCA9B
FFFFFFFA1287
FFFFFFE2D867
FFFFFFDD4EB2
000000341AC8
0000002AB88C
0000008E8BC4
000000B32EF4
00000077CABF
FFFFFFB8846B
FFFFFF8BE1DA
FFFFFF8822E6
FFFFFFAED79C
FFFFFFB60DF2
FFFFFFB173EA
FFFFFFA13C5E
FFFFFF58F038
000000360A7B
000000933A91
0000007E7926
000000AC0D5B
000000A4E379
000000AF2DE6
0000004B8C3D
FFFFFFB49E9E
FFFFFF967F57
FFFFFF9FE4C6
FFFFFFBAA0FB
FFFFFF9ECA97
FFFFFF9198C1
FFFFFF6F0EEB
000000110A09
000000A1A61C
00000092B75E
0000009CF799
000000B53F86
000000C039C3
000000B6DF52
0000000F707E
FFFFFF861C56
FFFFFF8BD545
FFFFFF8C8D89
FFFFFFA2AA3C
FFFFFF81F0A3
FFFFFF7D035E
00000026439D
0000008DDDCF
000000829DBE
000000953E05
000000A00170
00000097DA25
000000A0F0F7
0000008671BA
FFFFFFC342FB
FFFFFF6889E2
FFFFFF8A17C1
FFFFFFA34A71
FFFFFF9CB503
FFFFFF6C3020
FFFFFFAFD43C
0000006E70BA
0000008FCB3C
0000008BE2CA
000000755278
00000092762C
000000A0FE19
0000009C1FBA
0000004D4AF2
FFFFFF80D927
FFFFFF77C427
FFFFFF7E023B
FFFFFF85A89E
FFFFFF60B66E
FFFFFF5757F3
FFFFFFB7F167
00000058F968
00000076A6E8
00000074A17E
00000087A5C8
0000008046B3
000000969966
00000091D9DA
0000002A5167
FFFFFFD67C31
FFFFFFEEAC89
FFFFFFD50E57
FFFFFF861D4F
FFFFFF517166
FFFFFF68E827
0000002E3564
000000520967
00000067EEC8
000000725EC7
00000092EEC6
000000AE4AFD
000000B25EFA
000000A7C17A
0000008612E4
000000A5DADC
000000974E4A
FFFFFFD89C03
FFFFFF7630E3
FFFFFF908AF4
FFFFFFF6A2CE
00000036BB10
0000001C60D9
0000005825C9
0000008367C7
000000A91C23
0000008C7495
000000A3ED67
000000AD940F
000000AEFD64
0000009C9499
00000045B295
FFFFFF4670E1
FFFFFF747E9B
FFFFFFA6EDA1
FFFFFF5FE54F
FFFFFF595F58
FFFFFFE53A5A
000000257678
0000005F8189
0000009156D8
0000005C2081
00000040A86E
00000005479E
000000126641
00000000E107
FFFFFF39CBF5
FFFFFF6A2879
FFFFFF504CEB
FFFFFF4DA832
FFFFFF5DDE05
FFFFFF5772B5
FFFFFF663641
FFFFFF84DA07
FFFFFF763AE0
FFFFFF50C091
FFFFFF4E3176
FFFFFF4E6460
FFFFFF3D4F37
FFFFFF186B29
FFFFFFE1F43C
FFFFFFE9F5EE
FFFFFFF6A912
FFFFFFFA6D39
0000002D7F0C
00000026D912
0000006973D9
00000030AE13
000000325838
0000003D78DE
0000004E63E2
000000434174
00000047FA9A
0000002AF4E9
00000018691F
0000000DF9AF
0000005E08D4
0000001F8872
000000354BF5
00000037EF08
0000005B892F
000000583F80
00000033498E
000000443C83
000000434890
0000002E1A5E
0000003D913D
000000638E45
000000363401
0000002B7DFA
0000003603EB
00000031DEB4
000000658FC7
00000042C4A8
00000049964E
00000048D5FC
00000039626F
000000450865
0000007DCD89
0000006BCAFE
0000006912CB
0000005E968F
000000409EDD
000000932516
0000002CE188
00000025DD6C
00000021C432
FFFFFFEB817F
000000421DAD
000000355779
0000001EB53E
00000037C47D
00000063E330
0000006B59DE
0000005DD281
0000004C59CE
0000002452F7
0000005A70DC
00000034ABBD
00000030D682
00000020AD4B
FFFFFFFD7487
0000000F0FC5
0000001F1046
0000000FAA2A
00000048C270
0000005CCDB5
0000007954D1
000000647BDC
000000677501
00000040CEFF
00000025C620
0000003F666B
0000001DB9F6
00000027B03D
000000068A2F
FFFFFFEBCE82
0000004A5134
000000385D44
00000039A275
00000045548C
000000434810
0000004758AE
000000471E75
00000065A8B4
00000017C14A
0000002B807D
00000019EC60
0000000F77BD
0000000BA917
0000000FEAD5
0000002F6B74
0000002B6062
00000017CDFC
0000002A3EB8
0000001B1142
0000001486AA
0000003915FF
00000052DD28
000000492993
00000020454C
00000026EC27
00000011864E
00000002F7C4
000000103B9A
0000002648BA
00000039E8B4
000000516529
00000028607D
0000001DCD23
00000039AFBA
00000047F88E
0000005E7D9A
0000004BDF94
00000022931C
0000001EC38A
00000002E1AA
FFFFFFFEAECC
0000000A77EB
0000001B5AD9
0000003DCE77
000000499C4E
0000003DCFDE
0000004DD025
000000523F45
00000029F30C
00000035B87D
0000007368F9
00000024B229
0000000AAA50
00000012EDF9
0000000F255B
000000091788
0000000D5AC8
0000001FA973
0000003C8250
00000058B36D
00000037613E
0000002E4188
0000003A0806
0000003487B7
00000052D480
0000003FCA43
0000001C0C38
00000003DB01
00000019495A
0000000024F1
FFFFFFFE6CA2
00000011862B
00000019C580
00000010CE75
000000060483
0000000D0F58
000000348F05
00000016310C
0000003206FA
00000049CED7
000000444516
0000002B5DE1
00000018D9EA
0000000CD059
0000001EC692
0000002202E8
00000025DDB2
000000222063
000000264CDB
00000019EFFA
000000072FDE
0000002C9750
0000002DDF16
0000003E9A4A
00000040815E
00000046BBB3
0000003665FC
0000004AACC6
000000438E3E
0000002DF4BE
0000002D2FE7
0000004DF7A8
000000611875
00000026A45B
0000003BB80C
0000004392AA
0000005E491E
00000049A48B
00000042EE1E
000000536A73
0000005AB23F
000000685284
00000062CED2
00000060B3C7
0000005C95FF
00000072BF82
0000005648AD
0000004C060B
0000006A50AC
FFFFFFD03486
FFFFFFCC8DBF
FFFFFFDAB37D
00000013434F
FFFFFFF02960
FFFFFFFA21E8
0000002448EC
FFFFFFF91F33
0000000180EA
FFFFFFE9411B
FFFFFFB874A6
FFFFFFCEF9CE
FFFFFFC95A0B
FFFFFFDCD550
00000008D27A
FFFFFFCFBFA6
FFFFFFC6F5C6
0000003DF099
FFFFFFCE72E6
FFFFFFF0A6F0
00000025D91D
00000023000B
0000001F974F
00000002FAD9
00000006383D
FFFFFFEA6714
FFFFFFE334B6
000000132EE4
0000001B87B8
FFFFFFC200C8
FFFFFFB72396
000000123E34
FFFFFFAED3A1
00000044E5FC
00000006860F
FFFFFFF7CFEF
0000000255F8
0000000F00B7
000000099AE9
FFFFFFEAE55F
FFFFFFF532E5
FFFFFFFDC585
0000000057FC
FFFFFFE7489F
FFFFFFC80A8F
FFFFFFFE497E
0000000B294B
0000006025E4
00000004099D
FFFFFFE42539
FFFFFFEC7181
00000018A4E0
FFFFFFE5F386
FFFFFFF4C315
FFFFFFF3DB92
FFFFFFD25104
FFFFFFD2985B
0000000545C7
FFFFFFD11E3E
0000000A6C10
0000002813EA
0000006229B4
0000001FEC72
FFFFFFEF7FD6
0000000FE009
FFFFFFF9B792
FFFFFFE36872
0000001A8827
FFFFFFFC94D0
FFFFFFF0A295
0000000B51EC
000000344D36
FFFFFFEE4444
000000081697
0000000B7EC3
0000003E74D1
0000003EFE0D
000000362AC4
FFFFFFE6694A
00000007D4C6
0000000EA4B1
0000001560C4
0000002082A0
0000002F27DC
0000000B5D89
00000004551B
FFFFFFFA0FC5
FFFFFFE8BAAF
FFFFFFE008C6
0000000A2305
0000001AC2EA
0000006FCBA3
0000002D226B
FFFFFFFA9CF9
00000013F52B
00000006B5EE
0000001E59B8
000000013E8A
0000001709B2
FFFFFFF07037
FFFFFFE6E445
FFFFFFDDE6B0
FFFFFFBD605C
FFFFFFF66917
0000001B9F2C
000000507579
0000005D031E
0000002A604C
FFFFFFFF1E48
00000025730F
0000000B8384
000000042F8D
0000006F77CA
0000000118BE
FFFFFFEA0411
FFFFFFE1AE95
FFFFFFDFB9B9
FFFFFFF11ED6
000000021A21
00000029620F
0000008A11A1
0000004EC186
0000000813AA
000000153341
00000016F9B1
00000020A630
00000035B24A
0000005DFD46
000000445367
000000278039
0000000BB403
FFFFFFCD1FAA
FFFFFFF422A7
FFFFFFFDEBBC
00000048ACB6
0000003D83DC
FFFFFFFF0B51
FFFFFFF68B3D
FFFFFFF56ED8
FFFFFFFEB6E3
0000000D6AD5
0000004FBEDB
00000070F8DA
000000595AE2
00000024A464
FFFFFFEB5AB8
FFFFFFF359DC
FFFFFFEAACC1
00000000BCEA
0000001B9201
FFFFFFEFA0B5
0000001BF94C
000000221660
00000036BFD1
000000230379
0000001CFE7C
00000053BA3A
0000000C7112
000000159B07
FFFFFFE8CE3D
FFFFFFE8BB04
FFFFFFFFC211
00000002B6D9
FFFFFFF98FAE
FFFFFFFD96A3
FFFFFFEF741D
FFFFFFF5CDDB
0000004EFBD5
0000001385A1
FFFFFFF23E72
FFFFFFEF44C7
FFFFFFE1AAEF
00000035F2E2
FFFFFFD81C9E
FFFFFFF5103D
0000000ADBDB
FFFFFFD89A30
FFFFFFB9FE89
FFFFFFEF23A2
FFFFFFE123CB
FFFFFFCD3879
0000001D1A1C
000000197DF2
000000151AA0
000000051288
000000147412
000000132D41
00000011F719
000000369A64
00000003C95C
FFFFFFEA7B09
FFFFFFE3EEF6
FFFFFFFB8C27
00000007EF1F
FFFFFFFD454A
00000053E3B8
FFFFFFD95136
FFFFFFBE0EA0
FFFFFFEAF437
FFFFFFFF9F17
FFFFFFDA4B90
FFFFFFE6FA3E
FFFFFFE7905E
FFFFFFCEC94D
FFFFFFEDE4D3
FFFFFF9A3E50
FFFFFFCBCEA4
FFFFFFDACA10
FFFFFFE5A3B5
FFFFFFE03888
FFFFFFF91203
FFFFFFEC50A4
FFFFFFF80BE8
00000024BAED
0000001EB913
0000004CFDB1
000000174B90
FFFFFFDE88FF
0000000F6415
FFFFFFF2023B
00000002E447
0000003BBE83
0000002E4399
FFFFFFDDC2A1
FFFFFFD6672D
0000000611D4
FFFFFFF3C7F9
FFFFFFEC92CC
FFFFFFFAA620
000000358FFE
FFFFFFF2325B
FFFFFFF7706F
FFFFFFF5EF07
000000057494
FFFFFFF3857D
000000077A72
00000001FBB7
FFFFFFE85B42
FFFFFFFC5649
00000003A4EB
FFFFFFBEC977
FFFFFFD04679
FFFFFFC202C7
FFFFFFF0109A
FFFFFFEE2238
FFFFFFDFB623
FFFFFFE9CE50
00000002D1FF
FFFFFFEAC3F2
0000000A4685
000000117BAA
0000000870E4
FFFFFFE44CFB
FFFFFFF21D6E
FFFFFFFAA094
FFFFFFC7BE0F
FFFFFFBF6C47
FFFFFFD9058F
FFFFFFF41994
FFFFFFF4BF8D
000000081B86
FFFFFFE6FF94
FFFFFFFA7270
FFFFFFE24DBC
FFFFFFF4A01D
000000065256
0000000557A7
FFFFFFE5A65F
FFFFFFE73F16
FFFFFFD839FF
FFFFFFBBB376
FFFFFFDDB298
FFFFFFF5A9E6
FFFFFFD32DB6
FFFFFFF46419
00000005E765
FFFFFFF09AA7
FFFFFFF1DA8B
FFFFFFE0C382
FFFFFFBFB034
00000019CB0A
FFFFFFF4372C
FFFFFFF4A1F0
FFFFFFD902D7
FFFFFFD3996E
FFFFFFF279AC
FFFFFFFD3760
FFFFFFFF73BA
FFFFFFFE035B
FFFFFFF87E31
FFFFFFD76195
FFFFFFD98E44
FFFFFFEAD997
FFFFFFD333EE
FFFFFFAABE1A
FFFFFFBF1B7E
FFFFFFCB4C2E
FFFFFFD4AAC6
FFFFFFE2C807
FFFFFFDA9CC3
FFFFFFD548B7
FFFFFFFB54E2
0000001709E1
FFFFFFDBBD49
FFFFFFDC9C65
FFFFFFDB7997
FFFFFFEE81B2
FFFFFFE19C8C
FFFFFFBD79FC
FFFFFFC13C2E
FFFFFFDBAE3D
FFFFFFD51E8F
FFFFFFCAA119
FFFFFFB87FFF
FFFFFFDB7F55
FFFFFFE0A36E
00000002A971
FFFFFFFBAF14
FFFFFFECAE2C
FFFFFFCC14F6
FFFFFFCF60FF
FFFFFFD9F526
FFFFFFACCB85
FFFFFFBCD66D
FFFFFFAFB216
FFFFFFB3BF18
FFFFFFB2AC35
FFFFFFD86006
00000002A8DB
FFFFFFE2A1A9
FFFFFFF29FED
FFFFFFF5FC66
FFFFFFE660A3
FFFFFFC8FFA0
FFFFFFF1424E
FFFFFFDD886F
FFFFFFC4E076
000000078F97
FFFFFFECD4A5
FFFFFFBB9E6A
FFFFFFF76A7A
00000025AE90
0000001C3B93
00000012AE0A
0000000A0565
FFFFFFF8CDDF
FFFFFFFFFF6E
FFFFFFD55373
FFFFFFE3D395
0000000FEAD9
FFFFFFC0DF41
0000000AF121
FFFFFFEA8E08
FFFFFFA11C37
FFFFFFB5C083
FFFFFFAB5A5D
FFFFFFA18BA7
FFFFFFD9766F
FFFFFFEFEC13
FFFFFFEF0F42
FFFFFFE58751
FFFFFFCBEE02
FFFFFFC8A9A9
FFFFFFED40AB
FFFFFFEEA6A3
000000038041
FFFFFFE89132
FFFFFFCA890A
FFFFFFD0E1AD
00000000F9D6
FFFFFFEC0D36
FFFFFFA4AFD9
FFFFFFE53426
FFFFFFDFCF9B
00000000BEF2
FFFFFFE6767F
FFFFFFDF9E82
FFFFFFE326F4
FFFFFFCAE659
FFFFFFDA50F0
FFFFFFDD06C1
FFFFFFD875B0
FFFFFFEEBB48
FFFFFFDCF33C
FFFFFFC5E1F3
FFFFFFC88CD1
FFFFFFD12810
FFFFFFD1A3BB
FFFFFFC078A6
FFFFFFD00334
FFFFFFDE47CE
FFFFFFA8ED87
FFFFFFF18128
FFFFFFE06640
000000785C05
FFFFFFE68FF0
FFFFFFF15119
FFFFFFA4A62F
FFFFFFE4763A
FFFFFFF99FA5
FFFFFFEAF7B3
FFFFFFDC1067
0000000CE771
FFFFFFE88B1C
FFFFFFCC3983
FFFFFFF105D1
FFFFFFCBD85A
0000002D7193
0000004808F2
FFFFFFF4CE5F
000000187573
00000004BF59
FFFFFFEA02C3
FFFFFFC84F55
FFFFFFB61DAE
FFFFFFDB8A12
FFFFFFD59BF6
FFFFFFDA2821
FFFFFFBC942D
FFFFFFE9B46D
FFFFFFF097FD
00000030C946
000000172888
0000000C6B9C
000000198936
FFFFFFA170E3
FFFFFFD52063
FFFFFFEBCCFF
FFFFFFFED1E0
FFFFFFC7CDBB
FFFFFFF0EE2B
0000000219EA
FFFFFFFCDB6C
000000253C7C
00000029381C
FFFFFFFE1BD7
FFFFFFB35C39
FFFFFFEAAD11
FFFFFFE8829A
FFFFFFDD2A01
FFFFFFE9C5AA
00000010BE21
0000000F5B82
FFFFFFF3FC2A
FFFFFFF6CFE2
00000032208F
FFFFFFE7DE52
0000000E758A
00000054D7E9
0000000B6B4D
0000001D4508
000000123266
00000001C78A
0000000AB2C2
FFFFFFCF5290
00000020E537
FFFFFFE2608D
0000000AEA9B
00000016B848
0000000EFE59
000000036DDF
FFFFFFFE0667
0000002CF637
0000001E449A
00000033C716
0000002151EC
0000001553F3
FFFFFFF57BAD
FFFFFFDC5A2A
FFFFFFF4A97F
0000000FB51B
FFFFFFFD561C
000000094E86
00000012C968
FFFFFFE76ECB
0000002A5317
00000052EE60
000000362FA6
00000023C736
FFFFFFFDB93A
000000249BCA
00000030E44E
000000140BBE
FFFFFFFFB811
FFFFFFAD1CD8
FFFFFFCD1C14
FFFFFFE448B7
FFFFFFF08AAA
FFFFFFF0C6ED
0000002E9E6B
FFFFFFF3DF87
0000000E7442
0000000CC6A2
00000023E02C
00000063D830
0000003FFA63
FFFFFFF52F65
00000000212E
FFFFFFDD03F5
FFFFFFEEE9CA
FFFFFFF349DF
00000003C0E3
000000284A13
FFFFFFFD5ABD
000000135314
FFFFFFC8C4B6
FFFFFFF5E9C1
000000384CB2
000000417D92
00000008FEE1
FFFFFFF6C232
FFFFFFE541E8
FFFFFFD7D4C3
FFFFFF9D93C7
FFFFFFC34D06
FFFFFFE4F030
FFFFFFEFF934
000000129C3A
FFFFFFE1A497
FFFFFFF2303F
FFFFFFF0FD86
FFFFFFC88897
FFFFFFC005D0
FFFFFFE215FF
FFFFFFEB77D9
FFFFFFEE9114
FFFFFFF1A478
FFFFFFC77AF3
FFFFFFC54A76
000000445AA0
000000057851
FFFFFFF59A3B
0000000B5D37
FFFFFFE80E21
FFFFFFFD1D40
FFFFFFE1B532
000000209291
00000050F5CF
000000169ABF
FFFFFFBC1AA4
FFFFFFC6B466
FFFFFFDBAAA4
000000115BC0
FFFFFFF17CBC
FFFFFFD0F725
FFFFFFB5682E
FFFFFFD6AE1F
FFFFFFDB3BA3
FFFFFFE3DCE7
FFFFFFF1EC58
FFFFFFDB553A
FFFFFFFF97CA
FFFFFFEAB47C
FFFFFFB316AD
FFFFFFC4425A
FFFFFFF98B41
FFFFFFC9C9FC
FFFFFF8516CC
FFFFFFC92764
FFFFFFB66C16
FFFFFFEA844D
0000000E05D8
0000003A3706
000000156635
0000000D934E
000000139B49
FFFFFFEC70B9
FFFFFFDC4A36
FFFFFFCC415A
0000002977DC
FFFFFFEB7FBC
FFFFFFDF1582
FFFFFF953B99
FFFFFFB85180
FFFFFFC73AC6
000000151F94
0000000A0A8D
FFFFFFF673B0
0000000778C9
FFFFFFEB32DB
00000003C3F0
FFFFFFD06D67
FFFFFFDA58BE
00000012C656
FFFFFFDD256B
FFFFFFCFBA82
FFFFFFEA7950
FFFFFFF0A20F
FFFFFFD9FBE1
FFFFFFF673BF
FFFFFF91D402
FFFFFFCAA83C
FFFFFFFF614F
0000000E8270
FFFFFF9B0386
FFFFFFE8BC9E
FFFFFFF74CD1
00000056D566
0000001194BA
FFFFFFD4C2A7
FFFFFFD6B958
FFFFFFE6DABF
00000012310A
000000137B56
0000002CD0DD
FFFFFFEF38D1
FFFFFFC2480E
FFFFFFC0D37E
FFFFFFC52386
FFFFFFD51578
FFFFFFEF0BAF
00000008226A
0000001CD06B
FFFFFFBB9FDD
FFFFFFD81502
000000147B3F
000000111151
000000527FF0
0000004D7FD4
00000024186F
FFFFFFE20290
FFFFFFE11DBB
FFFFFFD6590A
FFFFFFFCDA47
FFFFFFF7D065
FFFFFFEDA421
FFFFFFF815D0
0000000E7EA5
000000112CB1
FFFFFFE488DE
FFFFFFED7487
0000000E7CCC
0000003FADDE
0000001AF168
00000040EBB1
000000545844
00000007F549
00000023AEED
FFFFFFD8AEC7
0000000AF18B
0000000905EA
FFFFFFDC2E15
FFFFFFF88480
000000072228
000000380596
FFFFFFE7FE38
0000000E2814
0000008CEDB2
00000033F835
0000002C07B4
00000029E025
00000009B937
FFFFFFD3A658
FFFFFFF7560F
FFFFFFE7D598
FFFFFFFF674B
FFFFFFD8955E
FFFFFFD0AEF8
000000A484C1
0000006FA7E2
000000679795
0000003EF218
00000014DA1F
0000003D1A26
00000024732A
FFFFFFF474EC
FFFFFFE01E33
FFFFFFBED1D7
FFFFFFF174B6
FFFFFFFBE87C
FFFFFFF2E357
FFFFFFF67C2F
0000006490D4
000000608B54
0000001E36D6
0000004F3B98
000000398FBC
0000003C3337
0000000355B8
FFFFFFEBAB7F
FFFFFFEC5183
FFFFFFD4388B
0000000370F7
0000000308F1
FFFFFFF81EA0
FFFFFFD981AF
000000882EF4
000000610119
0000002B6377
0000002CDEA8
00000047FF13
000000485249
00000012BC9D
FFFFFFE99C7E
00000013E861
000000052812
FFFFFFD84F3A
FFFFFFDADD06
FFFFFFFCF92E
FFFFFFC1B6D3
00000054F174
0000007BA697
000000518758
00000055A11B
000000512CA3
0000004A9F92
0000002B1758
0000001E0903
FFFFFFF40003
00000003DC10
000000054CD4
00000024D21A
000000078A31
FFFFFFD5402F
FFFFFFD5392B
0000002D7AD1
0000005222BD
000000401E2F
00000048275B
0000005015B9
0000001AD5D4
0000002CCA4E
0000000AB037
000000233963
00000035EA0D
00000075143A
000000749C86
0000002108C9
FFFFFFF35669
FFFFFFE04B7C
FFFFFFFB7C5F
0000003CA267
00000064A39A
000000479305
000000380659
000000307096
000000410DB7
00000026B312
000000177A24
00000033839D
0000008D3AA4
000000B1DAD8
FFFFFFD4430B
FFFFFFE09441
FFFFFFEC6DF6
00000070DAB5
00000090129D
00000097A256
000000742F47
00000050F3F5
000000385D07
00000038693E
0000005E5225
0000006088AC
0000005A6B7A
000000C9B215
FFFFFFAE4012
00000003B353
0000002572B8
0000004744A6
00000032CEF2
0000006F65F7
00000047A823
0000009B31D7
000000564777
00000048D416
0000007C99DF
000000789F4B
0000008726EA
00000044BF65
FFFFFFCDB9D8
FFFFFFF45901
FFFFFFE6F7DB
00000008DF5C
FFFFFFAFA78F
FFFFFFC39B0E
0000000E8B7E
0000002E11A7
FFFFFFFA4C8C
0000000498E1
FFFFFFE00FFC
FFFFFFCE4C98
FFFFFFCE8345
FFFFFFD9CA28
FFFFFFDC2AA2
FFFFFFD80B6F
00000008299A
FFFFFFD5C035
FFFFFFB192E0
FFFFFFC24D89
FFFFFFBEE6FD
FFFFFFAB87F0
00000034FB82
FFFFFFDDDEB7
FFFFFFDC0F27
FFFFFFB5BACA
FFFFFFCFC384
FFFFFFA48C06
FFFFFFF68763
0000000CC190
00000061DCBF
0000003FF136
FFFFFFEB0D31
FFFFFFCC4C82
FFFFFFA2694D
FFFFFFAA26A4
FFFFFFE5757F
FFFFFFE19D03
FFFFFFEC0336
FFFFFFC37D17
FFFFFFBDBDC5
FFFFFFE992F0
FFFFFFDA0F3E
000000635929
000000A4C35F
0000007914B0
00000056AE4A
000000053211
FFFFFFDA08F8
FFFFFFE7EDFA
FFFFFFC69ADD
FFFFFFD46CF7
FFFFFFEAED95
FFFFFFD60807
FFFFFFBDB4BD
FFFFFFD36A34
FFFFFFC09E28
00000041EABB
000000582F77
0000004E7AE5
000000522C65
0000001E2264
0000001C06B0
FFFFFFA1565E
FFFFFFA9EDA4
FFFFFFC6975F
FFFFFFB0E620
FFFFFFD19DA8
FFFFFFD47474
FFFFFF8BF6FC
FFFFFFC342BA
FFFFFFC9BD81
000000047087
0000001680D8
0000002CB55F
0000004B14C9
FFFFFFEB2F3A
FFFFFFBAE2FF
FFFFFFA59AED
FFFFFFD237C3
FFFFFFCF1817
FFFFFFBB5183
FFFFFFC59168
FFFFFFCED31C
FFFFFFD72397
FFFFFFE86A78
FFFFFFDE44F2
FFFFFFF7817E
0000002A9519
00000061A98C
0000005AC7ED
0000003BAB91
FFFFFFE67F89
FFFFFFDDCF2F
FFFFFFEA9940
FFFFFFDE948D
FFFFFFE539F7
00000004F7FA
FFFFFFAEA0E6
FFFFFFB79532
FFFFFFDD2857
FFFFFFF49290
FFFFFFF8FD49
000000135816
00000075A334
0000003A7992
00000000FF0E
00000001B418
FFFFFFD77320
FFFFFFDC6A57
0000001B7738
FFFFFFE04752
FFFFFF7F49A7
FFFFFFAEE6FB
FFFFFFD5759C
FFFFFFF3A8DA
FFFFFFDBCEC2
000000033AFB
0000002BC791
0000007B1113
0000002D998D
000000401048
FFFFFFF29A4C
FFFFFFE42C6B
00000013CAF6
FFFFFFFB618D
FFFFFFBD0434
FFFFFF80A58E
FFFFFFBBAF0B
FFFFFFD428E3
FFFFFFD78135
FFFFFFDC390D
0000002325AD
000000532028
0000006FF4EF
000000223B5D
00000011F83D
0000001054F2
0000002C3D6D
000000251859
FFFFFFD429A8
FFFFFFBFAC91
000000026FBC
FFFFFFC6F424
FFFFFFBFFCBD
FFFFFFD5CDC7
00000011F8F2
00000043A6A3
00000074E8F6
0000004594C7
000000161C74
0000005074AC
00000035F9F9
000000005B7A
00000030D643
FFFFFFF4A30E
0000000A7650
FFFFFFE5EE60
FFFFFFB5CFA9
000000000E61
00000017B256
0000000A059B
0000002DD6E3
0000005A85B1
FFFFFFF57039
0000000717AE
000000231D29
000000108117
FFFFFFE591E3
FFFFFFF83C3B
FFFFFFE55829
FFFFFFB2E7B1
FFFFFFCBE681
FFFFFFD72817
FFFFFFD3B379
FFFFFFD80B98
00000011E614
00000008B017
FFFFFFBCE6B3
FFFFFFBCACF3
00000015FB2B
FFFFFFF28A07
0000001B774A
0000003ECF4F
0000004273D6
FFFFFFED3B15
000000327350
0000001414CB
FFFFFFCF0B2E
FFFFFFDAA6E4
FFFFFFC7852A
FFFFFFC5C045
FFFFFFB79BC9
FFFFFFC452CF
FFFFFFF88965
FFFFFFDC6E3B
FFFFFFD099FB
FFFFFFF6A1EE
000000432C72
00000031C81C
000000453A14
0000000BC21D
000000063C31
000000144674
FFFFFFC66526
FFFFFFE3F820
FFFFFFF32228
FFFFFFEEA66A
FFFFFFCF27C0
FFFFFFFCD40B
000000376650
0000003B9B3F
0000000B6EDB
0000000E483C
FFFFFFEC8EB4
FFFFFFCC18EB
FFFFFFAEC892
00000022DFF1
0000000B76C9
FFFFFFDE7733
FFFFFFF8F8BF
FFFFFFD0C686
FFFFFFD8563A
0000004442FA
0000001E719D
000000249699
0000004CBADC
000000257509
0000000241CE
FFFFFFED4980
FFFFFFD91C7A
FFFFFFA6A14E
FFFFFFE090CC
FFFFFFDF7379
FFFFFFD3A9A1
FFFFFFEDA055
FFFFFFE43F1F
0000001BA0CF
FFFFFFD922C8
00000087C364
00000094A62E
000000292AB1
0000004BCBFC
FFFFFFFDF841
FFFFFFDC8FA0
FFFFFFC3D50A
FFFFFFB3098C
FFFFFFC41231
FFFFFFB7F7E1
FFFFFFDB0A73
FFFFFFDCC3FE
FFFFFFC48793
FFFFFFF87F04
0000005ADB35
00000069A82B
0000006054AA
0000002F7362
0000002043C2
FFFFFFE64706
FFFFFFEC941E
FFFFFFF835F6
FFFFFFE7B598
FFFFFFE5B2AD
FFFFFFF19885
0000002881BA
00000017303E
00000036A201
000000328388
000000535C55
0000006D8F74
0000002EADC5
00000038BAE6
000000124A37
00000000B8FA
FFFFFFE16CE9
FFFFFFEF7BA3
FFFFFFE169DA
FFFFFFCE2848
FFFFFFBD636D
FFFFFF847CEA
0000006A8395
00000045C04B
000000465751
000000468D4F
0000002BC7DC
0000001CC113
000000117F9E
FFFFFFB0CA8C
FFFFFF9CB700
FFFFFFA6B152
FFFFFFA507DD
FFFFFFAAB8E7
FFFFFF985301
FFFFFF887A5A
00000031923E
000000469E2B
0000003E70A9
0000003A7536
0000001B7641
00000026A790
FFFFFFFCDDE7
FFFFFFCB2E3F
FFFFFFB9D3A7
FFFFFFAB620E
FFFFFFA98179
FFFFFFABE3DD
FFFFFF9A9F36
FFFFFF8BCE45
0000001B47EE
00000038A3A0
0000001F45C2
0000002BE968
000000359024
000000447785
00000015143A
FFFFFFFD0B1F
FFFFFFB78A24
FFFFFF7F760D
FFFFFF99BBBC
FFFFFFB1878F
FFFFFF9FE4F0
FFFFFF94FA4C
FFFFFFC3EE69
00000022A7F6
00000042B2E8
00000038F4BC
000000631B50
00000042A31C
00000040E4EB
FFFFFFFF683A
FFFFFFEA74D2
FFFFFF95920B
FFFFFF99FF32
FFFFFF86E46D
FFFFFF8D63B4
FFFFFF8D345E
FFFFFFA2F67C
FFFFFFC4D148
0000002871B1
0000003EF500
00000059E218
00000039D63A
0000002C446E
0000001F94CC
FFFFFFEF7583
FFFFFFCC3C7A
FFFFFFC4DA80
FFFFFFCDBF59
FFFFFFDB4E74
FFFFFF911CBA
FFFFFF9441E4
FFFFFFB9B774
0000001E23CC
000000341CAA
0000003858ED
0000003C2E45
0000003DC1E3
0000002AD4A3
0000001216B9
FFFFFFFBF5DC
000000198C01
FFFFFFF29AF1
00000037C660
FFFFFFF8A269
FFFFFFCC0910
FFFFFFD34B57
FFFFFFFEE901
0000003E814A
00000038BFD9
00000052DFD0
00000055E199
000000495F5C
00000019C566
00000046B200
00000065ED78
000000387E60
00000019910F
00000051A5C7
FFFFFFA43B73
FFFFFFA3E129
FFFFFFB3ABA4
FFFFFFD243E6
FFFFFFC3FE54
0000002FF5AD
000000345586
0000004A1314
0000004C3F19
00000034D497
0000004550F6
0000000A1F1B
0000000E32DB
FFFFFFFA4222
FFFFFF5FAC8D
FFFFFF7407CC
FFFFFF5EFDF6
FFFFFF67ACF3
FFFFFF75F283
FFFFFF72E959
FFFFFF95175C
FFFFFFA0AF6E
FFFFFF887DD4
FFFFFF856998
FFFFFF758DB4
FFFFFF771B25
FFFFFF53F8E0
FFFFFF505BE9
0000001B690E
FFFFFFEA3BAE
00000096C612
FFFFFFD6F33C
000000130364
FFFFFFC351B8
FFFFFFFB5C65
0000003D50ED
00000010B7AD
FFFFFFFB4F0B
000000316DF1
00000005D9A2
FFFFFFE7F0F3
FFFFFFFB039D
FFFFFFEAA844
000000400135
0000008FDC01
000000079B9B
000000251DED
FFFFFFE2CDCA
FFFFFFD7AA1F
FFFFFFF6F2E8
FFFFFFC60085
FFFFFFC9E1CE
FFFFFFF83281
FFFFFFE55E03
FFFFFFC2522B
FFFFFFEE4E4A
FFFFFFF67340
000000137631
00000032C6DF
0000001AC5E2
0000005AE595
FFFFFFDFEC39
FFFFFFF8AC53
FFFFFFD7D9A1
FFFFFFDCC922
FFFFFFBE8C92
FFFFFFE3B6C6
FFFFFFD2101F
FFFFFFDB966E
00000002703B
0000005D8D23
000000593FB4
00000018B549
0000000A4CF2
0000000CF3C6
00000004C2A2
FFFFFFBDDB33
000000179D0E
000000160DDB
FFFFFFD09D5E
FFFFFFF08C33
00000005E00D
FFFFFFBA6851
0000002CB895
0000009CEA1A
000000181659
000000247CAF
00000026329B
00000011AEEC
FFFFFFFEF2FB
FFFFFFBAC98B
0000002A7943
000000000C04
0000000765A7
0000000AA1F9
FFFFFFF4CC50
FFFFFFE32B22
FFFFFFD61AE4
00000041012D
FFFFFFF775F7
00000026B150
0000003C11D0
0000002E25CF
FFFFFFFB2D29
FFFFFFAD8CE8
FFFFFFD29762
FFFFFFD5630B
FFFFFFD35E29
FFFFFFACBC45
FFFFFFC963FE
FFFFFFD10700
000000020D0B
000000426D36
0000002DF3CB
00000023044C
00000035AF30
00000046DC31
0000001C127C
FFFFFFDA6D36
FFFFFFFAB5B4
FFFFFF93068E
FFFFFFC13D3B
FFFFFFD262E8
FFFFFFDD86E8
FFFFFFC5D924
0000001E0FD7
00000046F1C5
0000003045E0
0000003256B7
00000039BAD5
0000007AA511
00000055699B
0000001A4927
FFFFFFE6A2F1
FFFFFF945326
FFFFFFACEECB
FFFFFFCFFB33
FFFFFFC7CB31
FFFFFFF98EE5
FFFFFFF2E85E
FFFFFFF57B45
FFFFFFC85876
0000001DFF28
0000005B17F6
0000007670D8
0000002E35D8
00000007071C
FFFFFFCBA383
FFFFFFE40B0D
FFFFFF7F6B5B
FFFFFFB84A0E
FFFFFFCE52E0
FFFFFFCB64EA
FFFFFFE1D374
FFFFFFE3AC8F
FFFFFFC93105
FFFFFFE44D8C
00000007AB63
FFFFFFF2224B
000000022A63
FFFFFFEF9AE1
FFFFFFCD026D
FFFFFFD93D55
FFFFFFAC7390
FFFFFFC0BB23
0000002C9C12
FFFFFFD3BF1E
FFFFFFAF807B
FFFFFFEE935C
FFFFFFE8ACE7
00000010EDC5
000000034A56
FFFFFFF4FF21
00000006AC99
FFFFFFD1115B
FFFFFFB0F89B
FFFFFFA80D77
FFFFFFCEE157
FFFFFFE0556A
FFFFFFF8F464
FFFFFFAAB3BE
FFFFFF9A9A2C
FFFFFFE23DAD
00000002E478
000000491927
000000365050
0000000EF73F
0000003C55C8
000000131226
FFFFFFDDDB08
FFFFFFC3F975
000000208BC7
00000001E6FB
FFFFFFCB794D
FFFFFFB222E8
FFFFFFC6EFBE
FFFFFFCEEC71
FFFFFFD5077C
00000030FE47
00000009D3DE
FFFFFFECE7AF
FFFFFFF18ECD
FFFFFFFEC537
0000000ED555
FFFFFFE7295F
000000241E1F
FFFFFFEBD28E
FFFFFFD5F795
FFFFFFB24C90
FFFFFFDEA85F
FFFFFFE20392
FFFFFFF4B9E0
FFFFFFD5A045
FFFFFFC09DD2
FFFFFFEA82DA
FFFFFFD4D54D
FFFFFFD86299
FFFFFFBB25E4
FFFFFFDDD2F0
00000012111D
FFFFFFDD069F
FFFFFFF17010
FFFFFFDA4C6C
FFFFFFEBDCD8
FFFFFFD690D1
000000092561
FFFFFFFED903
000000406A46
FFFFFFF447E9
FFFFFFAF7956
00000049E79A
000000436338
0000001AA023
00000043F130
0000003051AF
0000005D0B53
000000188823
FFFFFFFBD1E6
FFFFFFD517C3
0000000E2E05
0000003805F1
0000003558EC
0000001B9C9F
FFFFFFED52EE
0000001079D4
0000002C0888
00000040187E
00000054BF8B
000000594484
000000377E95
FFFFFFE87127
000000378639
FFFFFFF9F3A4
FFFFFF8B4C1A
FFFFFF6890CC
FFFFFFB0DFB4
FFFFFFB1FD83
00000021AD80
0000004A13F5
000000262DFF
FFFFFFFB5370
0000001B1E60
00000035D60F
000000329044
FFFFFFE69B4E
FFFFFFF2D24E
FFFFFFE0D51C
FFFFFFE1A97D
FFFFFF896203
FFFFFFA9FD33
FFFFFFE5C5E3
FFFFFFDC51DE
000000484A29
0000002281F5
FFFFFFFCDB27
00000005D6FC
0000000F10C8
0000000EAF2B
FFFFFFC7B207
FFFFFFE7013C
00000011ED64
FFFFFFEA82B7
FFFFFF6CB72B
FFFFFFD3A1BD
0000006173B0
0000001D68DF
00000001970D
000000153872
000000573FA3
FFFFFFFACDCB
FFFFFFD619FC
FFFFFFE4230B
FFFFFFF9C170
FFFFFFF5D2E5
FFFFFF5390C0
FFFFFFB88891
0000000416E3
000000432390
00000054ADE4
0000001FE497
FFFFFFDCEA6D
FFFFFFF8C331
0000000B1C6E
0000000348D2
FFFFFFCC33E2
FFFFFFF4A139
00000051CF82
0000006437A0
FFFFFFB166E6
FFFFFFC2F352
00000028D98E
000000524FD9
000000509505
0000002B6E6D
FFFFFFF9D95A
0000001C04F5
000000672E18
00000034D5F3
00000043E797
00000040CF54
0000002C6A0E
00000050B52A
FFFFFFFC43CE
000000453F14
00000046D1C2
0000003E4689
0000002D0A9C
0000004F23EE
0000007893F3
00000039D8D1
000000079237
000000290748
0000003A5D0C
0000002B20CD
000000395910
00000058B6E8
000000316F00
0000001D1405
000000335C68
0000000D6666
0000003EA447
0000005CA8B9
000000469466
0000003C0A35
000000015D39
0000003314CE
0000002F6E5E
00000035C39B
00000044261F
0000001ECC26
0000004BF528
0000000F80A8
FFFFFFEDC347
0000001F14A2
0000004D7CD0
0000005E470A
000000632863
0000003219A7
00000043FC38
000000426800
00000070639C
0000003F529C
FFFFFFEA02D0
FFFFFFFF530E
00000061009A
00000020FE0A
000000535E86
0000002F2CB6
000000087B25
FFFFFFD554C3
FFFFFFD43C51
FFFFFFE85E31
00000001FACF
0000002FB063
000000372367
000000139C11
FFFFFF9E7C05
FFFFFF673FF3
00000039CA27
000000242414
00000059D3DC
0000005CD2D3
0000004A10C0
000000384060
0000001F4D1D
0000003C2477
0000001948FA
0000001F1D6D
0000003CAF32
0000004B2AC9
FFFFFFE53269
FFFFFF81B51A
0000003368C9
0000000A0131
00000043F7A0
00000046581D
0000001EB5F6
FFFFFFC5A80C
FFFFFFF0CC4F
0000003EAB57
00000006A7C6
FFFFFFEB834C
FFFFFFF52362
000000565014
FFFFFFFF42B5
FFFFFFE841E6
00000053C17D
0000002080BB
0000001C738C
000000406CF7
0000006D23F7
0000004D44AB
000000362A86
0000004AE6EF
000000405CDF
0000006E69B4
00000062F33C
0000005DE84D
00000044F897
0000006EE565
000000026231
00000004C221
FFFFFFE7D1DF
FFFFFFED29DE
FFFFFFE45FB1
000000215C9B
FFFFFFE1BC6D
FFFFFFE7839A
FFFFFFF17770
FFFFFFAAE3FE
FFFFFFF9ABA6
FFFFFFF263E6
FFFFFFF5A46B
0000004406FF
FFFFFFF64C73
FFFFFFF9657F
FFFFFF78BFD8
FFFFFFE9AECB
00000002B2E2
00000029C5CD
FFFFFFD8044C
FFFFFF99A6DA
FFFFFFDC99AB
FFFFFFEA2179
FFFFFFDE4BD7
FFFFFFDB1E1D
0000001D0B4A
00000023969F
00000010AA93
000000744581
0000007EDD2B
0000002B6820
0000001DF027
0000002365F2
FFFFFFBCD2DE
FFFFFFD9FC7B
FFFFFFEDCA5C
FFFFFFFE0CF1
000000255D49
0000002472E9
00000027FD49
FFFFFFF54D1D
FFFFFFFF4812
FFFFFFF3B548
00000071EA35
0000004C0B33
00000051AD0D
000000504EB4
FFFFFFE8125A
FFFFFFF90939
0000000E99D9
0000002C345F
0000002B9442
0000003E226B
00000060A625
FFFFFFF9FA60
FFFFFFE15463
0000002F0348
000000610071
FFFFFFFD66FC
FFFFFF8966E9
00000005C47D
000000513405
FFFFFFCD11FF
FFFFFFAE8B66
0000000377FB
00000004BD35
000000150D53
000000130F98
FFFFFFFC7B05
00000084718C
0000005B34C7
FFFFFFF8C8A5
FFFFFF6728EB
FFFFFF9895C4
FFFFFFD238DC
00000036C190
0000004162E4
0000000F5E5F
000000169000
0000003E004E
000000019AB1
FFFFFFF203A1
FFFFFFC98AB4
0000002AAF0D
FFFFFFFD7618
FFFFFFB8A888
FFFFFF66546A
FFFFFF836E1B
FFFFFFB1B95D
00000005C1E3
FFFFFFCDF6E0
FFFFFFE036B4
FFFFFFFB3112
FFFFFFF16D7F
FFFFFFE5D004
FFFFFFE216B8
FFFFFFAAC3C8
FFFFFFF32534
FFFFFF9B367A
FFFFFF6BE254
FFFFFF71E9DD
FFFFFF9F308B
FFFFFF63FC10
FFFFFF7624F2
FFFFFFD5D575
000000315ECC
FFFFFFD78B7E
FFFFFFD20DF7
FFFFFFEA1D86
FFFFFFE51E8F
FFFFFFC3FC99
FFFFFFAE4E21
FFFFFFD40383
FFFFFFA2AECB
FFFFFF9D0A99
FFFFFF60A3D4
FFFFFF754E93
FFFFFF95AAB0
FFFFFFD8F4A9
000000219CCB
FFFFFFFDA34E
FFFFFFDD412F
FFFFFFE2C910
FFFFFFD65D86
FFFFFFCCF758
FFFFFFDC2CFF
000000000A44
FFFFFFF75E6D
FFFFFF6ADDAC
FFFFFF73CDBA
FFFFFF907339
FFFFFFD497F2
FFFFFFFA39D4
FFFFFFB536AE
FFFFFFDB8C35
FFFFFFE4B94F
FFFFFFB5E88B
FFFFFFDDC270
FFFFFFE5799E
FFFFFFDEB69D
00000014447E
FFFFFFA39A44
FFFFFF7ABF33
FFFFFF963D68
FFFFFFBCF19A
FFFFFFCCC5A6
0000000FD594
000000049C52
FFFFFFE75327
FFFFFFBBE2C3
FFFFFFE4A71F
0000004F8BDC
00000082E2E1
FFFFFFF088D8
000000214F5C
FFFFFF76771B
FFFFFF740D25
FFFFFF609D71
FFFFFF5A1838
FFFFFFB99DCA
FFFFFFA7DF2B
FFFFFFB67A1E
FFFFFF9CE788
FFFFFF999F33
FFFFFFC69CE9
00000046492B
0000009951F6
FFFFFFDC7EE1
FFFFFFDA8C75
FFFFFF85B0AB
FFFFFFEBA917
FFFFFFDB5329
FFFFFFAAE7CF
FFFFFF9F2B8F
FFFFFF23C322
FFFFFFC1522A
FFFFFFEC6896
000000029EC2
FFFFFFC1332F
FFFFFFE48F86
0000002005FD
FFFFFFE01470
FFFFFFDD5D0A
0000003B7B9C
0000000EB0F9
FFFFFFE43734
FFFFFFCCBCDE
FFFFFFD581A9
FFFFFF8A8523
FFFFFFE99779
FFFFFFF851A1
FFFFFFD65927
0000000D2610
FFFFFFFA40A9
FFFFFFB4CFAA
FFFFFF74278A
FFFFFF98F287
FFFFFFE74A1D
FFFFFFF4A504
FFFFFFFDC79D
000000185D25
0000002FF152
000000090B79
FFFFFFD50DE0
0000004E72B4
0000000909A5
00000025033D
FFFFFFFEB9B6
FFFFFFB861DD
FFFFFFB84C08
0000001A08C1
0000002FB193
000000113D04
000000495262
00000002DC53
0000001B3146
0000005C4E7E
00000016B809
0000002E8042
0000002A2985
000000151AD3
00000007A19E
0000001BE4C8
0000002CDCF1
FFFFFFEC5394
FFFFFFA85071
FFFFFFE91C8E
0000002234F6
00000049F32B
0000003798FC
000000419B1F
000000397E34
00000028146F
000000781520
000000360D6F
000000531752
0000003B5E63
000000326C83
000000035AFD
FFFFFFCAC4C8
FFFFFFBFF18B
FFFFFFC4CAA3
0000002228FC
0000004D7EB2
000000229651
FFFFFFF40B2D
000000151900
0000002FDBE9
000000171EC4
00000000228A
0000001B36F9
0000001FAFAD
FFFFFFC6862F
FFFFFFBFD016
FFFFFFC471C2
00000001E79B
0000000307C3
0000002AA0C8
0000002C31F4
00000044FBB6
0000002C7FE6
000000411544
0000004526C3
0000005D3846
000000B99D06
000000003F96
FFFFFFE7248E
00000002BC1E
FFFFFFDA1BAD
FFFFFFD904DC
FFFFFFDBD7B5
FFFFFFDD0BA2
00000069D87B
00000066DF66
00000056AD89
00000050BA24
000000573B53
0000005E4993
0000009B5FF9
00000030C807
FFFFFFDAAE23
FFFFFFE0FF81
FFFFFFD8EA21
FFFFFFDD8277
FFFFFFC019B1
FFFFFFA73EB7
000000375217
0000007D2051
00000041FBE5
00000033365B
0000004F768D
0000004FFA15
0000007B1B7B
000000299232
000000240C1A
FFFFFFEEB24C
FFFFFFFDA34B
FFFFFFDF25CA
FFFFFFCF9EB5
FFFFFFC80CFF
FFFFFFEC5F08
0000005C4273
0000008A1548
0000003F4065
00000037325B
00000057C215
0000006C6EAC
00000046B8CA
00000022AAFB
FFFFFFD7A790
FFFFFFF9E800
FFFFFFC76E3B
FFFFFFC922AE
FFFFFFAD6549
FFFFFFD58759
0000000DFD79
0000008BB8D2
0000005D38B5
00000080EC6B
00000069F73D
0000007F6E44
00000049875F
0000008BD539
FFFFFFEF41CA
FFFFFFE668D5
FFFFFFB2BD08
FFFFFFDBA515
FFFFFFE40578
FFFFFFCDE293
FFFFFFD461A7
0000003F0EBC
0000004D9A47
00000050293E
0000006709BA
00000094E674
000000552FEA
000000851AB1
00000021B835
00000011C262
FFFFFFF52FF4
00000006CFB8
FFFFFFD83293
FFFFFF97465F
FFFFFFB3A2AE
FFFFFFDCF0A9
FFFFFFBE3ABA
FFFFFFCE6B2F
FFFFFFBC49D9
000000625B6E
00000007516C
00000056F7F8
00000044F6DE
0000004BAFA5
00000050444F
0000001CBB0D
FFFFFFE7FCF5
FFFFFFCF2B32
FFFFFFDC4654
FFFFFFC2AC38
FFFFFFA34CC1
FFFFFFD37628
FFFFFFA3AB5D
FFFFFFF1DE87
000000327550
0000005BD9A4
000000786057
000000676016
00000059745F
0000002FC97F
000000153DC4
000000196E7E
FFFFFFDA5843
FFFFFFEA7361
00000000C148
00000046621F
0000000715F6
00000042B4B4
00000071D250
000000974BB8
00000091617D
000000962405
0000008552B0
0000008ED8D9
0000007F74D9
000000966BFB
00000099D4D9
000000C40F63
000000B10061
00000081803B
0000008964FC
000000D55698
FFFFFFD1A243
FFFFFFF98286
FFFFFFE6A136
0000002313EC
000000050E56
00000025F5D7
FFFFFFFD4F7F
FFFFFFC0B9FD
FFFFFFEE2BD7
0000001F76DD
FFFFFFF987F0
00000021896B
0000001A3AE9
00000047E3E4
00000014F236
FFFFFFDCEB33
FFFFFFBDD198
00000007421A
000000066F53
00000031AC0B
0000003E5485
0000001C5BCC
000000298AE6
00000042E198
00000015DBDF
0000003F3FD7
0000005080AD
00000010CE15
00000033A1D7
FFFFFFF5729C
FFFFFFF4ED92
00000011A3C1
FFFFFFCB2E9D
000000221E07
FFFFFFFF4FA3
FFFFFFF88244
FFFFFFF6DD02
0000005CB04A
00000049706B
0000001484CF
0000001AC370
FFFFFFF9B14D
FFFFFFC6636F
000000274D9B
00000062DA81
00000033C224
FFFFFFE3C8B6
0000006FCF48
00000016F6CB
FFFFFFE71190
0000000D732B
0000004A2A3C
00000012A985
FFFFFFDA36F7
0000001AD8F5
FFFFFFBB1DAB
FFFFFF9353B4
0000001F12FE
0000001EF3B0
FFFFFFFA229C
FFFFFFCC106E
00000025137B
FFFFFFFB5DB4
000000026971
FFFFFFF680CE
000000060745
FFFFFFE5688A
0000000E82B8
0000000D52EE
FFFFFFF06E7C
FFFFFFC0CA79
FFFFFFE35A78
FFFFFFBFF260
FFFFFFAC6150
FFFFFFB30AD9
FFFFFFF31FB6
00000001933D
000000275FF1
FFFFFFEFDA22
0000003BEFFB
0000002F1C9B
0000003EB2F2
000000084A38
FFFFFFFFF10A
FFFFFFD0061F
FFFFFFDE8E88
FFFFFFB8A567
FFFFFFA28E8F
FFFFFF9D10AC
FFFFFFB0D778
FFFFFFD58E95
00000065E382
0000002188DB
0000001C17DA
FFFFFFFD09E3
00000008C01D
FFFFFFE2554B
FFFFFFB9D6EA
FFFFFFF8184F
FFFFFFCC22B9
FFFFFFB04ABF
FFFFFFAC41A6
FFFFFF8EC225
FFFFFFB4E3BB
FFFFFFB5B676
0000000E56DC
0000000EB879
0000000798C9
FFFFFFD915C9
FFFFFFED9B0A
FFFFFFE89574
FFFFFFDEF872
FFFFFFF13EE0
000000166B25
FFFFFFD41F8E
FFFFFFA70C01
FFFFFFA1AD2E
FFFFFFB5A5E4
FFFFFFCC4FBC
00000013EDBA
FFFFFFEBDE11
00000021B65B
000000101E55
00000001DB61
000000131A20
00000004F70F
FFFFFFDAC630
000000352D5C
FFFFFFFA87B8
00000027DE9A
FFFFFFD78B58
FFFFFFC08897
FFFFFFDB4AA7
FFFFFFEA1280
FFFFFFD7D0D9
0000006840CA
000000311F98
FFFFFFDEBA07
FFFFFFFD3DC0
00000005FDF7
FFFFFFCC4971
00000012A810
FFFFFFBFFF20
0000001F6D91
FFFFFFC6B370
FFFFFFD2E0C3
000000136BDE
0000003535BC
000000246BF2
000000379F19
FFFFFFE06678
FFFFFFEA1DC7
0000001E08BB
00000059E252
FFFFFFE9D074
FFFFFFEF9B51
FFFFFFCE969A
FFFFFFF5015D
000000067035
FFFFFFCA2AAE
000000074BFD
000000193B6C
0000002EB740
FFFFFFDCD3FB
FFFFFFF7050F
000000198ADD
0000001042C5
00000089E2E8
FFFFFFEB991C
FFFFFFD80E08
FFFFFFC93CDE
0000000A23AC
00000011B78D
FFFFFFDC5552
00000022C9D8
FFFFFFE5EFE8
0000000D48B8
FFFFFFF01879
00000018BAF7
000000075E10
000000205498
00000079FB6F
FFFFFFF73C4B
FFFFFFFCB80D
0000001761A0
000000139F44
FFFFFFFB3C3A
FFFFFFF2EB71
0000001A5A1C
FFFFFFD9873F
FFFFFFF2B53C
000000051193
FFFFFFF2319A
0000000AD550
000000000381
0000001E2070
FFFFFFF72F83
0000002889D0
FFFFFFABB9F8
FFFFFFE4E51E
FFFFFFEBC5E4
FFFFFFACB35F
FFFFFF971CB1
FFFFFFE1296C
FFFFFFBB5F1C
FFFFFFF88AE9
FFFFFFE82E0A
FFFFFFC5BE10
FFFFFFCD2756
0000000167B2
0000000D81C7
0000000CA1D0
00000006E4BE
00000005DC0C
FFFFFFDBD2DB
FFFFFFDD28B1
FFFFFFE56F18
FFFFFFB8C2AB
FFFFFFD1DDC1
FFFFFFF97087
FFFFFFE006E9
000000113DD7
FFFFFFEA530B
FFFFFFE7790C
FFFFFFC94C1F
0000006187BA
000000847982
000000508E33
00000003FC96
FFFFFFF88AB7
FFFFFFEA6BC9
FFFFFFDFD4EE
FFFFFFCB4D7A
FFFFFFE0568F
FFFFFFD3B387
FFFFFFD73F0D
FFFFFFC1D589
FFFFFFB8FA85
FFFFFFDD0226
FFFFFFE32154
00000071E167
000000748C63
00000053756D
0000003DFA2A
FFFFFFFA1727
0000000E284D
FFFFFFF6EA2A
0000000C4D98
FFFFFFF9322F
FFFFFFE80B69
FFFFFFF13D35
FFFFFFDF5CD8
000000202E2D
000000008CC3
FFFFFFFD26C9
0000004FAAB8
0000005E4BC9
0000006A76C0
0000002AFBC3
00000005A49C
FFFFFFDADF34
FFFFFFE7ABB3
FFFFFFE4A815
FFFFFFCEE965
FFFFFFA4CC3F
FFFFFF597A73
000000625721
000000696C28
0000003DF2E9
00000059FFA2
0000003B5E53
000000600A74
000000537AD9
FFFFFFB0761E
FFFFFFB6D3C2
FFFFFFBFDF62
FFFFFFD0523E
FFFFFFCCC31C
FFFFFFABD528
FFFFFFA34684
00000022B796
000000514C27
00000046ACDC
000000585F3D
000000576C1A
000000518445
0000004A689D
FFFFFFF04518
FFFFFFAED885
FFFFFFCB573B
FFFFFFC40B38
FFFFFFD2FDF6
FFFFFFC42346
FFFFFFB2A45D
00000028867C
000000537846
00000035B5EA
0000004B5DDD
0000004030AC
00000048C699
0000003BFE6E
0000004D412F
FFFFFFDA870D
FFFFFFACB7CA
FFFFFFC44A13
FFFFFFDD3351
FFFFFFCBFFA0
FFFFFFAB9BAE
FFFFFFBFE680
00000021AC2B
0000005017D4
0000004D63F9
0000005494C7
000000635305
00000058BE30
00000049D866
0000001F56FF
FFFFFFAADB90
FFFFFFA8D95B
FFFFFFABDB3B
FFFFFFB2810D
FFFFFFA86B44
FFFFFFB4DDDF
FFFFFFF665D1
00000037DCD1
000000423F6A
00000045FB0F
0000006112A3
0000003F32FE
000000455599
00000045BD0E
FFFFFFFD78FD
FFFFFFBCDC0C
FFFFFFD55757
FFFFFFE8FA31
FFFFFFB0BC73
FFFFFFA76882
FFFFFFC7CA61
00000021FE02
00000055CF69
000000524DFE
0000003EFEF6
000000448F3B
0000003921B2
00000043489F
0000003C1FD1
000000450BCC
00000038B1B0
000000564339
000000009595
FFFFFFC47045
FFFFFFD212E3
FFFFFFE4584B
0000004CE335
0000003F2BBD
000000649A30
0000007D944B
0000005F3017
00000046BEBC
00000045D503
00000052D181
0000004EC47E
0000004CEA7D
000000507EC8
FFFFFFA281C3
FFFFFFD98E4D
FFFFFFDEEC0B
FFFFFFCA122B
FFFFFFC15979
00000004CDFD
0000000667C4
0000003AF9CA
0000002C52D7
00000019A078
0000001A926F
FFFFFFF90C19
FFFFFFED574E
FFFFFFE0156B
FFFFFF3B04AB
FFFFFF87E3F3
FFFFFF758E8B
FFFFFF8DD59A
FFFFFF90EE65
FFFFFF85A0BF
FFFFFF8F9CDA
FFFFFF7E67CA
FFFFFF8E4618
FFFFFF7738EF
FFFFFF77AD1F
FFFFFF6D0B20
FFFFFF51856A
FFFFFF489FB9
FFFFFFBBF6F4
FFFFFF9C465C
000000BC1D1F
000000478FF7
0000005600A7
00000038846A
0000005DDCE3
000000182E9F
0000004FCEBA
FFFFFFE16119
FFFFFFD8FD6C
0000000867F0
FFFFFFC852AC
FFFFFFED50B6
FFFFFF70F76E
0000003A0A94
0000007F6136
00000058E6E5
00000063F37A
00000041086F
00000048B63B
0000009ABAC0
00000061DEE5
0000000662FD
FFFFFFF41272
FFFFFFFF5B6F
FFFFFFF58C05
FFFFFFFD9098
000000194817
000000526E46
000000473074
00000017FB77
0000006AC258
000000349C14
00000006461A
0000002D025E
000000368367
0000002E47F3
0000001EFFB7
00000043B65F
000000475B8D
000000645DCB
0000004B1436
0000009F474E
00000023FB8C
000000588A95
0000001FB1C3
0000003B7970
00000024FA79
0000000C2937
000000453413
0000004D127D
0000001C3AB0
000000669396
0000000A1A37
0000006C008C
0000006DFCCF
0000004E2E00
0000005E3355
FFFFFFF763A8
FFFFFFC4AF2B
FFFFFFD82FAE
0000004111FC
0000007589C8
00000072E051
00000044A839
00000048100E
000000318D95
00000044414D
0000004CCD5F
FFFFFFB7A682
FFFFFFA570BC
FFFFFFED6F12
FFFFFFBF2C3E
FFFFFFAE18AC
FFFFFF94CCE2
0000003F366F
00000067BF40
0000004F328F
000000369423
0000001914C4
00000030BC30
0000002A6DCD
0000006F5746
FFFFFFD1E6CF
FFFFFFE2A37A
FFFFFFCD3EBE
FFFFFFC9309D
FFFFFFA900C9
FFFFFF90E292
FFFFFF97BFCD
00000072684C
000000644651
000000004E79
0000000FF4F5
0000001455D2
000000285468
0000004EE19D
0000000A7BFA
FFFFFFC2D551
FFFFFFEAA2DF
FFFFFFEBB45B
000000032E7F
FFFFFFE91130
FFFFFFBDA0E7
FFFFFFC9BB2C
0000005FD9DD
000000513D84
0000004B8A6E
0000002C649A
000000429D0A
00000035FDA9
00000063DD8B
FFFFFFAD03D9
FFFFFFB0B2AE
FFFFFFE2C7D6
00000037223B
FFFFFFDB4B43
FFFFFF961E32
FFFFFF8CCACD
0000000609E9
000000646150
0000005F5CD6
0000005434B6
0000005EF21D
0000006799DA
0000007B8814
000000488F24
FFFFFFC63537
FFFFFFECE31C
FFFFFFE24392
FFFFFF968550
FFFFFF8C2A56
FFFFFFA354BF
FFFFFFB4893D
0000002C6E86
000000297AED
00000054F252
000000336ACE
000000577890
000000576E78
00000037A38D
00000009305F
FFFFFFD10C15
FFFFFFD688A5
00000019F313
FFFFFFF52C21
FFFFFFE2F0D6
FFFFFF85C7CC
FFFFFFBCEB5F
FFFFFFFC6286
FFFFFFE2C62E
FFFFFFA678BA
00000010B59D
00000058F195
000000590B9E
0000008D065E
FFFFFFF20C40
FFFFFFFA4792
FFFFFFED5AD3
FFFFFFDABB85
FFFFFFCEE4D5
FFFFFF9D8E2D
FFFFFFF58580
FFFFFFAF4B89
FFFFFF9FF112
FFFFFF7C8A2F
FFFFFFFC313C
0000007A5A6F
0000009F33B7
000000A8CC8C
000000666EC3
0000009AD739
00000049BA5A
000000929B59
0000003D3697
00000006438B
0000000C5B27
0000002661F6
0000002933BC
0000002F0BF0
000000568A60
000000C89D72
000000DC134B
000000C2AE2A
000000B74525
000000A0EE8F
000000B3E7E5
000000C607A9
000000815AAF
000000C5A2AF
000000CF9B8E
00000082359D
000000BE5151
0000008F5427
000000B8BB1F
000000072054
FFFFFFEB9BB0
FFFFFFC6EF3D
FFFFFFDC9255
00000022B568
0000001EAABC
FFFFFFFBC2F9
FFFFFFCD71AC
FFFFFFAA46E0
0000002D2F8D
0000005778B3
FFFFFFEBE3A7
FFFFFFF46FFF
000000250317
FFFFFFE46D7B
FFFFFFA3A921
FFFFFFABD988
FFFFFFA9DB1F
FFFFFFD8F468
FFFFFFFD1050
000000113114
FFFFFFFCF7DA
FFFFFFA2DBF7
FFFFFFC2A52A
FFFFFFC72707
FFFFFFE44255
FFFFFFD88A15
FFFFFF927A1D
FFFFFF8DC98F
00000013E370
000000394102
000000663570
0000003C88D2
FFFFFFD6A2B4
0000002768EF
0000000CFEFF
FFFFFFE6BBC0
FFFFFFCDF931
FFFFFFD42456
FFFFFFD1E9C6
FFFFFFCC0103
FFFFFFA97CD9
FFFFFFDD3370
00000010A8A9
000000767279
0000000C4679
FFFFFFB1C826
FFFFFFA642BF
FFFFFFD28CC0
0000003295B6
000000037263
0000000C0B4F
FFFFFFDAB535
FFFFFFFD361A
FFFFFFDF552C
0000000B4770
FFFFFF9C6F69
FFFFFFA65EAE
FFFFFFB04F7C
FFFFFFCF5A84
FFFFFFC7A310
FFFFFFEC2E09
FFFFFFC2072A
FFFFFFC78960
FFFFFFCBB40F
FFFFFFBD8127
FFFFFFC61D3E
FFFFFFFEAA52
FFFFFFEEFBBE
0000000E19E2
000000361300
FFFFFFE9301B
FFFFFFB8F2BC
0000001D35E6
000000043331
FFFFFFFA0CBE
FFFFFFB6679C
FFFFFFA471E8
FFFFFFE6E920
FFFFFFEE5AF2
FFFFFFEC0BEB
FFFFFFE306B0
0000000872D2
FFFFFFCB661E
FFFFFFFC069D
FFFFFFFD1186
FFFFFFF0C816
0000002AC997
0000003F3CCD
0000004A8101
0000002E1B56
FFFFFFC7BCE6
00000005A724
000000159E4C
FFFFFFEB0026
FFFFFFDFE884
FFFFFFF65D43
0000001B49EB
0000004ADAD4
000000B503C9
0000007AF6C3
0000008CA888
000000628CA0
0000001F4B8D
0000003DA673
FFFFFFFD1D43
FFFFFFAF7395
0000000E4B3F
FFFFFFF723EA
FFFFFFFBC1B4
FFFFFFED7F12
0000004488C7
0000004E28E2
00000094B504
000000A709F1
000000797F54
000000379B24
0000006AFCAB
0000005A248B
000000192910
FFFFFFD850FB
FFFFFFBFDA17
FFFFFFB87486
FFFFFFC37F6E
FFFFFFBF9FDC
FFFFFFDAD63F
00000042B2F6
0000003898E4
00000041810D
00000076F08B
0000007EBEF3
0000005F9D7E
FFFFFFF5C5D1
FFFFFFFD228F
00000021D446
FFFFFFB0031A
FFFFFF687AE4
FFFFFF74FC70
FFFFFF92A133
FFFFFF95ADB2
00000046AAEC
000000333922
00000032259C
FFFFFFD4397B
00000071040A
0000005DF199
0000001ADF5C
0000004271F5
000000570141
0000002094E8
00000001D475
0000000CFCD4
FFFFFFCEAC54
FFFFFF7D66E5
FFFFFFF26AA5
FFFFFFE4DCB9
0000002D64BB
0000006461BE
000000B47676
000000B68E88
000000A102E5
000000909FDF
0000005CD4EA
0000008D2C5A
000000C4DB78
000000D33D85
00000087DE56
FFFFFFE2F77B
FFFFFFE4B067
FFFFFFE0DD19
000000207EAA
0000000A82B2
0000001F0D8C
00000084A22A
0000008A664E
000000853FB7
00000055A0FF
000000584640
0000006D11DD
000000879E12
00000092C30A
000000731C68
FFFFFFCF9969
FFFFFFFC2A13
FFFFFFFA5E42
FFFFFFC08FD8
00000006774E
00000046F40F
0000001CF067
0000002714B3
000000247F13
FFFFFFD962A6
FFFFFFEDBADD
FFFFFFCD4DE5
FFFFFFF67B71
FFFFFFD70CB6
FFFFFFEA2AD9
FFFFFFD8398A
FFFFFFD243FD
FFFFFFFDEBA0
FFFFFFC2D1FE
FFFFFFA527F7
FFFFFFC0EF65
0000000D68C2
FFFFFFFC4B01
FFFFFFF51141
FFFFFFBC55F1
FFFFFFBCBA62
FFFFFFC4289C
FFFFFFDE7F32
FFFFFFBD8B77
FFFFFFC9E152
000000115FAA
00000025262E
FFFFFFE4DBF9
FFFFFFA56281
FFFFFFC762FA
FFFFFFDF4A42
FFFFFFD69B82
FFFFFFCE8B6F
FFFFFFCC9A77
FFFFFFA52414
FFFFFFB16DB3
FFFFFFF16127
FFFFFFD549BC
FFFFFFD8DE75
FFFFFFF55E22
FFFFFFEF8C5F
00000002818A
FFFFFFEC85D2
FFFFFFB4DE36
FFFFFFA05FAD
FFFFFFBDBA05
FFFFFFB19D8B
FFFFFFBEA93D
FFFFFFF91EE7
FFFFFFB324DF
FFFFFF9FE8E2
FFFFFFD85DDA
000000044F23
FFFFFFE0E2BF
0000001FF7F5
FFFFFFE8D38D
FFFFFFF94469
FFFFFFC84EC0
FFFFFFD5AF2E
FFFFFFAD626E
FFFFFFECB8A0
FFFFFFE24D11
FFFFFFD7AD68
FFFFFFD69259
FFFFFFEB3FE8
FFFFFFB8BD36
FFFFFFCB7EF9
FFFFFFB005A5
0000000283BA
FFFFFFA92095
FFFFFFC1F89B
FFFFFFE84ECD
00000004E61C
00000001045C
FFFFFFFE42A1
FFFFFFE9DE14
FFFFFFC4F95C
FFFFFFF266DB
FFFFFFE8C3EE
FFFFFFC10985
FFFFFFBE9E8F
FFFFFFC49F1E
FFFFFFAE1156
FFFFFFC02F54
FFFFFFC06CC2
0000000524FC
FFFFFFDC79A7
FFFFFFE21954
FFFFFFB662B9
FFFFFFB61689
FFFFFFCEAF72
FFFFFFF60CAE
FFFFFFFDD570
FFFFFFBC7062
FFFFFFBB0100
FFFFFFC36983
FFFFFFAE1BA5
FFFFFFC30530
FFFFFFD85614
FFFFFFCD5AE5
FFFFFFF6DD56
FFFFFFE53A09
FFFFFFD15713
FFFFFFC61A6F
FFFFFFC3D306
FFFFFFC70409
FFFFFFD05F7F
FFFFFFD04970
FFFFFFD4B50F
FFFFFF9A5933
FFFFFFB02F27
FFFFFFF803C3
FFFFFFF98273
FFFFFFB7FFE9
FFFFFFC8F199
FFFFFFEB315C
FFFFFFD1E54A
FFFFFFBCC691
FFFFFFBC9A52
FFFFFFD98472
FFFFFFA1579D
00000002AEE0
FFFFFFEB4F05
FFFFFFCA70CD
FFFFFFD8F004
FFFFFFE2A1F6
FFFFFFD6AC37
FFFFFFC990F1
FFFFFFC41E08
FFFFFFDDBA3F
FFFFFFDA4C93
FFFFFFBB7B15
FFFFFFD6E0D5
FFFFFFC3E269
FFFFFFAD0DA2
FFFFFFE46C1F
FFFFFFEA2B26
FFFFFFF123FE
FFFFFFB0B580
FFFFFFB7F309
FFFFFFCD7AAB
FFFFFFE43D88
FFFFFFDD6A9E
FFFFFFD42A69
FFFFFFE88A5C
FFFFFFC5BB2A
FFFFFFC63A5E
FFFFFFBA4776
FFFFFFA16D1F
FFFFFFE6FE62
FFFFFFADAB57
FFFFFFF53AD7
FFFFFFB481C0
FFFFFFC3E6BF
FFFFFFA9E60B
FFFFFFB97299
FFFFFFD54094
FFFFFFCE5F4E
FFFFFFE50CFC
FFFFFFF067D0
FFFFFFCD9E9F
FFFFFFA2CC92
FFFFFF9F03C3
FFFFFFF6E891
FFFFFFE89C02
000000040731
FFFFFFD386A1
FFFFFFE784B3
FFFFFFC90CFD
FFFFFFD29FBD
FFFFFFB6600A
FFFFFFC2DC3E
FFFFFFD70A84
FFFFFFE1FE64
FFFFFFB223E9
FFFFFFB58A46
FFFFFFB7A12D
FFFFFFB71B02
FFFFFFF2E7E9
FFFFFFE6F44E
FFFFFFD721B8
FFFFFFF9460B
00000004FF30
FFFFFFEB8174
FFFFFFB78823
FFFFFFCC3BDB
FFFFFFBBFB77
FFFFFFC3DBBA
FFFFFFD281C9
FFFFFFCB0B84
FFFFFFAA5EFC
FFFFFFE53E73
FFFFFFD7AA48
000000188BEA
00000001B191
FFFFFFBF76F8
FFFFFFBC5ED0
FFFFFFE4143C
FFFFFFD55719
FFFFFFBDCC5D
FFFFFFD451CC
FFFFFFBCB3E1
FFFFFFC3A5E7
FFFFFFC470D8
FFFFFFBB1FB8
FFFFFFC27866
FFFFFFBE5673
FFFFFF92A632
FFFFFF7A2050
FFFFFF7CF9DC
FFFFFF907E24
FFFFFFA5EAEC
FFFFFFDA7CB8
FFFFFF750A3C
FFFFFF7F6DC0
FFFFFFAEF1D3
FFFFFF999E60
FFFFFF8243CE
FFFFFF980A44
FFFFFFD3EA56
FFFFFF926772
000000533D52
FFFFFFDFEEAB
FFFFFF7FF9BC
FFFFFF7A343B
FFFFFF901461
FFFFFF69FA54
FFFFFF62D379
FFFFFF945C10
FFFFFF86E6A9
FFFFFFA9E9C3
FFFFFF962B05
FFFFFF8B0C26
FFFFFF69508A
FFFFFFD33CB2
0000002F027C
00000035AB06
000000492578
FFFFFF744873
FFFFFF618862
FFFFFF74FC7D
FFFFFF4B5222
FFFFFF79F159
FFFFFF668212
FFFFFF6B4BF2
FFFFFF50F2DA
FFFFFF47B0BD
FFFFFF4486E2
0000001BC8D2
000000197A94
000000127D72
00000032D0CE
FFFFFFACEC5A
FFFFFF444B03
FFFFFF601434
FFFFFF5E9736
FFFFFF613EE6
FFFFFF8B4AD7
FFFFFF9CC45B
FFFFFFAA1A10
FFFFFF79AE0C
FFFFFFB737D5
0000003D59BC
000000292B1F
0000004C0953
000000382082
000000276196
FFFFFF4C25C5
FFFFFF5BB3D8
FFFFFF747CD1
FFFFFF8008D5
FFFFFF75107F
FFFFFF690087
FFFFFF694E59
FFFFFF5FF8AD
0000001DD5D0
0000005C909F
0000003EEC53
00000058B496
000000550995
0000006BF856
FFFFFFD95265
FFFFFF473E28
FFFFFF4BF214
FFFFFF59DF62
FFFFFF3F384C
FFFFFF5A60AF
FFFFFF63CC9F
FFFFFF49E90C
00000007627E
00000076F0CD
0000004C8651
000000781470
0000005943ED
000000542135
000000568857
FFFFFFD74726
FFFFFF379B3F
FFFFFF6C0609
FFFFFF7A84D6
FFFFFF6F8B8D
FFFFFF68F835
FFFFFF5A674F
000000047840
00000086553E
000000441595
00000045D996
000000422D10
0000006FCCC8
00000065A817
0000004FC9B2
FFFFFF8E033A
FFFFFF4BDF78
FFFFFF72FDCA
FFFFFF66D7E1
FFFFFF6A7AEE
FFFFFF676818
FFFFFFA4BF65
000000418589
000000603DE2
00000046307D
000000669A4B
0000005EF3A7
0000006EE92F
000000611394
000000039740
FFFFFF39FA57
FFFFFF4B1260
FFFFFF4B9FEF
FFFFFF554352
FFFFFF290383
FFFFFF55E73A
FFFFFF68ACF6
0000001561D1
00000037BD15
000000885558
0000008FA5F6
000000778386
000000639DB8
0000004FFEE0
FFFFFFDA2AEF
FFFFFFA817E0
FFFFFFE84C64
FFFFFFCB11F5
FFFFFF2EE69D
FFFFFF750CDB
FFFFFF5B4A6A
0000000BE769
0000001A32E0
0000004E15D4
00000069269D
00000041DF11
0000004F4DCF
00000054748C
000000451348
0000004B118F
00000041F571
0000007E4E49
FFFFFFA137CE
FFFFFF79F26C
FFFFFF517488
FFFFFFD5FA6C
FFFFFFFE2EE6
0000000C54A7
0000006FDDCA
0000002D1DDC
000000790BCC
0000005ADAB6
0000006C94C4
00000094F2F2
0000009D36D2
00000065AD84
0000003632A6
FFFFFF4B3D5D
FFFFFF2E44F7
FFFFFF680EA7
FFFFFF4BAF61
FFFFFF456AF3
FFFFFFAD1718
FFFFFFEA90C3
0000005B9604
000000415A96
0000003728DE
00000009D6D7
FFFFFFF5D2A9
FFFFFFF7AEE3
FFFFFFC2D6A1
FFFFFF1DA15A
FFFFFF049F32
FFFFFEFBEA82
FFFFFF0D2E63
FFFFFF1832C0
FFFFFF1AF5F6
FFFFFF0A226A
FFFFFF444176
FFFFFF2FB366
FFFFFF0B9A7F
FFFFFF0891BD
FFFFFF02A5FF
FFFFFF2B1D19
FFFFFF1C8B86
0000006B8D90
00000034C5EB
FFFFFFF08EA7
FFFFFFCB9D07
FFFFFFFFA3BD
FFFFFFF2F6C0
FFFFFFCE6EB6
FFFFFFF8F704
FFFFFFEA0C87
FFFFFFFEF61A
0000001558D3
FFFFFFD3DEFA
FFFFFFE07C77
FFFFFFF76D28
00000089CA1F
00000005A8D1
FFFFFFCD1B5D
FFFFFF8A0728
FFFFFFA9CB53
FFFFFFC41356
FFFFFFBBE861
FFFFFFC08AA9
FFFFFFA37E67
FFFFFFCF8A29
FFFFFFED23EB
FFFFFFE34EC5
FFFFFFF90867
0000000129A2
FFFFFFF43E83
FFFFFFDA37F7
FFFFFFEFECDE
FFFFFFDC30D9
FFFFFFACFDD0
FFFFFF987C66
FFFFFFCDB38F
FFFFFFE8A4B1
FFFFFFA6EB32
FFFFFFCB05B1
FFFFFFB36647
FFFFFF9FFB17
FFFFFFC5A41D
FFFFFFBAFBFA
FFFFFFC2E7CC
FFFFFFBBC915
FFFFFFEE255B
FFFFFFCF43AF
00000004BE07
FFFFFFEEE958
FFFFFFD6E577
FFFFFFB54962
FFFFFFBF3018
FFFFFFA90ECE
FFFFFFB7C6CF
FFFFFFC10EE9
FFFFFFDD8EAA
FFFFFFBF83DD
FFFFFFE0AB56
FFFFFFB91568
FFFFFFE642A1
FFFFFFF4B81A
0000003CF4AC
0000000090D2
FFFFFFC474C3
FFFFFFC22EE8
FFFFFFCB0703
FFFFFFC3B077
FFFFFFAE1E42
FFFFFFC084DE
FFFFFFAFC630
FFFFFF7B29C1
0000003BF227
0000003A16B6
000000192E75
0000005AD085
0000003F8F16
0000005ED968
FFFFFFC8CB38
FFFFFF94BC6F
FFFFFFA54BD8
FFFFFFCE3233
FFFFFFE21944
FFFFFFD80E26
FFFFFFCA8750
FFFFFFB8DC64
0000001486CE
00000047941F
000000425056
000000562705
00000047A1B2
0000005676F2
000000534C46
FFFFFFAAA1F8
FFFFFF93E68B
FFFFFFEE9B9A
FFFFFFE92993
FFFFFFF017FF
000000040E7C
FFFFFFDEB330
FFFFFFF52BC4
0000004B6240
00000064A8D4
00000043800B
0000002CD12C
000000541378
00000050C45B
0000000C2FA6
FFFFFF9BF359
FFFFFFC152E4
FFFFFFE9BB08
FFFFFFC8B025
FFFFFFD28D39
FFFFFFDAC5C6
FFFFFFBFE102
000000292641
000000426F9F
0000005D55C4
00000036B6EC
0000002CB7E8
00000047BB6E
0000002F5219
FFFFFFDB2DDD
FFFFFFB277CE
FFFFFFDD6CE6
FFFFFFAA7B4C
FFFFFFCF74F7
FFFFFFD33046
FFFFFFC2921B
FFFFFFA05011
00000010F5D0
00000040B852
0000004211EC
000000394761
0000001B8828
0000001DE71B
0000002760F0
FFFFFFD8D012
FFFFFFDA0708
FFFFFFE7B0B8
00000019F483
FFFFFFBA0020
FFFFFFDD2755
FFFFFFCC5A03
FFFFFFD5A08B
FFFFFFE29655
000000415DCB
000000471050
000000061AFC
00000003EBA5
00000029F791
00000002680C
00000003FA31
0000001669C5
0000005DAC09
FFFFFFF171EA
FFFFFFC818FD
FFFFFFB56F58
FFFFFFA2AB34
FFFFFFD4FA79
0000004F90B2
0000005A77BA
FFFFFFE49EEC
00000037D0CA
0000002B546B
0000003B9654
0000003DB5EA
000000566BA1
00000030685A
00000034DDC8
FFFFFFBD6BA0
FFFFFF974E1C
FFFFFFC353B8
FFFFFFDC019E
FFFFFFE91BB4
FFFFFFE9852A
FFFFFFC6D6B2
000000239C1E
FFFFFFFF11B4
000000070D8B
FFFFFFC9FBAC
FFFFFFCDA545
FFFFFFE06263
FFFFFFAEBC0E
FFFFFF854B9D
FFFFFF9FF0ED
FFFFFF7596B2
FFFFFFA3458A
FFFFFFA27753
FFFFFF6E1A32
FFFFFF7CE624
FFFFFFA7770B
FFFFFF63A744
FFFFFF7AE645
FFFFFF914704
FFFFFF9D68B7
FFFFFF8BEB2A
FFFFFF67DB33
FFFFFFFB90F2
00000003361E
00000025BDD2
FFFFFFD77AE7
FFFFFFB44D03
FFFFFFE8C6E6
0000000022CE
FFFFFFF492D5
FFFFFFC26088
00000004E2F9
FFFFFFF102F5
FFFFFFF97642
FFFFFFE27B58
FFFFFFE1AC32
00000036413B
00000053378E
0000003E9869
00000029DFFC
FFFFFFE12829
FFFFFFC58134
FFFFFFD52FDC
000000011CE2
FFFFFFD1A8D6
FFFFFFF6DFD9
FFFFFFFC6533
FFFFFFC8DBA6
00000001893E
000000275670
0000001CDC69
000000021DA6
FFFFFF8F4E7A
0000000EB2E4
0000000EFF43
0000002E85D2
0000000577C2
0000001558FB
FFFFFFF820D8
FFFFFFE580F2
00000015D5DC
FFFFFFD2187F
FFFFFFE8F319
FFFFFFE6CA9B
000000171342
FFFFFF9C9B7A
FFFFFFC7970A
FFFFFFA25A14
0000000DA739
00000058C3E0
00000000A592
FFFFFFF36804
FFFFFFCA5310
FFFFFFCF3981
0000001A6267
000000089D35
0000000B7378
FFFFFFE447C2
000000604F57
0000000F924B
FFFFFFF13928
FFFFFFEF9B97
00000048B155
0000008FCD5D
0000002D3D28
FFFFFFBC7877
FFFFFFBA46CA
FFFFFFDDD82C
FFFFFFFEF9A0
0000000A5465
000000191731
00000037BCEB
00000073267A
00000058F8B6
00000017D565
FFFFFFEE1DE2
00000026C95D
00000052A1EF
00000068D60A
000000518E86
00000007F849
FFFFFFF9EE06
0000001B922C
0000001BD5CF
00000013A1AB
00000025F390
0000004F1368
000000126C49
000000040B7D
000000099F73
0000000C9743
00000006F02A
00000044BA48
000000841826
0000002C4DAD
FFFFFFF98AAC
000000013487
0000001B67F2
0000000D4A81
00000013AA8F
0000007660D3
00000030A354
0000000A6716
00000004C127
FFFFFFEA855A
FFFFFFE713BF
00000018B399
0000006BAF5D
0000007BC046
00000022D26D
00000003196C
0000001ABC6B
FFFFFFF41790
000000252496
0000003B75A6
00000039ABF9
0000000E0255
00000009F4D0
FFFFFFE46AE9
0000001F2702
0000002B29D0
00000060E0D3
000000A7A303
0000004BCC98
FFFFFFEA621B
00000025B54A
0000001DAFDE
000000144A6C
0000000098E3
000000594AE0
0000002F2D4E
FFFFFFF21B5F
00000016682F
0000002B8DD2
0000002705B6
0000003C6037
000000616E79
00000040A633
00000003ADB0
0000001CE4F9
00000045691E
0000005DED00
00000026E46A
0000003013CE
FFFFFFFF102D
0000000D2857
000000047C95
00000001E17B
0000001440E5
FFFFFFF62C1E
0000002A7DB3
0000002AE63B
FFFFFFFA880E
00000026A702
00000061F6AE
000000890F89
FFFFFFC9D8CF
FFFFFFDCE951
0000000D180B
0000002B7588
00000003720F
00000011C035
0000001B50D0
00000002F241
0000001EC4DB
FFFFFFDFAE77
FFFFFFB63FBA
000000073C40
0000004A9D9F
00000055F282
0000001496C0
FFFFFFD24BC7
FFFFFFEEDA01
FFFFFFCE2159
FFFFFFD1EA22
FFFFFFF16109
FFFFFFB4427E
FFFFFFF432B7
FFFFFFF4E219
00000022E00F
FFFFFFF2A2AC
FFFFFFFD13B4
0000001917AA
0000003F63DE
0000001E0128
FFFFFFEBE77D
FFFFFFDEBB3D
FFFFFFE72A06
FFFFFFD2247E
FFFFFFE9EDE0
FFFFFFFDBD63
0000000A7013
FFFFFFFC2C4F
FFFFFFFB9239
FFFFFFFECA5B
FFFFFFEF7F22
0000000EF889
00000025A455
00000006B537
FFFFFFFD336C
000000143838
0000005CEC65
0000004FDFC1
00000039D253
000000398108
FFFFFFC5CD44
0000003B0A85
000000719347
0000002CD66F
0000006581D3
00000045BAD0
000000268D47
FFFFFFE08B38
000000045DFF
FFFFFFA04E4E
0000000D270B
00000049B5F3
0000005235A3
00000023B575
0000000E46A8
000000656C63
00000035F2C8
00000031ABE2
0000002651EF
000000002FA4
FFFFFFD3DBFC
000000427C8C
0000003F5CC0
000000365469
0000002D160E
FFFFFFC1D037
0000003FC7D7
0000004B4CC8
000000321A49
00000073C5C2
00000066D06F
0000004729E5
00000031809D
0000002107AD
00000021F3DE
00000033E8A1
FFFFFFC9D8CA
0000002D3615
0000000DC8D9
0000001A2A33
00000043ECC0
0000005B858A
0000005FA0E0
000000361483
0000005052DD
0000000A6C0A
FFFFFFC2CDB1
FFFFFF96458E
FFFFFFC14D27
000000408D15
FFFFFFC49D8E
FFFFFFC3AFD6
0000001B80E8
000000266EED
00000038F576
0000005A6B2B
0000002F91D1
0000003CAE6D
00000006A05D
FFFFFFFE73CB
000000159256
0000000360B1
00000024A239
00000023894F
FFFFFFEA105C
0000000F8B5E
0000004024E1
0000001899D6
0000003EB2E6
0000004B4EB5
00000079B8B8
0000006B51E6
0000005C6626
0000005AF8B1
0000005A7F46
0000007DC227
0000007BD28F
0000004C6677
FFFFFFEA2F2B
00000004E395
0000002A3247
0000003033AB
0000002E5ECA
00000049872C
0000007EF610
0000009666A5
00000093D0E4
0000008FD824
00000083EFEA
0000007F51C2
00000091F7F9
00000044607D
00000003F71D
0000003278A0
0000002F94A9
0000002544E9
000000219523
00000035A389
0000003C1051
0000008C5282
000000A41EB1
0000008502BB
0000007E9CA9
0000007D5D15
000000985B6C
0000005C7861
0000002CDB1B
00000026F641
0000001E9AFA
0000001F9259
0000003FF73B
0000002CA1D5
0000004CE189
000000647188
000000AC81D3
000000A8021A
000000905E54
0000007E0DAE
000000955E0F
0000009239EE
00000068023F
0000003DB491
00000033C62D
00000026F5B1
000000214DAA
0000001738EA
0000002BB54A
000000445182
000000859842
000000B6F8B7
00000092BF98
0000009E8A7E
000000A8A0D8
0000008A60A5
00000073D429
0000000D6912
0000001584C2
0000003021A9
0000002A289C
0000000C5208
0000002FF353
0000004D7A3F
000000441AB8
0000003D1F7C
0000002C31C0
0000002EE7FE
0000008DA852
0000008B9D03
00000058A54F
FFFFFFD8E87D
000000185F66
0000002E76D2
00000031323C
00000056AF3B
0000003AD63C
0000002F0A05
0000002F365F
00000039D4BE
000000297873
0000003976AC
00000045555A
00000080F08C
0000007D181A
000000564D5F
0000008DC33C
0000007F6DD9
0000003633D2
0000002A3069
000000139F59
0000001332E7
00000033A5A5
000000326AF6
00000044DE36
000000791AE1
0000009A8F59
000000AC48D0
000000B7344C
000000A2B20F
000000C9B47A
000000BB19B0
00000098DD2C
000000965F49
00000089967C
000000954AB8
0000009EA6BF
000000B31025
000000CC2D81
000000AC3FC3
000000B89CB0
FFFFFFE2F152
FFFFFFF5D7F3
FFFFFFDBF166
FFFFFFB76057
FFFFFFAF2CC0
FFFFFFA236D2
FFFFFFAF2814
FFFFFFFD435E
FFFFFFC9BBC4
FFFFFF92D246
FFFFFFCA30A5
FFFFFF8B8827
FFFFFFB7CE95
FFFFFFD26A56
FFFFFFE064D9
FFFFFFDFD44F
FFFFFFF66024
FFFFFFF92658
FFFFFF9652E8
FFFFFF99D85D
FFFFFFB86378
FFFFFFE90489
FFFFFF841363
FFFFFFB4BE40
FFFFFFC0F3FA
FFFFFFAA3501
FFFFFFD3625D
FFFFFFF23B38
FFFFFF9BDD57
FFFFFFB2B2FA
FFFFFFDEA68B
FFFFFFF4480C
00000002C123
FFFFFFB0EE55
FFFFFFB34A2A
FFFFFFD4B0AB
FFFFFF8887FD
FFFFFF8AC774
FFFFFF8EF03C
FFFFFFB29C5E
FFFFFFB1F521
FFFFFFD5C2EB
FFFFFFA5B5F9
FFFFFFD61BD3
00000018908E
FFFFFFED69C8
000000294A0A
FFFFFFE33EFB
FFFFFFB92719
FFFFFFAA4623
FFFFFFE0BE5A
FFFFFFA85990
FFFFFFD01C9E
0000000EBE7C
000000169899
000000299F45
FFFFFFB1E52C
000000283390
00000036D587
FFFFFFD419E0
000000066135
FFFFFFE2EE80
FFFFFFCF380F
FFFFFFC4C3A8
FFFFFFCAFFF4
FFFFFFF4B5CF
FFFFFFE33A45
FFFFFFCBDE4E
FFFFFFD82718
FFFFFFAA1BDF
FFFFFFB62564
FFFFFFFF4C25
FFFFFFCFFD02
FFFFFFF89EE3
00000020F7F1
0000001633D7
FFFFFFFF4172
FFFFFFB4CC2E
FFFFFFAF0E17
FFFFFFC4C0CE
FFFFFFC73B43
FFFFFFBB2E69
FFFFFF900AAA
FFFFFF8CB91F
FFFFFF79C8E4
0000000D3B99
FFFFFFF45C24
FFFFFFF71583
00000010BDDF
000000239C3B
0000000D4BDE
FFFFFFB5044F
FFFFFF90BCBB
FFFFFF9E3CB7
FFFFFF9A2ECE
FFFFFFA280F9
FFFFFFA401DE
FFFFFF943E64
FFFFFF8F84F6
FFFFFFD98AD4
FFFFFFD868A4
FFFFFFF27566
0000000DFC50
000000082569
FFFFFFF42440
FFFFFFEF39FF
FFFFFF84A884
FFFFFF77270D
FFFFFFA07D5E
FFFFFF8FD18A
FFFFFFA3F711
FFFFFF86B0D7
FFFFFF8300E0
FFFFFFCE2102
FFFFFFED9889
FFFFFFF6F9EC
FFFFFFDEC2D4
FFFFFFEC0E14
FFFFFFF83448
FFFFFFE9F317
FFFFFFD004C7
FFFFFF67CCC8
FFFFFF81CC6A
FFFFFF739DFE
FFFFFFA31BA9
FFFFFF88F799
FFFFFF97DB24
FFFFFF9444CB
FFFFFFBFC57D
FFFFFFFB436A
FFFFFFD91A22
FFFFFFD355AE
FFFFFFE2F447
FFFFFFE9F477
0000000298D5
FFFFFFA68B6F
FFFFFF5E778C
FFFFFF704140
FFFFFF643BC1
FFFFFF872912
FFFFFF79739C
FFFFFF861CEE
FFFFFFBEB2D3
000000036F09
FFFFFFBE4D81
FFFFFFBC21BA
FFFFFFF78557
FFFFFFEBF8E2
FFFFFFE96EC3
FFFFFFFD9C58
FFFFFFD207B2
0000001B9B8B
FFFFFFC446EB
FFFFFF648674
FFFFFF9013F5
FFFFFFC045F5
FFFFFFEA206E
FFFFFFC30220
FFFFFFC48D25
FFFFFFBFDF22
FFFFFFD1F238
FFFFFFD467D5
FFFFFFD02737
FFFFFFD38CFF
FFFFFFD8BF7F
FFFFFFFB403F
FFFFFFDE705D
FFFFFF899FB7
FFFFFF7320ED
FFFFFF7BBB9A
FFFFFFAC15AB
FFFFFF79967F
FFFFFF951613
FFFFFF993F8D
FFFFFFC349F1
FFFFFFCA8D98
FFFFFFD8005F
FFFFFFA8E2EC
FFFFFF925C27
FFFFFF94769C
FFFFFF7EBBCD
FFFFFF706838
FFFFFF67E486
FFFFFF755593
FFFFFF879387
FFFFFF734FFB
FFFFFF8C1BF0
FFFFFF8BBE52
FFFFFF85B52C
FFFFFF7CDA4D
FFFFFF5BF550
FFFFFF6BF056
FFFFFF618573
FFFFFF812FF0
FFFFFF785E30
FFFFFF77EFC1
0000002C85D7
FFFFFFFD976F
000000033ED0
000000003977
000000667682
00000034AB68
00000028494E
000000304F08
FFFFFFEA79BC
FFFFFFF250FB
FFFFFFF40EDC
FFFFFFFE0209
FFFFFFD4A308
FFFFFFE646BF
00000016618D
FFFFFFE746BE
FFFFFFC32714
FFFFFFBD82A5
000000062902
0000002E2486
00000039C785
000000282A3B
00000002225E
FFFFFFEE13D5
FFFFFFE8E52B
00000015FD5D
000000138865
FFFFFFD72677
00000011C552
FFFFFFDB710F
000000369D8C
0000000C0701
FFFFFFC07A74
FFFFFFB6ADBE
FFFFFFE06E48
FFFFFFF791FD
0000000A1755
00000023B165
FFFFFFDBAB7E
FFFFFFFE18A9
000000081A29
000000118828
FFFFFFE75FF9
0000001C82AF
0000004516AB
0000005391AA
0000000122DC
FFFFFFC6DE40
FFFFFFC765E0
0000000E5A86
0000002B974C
00000003139C
FFFFFFF87A91
00000009A043
FFFFFFD936BD
0000000EAFAF
FFFFFFFB18A4
0000003EEFAE
0000004D5F3D
0000002DEB06
FFFFFFF79A2E
FFFFFFF425C9
FFFFFFD98CAD
00000033FD8C
00000042D5D2
000000156FC1
00000002CD75
0000001DF23E
FFFFFFDFF7DE
FFFFFFA80F29
FFFFFFC5F3FE
0000002EC6E3
0000002938AD
000000122525
FFFFFFFA2261
00000000F96C
FFFFFFA37FFC
FFFFFFA74E63
FFFFFFE2EFCA
FFFFFFF2C163
FFFFFFE864B0
000000081097
FFFFFFFAF320
00000001D0D5
00000011A3D8
0000005266DF
0000001AF2B7
0000000F3FB5
00000001F3F4
00000015FF60
FFFFFFD7E726
FFFFFFC476AB
FFFFFFCD3968
FFFFFFD2914F
0000000BF0AD
FFFFFFFF566C
FFFFFFEF5B13
00000007C5A2
0000002C2CB7
00000015D3B0
000000247CC3
FFFFFFFD897C
0000000B069F
00000018DA61
0000000DA6E8
FFFFFFE16B30
FFFFFFAFFA88
FFFFFFD5064E
000000189CD8
000000054CBB
0000000F2C92
FFFFFFF18D21
0000001AB23C
FFFFFFFFF5B1
0000001CAD1E
0000002B172F
0000006A2D90
000000173DFB
FFFFFFEB6B99
FFFFFFE1F2F6
FFFFFF9A746D
FFFFFFC61A86
000000015C37
FFFFFFE9F08C
FFFFFFFB0CBC
FFFFFFF699F5
000000357FB8
FFFFFFDDE384
FFFFFFF97775
00000035E21E
0000003AD3DD
00000012CE28
FFFFFFD7465D
FFFFFFD8CB84
FFFFFFEF73DD
FFFFFFD034CD
FFFFFFE14169
FFFFFFE52DF9
FFFFFFB3718D
FFFFFFE07920
FFFFFFDEB4C9
FFFFFFEE5362
00000032E4CA
000000305781
000000312B7C
000000148138
FFFFFFF2A9E5
0000000E40D6
FFFFFFF95D3C
FFFFFFDCD3EC
0000001A328F
0000001DF3A5
0000000C146F
FFFFFFC3D5B6
0000004BC20C
FFFFFFFA7F25
00000013579A
0000001E8961
000000100238
00000025CB65
000000122647
0000002956AD
0000000E2C8E
0000003CEE20
000000526844
00000032D966
00000013D6CF
00000030B419
FFFFFFFB5A09
FFFFFFDF915F
FFFFFFDFC689
000000366146
0000001C9AFD
00000000B1BF
0000005D2F39
000000613BB3
0000002E85F4
000000428CF7
0000003293DA
FFFFFFFD3C49
FFFFFFE5A5B1
FFFFFFE27FC4
FFFFFFFBC7B1
00000002D110
FFFFFFC81923
FFFFFFE9F9DE
FFFFFFF86441
FFFFFFF06C21
FFFFFFE95708
FFFFFFBEBCEB
FFFFFFEC0585
00000003CF62
FFFFFFE328CD
0000000A974C
FFFFFFDA80A8
FFFFFFD7806C
0000004E3A62
0000006E7D33
00000077E054
0000004DEDF2
000000073E81
FFFFFFE832A9
FFFFFFAFAF5E
0000001F47F3
000000119761
00000028B937
FFFFFFEA49F6
FFFFFFD9E076
FFFFFFD2F608
000000416669
0000004F368C
00000056E1B0
0000003B087A
00000047EF2D
00000009A146
FFFFFFBA74D9
FFFFFF7F84D3
FFFFFF9A5566
FFFFFFBF1D07
FFFFFFB5B9C1
FFFFFFD33F13
FFFFFFAECB1D
FFFFFFC0FB01
00000022B93A
FFFFFFDBAA47
0000004AA48E
00000040AF5C
00000040D835
FFFFFFFBED82
FFFFFFFF07CB
FFFFFFDA4555
FFFFFFD03C33
FFFFFFB616D5
FFFFFFC445F8
FFFFFFA51298
FFFFFFB9B52B
FFFFFF8F5972
FFFFFF83BE98
FFFFFFE78C6E
FFFFFFDC61A9
0000001CD190
0000002539CF
000000488DDB
0000005DFC3B
FFFFFFE1AB65
FFFFFFFD5E75
FFFFFFEE6FEB
FFFFFFF20E8A
FFFFFFB0079A
FFFFFF9D13B7
FFFFFFCC08B6
FFFFFFCAEAC4
000000514F3B
FFFFFFAC616F
FFFFFFBB4C08
0000002BF158
00000052DF83
000000693FAD
0000002D4E7C
FFFFFFF963BF
FFFFFFE5904B
FFFFFFC9F713
FFFFFF879E11
FFFFFF864D15
FFFFFFA55FE8
FFFFFF9ECCBF
000000524E27
000000601036
0000003E1273
0000005C2409
00000018F904
0000006E1AE9
00000063BD8E
FFFFFFEB4885
FFFFFFD4CB75
FFFFFFBD6BD1
FFFFFFDA287D
FFFFFFB571C4
FFFFFFBB8FC8
FFFFFFD5D0DE
FFFFFFF8BF41
00000029D8D8
000000456927
0000005BA00C
00000058A71E
00000049A995
0000005BAD6A
000000225308
FFFFFFC40CA8
FFFFFFE3317D
FFFFFFE6CA52
FFFFFFE51784
FFFFFFE40133
FFFFFFCBD809
000000246B21
000000654762
00000039EC9E
0000003A57BE
0000001E0959
000000373D62
00000052A637
0000005D2CA6
0000000A111E
FFFFFFDA3F20
FFFFFFD45FA1
FFFFFFD56AC7
FFFFFFBBF858
FFFFFFB65B00
FFFFFFBC6205
FFFFFFFBA620
0000002CEB4D
000000558C9F
0000003DCB7C
0000005B3F29
000000482DBD
0000005474BD
00000047BBAA
FFFFFFFB0BA9
FFFFFFE49259
FFFFFFD574B0
FFFFFFC728FE
FFFFFFBD021D
FFFFFFA96C69
FFFFFFC80467
0000003835E6
0000001FB8E1
00000030CE65
000000554D67
00000051404B
000000479385
0000004EF710
000000108B4F
00000007EE4B
FFFFFFFA52A0
000000204853
FFFFFFC990AA
FFFFFFB7E010
FFFFFFDE7AE1
0000001DA78D
000000298C14
00000035CE70
0000001A9FF6
FFFFFFFD3184
00000006161E
0000004D285C
0000002E9F9C
0000001DC8D2
000000398ECF
000000512F8A
FFFFFFF1F9CC
FFFFFFC1D963
FFFFFFD28BBC
FFFFFFFE5123
0000003DA847
0000004C8B5B
00000069629A
0000004B56FA
0000004845F7
0000005226CC
000000526A20
0000004DD3E1
0000005D8036
00000057616C
0000005A26FD
FFFFFFA0FB8C
FFFFFFC7F866
FFFFFFC2A1F0
FFFFFFDC0DA6
FFFFFFD10CEC
FFFFFFE8899B
FFFFFFE8B1B1
00000015B316
0000001ACDFB
FFFFFFFFA1B9
00000006B206
FFFFFFDEC447
FFFFFFE62F0C
000000093E07
FFFFFF7F933B
FFFFFFBD5F28
FFFFFF8FDA31
FFFFFFD552C7
FFFFFFB48966
FFFFFF86D874
FFFFFFA1E248
FFFFFF90A85A
FFFFFF9590C5
FFFFFF7EC3F9
FFFFFFAAB09C
FFFFFFC61157
FFFFFFA56372
FFFFFF81537E
FFFFFFCC8894
FFFFFFDCEFEF
000000200037
0000001573CA
FFFFFFF840E3
FFFFFFFEBD96
FFFFFFFED16A
0000001231CE
00000002AE1C
FFFFFFEF2C9C
FFFFFFE2C0B4
000000074B2A
FFFFFFD9CF04
0000002CDEA8
FFFFFFBA377F
0000002E9A79
0000001EDEA6
0000001E320C
00000031E48B
0000000E1036
FFFFFFFB3000
00000017E102
0000001FBBE7
0000000DCA22
FFFFFFED6501
FFFFFFB94AB0
FFFFFFEDD7B5
00000034A002
0000004227DB
00000060790A
00000006F1B5
FFFFFFF040ED
0000007079B2
0000006B80E8
000000041402
0000001391BF
000000301ECB
0000000F0211
0000003ECB3A
000000222B60
00000049B3A2
0000003028E9
00000082459B
0000001EA459
000000067427
00000033823A
000000520CD0
0000008186DB
0000002F8E21
00000020D4CB
00000026EA55
0000003D69F7
0000004AA1B2
0000005C5599
000000588BA9
00000043A2ED
000000513511
0000001A41B5
0000003AF3CC
00000022ED6E
FFFFFFFBA792
0000000A4AC0
000000759E2B
000000146435
0000001ACD62
0000002CA06D
0000003DA6C1
00000038563F
00000059F1AB
0000005793B5
0000002C1F9A
FFFFFFFF0A70
0000001FCFDC
FFFFFFD1B4FB
FFFFFFEAC0EB
FFFFFFC5295F
0000005AC8DC
00000070592F
0000005AFEE2
0000004B409B
0000004BA216
0000003C2ADB
0000004F247F
00000054AF72
FFFFFFF2718E
FFFFFFF9C1FA
FFFFFFF0C469
FFFFFFD059BB
FFFFFFC652A3
FFFFFFC59F2F
FFFFFFD05B3D
0000002AC79A
00000069E5DE
0000003CCE74
00000037D46A
0000004801DD
000000328BB6
000000475D8F
0000001793C4
FFFFFFC2EED4
FFFFFFBA4196
FFFFFFCF2ADA
0000000553A5
FFFFFFE57AB3
FFFFFFC7C405
FFFFFFC51532
00000060EB55
00000030F4F6
0000003F5381
00000047C045
00000032ED29
0000003F48F1
00000046779A
00000000AE7A
FFFFFFD12B3B
FFFFFFEAC907
FFFFFFF2BF4B
FFFFFFEC9B5C
FFFFFFDAEF13
FFFFFFC5C001
0000002DC6B9
00000066FE13
00000040E0BC
00000053F8E0
000000492EA8
0000004CB576
000000758FF4
000000660D7B
0000000F1711
FFFFFFD2D966
FFFFFFEDA877
FFFFFFD90E04
FFFFFFFA5030
0000000544C0
FFFFFFB97ECF
000000223C0B
00000019EBF5
00000000F575
000000437458
0000007069EA
00000063ED9E
000000485DCB
FFFFFFEF685F
FFFFFFB00458
FFFFFFBFBF3D
FFFFFFEF5BE5
0000000E8225
0000001F5933
FFFFFFCD4ED4
FFFFFFEAB37A
00000006CF36
FFFFFFDBFBD5
FFFFFFFB8A7E
000000775CD5
000000504099
0000005B7682
00000017B330
FFFFFFC542B2
FFFFFFB0BAE9
FFFFFFC13D15
FFFFFFF0A916
FFFFFFDFCC82
FFFFFFB6D133
FFFFFFC8B50F
FFFFFFA8B91D
FFFFFFBE0EFF
FFFFFFCF4796
00000042079B
0000006A865C
00000052D329
0000002B2114
0000002FE0A6
000000374ABD
FFFFFFF60F5A
FFFFFFE34B6B
FFFFFFB7944C
0000000FF4C0
000000266DCD
0000000BAE92
0000000D0F60
00000021BCC0
000000520719
000000A36B36
0000007D570A
000000A0839C
00000081920B
000000487D08
0000004D3817
0000006D0004
00000033C2EA
0000007E7522
0000008070A9
000000586009
0000008AA60E
00000083F38C
00000075A94E
FFFFFFF9D614
FFFFFFF7F896
000000388FC4
000000393C0E
0000008A5033
000000456A55
0000003DFDDC
0000007A989E
000000642451
00000015D59D
00000030AC46
0000001DD38F
FFFFFFDECEB3
0000000EEEBD
FFFFFFE434FB
FFFFFFC3C875
FFFFFF786F82
FFFFFF8EF471
000000435D0D
0000005861B5
0000003C0A9E
000000069624
000000249935
000000141741
FFFFFFFDB3FC
000000144517
00000001D5CB
00000037C100
0000000CD2B9
FFFFFF51A30F
FFFFFF934191
FFFFFF7D9FE9
FFFFFF7976D7
FFFFFFC33FEF
00000016DAB3
000000079B7A
0000000137BC
0000002EF580
FFFFFFFCB542
0000004A75D8
0000000BEBEF
000000179C71
00000030DCB7
FFFFFFF2F1F1
FFFFFF3D29CC
FFFFFFCB5CBA
FFFFFFA5F3E8
FFFFFF54F589
FFFFFFDE7AF8
FFFFFFFC26D7
00000021088E
0000004615A2
0000001F1922
0000006579EC
00000011D632
0000001277F0
FFFFFF6D388B
FFFFFF946A0B
FFFFFFE08021
FFFFFFB960A3
FFFFFFB5EBB5
FFFFFF391E9E
FFFFFFA035CD
0000004B3216
0000002C049C
00000032471D
00000007A254
0000001A4E07
0000001F84C7
00000011CE32
FFFFFF2D655B
FFFFFFC5C162
FFFFFFF66AEC
FFFFFFBDF60C
FFFFFFDBC3CA
FFFFFFA0E423
FFFFFF34B7C9
FFFFFFB3A4BE
0000002CED88
000000383B39
00000012F077
000000004203
00000037BF81
0000006292E6
FFFFFF8B06C5
FFFFFFF4D652
0000000D7808
FFFFFFE89332
FFFFFFCE5EEB
FFFFFFD639A8
FFFFFFA08F43
FFFFFF5E786C
FFFFFFED3929
00000033640A
0000002EDCEC
0000002369F5
000000417705
0000005F233D
FFFFFF5D08E0
FFFFFFF0D216
FFFFFFC06188
FFFFFFD53D9A
FFFFFFE7101B
FFFFFFD8C2F4
FFFFFFEF4D73
FFFFFFB3D2C0
FFFFFF8FAE39
00000046259E
00000059FFE0
0000001EC610
0000005C1153
0000004C6578
FFFFFFDA4267
FFFFFFA4851F
FFFFFFE79F47
FFFFFFFC15F6
0000000C4947
FFFFFFBF4FCB
FFFFFFC76AAE
FFFFFFB9F5FF
FFFFFF5F2820
FFFFFFD26FBB
00000045756B
00000013B7BB
0000003EAA73
0000002DDD20
00000045D2B2
FFFFFFB2D959
FFFFFFB835BD
FFFFFFAB7068
FFFFFFF6DC75
FFFFFFFAD6AC
00000002DE15
FFFFFFEBC288
FFFFFF9B47DB
FFFFFF69255D
FFFFFF898830
FFFFFF773378
FFFFFF596053
FFFFFFB04CDD
00000053769B
00000029CCA3
FFFFFFD36C8B
FFFFFFA6F05E
FFFFFFB9E4F7
FFFFFFEC0FBE
FFFFFFAA487E
FFFFFFEC1DD0
FFFFFFBB640C
FFFFFFBE54C5
FFFFFFB714D2
FFFFFFB2CCBC
FFFFFF5B9C76
FFFFFF44F508
0000007ECB61
00000055E442
FFFFFFF6C7D6
FFFFFF962251
FFFFFFD6F31E
FFFFFFC6229B
FFFFFF77D5A0
FFFFFFED5A4F
FFFFFFE718EE
FFFFFFF267B5
FFFFFFF2815C
FFFFFFD1D38C
FFFFFF98FCCA
FFFFFF8D929B
0000003AB255
00000038E279
FFFFFFD32BDB
000000251204
000000689E0D
FFFFFF96262B
0000001D87D9
FFFFFFBF20F4
FFFFFF9A95E8
FFFFFF73463C
FFFFFFB92403
FFFFFFB299D6
FFFFFF695A45
FFFFFF4DF670
00000026041E
000000365987
0000004BD7E4
0000006735B4
0000007BBFDA
0000001CCBA0
FFFFFFE8F665
FFFFFFB5D8D4
FFFFFFC3701E
FFFFFFE35B8B
FFFFFFFC7456
0000003DD609
0000002D27B8
000000019105
FFFFFF51C1FF
FFFFFF5A72A2
FFFFFF6DE977
FFFFFF3EDE79
FFFFFF53B597
FFFFFF8B43DD
FFFFFF86D9F2
FFFFFF7F304E
FFFFFF15458E
FFFFFF4A371C
FFFFFF49B71D
FFFFFF65D44E
FFFFFF537B7B
FFFFFF49A332
FFFFFF7F0C0F
FFFFFF6F58F4
FFFFFFDEE4CE
FFFFFFA62016
FFFFFF64524A
FFFFFF6AF605
FFFFFF7671DD
FFFFFF67E65C
FFFFFF56A483
FFFFFF5E457C
FFFFFF4E12A9
FFFFFF7722FF
FFFFFF6D289E
FFFFFF311A0F
FFFFFF5D7B03
FFFFFFAE9923
000000174AD9
0000006AB5C7
0000000F64A8
FFFFFF6A2491
FFFFFF726DED
FFFFFF962B57
FFFFFFA7ADD6
FFFFFF9621CE
FFFFFFA05F32
FFFFFF6D2581
FFFFFF790329
FFFFFF61D121
FFFFFF6A9896
FFFFFF6A27A7
000000087C2C
0000003CFFB4
000000529A84
FFFFFFE07A09
FFFFFF44A67B
FFFFFF8CBE02
FFFFFF652C82
FFFFFF94A74E
FFFFFFB2B20F
FFFFFFBA077D
FFFFFFD3587F
FFFFFF8F4539
FFFFFFA181D5
FFFFFFDEDB49
FFFFFFE30392
000000556EF7
0000007DBFFA
0000006F54FA
FFFFFF4F9784
FFFFFF58E406
FFFFFF753034
FFFFFF805462
FFFFFFA0FFEF
FFFFFFBA75CE
FFFFFFD1770A
FFFFFFDF0758
FFFFFFF24A6A
000000882CF2
0000006AC425
0000007AE66F
0000007BA23D
000000AF3E51
000000443D85
FFFFFFBE7AB2
FFFFFFDB071E
FFFFFFCD0DD4
FFFFFFECCCB1
FFFFFFDD7873
FFFFFFF3FDE6
FFFFFFD1D3D7
FFFFFFDF83EE
000000797D53
000000768443
000000757B7E
0000007CA000
00000090E167
000000C5823E
00000050E92B
FFFFFFA9CE24
FFFFFFE59487
FFFFFFE43B3A
FFFFFFE7E750
FFFFFFF0483E
FFFFFFDCC849
FFFFFFF4026A
0000007502DA
0000007A0677
00000070A74F
00000066EC9D
0000006E11AD
000000961E1B
000000A9C4F5
FFFFFFFF4A4A
FFFFFFBC725D
FFFFFFECED1F
000000053B6F
FFFFFFDB4D5C
FFFFFFCBD9C4
FFFFFFEBB648
0000004DD668
0000006EBC4E
0000006E1C68
000000541D37
0000007C8B55
000000944ED2
000000B279C9
0000006B8136
FFFFFFB5DE1A
FFFFFFD0C165
FFFFFFDC7D59
FFFFFFC5F1D7
FFFFFFCC1576
FFFFFFB66B65
FFFFFFE43F60
0000004ED679
0000003CA63A
0000006831C5
000000892AE5
0000009104E8
000000ABB3E1
000000AAA141
00000045D698
FFFFFFE48C75
0000001AE841
000000290557
FFFFFFD097C5
FFFFFFD04610
FFFFFFCAAA5F
FFFFFFF7AC51
000000285249
00000051F8C5
0000008E1523
0000008BCC61
000000A58A7E
000000B8D4FE
000000AA9572
00000092D536
00000082F0FE
000000B155B4
00000015D4D0
FFFFFFA3854B
FFFFFF98A688
FFFFFFA6153D
000000099375
FFFFFFD0E6CB
0000003EEA30
0000006582DA
00000094DE58
00000097D103
0000008FE8EF
00000080A24A
000000951783
000000AEACF7
0000005F9BFD
FFFFFFA9B220
FFFFFFB891F3
FFFFFFAA659E
FFFFFF7973C9
FFFFFF8F2CBD
FFFFFFC77D33
FFFFFFFF0E0D
0000002926C5
0000006D5760
0000006F05C3
000000295E51
000000080325
0000002D6F9C
000000482A07
FFFFFFB4B24A
FFFFFFA56D6A
FFFFFFA4B131
FFFFFFA64CB7
FFFFFF8F3D59
FFFFFFA49899
FFFFFFAD550B
FFFFFFB20B83
FFFFFFA63D5A
FFFFFF7971FD
FFFFFF98FEF5
FFFFFF9A46A1
FFFFFFC6FABF
FFFFFFAEC76C
FFFFFFE7874A
00000028EAF7
FFFFFFF17C2B
00000020448A
FFFFFFD5A033
FFFFFFF198F2
FFFFFFDAC88D
000000164400
FFFFFFFAE556
00000049E397
000000405B0E
000000240F0F
00000047D8C8
0000003843E5
0000000D7DE2
FFFFFFFE8722
0000001D705B
00000023790A
000000143924
0000000D950F
FFFFFFECB5FB
FFFFFFC59706
FFFFFFF50445
00000010DB66
0000002A84F2
0000001C3331
00000010383B
000000206912
FFFFFFF23D9B
0000002FBF81
0000000DFEA3
00000006CF1A
0000003BD197
000000438B00
0000002D79DF
FFFFFFF98927
000000104CC8
FFFFFFF9F20C
FFFFFFF475AA
000000150840
FFFFFFE7A6C5
FFFFFFD5A6E6
0000002D7630
00000017667F
FFFFFFF184A6
FFFFFFCC0A3E
000000084973
000000009B97
0000001EE527
0000002A032D
00000015C6AD
0000000B62C0
FFFFFFEFE6E5
FFFFFFD7C807
FFFFFFEF9460
FFFFFFC772AB
00000026D892
000000179D75
FFFFFFB76291
0000000BE22F
00000014CE40
FFFFFFFC0067
000000123372
FFFFFFE4613E
FFFFFFEF7BCE
000000003E65
FFFFFFC786AC
FFFFFFDF5D04
FFFFFFE0FBDF
FFFFFFE9D659
00000027DF58
0000000B317E
FFFFFFF2EC06
000000270993
00000020FFA1
0000000E700D
FFFFFFF6EBC0
FFFFFFDB0039
FFFFFFD70870
FFFFFFD095F1
FFFFFFC2AA74
FFFFFFCD5CA6
FFFFFFD6A77D
FFFFFFBBE0CF
0000003156BA
00000001FCD6
00000006DA22
000000210DA8
0000003CD3BF
0000002072F7
000000079F74
FFFFFFF51782
FFFFFFE411C5
0000001CB863
FFFFFFF29868
FFFFFFE4D347
FFFFFFBDCE00
FFFFFFD8C1C4
FFFFFFF5DEE3
FFFFFFF3DC51
FFFFFFECEF7E
FFFFFFF6393D
000000047818
000000054198
0000000E343A
FFFFFFFC83BE
FFFFFFE59CC6
FFFFFFE2BC48
FFFFFFB41440
FFFFFFCFBC73
FFFFFFDADE2C
FFFFFFD8CB39
FFFFFFC9BBCC
FFFFFFFE49BD
00000007B669
FFFFFFEFA2F1
FFFFFFD67F81
00000011F58B
000000166864
FFFFFFFFDE4D
FFFFFFF258B8
FFFFFFD70B69
FFFFFFB18A32
FFFFFFD3D746
FFFFFFAE8AFF
FFFFFFAEBD19
FFFFFFB92440
FFFFFFEC0E66
0000001E9D6C
0000001E19E4
FFFFFFE14B34
000000119094
0000003C1693
FFFFFFFB249A
000000007041
FFFFFFF56399
0000000C7B3A
00000001FC70
FFFFFFCE0E92
FFFFFFCDB797
FFFFFFA06CB6
FFFFFFEA8253
0000002D429E
0000005383A6
FFFFFFEF472E
FFFFFFDEC837
00000020F22E
0000000C94E3
00000016FF65
000000431BE1
00000023FE56
0000000C1CEB
FFFFFFE8B65B
FFFFFFD64257
FFFFFFD6D63F
0000001754D3
00000006635B
0000001C19C7
FFFFFFEC3BC4
00000011B704
0000002C092B
FFFFFFF41497
00000020B991
00000000F6B9
000000295256
00000011CA41
00000000607E
FFFFFFC5C751
FFFFFFC31FD3
FFFFFFCB7C0A
FFFFFFA91215
FFFFFFB56887
FFFFFF9A0175
FFFFFFF1CA86
FFFFFFC427A9
FFFFFFE84990
00000023C8EB
FFFFFFEC17D1
FFFFFFF403B4
000000007837
FFFFFFD90681
0000000CBE15
FFFFFF94176D
FFFFFF97364F
FFFFFF90D349
FFFFFFAE1670
FFFFFFCC929C
FFFFFFD52DD7
FFFFFFA46EA9
FFFFFFD0332F
FFFFFFD31170
FFFFFF9F9872
FFFFFFD0499F
FFFFFFA79EE9
FFFFFFC23199
FFFFFFC7248D
00000014966C
FFFFFFA77308
FFFFFFED0A57
FFFFFFA39338
00000004D8FF
000000092465
0000002BB22E
FFFFFFE7A665
000000005E5A
FFFFFF8F7372
FFFFFFB0BF92
FFFFFFC603C0
FFFFFF80D8A5
FFFFFFB9FF83
FFFFFFBB01FD
FFFFFFE092B8
FFFFFF975490
FFFFFF88E1F9
FFFFFFC0F6F4
FFFFFFC4A05B
FFFFFFF974A4
00000023FE61
0000000AA7C6
FFFFFFDD356E
FFFFFFAC7982
FFFFFF9D1E7B
FFFFFFB7B844
FFFFFFB8D16A
0000001324B2
FFFFFFC9F28C
FFFFFFB233C6
FFFFFFB10E69
FFFFFFB4980A
FFFFFFB56C5E
FFFFFFB0F55F
FFFFFFDEAA9A
FFFFFFEE08A1
FFFFFFE41DD3
FFFFFFFDCE40
FFFFFFD7D318
00000041E009
0000004049B3
FFFFFFDF1963
FFFFFFCCB8F5
FFFFFFE3C46C
000000036FB0
FFFFFFF857BF
FFFFFFF2454E
FFFFFFCD6B25
FFFFFFB0CEC9
FFFFFFD3E551
FFFFFFC8702B
FFFFFFE85B92
00000046D303
000000354DCF
0000003BEF3F
0000000030DA
FFFFFFDE6AEF
00000073CF96
FFFFFFE0E8FA
FFFFFFEC49CF
FFFFFFFFDEDE
FFFFFFF27A04
FFFFFFEF0CBD
0000000910DD
FFFFFFEF65AF
00000035A184
0000001631DB
00000038EDAD
000000551309
FFFFFFB3023C
FFFFFFA9CA71
FFFFFFF06F3A
FFFFFFCFBE61
FFFFFFF354BE
FFFFFFD60393
FFFFFFEE8B34
0000002E373A
0000003BC25F
000000598F0B
0000004E1B48
0000002932A1
00000051CE16
000000597C13
FFFFFF958738
FFFFFFC996C7
FFFFFFDD42F3
FFFFFFC92633
FFFFFF9DD95B
FFFFFFC6A74E
FFFFFFD5727A
FFFFFFE4C2E9
0000004FFE0E
FFFFFFF09F4B
000000208FAC
0000001A8F17
0000006DF995
0000003DE390
FFFFFFDC20DB
FFFFFFBB6222
0000000262DD
FFFFFFFC560F
000000040E07
FFFFFFF7EFE4
FFFFFFEA66F1
FFFFFFCC1CD8
00000006ACC4
0000000EEFD0
0000005C0CF8
0000003F9716
00000031290D
0000004D3B11
00000047DBE2
FFFFFFEA116F
FFFFFFFB3703
FFFFFFEA64D8
0000002059A0
FFFFFFD64F9B
FFFFFFE715C2
FFFFFFD2BE06
FFFFFFFA189B
0000002538FD
0000005DA373
00000021DE2B
00000055B7AD
0000006DDC7D
00000092DF84
000000218F22
FFFFFFBCB18D
FFFFFFE10556
00000034B608
FFFFFFD77BD0
FFFFFFBB32A3
FFFFFFF7D453
FFFFFFD421D9
FFFFFFED9BB8
FFFFFFF12150
FFFFFFFACC1A
00000025BA63
0000004968B3
000000B25022
00000041DC7A
FFFFFFC4BBC2
FFFFFF78D64F
00000003FC49
0000003C5072
FFFFFFFC9088
FFFFFFF70A1E
FFFFFFC76E09
FFFFFF942CDA
FFFFFFCF5357
FFFFFFD747B4
00000008B276
00000039412C
00000052D443
0000001F724B
FFFFFFD08558
FFFFFF97E64D
FFFFFFE60C9A
FFFFFFC36D04
FFFFFFB3B1C4
FFFFFFF79382
FFFFFF9CAA42
FFFFFFE604DD
FFFFFFBFB0D4
FFFFFFD7184C
FFFFFFCEA09E
00000024B07B
00000056BF3B
0000002EE90E
00000065F209
00000066B8BB
0000007C42FF
FFFFFFECC7B9
0000000C3C10
FFFFFFD61AFA
FFFFFFC1B260
000000130AFF
FFFFFFF2C01F
FFFFFFEFF903
0000003D3172
00000015DDD2
000000B33011
0000006B2F94
00000085D4CA
0000004B7CC8
0000005EFDE0
000000536A18
00000072E568
0000005BFD68
00000043F142
0000008EF26E
00000054EFEE
000000891B0F
00000068BFE1
0000007C9EB4
FFFFFFEA697D
FFFFFFA5A4A5
FFFFFFB44784
FFFFFFA6E806
FFFFFFB5FF8E
FFFFFFB08D6B
FFFFFFEF1F38
FFFFFFA9550E
FFFFFF858AB5
FFFFFFA8DB0D
FFFFFFAC6F8E
FFFFFFD5C6D4
FFFFFFB305FC
FFFFFF838DA0
FFFFFFC8DF78
FFFFFF7E6BC9
FFFFFF8BE5B2
FFFFFF8F3465
FFFFFF9C7864
FFFFFFC8FA13
FFFFFFF34DAB
FFFFFFB754C2
FFFFFF9A3E7E
FFFFFF8ECDCA
FFFFFF7020B3
FFFFFFC34C41
FFFFFFB87F1B
FFFFFF50CCE0
FFFFFF9D5AD0
FFFFFFBF853C
0000000927C8
00000021229A
FFFFFFDD3290
FFFFFFC6E90F
FFFFFFDD95C9
FFFFFFC575AB
FFFFFFDFF67E
FFFFFFC88DFA
FFFFFFB62153
FFFFFF922F2F
FFFFFF8E81BA
FFFFFF8E31B0
FFFFFFCBEA8F
FFFFFFC0E19F
00000010AEFD
00000013D4C4
FFFFFFF5F2ED
FFFFFFB40020
FFFFFFABCC60
FFFFFFD476DF
FFFFFFB8A495
FFFFFFA709AB
FFFFFFC65496
FFFFFFCCB2F4
FFFFFFB12D52
FFFFFF7710A5
FFFFFF8816CA
FFFFFFA6F317
FFFFFFB11B62
FFFFFFE01DC6
000000404C5A
000000266A78
FFFFFF746DF6
FFFFFF91D5D6
FFFFFFBB9434
FFFFFF9B69FE
FFFFFFBD756D
FFFFFFE8B560
FFFFFFE50388
FFFFFFDEF067
FFFFFFB7DC3A
00000016974F
FFFFFFEA1B47
0000003388C2
0000005049DF
0000005DB01F
FFFFFFCDC7F6
FFFFFF861523
FFFFFFD840B1
FFFFFFF2BFCA
FFFFFFF64A74
FFFFFFF95E78
00000039F771
FFFFFFFEB674
FFFFFFE6E14F
00000006D0CE
000000290DB4
0000001E28ED
000000400DDD
0000005AC2F2
00000091358F
000000063C2C
FFFFFFFF9134
0000001405F4
FFFFFFFE2DAD
FFFFFFFC2283
0000002B3147
00000026D66D
FFFFFFBF3573
0000001B24D8
00000043E7E7
0000002765BA
0000000C2D75
0000002AAEFB
0000008D9A71
00000094899F
FFFFFFE9BFD7
0000000768AF
00000021DED4
0000002522D0
0000000C858E
0000002F4043
FFFFFFB5533F
FFFFFFB6DD79
0000001332E0
000000170682
000000247FDE
0000004AE2F4
000000648395
00000083D8F8
00000038825E
FFFFFFDACF41
FFFFFFF7740E
FFFFFFEAE458
FFFFFFECF07E
0000000AEBDA
00000032389A
FFFFFFB7B248
FFFFFFF76D3D
FFFFFFE2F615
0000003099D3
000000412F4D
0000004A60DB
000000595697
000000900EB9
000000078323
FFFFFFBD051B
FFFFFF989D78
FFFFFF9D86A4
FFFFFFDD32A7
000000235E45
FFFFFFFEBB06
0000001B613D
FFFFFFAB289C
FFFFFFF6F411
0000002367C3
0000003F705F
00000046E641
0000006D8FAC
0000006A5E03
000000394A63
00000034CB44
0000001973ED
FFFFFFAAA534
FFFFFFF7413D
FFFFFFB09C22
FFFFFFE0AA99
FFFFFFBD13B8
FFFFFF9D543E
FFFFFFE6E19D
000000037CC7
0000002688B5
00000056CED7
000000682A65
0000002724B9
00000034421D
0000006E6489
FFFFFFDC6ADD
000000149603
FFFFFFC6B6E5
FFFFFFA0D517
FFFFFF9AE3C0
FFFFFF95BC41
FFFFFFA8B6E6
FFFFFFB174E3
FFFFFFDC4BA4
FFFFFFFCCD49
0000000773E2
FFFFFFA6635B
FFFFFF9640A0
FFFFFFD864AA
FFFFFFED96CF
FFFFFFE4E50D
FFFFFFCEEE4F
FFFFFFC22BC4
FFFFFFCEC7DF
00000000445C
FFFFFFEC7E68
FFFFFFB3BF2E
FFFFFF7F48EF
FFFFFF8B9F65
FFFFFF89D050
FFFFFFC83F12
FFFFFFDE58E7
FFFFFFEF730D
FFFFFFBA686B
FFFFFF933F1B
FFFFFF9DDB42
FFFFFFCC90A6
FFFFFFC2C1D7
FFFFFFB95B17
FFFFFFDC08AB
FFFFFFF0CE2A
FFFFFFF44BE6
FFFFFFCCF621
FFFFFFCF0FBE
FFFFFFCB4D16
FFFFFFBD1618
FFFFFFC2D40A
FFFFFFA19508
FFFFFFA1A7C9
FFFFFFC44203
0000001806F0
00000001E511
FFFFFFD2841B
FFFFFFB41C38
FFFFFFC4CEB6
FFFFFFE937A5
FFFFFFB5E880
FFFFFFC5C4C5
FFFFFFC7BCFA
FFFFFFACB802
FFFFFFCD0DB2
FFFFFFB68E44
FFFFFFB55E8E
FFFFFFDEE82C
0000001BEDD2
0000002ECA3F
0000002D8ACA
FFFFFFDF2798
FFFFFFBD3722
FFFFFFD7E33F
FFFFFFC955AA
FFFFFFBE78ED
FFFFFFC429CA
FFFFFFDAE6A6
FFFFFFBBEE80
FFFFFFC4CE5C
FFFFFFB51EED
FFFFFFF4A84A
0000002D3E7E
0000001F416E
00000047973E
FFFFFFFBEB62
FFFFFFC43B5E
FFFFFFBAE1EA
FFFFFFB7EBBD
FFFFFFBFC69B
FFFFFFD6FB9A
FFFFFFD99EF4
FFFFFFBD64C4
FFFFFFD6B047
FFFFFFCEAB88
00000000C893
0000000227FA
000000052CDF
0000000D8C8F
00000006B5AC
FFFFFFD80E6E
FFFFFFC400A7
FFFFFFE7A5D2
000000012CCF
FFFFFFE4C2F1
FFFFFFE09FE0
FFFFFFE0B9C3
FFFFFFF3E32A
FFFFFFEE82D1
FFFFFFFAA096
FFFFFFF2A1C7
0000000A2324
00000013547F
0000002BED8D
0000001BD3EF
0000000987FC
FFFFFFD5056A
FFFFFFDB7929
FFFFFFD805ED
FFFFFFD726E7
FFFFFFD130A8
FFFFFFDD14A7
FFFFFFFDC7AC
FFFFFFFD7396
FFFFFFF1CB32
FFFFFFFDDB2C
000000129FBD
0000001C40D6
00000020EF4E
000000189F5E
FFFFFFCD37CD
FFFFFFD12362
FFFFFFB6722A
FFFFFFBE3078
FFFFFFCB4D79
FFFFFFCC01C4
FFFFFFDB3374
FFFFFFF03E3A
FFFFFFF6D41B
000000090B76
00000014BAD9
0000000EAD01
FFFFFFFAA053
000000114622
FFFFFFFCE137
FFFFFFE7FB00
FFFFFFC38DB7
FFFFFFB1BFF6
FFFFFFD9EF29
FFFFFFBAD0C8
FFFFFFCE94FE
FFFFFFF0CED6
000000038712
FFFFFFFEA446
FFFFFFD12E75
FFFFFFE89A3F
FFFFFFF622A4
0000000D33C6
00000028B031
FFFFFFE05E2C
FFFFFFC1FFA0
FFFFFFCD0FFD
FFFFFFCA6BA8
FFFFFFB3C88C
FFFFFFC1C4EF
FFFFFFF03C9B
000000128326
00000009AD84
FFFFFFD39A1D
FFFFFFE82A60
000000073004
000000070BD9
00000010A3AD
00000018AC96
FFFFFFF30BB6
00000002657D
FFFFFFEE3B31
FFFFFFD77C2D
FFFFFFC1F4DF
FFFFFFC7DAD7
00000003B93B
00000013C0DD
FFFFFFF9F89A
000000020531
00000017A02A
000000076CA0
FFFFFFFD210E
0000001AE540
00000009B9F6
0000001BFD26
FFFFFFE700CE
FFFFFFCCBA4E
FFFFFFC16D01
FFFFFFDF14A3
00000005A985
FFFFFFF6FC76
FFFFFFF58748
FFFFFFFB6173
FFFFFFF55726
FFFFFFF50DA0
FFFFFFFC5D59
FFFFFFFF9925
FFFFFFE9E218
FFFFFFEC8538
FFFFFFEE47E5
FFFFFFD0D762
FFFFFF9BBAC0
FFFFFFBB2EA6
FFFFFFE5EAA9
FFFFFFA50F5A
FFFFFFBE015D
FFFFFFD18A6C
FFFFFFE34C90
FFFFFFE673DE
FFFFFFECA8E7
FFFFFFDA6539
FFFFFFCD54DF
FFFFFFD5B254
FFFFFFDBDE62
FFFFFFF22BE7
FFFFFFAD214F
FFFFFFCDB907
FFFFFFD8922F
FFFFFFDA29C1
FFFFFFC54F7F
FFFFFFB892EC
FFFFFFB78E6D
FFFFFFCD1989
FFFFFFC332C7
FFFFFFA78F6E
FFFFFFB71F9F
FFFFFFB15A89
FFFFFFCE8C2C
FFFFFFD1DBFA
000000262B1F
0000002A4147
000000403DB6
0000002774AC
00000006C57C
FFFFFFFDA35A
0000004A80F4
0000005ACA20
0000005FC0D4
000000641E2C
000000241F32
00000020D28F
0000001A6679
FFFFFFEE29AB
FFFFFFEF80A7
000000173BCA
00000039153C
00000011DE0E
FFFFFFE9CC2A
FFFFFFD8EBFA
00000029E14E
000000714A20
000000524A40
000000115DFB
000000281B18
FFFFFFEE9E11
FFFFFFAD19BA
000000149F23
FFFFFFFCB6B8
FFFFFF940BB3
FFFFFF9061EA
FFFFFFFEF9A8
FFFFFFDF5949
FFFFFFFE6A2F
0000005AE935
000000225C64
00000039E4CE
0000001582CD
FFFFFFFC5D77
FFFFFFF2DBBE
FFFFFFED4EB3
00000019DB6C
000000112F10
FFFFFFD930D3
FFFFFF820411
FFFFFFC6F199
FFFFFFED0C2C
FFFFFF9995AF
0000001AA990
0000001CBBA0
00000013843E
FFFFFFFA6A5A
000000017973
FFFFFFF1A54E
FFFFFFCC5F7D
0000000409F6
00000018BB62
FFFFFFA8A76D
FFFFFF71E448
00000007C19C
00000072657D
FFFFFFF44099
FFFFFFC0D772
00000012DCC5
000000018864
FFFFFFEFD0C0
00000008ABA6
00000004E7E8
0000000C703F
000000336BFE
FFFFFF28626D
FFFFFF924781
FFFFFFE5FC52
000000790CBE
00000079C4B8
0000002C48C3
00000005135A
00000032491E
0000003E3DFB
00000018ACAB
FFFFFFF72A4B
FFFFFFFE30E5
00000058E188
0000006B4B41
FFFFFF5C3949
FFFFFF9E48BC
0000002707DD
0000008B1631
0000006E5F04
000000363458
00000038FD54
0000003C1F51
0000005F7C11
0000003BDE73
0000004E0AF5
000000385616
000000498667
000000654AF5
FFFFFFF29339
0000003FD343
0000007F7BFF
000000849CCC
0000004DC4FE
00000058FDBA
00000092A1C5
0000003C4F8A
000000053E7F
0000005360B8
000000731D55
0000005C0C4F
0000002F7BD4
00000060C938
000000705DF2
00000023BB07
000000600CD2
00000032B6F5
0000005E99D4
00000080B869
000000844982
00000052631C
0000001BA4B3
0000002B686D
00000048239D
0000005D29FC
0000006462F4
000000580FF4
0000006A96D7
0000002EA035
000000368F27
00000063CEB3
000000A644D7
0000006368D9
0000002660AE
000000480EF1
00000075FD94
00000023E052
000000330882
0000002B0762
FFFFFFCC652D
FFFFFFFECB17
0000009D7F91
0000003A3780
00000074D51A
0000005E24A0
0000002DC0A9
FFFFFFE59592
FFFFFFE87DC6
0000000D1A5D
00000012C2CA
0000002DD86A
0000004580F0
00000039E537
FFFFFFBC9BC9
FFFFFF6239FA
00000076EDB6
0000002DFDB3
0000009A8F6C
00000080EBB1
000000567BED
00000068949F
0000006AFB63
000000756044
0000004A1ADF
000000407E23
000000691F66
0000003D2CEA
00000015CF49
FFFFFF4B7140
0000006BE721
0000005D7675
0000007B8EC1
0000002B6EF4
000000481195
000000120CF9
00000050A154
00000098495A
00000013142E
FFFFFFF1F31F
FFFFFFDD2B61
000000338AA8
0000004A90D3
FFFFFFF4EC62
000000973A52
000000573DFE
00000042EDC1
000000259BA1
00000064AD6F
000000851815
00000075C2FF
000000C99A0F
0000007E8F1C
0000004D3CCF
0000008DA3B0
0000004772FF
000000635042
000000A5CCF6
000000313F55
00000010883D
000000061AF2
FFFFFFBE710A
FFFFFFB7D645
FFFFFFC855B2
FFFFFFB45E9F
FFFFFFCCFB06
FFFFFFB95D4D
FFFFFFC365DD
FFFFFFAA1A39
FFFFFFABC959
FFFFFFB5F913
FFFFFFC115A8
00000063E5A4
FFFFFFD78D93
FFFFFFB2B22E
FFFFFFCA33FC
FFFFFFE6297F
FFFFFFD69DD7
FFFFFFB805C0
FFFFFFA56EA9
FFFFFFAC935D
FFFFFFAB2799
FFFFFFBF7E51
FFFFFFD6ABEF
FFFFFFEC0F6E
FFFFFFFD2E6F
FFFFFFDBD443
FFFFFF70C68A
FFFFFFABDBAE
000000328310
FFFFFF848A24
FFFFFFB590C6
FFFFFFD4C219
FFFFFFB4DD5C
FFFFFFE9D4E8
FFFFFFDDED91
FFFFFFDF875D
FFFFFFAD0568
00000006B6AB
FFFFFFB574E0
FFFFFFCC44D3
FFFFFF232C64
FFFFFF71419A
FFFFFFF062B6
FFFFFFB60B82
FFFFFFC076D9
FFFFFF93331B
FFFFFFABAD4C
FFFFFFC1962A
FFFFFFC7E26C
FFFFFFD8D39D
FFFFFFFF7186
000000382E9A
FFFFFFAF4A6A
FFFFFF931D42
FFFFFFB92727
FFFFFFB99452
FFFFFFFFB7EC
0000004D6D7E
00000023B2AC
FFFFFF8DB89F
FFFFFFBE1FE9
FFFFFFCCB881
FFFFFFD01067
FFFFFFFF9722
FFFFFFE97D6E
0000001C3007
0000002C6035
FFFFFFA6925C
00000022494A
FFFFFFF6CC6E
0000003134A7
0000003714A9
00000064EDBF
FFFFFFF5B48A
0000000333A6
00000034983C
000000446E70
0000004399C6
FFFFFFFF9C6E
FFFFFFE0F3EC
FFFFFFD9E6C2
FFFFFF9ECDC5
FFFFFFFC8F85
000000404CF0
0000002C64BC
000000219E59
0000002E17F8
000000A385F8
0000002C6D32
FFFFFFC3D859
0000000C096D
00000015EB66
0000000E7F5F
000000254FF3
FFFFFFEFF98B
FFFFFF89A740
0000001B4BE7
0000000BF23D
0000001DCA5A
FFFFFFE23C71
FFFFFFF3289A
00000038566D
00000081ACAE
FFFFFFF0C32C
FFFFFFEFFE03
0000002E348F
0000001EC486
FFFFFFCF4332
FFFFFFFB83D1
FFFFFFB6189C
000000042A2F
FFFFFFF1ED0D
000000109F88
FFFFFFD656FA
0000000004D8
000000471D2F
00000070F960
0000004D6023
FFFFFFE71BD7
FFFFFFFCE9BA
FFFFFFF4AB8F
FFFFFFFBFF8B
FFFFFFF62554
FFFFFFBA86D5
FFFFFFC550EA
00000003F4DD
FFFFFFF7B0D8
0000001AD27A
0000002EF66D
0000005C07C8
00000067DDBE
0000007B81C3
FFFFFFFB9D9D
FFFFFF92AED6
FFFFFFBDB5BD
FFFFFFFD0077
FFFFFFE1F712
00000003AAC0
FFFFFFFF2E98
FFFFFFDCE904
FFFFFFB871DA
FFFFFFFBED70
0000002AFB3A
000000164104
0000001F1BA6
0000005D132C
0000002579D2
0000002291AA
0000004AAFAD
00000059F969
FFFFFFC7501B
FFFFFFE12FAA
FFFFFFC19C55
FFFFFFCEB66F
FFFFFFA897C1
FFFFFFB4759D
FFFFFFC7C55A
FFFFFFE0E94C
000000177CD2
00000036CA87
FFFFFFE22569
FFFFFFF45580
00000018261D
00000055CDAA
FFFFFFCA05F7
FFFFFFF4F121
FFFFFFE76828
FFFFFFBAFCB5
FFFFFFA4EB32
FFFFFFB2E6FC
FFFFFFB7398D
FFFFFF877AA2
FFFFFFB7FC8B
000000018360
00000008C961
FFFFFFCD7C35
FFFFFFB71BDE
FFFFFFD1F2A8
FFFFFFE47F47
FFFFFFD439FB
FFFFFFB15B7B
FFFFFFB8FF15
FFFFFF937298
FFFFFFB829D3
FFFFFFBF3F5A
FFFFFF954D0F
FFFFFFC8A6B1
FFFFFFA8E069
FFFFFF8FF221
FFFFFFC6D3B4
FFFFFFA5709B
FFFFFFC97DA5
FFFFFF9EC2DC
000000076BA2
0000000AF0B9
FFFFFFCD177D
FFFFFFB3DF70
00000012348F
FFFFFFFD39C5
FFFFFFDB5BAF
FFFFFFF9A4C9
FFFFFFD437B9
000000215764
00000018BA51
000000086552
000000063A63
FFFFFFD01F64
FFFFFFEB8241
FFFFFFBAFBEE
FFFFFFB6AFB9
FFFFFF64388A
FFFFFFAAB6A2
FFFFFFCD809B
FFFFFFD0B9C1
FFFFFFEF531C
FFFFFFBEDD14
FFFFFFD7EDC2
FFFFFFEC18BC
FFFFFFEFD678
FFFFFFDFD484
FFFFFFE6872C
FFFFFFCADEB2
FFFFFFB1B504
000000170F82
000000087411
FFFFFFC00170
FFFFFF8DA195
000000072233
FFFFFFFC759E
00000018F1C3
FFFFFFFDAC67
0000000A34C9
FFFFFFDED784
FFFFFFEE6F91
FFFFFFDCFFCB
FFFFFFC3F02A
FFFFFF802F7C
FFFFFFDB256B
FFFFFFDFA83C
FFFFFFECA044
FFFFFFA197AC
FFFFFFC65BC5
00000005EF8D
0000000C7C85
FFFFFFEC0974
FFFFFFF6EF4E
00000016EA27
000000151223
FFFFFFEFB703
FFFFFFD1E65E
FFFFFFB3E4A1
FFFFFFA8C3BE
00000000A46D
000000475BEB
FFFFFFD95580
FFFFFF932DE0
FFFFFFD9F086
FFFFFFC09785
FFFFFFF0231E
FFFFFFF47809
0000000BAFE0
0000001DFC64
0000001478FA
FFFFFFF82C8E
000000358441
0000003B58AF
0000005338AC
000000530188
0000003888A6
FFFFFFBBD8A5
FFFFFFE01B9F
0000003654E5
000000253E77
0000002EF719
0000000475FE
00000020345F
FFFFFFF49CC7
00000007B1A5
0000005394F5
00000063356A
0000006C1AFC
0000007B5559
0000004DDA34
00000054499F
FFFFFFBBAA30
FFFFFFB99B7B
00000028A5B5
0000003497BC
00000030DA71
00000029391C
000000253BFE
0000000FC093
0000006DF320
0000007E9D31
0000006B1677
00000048FB31
0000003C3D34
0000006B6747
00000025687A
FFFFFF9F9BEB
00000024E2B0
00000034FFFD
000000259995
00000013F160
00000017EFC3
FFFFFFC93576
0000000E602E
0000003E4262
0000005F3ABC
0000003A9D37
00000053B240
0000004246DA
00000047738F
FFFFFFCD1532
FFFFFFC93FF9
0000001C0FA1
000000347FB1
000000194FA1
0000000E0D41
FFFFFFFB5DAA
FFFFFFD48927
0000000D6F94
0000001A6B5B
00000025A3C4
0000004BA6B0
0000003FFE1B
00000042DE56
000000345230
FFFFFFD414D7
FFFFFFEC1214
00000020E5A6
0000000AC3FF
FFFFFFE150D8
000000114131
FFFFFFD69BDD
FFFFFFBFC8A7
FFFFFFFE2414
00000019476D
00000040FF4B
000000323D98
000000345D83
0000004793EB
0000003DDB6C
0000001615A5
00000063CC1A
0000003ECF57
FFFFFFBF3841
FFFFFFFEB7CE
FFFFFFACC77A
FFFFFFC07F18
0000001C6F00
0000001B8FAA
0000005240D7
0000004596F4
0000003B1AF6
00000045A53C
00000041CD75
000000457B20
000000549403
000000669C50
FFFFFFC1278A
FFFFFFF5BAB7
00000007047F
FFFFFFFD75DA
FFFFFFF40FD9
FFFFFFC97A53
FFFFFFD439EC
FFFFFFBDBFAE
0000002AAEA4
0000002F033C
00000016D3DE
FFFFFFF6C190
FFFFFFFDB978
FFFFFFFD311C
FFFFFFE7E4B5
FFFFFFEB6322
0000000DE20D
0000000B4240
FFFFFFFC42FA
00000013532E
0000000C6CDA
FFFFFFE79D47
FFFFFFEADE75
FFFFFFFF9F41
FFFFFFF75BB2
00000022520A
0000000E1B98
0000000FC4C1
FFFFFFE46F58
FFFFFFDCAE3E
0000002FB2A9
FFFFFFF2BF4A
FFFFFFC1B193
FFFFFFFDFDB5
FFFFFFF85C2A
FFFFFFF6C546
FFFFFFD66316
FFFFFFC8531B
000000077D22
FFFFFFFDB965
00000016E397
000000166B72
0000002968A3
FFFFFFDFB640
000000153D3F
FFFFFFE65213
FFFFFFA9C0DD
00000038A0AC
FFFFFFE578E4
FFFFFFFAD697
FFFFFFEF24F2
FFFFFFED6D86
000000267AF9
FFFFFFF883C7
0000002A0C2C
FFFFFFF92583
0000001B2183
000000007EA1
FFFFFF7FCD40
FFFFFFF33871
FFFFFFFE96B3
FFFFFFF72124
FFFFFF6A672C
0000001507EF
0000000BFC96
0000000A741D
0000001CC181
000000388A46
0000000DD867
000000258B4E
000000403574
0000000659B3
FFFFFF65D2AB
FFFFFFE26E89
FFFFFFFE7822
FFFFFFCAC4BA
FFFFFF9633F2
FFFFFFF051D2
00000004A40E
FFFFFFDF07EB
00000011F8AD
000000215B3A
0000000B4446
0000003F57F5
000000445F03
FFFFFFCBD661
FFFFFFB43B20
00000051C245
FFFFFFF1FAA3
000000126E06
FFFFFFF36971
FFFFFF8B93D6
0000001DB989
FFFFFFEF0061
00000015455C
0000002C3A99
000000227AC8
00000029CB83
0000003647C1
FFFFFF84FF4E
FFFFFFEEC841
0000001B5A56
000000149070
000000247CAF
0000000963E2
FFFFFFBF00BE
FFFFFFEB0D91
000000480AA4
0000003F825F
0000003B0103
000000298CB8
00000019E256
0000001760B0
FFFFFFA6CCFA
FFFFFFFB6629
0000002EB340
00000031E9E9
00000021E841
FFFFFFFA66C8
000000065938
000000016CFD
FFFFFFD6FE79
0000003B9F8D
0000003A7BDD
00000030B15A
0000001665E3
0000002521FC
FFFFFF9CF0B4
000000297A42
000000242A65
0000005576BA
000000369327
00000013C6BA
FFFFFFFF1713
0000001447F9
FFFFFF9CF024
FFFFFFF98A98
0000004C3AFA
00000034881A
000000257B03
000000190646
FFFFFFD840DB
0000002C5238
0000001CFCE2
00000033A9C6
000000090ECF
000000103FD2
00000015277A
0000001C0588
FFFFFFCD180A
FFFFFFA5624D
00000053530C
0000003A50AD
00000056B53F
0000002B043D
FFFFFFE7EB34
00000008A410
FFFFFFB9A5C2
0000001A30D3
00000019CB8E
00000041CBAA
0000002E21EB
000000475F87
00000009F18B
FFFFFFED7D14
000000076361
000000014AED
00000068A159
000000322EC6
000000199C1C
000000175B94
FFFFFF5491A3
0000000BC858
FFFFFFC0B46B
00000042B4EB
0000002DA4C2
0000002FEB46
0000001CACBB
0000001BAB60
0000001174E1
FFFFFFDAD18B
FFFFFFED77ED
FFFFFFE06CA2
FFFFFFF7AE37
000000207636
FFFFFF7A553D
00000041249A
FFFFFFE5AB6D
00000023B0E7
0000002E761D
0000002DF2AA
0000002FAAEC
FFFFFFF27C5D
000000100784
00000027B5EC
000000154D48
FFFFFFBF667C
0000000E8284
0000004342D4
000000451583
00000047FD67
000000242E8A
00000008DAFB
00000038CF62
000000036E03
0000005154A8
0000005FC243
000000440ABF
00000061522F
00000036B7B2
00000042987F
0000001C8ADE
0000002FD6FA
000000538841
0000002E2E3D
00000027D884
00000034D719
00000038ECF5
00000047B8CA
000000483383
00000048D373
0000003EDF91
000000346530
0000003B1336
0000005E97CA
0000000CED7C
FFFFFFFAB362
0000001C0E0F
FFFFFFBA759A
FFFFFFDDE53B
FFFFFFB6F2AB
FFFFFFF1EA5F
000000398DE0
00000007C38D
FFFFFFF47AE8
00000025C5E0
00000002AC04
FFFFFFD47FCA
FFFFFFB4FF69
FFFFFFCBD560
0000004DBD2E
000000546938
FFFFFF879882
0000002B356E
FFFFFFF04531
FFFFFFCA710F
FFFFFFCC026E
FFFFFFBE716D
FFFFFFAA0E02
FFFFFFEF505D
FFFFFFD1504A
FFFFFFCDFD1D
FFFFFFEE05CC
FFFFFFCF8073
000000189F9D
FFFFFFE5C946
FFFFFF9E44AB
00000022A05B
FFFFFFACC97A
FFFFFFE94A09
FFFFFFF1F502
00000009D524
FFFFFFB2CEE8
FFFFFFDD1C63
FFFFFFECD4EB
00000001F45E
0000001DC5CD
000000359DD6
FFFFFFF66FF4
FFFFFF858470
FFFFFFC6A562
FFFFFFEFC946
FFFFFF590395
FFFFFFD894DB
000000211D23
0000000773B2
FFFFFFADE5C8
0000000F969D
0000003048E3
FFFFFFFDAE78
00000048CF94
000000860DF6
FFFFFFD639CC
0000002192C6
0000002E90BB
00000026F719
FFFFFF9C0E38
FFFFFFB88F45
000000113465
FFFFFFFC05C4
0000001A701B
00000033C22C
FFFFFFFA36F2
0000001B2601
000000207A88
0000002CA3CD
FFFFFFFFF2E9
0000005FF238
000000514C39
000000528BF3
FFFFFFEDF39A
FFFFFF728DBA
FFFFFFDBDDC8
000000281747
FFFFFFEB8E1C
FFFFFFD418A9
FFFFFFEE39A9
0000000730D7
FFFFFFFA6666
00000050CBB8
000000420F41
00000050278C
00000066AB44
0000006625E7
00000045B610
FFFFFFE30B35
FFFFFF481360
FFFFFF9D87E5
FFFFFFDADF2E
FFFFFFF49EF5
FFFFFFF4375B
FFFFFFEFFAC9
000000351E57
00000001AACE
0000002169D8
00000040CE03
00000061F2DC
000000A3514D
0000006ADCB2
0000002624A3
FFFFFFB717F6
FFFFFF7494F5
FFFFFFDE9076
0000000A0AA3
FFFFFFFE52A0
000000245A27
00000009099E
FFFFFF944614
FFFFFFBFA63F
00000036B043
0000007BB050
000000706491
00000038FF47
0000002A2C47
FFFFFFDDC69B
FFFFFF7C98B5
FFFFFF91F9B1
FFFFFFE2BC8A
FFFFFFF760D6
FFFFFFF3B0B4
FFFFFFF55E16
FFFFFFDAAA79
FFFFFF8EDEF4
FFFFFFBC7BC5
FFFFFFC3E9DC
FFFFFFF7844B
00000039B448
0000002369C9
00000011AC62
FFFFFFDC18EF
FFFFFF7615AE
FFFFFFC0BB65
0000003C6D29
000000029B85
000000020765
000000184863
FFFFFFE2DEC5
FFFFFFF677DF
FFFFFFD6601B
0000001DF4CA
0000006A805D
0000002A1744
FFFFFFE57B81
FFFFFFDF0CB2
FFFFFFCD744F
00000009F537
FFFFFFFA19E4
FFFFFFB0A207
FFFFFF92E24E
FFFFFFD46D38
00000004D174
0000000E5C14
0000002D2667
FFFFFFD40B04
000000337604
0000000A59B2
FFFFFFDB361E
FFFFFFD2C9A0
0000002D4417
FFFFFFF0C307
FFFFFFC26119
FFFFFFD1CA53
FFFFFF57778B
FFFFFFEEC392
0000001CDE87
00000066F04C
0000002DBCEA
FFFFFFB184BD
000000177D8C
FFFFFFE98EBA
000000019463
0000001AD258
0000006ABE16
0000000E7E83
FFFFFFFD1563
FFFFFFD6BB34
FFFFFFA57D09
FFFFFFDE0F84
FFFFFFF1173E
FFFFFFDAA152
FFFFFFC0FCC6
FFFFFFECF780
FFFFFFEB00A4
FFFFFFC546FF
FFFFFFE9152E
FFFFFFFEA13A
000000260891
FFFFFFFD85BC
FFFFFFEB03C5
FFFFFFE12B55
FFFFFFB5874F
000000557A9E
00000073C85E
000000315BF6
00000071C153
0000009FD8F3
00000081E121
000000690172
0000006C26C3
000000874E98
0000009FDBDA
00000082AEE3
0000009774D3
0000007F0B76
00000082709E
0000003B0B5B
000000619BD9
FFFFFFECA5FB
0000002755B8
000000742985
00000075343D
00000067349E
000000A8B1C2
000000A172E3
00000091338D
0000007B5B14
0000006DB1F5
00000073F08E
000000848EC1
00000098FF96
00000042900F
0000004BD9D0
FFFFFFDE2F19
FFFFFFE2D98A
000000492726
00000064D69B
00000061D3CB
000000792709
000000766D2E
00000079ACBE
0000007289CA
000000705F98
0000007076E9
00000075D449
0000004BAE9F
000000330E28
00000010FEF6
FFFFFFD20230
0000001CF897
0000008D1036
00000071F9F8
0000006FEF71
0000007CB55B
0000005B671B
00000039F98D
000000366B06
00000049DBA4
0000002DFE2B
FFFFFFF797CD
00000019E5F3
FFFFFFE3B2E2
FFFFFF8BFD5D
FFFFFFBAA385
0000006D16E5
0000006F3888
000000556F69
00000061FE52
0000005A6D85
0000004E87AA
0000003B183F
00000050F5EA
0000001BBB5F
FFFFFFAC2D88
FFFFFFCA8873
FFFFFFA3FE4A
FFFFFF83C1B1
FFFFFF746CFF
FFFFFFD9EC29
00000036AB07
0000004DE93F
000000431B33
0000002F48CA
00000049D0E5
00000021340D
000000470A22
0000001A117D
FFFFFFBABA61
FFFFFFB0AAF7
FFFFFFABAC48
FFFFFFA24025
FFFFFF92444C
FFFFFF67B10F
FFFFFFC7A052
000000496F3C
0000001EFA9E
0000003D68A7
0000004326E3
0000002FE766
00000039159B
0000000B940D
FFFFFFD2B24F
FFFFFFA42F26
FFFFFFA85000
FFFFFFBD1E62
FFFFFFAEFF22
FFFFFF796D39
FFFFFF8C71B5
00000008A0C3
000000460F89
00000049853D
00000034CF41
000000392CD3
00000049F146
000000207308
FFFFFFFADC8F
FFFFFFAE87F8
FFFFFFC05368
FFFFFFC1670B
FFFFFFAD4EC1
FFFFFF817B8A
FFFFFF888141
FFFFFF9C12B1
0000002ECD23
00000042C62B
00000048D8A7
000000473C7C
0000003978F5
0000006C9533
0000004080CF
FFFFFFBAFF9B
FFFFFFB82E52
FFFFFFC7A450
FFFFFFB2615E
FFFFFF90DDA5
FFFFFF872680
FFFFFF93BD13
FFFFFFD208F1
0000001159D7
FFFFFFDCDBC7
FFFFFFFAE13E
000000338782
00000067842D
000000654EB8
FFFFFFDA68E6
FFFFFFE544F5
FFFFFFDE5841
FFFFFFA133F3
FFFFFF9ECA25
FFFFFFB33757
FFFFFF93EE47
FFFFFF821B79
FFFFFF9F9167
FFFFFFA9ECB3
FFFFFFB135F1
00000011496A
000000986FBB
00000062AFE2
FFFFFFE9C615
00000005E5A1
00000011646F
FFFFFFDAF8A1
FFFFFFE58C40
FFFFFFC6B99B
FFFFFF9EE296
FFFFFF9DC5B0
FFFFFFC2AF05
FFFFFFC2E934
FFFFFFC7759C
FFFFFFF9B1D2
00000055D6C2
0000005863ED
000000393DCE
000000806AD0
00000054DFEC
000000012DB8
000000017321
FFFFFFF0801A
FFFFFFDD15A8
FFFFFFF61683
0000001D720E
000000331992
000000195CDD
00000006D99C
0000005CA914
000000652D0B
0000007F3A4C
0000006C13DB
000000462E3C
00000039FD33
0000003EBDBA
0000002B801C
0000007FC997
00000072C0EE
0000005B87AB
0000004EB4C6
00000055CE3D
000000512608
FFFFFFF411B3
FFFFFFDD21A6
FFFFFFFA9515
FFFFFFE236C9
FFFFFFD714C9
FFFFFFAE1B72
0000001BB52F
00000026F190
000000078112
FFFFFFCE1B8E
FFFFFFF0495F
FFFFFFDC1CD6
FFFFFFE0F1C8
FFFFFFE88E54
FFFFFFF03767
FFFFFFE1407F
FFFFFFDD4361
000000165625
FFFFFFDCB5F8
FFFFFFE087F9
FFFFFFF47AF9
FFFFFFFB02F0
FFFFFFC65D75
FFFFFFF50388
000000034F73
FFFFFFDB43B6
FFFFFFF30C01
00000018D6A4
FFFFFFEA6AA4
FFFFFFBFA584
FFFFFFBA9E44
FFFFFFFFA298
FFFFFFDA0060
FFFFFFEC7A98
FFFFFFC89D7A
FFFFFFE77785
FFFFFFCD8D13
FFFFFFE2C481
FFFFFFFAFDDC
0000000A2E01
FFFFFFFD764B
00000008773D
FFFFFFB93E02
FFFFFFC90008
FFFFFFDCAE04
FFFFFFE8A26B
FFFFFFF2123A
FFFFFFEFF741
FFFFFFC969CA
FFFFFFD5FE0A
FFFFFFBD65D7
FFFFFFD5691C
FFFFFFFCDD52
0000002F8052
0000001A6A5C
000000386060
FFFFFFD691B4
000000217F71
FFFFFFF42006
FFFFFFD39D9A
FFFFFFEF518B
0000000829D2
FFFFFFF6592E
FFFFFFCDB921
FFFFFFE0E118
FFFFFFFF1831
00000010ABCE
0000000301B8
00000013A484
00000008E353
FFFFFFB21DF7
FFFFFFDCFE35
FFFFFFC54B9B
FFFFFFC75B63
FFFFFFED9E24
000000009E6C
000000178641
0000001B436D
000000022894
00000001C73D
0000000D9C3F
FFFFFFFDD1EF
00000008373F
0000000E9876
FFFFFFDE2838
FFFFFFE2229F
FFFFFFE3FF96
FFFFFFC47D6F
FFFFFFE7CE4C
000000096AE6
0000000D6F6F
00000015BF81
FFFFFFF36184
FFFFFFD0305C
FFFFFFE4533D
FFFFFFDCEA49
FFFFFFD29AF2
FFFFFFF0F4B0
FFFFFFDCAA58
FFFFFFC5CEEA
FFFFFFD2E8E2
FFFFFFD3B57B
FFFFFFE9F74C
FFFFFFDA74ED
FFFFFFF92EF4
000000006118
FFFFFFF9B66C
FFFFFFEDC337
FFFFFFE233B7
FFFFFFD4C82B
FFFFFFF45300
FFFFFFD208FC
000000038EF5
FFFFFFE3F419
FFFFFFE016E4
FFFFFFD384CC
FFFFFFC80D74
FFFFFFCFDD45
FFFFFFDD9F84
FFFFFFFB3B20
0000000CA533
FFFFFFF352BE
FFFFFFD610BA
FFFFFFE28386
FFFFFFED3C98
FFFFFFE1A852
FFFFFFF37BC0
0000001EEC6E
FFFFFFEFB051
FFFFFFC6FB5B
FFFFFFA436B5
FFFFFFCF0825
FFFFFFEF4158
FFFFFFE9CC83
0000000A395F
00000000DE33
FFFFFFE6FAFB
FFFFFFD5B16E
FFFFFFB973E2
FFFFFFE5E298
FFFFFFE8605C
FFFFFFE6489C
FFFFFFE918A4
FFFFFFF0B41F
FFFFFFC666FE
FFFFFFC7B168
0000000EBC78
000000016A89
FFFFFFEF09E1
000000008671
FFFFFFF4358C
FFFFFFFD4D56
FFFFFFC90D91
FFFFFFAF89AC
FFFFFFDC6658
FFFFFFF73A75
FFFFFFEC7F5D
FFFFFFD54DCA
FFFFFFB971DF
FFFFFF9B202C
FFFFFFC8F3D4
FFFFFFD0F1E9
FFFFFFE2C6C4
FFFFFFD4D98E
FFFFFFCA0A66
FFFFFFC1D7D1
FFFFFFCF3D57
FFFFFFA0C3A3
FFFFFFDA1533
FFFFFFD8D45F
0000000454A4
FFFFFFE00AA7
FFFFFFE4EC5D
FFFFFFD2847B
FFFFFFDAD929
FFFFFF9C43E1
FFFFFFBBBCAE
FFFFFFD51A0F
FFFFFFE5C2DC
FFFFFFF38F1A
FFFFFFBE920E
FFFFFFB9B267
FFFFFFF4DDDB
FFFFFFFD3A44
00000022D52D
FFFFFFE6F9B3
0000000C6752
FFFFFFE1BA49
FFFFFFF11285
FFFFFFE38D24
FFFFFFEF87AB
0000001C28D7
FFFFFFEB4C0F
FFFFFFDBA01D
FFFFFFE5562E
FFFFFFF0ACC6
0000005CBCB7
000000684DB7
000000524B93
0000000B7B24
0000006B5A68
0000007CAB95
000000487E56
0000006ABDD6
00000091C368
000000ACC34A
0000005D1057
00000029462B
FFFFFFF37AC9
0000003BE4D0
000000CC78C8
0000006758A1
FFFFFFEA535F
FFFFFFCA2432
00000006D22B
00000049FA1E
0000004427CC
0000004DDA56
000000853374
0000004635D6
0000004516E8
FFFFFFEBF3E3
0000001E6E7F
000000C66011
000000817AB7
FFFFFFB9E736
FFFFFF49670B
0000001CDBFF
FFFFFF6FA81B
0000002E41ED
00000071D722
00000059AEEF
000000885A63
000000554BC4
0000003165FE
000000267902
000000665964
00000053FDC9
0000005D92B1
FFFFFF4DDC75
FFFFFEE50A74
FFFFFF2DFB0A
FFFFFFF1F8F8
FFFFFFC244D4
00000059EFEB
000000359CA4
00000048F750
00000057ABA2
0000007BCF85
0000007D0866
000000743D78
0000002DC3A0
0000002A8403
FFFFFFA408FA
FFFFFFA2F8D9
0000000B0955
000000525DF7
FFFFFFFEFA7B
0000000D0268
000000468AF2
0000000CF49C
000000300663
000000218D01
00000059CCCB
00000070E888
000000889C1B
000000048965
0000007BF396
0000003A2D7C
0000006632EA
000000673723
0000004D31FF
FFFFFFEF3123
000000260F1F
000000783662
0000004AD648
00000070FCCD
0000003B59E6
000000534093
0000008C8C01
FFFFFFBDBB4A
FFFFFFFC7D86
0000003630CA
0000005B411B
000000583930
0000004EB435
000000A8F56E
FFFFFFFABAD7
0000000D2E10
0000000B1F73
0000005E990A
0000003EEBB4
0000005F7C34
00000083DD4B
FFFFFFF8BFF2
0000004C4D3B
0000000AEB53
000000387197
00000007B628
0000002171B8
000000843ADE
0000006D8F4F
0000002710DF
000000547FBF
000000636218
0000005F8867
0000003A7B3F
0000007A8977
000000399197
0000005A4395
00000043A98B
0000001A5833
00000007E583
0000003DB690
000000750026
00000089A077
000000702B54
000000122A66
0000004DC7D5
00000044235A
0000005EFF52
00000048B676
0000004F1051
0000004097D1
0000003AC04D
0000001C9929
0000008460C9
000000745709
0000004FCA4E
00000058D2FE
000000987048
FFFFFFE042D5
FFFFFFB8ED16
FFFFFFE34CB5
FFFFFFD437F3
0000005F2233
00000056FE3E
0000006BAAEF
FFFFFFEEEA48
FFFFFFE9ABD3
0000001A6082
FFFFFFE913BA
FFFFFFE6956B
00000022615C
0000006C7FE1
0000003DC9D6
00000013FD4A
0000005B776E
0000006BD0B1
0000003E4A10
000000552CCC
0000002520A6
0000003373C0
00000016F1FF
000000177EE8
000000223BAB
0000000B399C
000000442AC0
000000775BF2
000000398CFD
0000003BE56D
0000003F7965
000000853D52
00000026746C
0000004B1184
0000001FE836
FFFFFFF06D0B
0000005CC5B0
00000068B2C9
FFFFFFC63103
00000008FC30
FFFFFFF83242
0000000484DA
0000000B055D
0000004D9859
0000002E6212
00000071BA19
00000027263A
0000005433F4
0000002BCA77
FFFFFFF4BF9F
0000002F6616
0000003498BD
0000003A6D9B
0000002B0BCE
000000830947
0000004DFDC5
00000000A528
0000005B628D
0000003202DA
00000062447C
00000056898F
00000015392F
0000003E2F08
00000024ADEA
0000004C51A9
00000056DB5E
00000032AD7C
0000006EDCED
0000002BA13F
0000004A26EF
00000054663E
00000066F9F1
0000006FB142
00000051B17E
00000080691D
0000000F9354
0000002857EA
FFFFFFABADE8
FFFFFFEFACA3
0000002DC853
00000031E31A
00000032EC9A
0000002ED4DF
0000003135AD
000000569759
00000051072C
0000003DBF34
000000574810
00000082A45C
0000006B4462
000000128406
FFFFFFCD8928
FFFFFF8725E9
FFFFFFCE12D4
00000018A925
000000411DB1
0000006D80BD
0000002DB1FC
00000043C7E5
0000005A62CE
000000662B3F
0000004F9745
000000641C97
00000045317E
0000002701BD
FFFFFFE35BD0
FFFFFFD811E2
FFFFFFEDA20D
00000008112F
0000006D1309
00000040BE56
0000004E26F2
000000493F69
0000004F5EA2
0000004074AF
0000002E30B7
0000006192D7
FFFFFFF4AD27
FFFFFFEA8D31
00000022D65B
FFFFFFDEB963
FFFFFFC643CB
FFFFFFB5E624
0000005643F4
0000003A2EC2
0000003DC635
00000055A71A
000000322DC6
000000421E2F
000000410829
0000002AB031
FFFFFFF4D42D
FFFFFFB78580
FFFFFFF42411
FFFFFFCB63AF
FFFFFFD9058F
FFFFFFB9947F
FFFFFFF7C22F
0000004FB607
00000043F363
00000055C592
00000036FA51
0000004B6DAF
0000003B30B3
0000005E9136
0000000E8D65
FFFFFFE21A62
FFFFFFE28EAE
FFFFFFCEBDCD
FFFFFFB912AE
FFFFFFC9C78D
FFFFFF803263
FFFFFFD85801
00000044AC26
0000004D2385
0000005680FE
000000457F57
00000045FCC0
000000550D26
FFFFFFEE6320
FFFFFFD61A18
FFFFFFD4A29D
FFFFFFE936BB
FFFFFFE9184F
FFFFFFCF4A40
FFFFFFAF38F5
FFFFFF9781DB
000000186550
000000546D32
00000053273F
0000002BE6DE
0000004EC8F2
0000005AA1CB
00000011C16A
FFFFFFF4E1F7
FFFFFFF3D8E9
FFFFFFF85AD7
FFFFFFE3A179
FFFFFFD9DB54
FFFFFFC7A1E2
FFFFFFAE59B0
FFFFFFB05A95
0000004C54E0
00000066ED1B
000000411DEF
0000004C45B2
0000004E1C4D
0000006917EE
0000004A091A
0000000015CB
FFFFFFF73F92
FFFFFFD56F44
FFFFFFC891C7
FFFFFFCE2CC9
FFFFFFD5B731
FFFFFF87154E
FFFFFFEA445F
0000002BD040
FFFFFFDF2EF5
0000001F415C
0000002C91DA
00000058DDD9
00000058062D
FFFFFFC727FF
00000008A8CA
FFFFFFE280D3
FFFFFFEABB30
FFFFFFE78402
FFFFFFE9F689
FFFFFFAD2787
FFFFFFB834FE
FFFFFFC9723F
FFFFFF9F8801
FFFFFF85DA8B
FFFFFFF4428F
0000006A090C
0000003DBDFE
FFFFFFD884F3
00000001F4B6
00000007BC13
FFFFFFD9F7E5
00000004600F
FFFFFFE5E137
FFFFFFAA7571
FFFFFFBFDC66
FFFFFFCEA0BE
FFFFFFDB4D02
FFFFFFA3498E
FFFFFFBB667E
0000004DB63B
0000002AF159
0000002AE0C8
0000005D9FFF
00000051BC6E
FFFFFFF4C91C
00000016A1A1
FFFFFFDBD99D
FFFFFFD514D9
FFFFFFD7CB1E
0000001107FD
000000406C0A
FFFFFFFAA627
FFFFFFFD20A9
000000464064
0000006074D5
0000006AF17B
000000790357
0000006DCBC4
00000028B490
0000004F298D
0000001016B1
000000314B12
00000040256F
0000003AC2C7
0000005BDD04
000000461405
000000582B5A
FFFFFFEF4B57
FFFFFFFE623F
FFFFFF811240
FFFFFFD4C56E
FFFFFFE7C9BC
FFFFFFD5AE20
0000000366A2
0000000713F5
FFFFFFEE5BD7
00000037C096
FFFFFFF0E2EF
FFFFFFD59C28
FFFFFFB9F19D
FFFFFFC6B50F
00000021AB17
FFFFFFD87ED9
FFFFFFF3206B
FFFFFFDF62B7
FFFFFF9B0A81
FFFFFFDDEA7C
00000018445D
FFFFFFF5AC52
000000091100
FFFFFFF3B5B1
FFFFFFF90FD4
FFFFFFDF7579
FFFFFFBFF4EE
00000010DE3C
0000000A94FA
FFFFFFE3E293
FFFFFFED0959
000000382DDD
FFFFFFD17BD1
000000316286
000000363191
00000007FBBF
00000002F3F7
000000023119
00000008CD05
FFFFFFD9089C
FFFFFFCB6D9A
FFFFFFD0AD36
00000004FAD1
FFFFFFCEC5E5
FFFFFFD80079
0000001B58C1
000000487EF1
00000004BFBA
000000115B31
0000000E00C4
FFFFFFFF4FD6
FFFFFFFECE52
00000005523C
FFFFFFFA773A
FFFFFFE76874
FFFFFF986F2B
FFFFFFCCC966
FFFFFFA479F6
FFFFFF8B255F
00000043E659
0000008958BB
0000005BFBE0
FFFFFFE6CF8C
FFFFFFEAAD3B
FFFFFFDFA9E7
FFFFFFD6B032
FFFFFFD17491
000000084CDF
FFFFFFE131C7
FFFFFFCF06E6
0000000A9238
00000060A3CC
000000294A81
00000070D5EF
000000734DA5
0000008901C2
FFFFFFF62FDB
FFFFFFEA95F0
FFFFFFFE6781
FFFFFFFE3A25
00000003DD5B
000000137263
0000005210EB
0000004B5FAF
FFFFFFEBB98A
00000007F912
0000003D0D0F
00000068A01F
0000005A9641
0000005E6CB4
0000006AC678
FFFFFFFFD8EC
00000014637F
0000002A94F9
0000003CE653
000000350550
00000048E1BE
000000413411
00000022D835
000000627A90
000000415243
000000413F59
000000043A89
0000004A8424
00000090F6DA
000000862086
00000016EE06
000000444758
000000400592
0000004641E6
0000002792E9
0000004EC477
000000242AD5
0000000A78A8
0000004FD3EF
00000035D7EF
000000440FF7
0000006E9A83
000000803DED
000000812613
00000067612A
00000024AE10
000000228916
0000002208C9
0000003E481F
0000002FF508
0000005B8DDA
0000002DF2CA
0000004C851B
000000373909
0000007DCD9C
00000062E3BB
0000004D8707
0000005F69F1
0000009BA514
000000019607
FFFFFFFA327D
FFFFFFDEEAA2
FFFFFFB802F4
FFFFFFE44C83
00000050260F
000000686403
0000009A4CE3
0000005A10F3
0000003C2C7E
FFFFFFE1EA64
FFFFFFDA7A7B
0000000BAB54
0000004B6580
00000053AEB7
00000026C9F9
000000495585
0000003892EA
FFFFFFEF0EA7
0000003B7250
0000001B92C8
000000545742
0000004F3698
000000389707
00000057A9AB
000000436D7F
0000005D15BA
00000066D51B
0000005A42D7
00000062C7E8
000000566049
00000059EF5D
00000024779D
00000027DC61
000000009D34
FFFFFFE2E88F
00000013B391
00000029183A
FFFFFFB715B1
FFFFFFFDA675
000000502EBA
FFFFFFEACFC2
FFFFFFB5699A
FFFFFFCC947B
FFFFFFD0F27C
FFFFFFE0C283
FFFFFFC7FB31
FFFFFFF7E50E
FFFFFFF8B666
FFFFFFE0F191
0000000B732B
0000002321A3
00000012A4A6
00000007BDC0
00000000B375
FFFFFFD6D96A
FFFFFFCFA4A8
000000206D64
000000130818
FFFFFFF736AD
00000022D91D
000000293949
0000001EBD0A
0000001BAB96
0000000D3C79
FFFFFFDBB285
FFFFFFC1EA1D
FFFFFFF8B456
0000004BB6B7
FFFFFFFB8F7F
00000033D1C1
0000000616CE
FFFFFFEE3FB9
FFFFFFD93741
FFFFFFDBEA76
000000221984
FFFFFFD95652
FFFFFFED852D
000000077600
FFFFFFB1DC6D
FFFFFFA2DDA3
FFFFFFE61B72
FFFFFFCC43C6
FFFFFFCE5C5F
FFFFFFE16686
FFFFFFE05675
FFFFFFB6E131
FFFFFFA5E7EE
0000000EBB33
FFFFFFE2F8D1
FFFFFF7E1943
FFFFFF713117
FFFFFFF5E21B
FFFFFFD0E3FC
FFFFFFFFF8EA
0000001CB9F6
FFFFFFEC7E86
FFFFFFCE33AC
FFFFFFDBB09C
FFFFFFE265D7
FFFFFFBAC895
FFFFFFAB30AA
FFFFFFA1892D
0000000AADB9
FFFFFFA10DEC
FFFFFF83D401
FFFFFFBABDA0
FFFFFFFFB979
FFFFFFFE5F4B
FFFFFFE0A7CB
FFFFFFF6D48D
FFFFFFC72841
FFFFFFC5E6B3
FFFFFFEEC92B
FFFFFFCDCD1F
FFFFFFCDC722
FFFFFFA95192
FFFFFFE05860
FFFFFF841E1F
FFFFFF599EF0
FFFFFFF80D3C
00000077F201
00000055F923
FFFFFFC9284A
FFFFFFC7D675
FFFFFFC08E71
FFFFFFA71EA2
FFFFFFC1CBC3
FFFFFFC5502F
FFFFFFCD92B9
FFFFFFCC0428
FFFFFFA4B3FE
FFFFFFFC2337
0000000087D8
0000003F349A
0000005A063C
00000060866B
FFFFFFF5CD68
FFFFFFCC4991
FFFFFFE54D97
FFFFFFDD7919
FFFFFFD6CBEB
FFFFFFD196E8
0000002D04FB
00000045EBE5
FFFFFFBCCDED
FFFFFFDFAE19
0000002E8F05
000000598408
00000053CBC3
0000003A01DF
0000003E8647
0000003B7C74
0000002530C5
0000001F6878
0000001C1D9F
0000003151E9
0000002BFBF9
0000003B72D3
000000250BDA
0000005E433A
00000049F557
000000365897
00000018E97C
0000002661F2
0000007DEA2E
0000006CEA20
00000024C1C8
0000001A8447
000000333EED
0000002D8F5A
0000000A22C2
000000424BBB
0000002BF18B
0000001813E0
0000003DB8C9
0000003142E8
0000004A5DEA
00000068D98A
00000073294C
0000006B37FE
0000006CD625
000000180843
000000026C46
0000001A6C0F
000000268229
000000169EDC
0000003537AE
0000000DA2D0
0000004FF0A2
0000002D401A
00000074B5EA
00000072CD96
00000056F063
000000609E3A
00000071BD6E
FFFFFFFFFA58
0000000762A9
FFFFFFCBEDE6
FFFFFFACC916
FFFFFFD7697C
000000487352
00000033F7C2
0000009170A2
00000042548E
0000002A8B63
FFFFFFDA120F
FFFFFFC530BB
FFFFFFF53566
000000280F97
000000368F82
0000001C4EDF
0000001EF4DF
FFFFFFF19588
FFFFFF904831
0000002D0B2C
000000065A9E
000000476F95
0000004FC9E7
00000039E070
00000050A7D6
0000002D44F6
000000497DC6
0000004E4198
00000026BD7B
0000003C28BD
0000004F42AA
00000031B750
FFFFFFC61080
000000218BFB
FFFFFFDC8517
FFFFFFC3B8B1
FFFFFFC7B841
FFFFFFE1315D
FFFFFFA5B824
FFFFFFF5ADF7
00000031B84B
FFFFFFE1B1B2
FFFFFFB0E580
FFFFFFA3F9FC
FFFFFFCECE78
FFFFFFC91FA8
FFFFFFB6D9EF
0000000A627B
FFFFFFE38297
FFFFFFCC6B0B
FFFFFFE20154
FFFFFFFFBA7C
FFFFFFEA312D
FFFFFFD36D1D
FFFFFFE4EAF3
FFFFFFB6F34B
FFFFFFBED67D
0000000B19A2
FFFFFFEB307D
FFFFFFEB47C8
00000000C75E
FFFFFF9C5FA2
FFFFFFD76652
FFFFFF8C97EF
FFFFFFED8541
FFFFFFC48342
FFFFFFE4693E
FFFFFFCEDF5D
00000005F2FC
FFFFFFA1464C
FFFFFFCD40FB
FFFFFFDCC558
FFFFFFDFBAA6
FFFFFFFA33E6
FFFFFFE55B38
FFFFFFBEA665
FFFFFFDD16C1
0000001AFC13
FFFFFFF7FD8D
FFFFFFC686FA
FFFFFFDD2CBD
FFFFFFDE58B7
FFFFFFCEB5E3
FFFFFFC6A4A8
FFFFFFEC40A6
FFFFFFF51974
000000007876
FFFFFFE88E53
FFFFFFBF663D
FFFFFFBAD6B3
00000019F18F
FFFFFFF5A6CD
FFFFFFDFCA39
000000312246
FFFFFFF5B3E3
FFFFFFD53E88
FFFFFFED6AD8
FFFFFFDC9106
FFFFFFD83548
FFFFFFCC92E3
FFFFFFF2F64F
FFFFFFBF5F3C
FFFFFFC9F275
FFFFFFAC740B
00000013E708
0000001554D8
FFFFFFEB6401
000000147876
00000001F308
FFFFFFCF0C99
0000000436B0
FFFFFFE5F54F
FFFFFFEDAC40
FFFFFFF4A32E
FFFFFFCF04D7
FFFFFFD45F60
000000141F00
00000011AD7B
000000371E75
FFFFFFF272F4
0000002AF7AA
FFFFFFF6895A
FFFFFFEF329C
000000031E6D
FFFFFFE0571A
FFFFFFF2EF37
FFFFFFE5C001
FFFFFFD4F39D
FFFFFFE9D1DB
FFFFFFDCF5BB
FFFFFFCA0ABB
0000005B2A29
0000003EA62D
0000003A9B9F
0000000EBD98
FFFFFFFE1F9A
FFFFFFF37821
00000004EFEE
FFFFFFF8A290
FFFFFFBC2324
FFFFFFAF06FC
FFFFFFB7B4EC
FFFFFFD2E492
FFFFFFD0577C
FFFFFFB2D62B
00000064C4A1
00000054454A
00000019BBFA
0000000DD2DA
000000208D16
000000229675
FFFFFFBE4460
FFFFFFC194DE
FFFFFFCEEA59
FFFFFFDF3CC2
FFFFFFCC3BF4
FFFFFFD030ED
FFFFFFA4E654
FFFFFFBFF811
000000754679
0000002E55F1
000000304549
00000010577B
0000002FE49D
0000002FAD6B
FFFFFFFB3BBD
FFFFFF9B5EAC
FFFFFFD3E39A
FFFFFFB8B7D2
FFFFFF89ACDE
FFFFFFB5592E
FFFFFFC303AB
FFFFFF9FC8E9
0000002671E9
0000006C37F3
0000006369B2
0000003064AD
0000002DBEE2
000000258081
0000000C01AB
FFFFFFCCF59C
FFFFFFABAE0A
FFFFFFE55598
FFFFFFAA535C
FFFFFFC581B1
FFFFFF92932B
FFFFFFAB76B1
FFFFFF93E955
0000001DCF25
00000077A578
00000061FA04
00000005D3CB
00000028E691
00000016BFE2
FFFFFFE83327
FFFFFFA3A546
FFFFFFED82D5
000000383F57
0000002CD6EA
000000062420
FFFFFFC9A3C0
FFFFFF6F7A14
FFFFFF9D9433
0000004025E0
0000008FA635
000000582446
000000276099
0000003D67F9
000000257796
FFFFFFFCCFA8
00000005FE64
00000023A295
000000056142
00000013F0C9
0000002A4984
FFFFFF9CE253
FFFFFFC885B0
000000105785
0000006C3EBC
00000071185D
0000006CC385
0000005451A0
0000002B4554
000000256FDE
00000027C462
0000004C5317
000000243906
FFFFFFF511A7
0000003BD4F6
FFFFFF8DDDB6
FFFFFFAE2F91
FFFFFFDFFBD0
FFFFFFCC2F5F
FFFFFFC2D5CA
000000514F56
000000549F10
0000004CD203
000000312764
0000002B656F
0000004F6069
0000004CFD80
00000024A8E2
00000019F0CD
FFFFFF8AAED0
FFFFFFB57485
FFFFFFA6F2EB
FFFFFFB8759D
FFFFFF9A494B
FFFFFFA41A25
FFFFFFDD926E
FFFFFFF8864F
FFFFFFE92ACF
FFFFFFCCFFA6
FFFFFFBF940A
FFFFFFA9A3CB
FFFFFFB70799
FFFFFFBC1065
00000006C507
0000000D96A6
0000003AA85D
0000001BF970
0000003E73E4
0000004E3120
000000418F94
0000001FFD6A
000000205739
0000006E21C1
0000002F63A7
000000337867
00000055E95E
FFFFFFF5A11F
00000004DB4A
FFFFFFE3F961
0000000F4476
0000000C7E54
000000717792
0000001F2753
0000003DA98C
000000423436
0000002AF501
00000018BD37
0000001FBBAE
0000004225BB
0000001656A6
FFFFFFEF646E
00000023A519
FFFFFF587EF4
FFFFFF6CBF7F
FFFFFFB771C0
FFFFFF6AF670
FFFFFFA203A6
0000003AF955
FFFFFFF31AC8
00000037413B
000000385DA0
FFFFFFE437CC
00000018BB62
000000296FF9
000000542664
000000398178
000000027103
FFFFFF7E216F
FFFFFFC2CD81
FFFFFF4A8B17
FFFFFF3DB052
FFFFFFFCCA2C
FFFFFFE43392
0000001D2C4E
FFFFFFFDD367
FFFFFFE14148
FFFFFFCA3FC7
FFFFFFE402EE
00000022FA24
FFFFFFD48DC3
000000195E85
FFFFFFEFEC1A
0000000477DA
00000030EAF9
FFFFFF8AF340
FFFFFFA7B1CB
0000004B43D3
00000036C86B
000000357241
00000038DA4C
0000002FFC05
0000000AEC61
000000402FDF
FFFFFF00527A
FFFFFF53B768
FFFFFFCDF199
0000004F7787
000000696C73
FFFFFFE89477
FFFFFF90D6E6
0000001B8C42
0000001D653D
00000034C0A1
FFFFFFEE3C0D
0000001503CD
FFFFFFE87E88
0000002B9406
FFFFFF9A05BB
FFFFFFEFED90
0000001BAB36
000000727725
0000003A4C38
0000000B9049
FFFFFFC21B58
FFFFFFFC0928
000000133050
0000001AAF37
0000002C3481
00000001AA85
0000000AD4B6
00000051760C
FFFFFF9790EC
00000012FDB5
00000021865F
0000006A620F
000000311A92
0000003A7317
0000002F98A0
FFFFFFF6F2F6
FFFFFF867D09
0000003B40F4
00000045ABBF
0000002B2047
00000026173B
00000034BB89
00000040D158
0000002A7F95
0000002DCDA5
000000398BEF
0000004A21AE
0000003F0876
0000004D4E28
0000002BDCFF
FFFFFF56BC90
FFFFFFE52EDB
00000018F6E9
0000002BC6E0
00000037F9B1
0000004672D0
00000017AB5F
FFFFFFFA47DB
0000000E052A
000000911695
00000071C5EE
00000038B2D0
0000001370F8
0000001F4ED8
FFFFFFFA122D
000000100850
FFFFFFA327BA
0000000D2C91
FFFFFFD7937A
00000005203A
00000036154A
0000001C35F9
00000030F292
0000009E6F71
0000002427CC
0000002C0625
0000003A1DD2
000000169876
0000000A8DD5
0000001FAAB6
00000004AC3A
FFFFFFF8721F
FFFFFF790994
FFFFFF628B90
0000006BA252
00000031EE7F
00000094DCF8
0000004361F2
0000002C117D
00000030FE1C
0000005095D4
0000004ABDA2
00000033D481
00000020F5F9
0000003C4852
000000117FCD
FFFFFFAAC4EE
FFFFFF14A8A5
0000003AF8F6
0000005BEFF3
0000005E95D0
FFFFFFF0F3ED
00000021CEFA
00000053CF7D
000000815633
000000AAF30A
0000004084AA
FFFFFFFF6ED5
0000000553A9
0000001FB9C9
FFFFFFF74B9E
FFFFFFCAD415
000000485F41
0000000B4C5F
FFFFFFF0CA91
FFFFFFC27A02
0000002EC433
00000065DB72
000000242E6C
000000723A14
0000001ABCEF
FFFFFFCEE822
0000000304E4
FFFFFFAEB789
FFFFFFCA4432
00000045F55B
000000347DB9
00000042CC28
FFFFFFE33C79
00000050C3D8
0000002F5EF2
0000001644B3
0000003E9A53
00000013E870
000000620A9D
000000369776
0000003122E6
00000052B435
00000063C39F
000000595C98
00000031F985
0000002AA6D4
FFFFFFB0DFDD
FFFFFFFEE808
00000044854E
0000007CC4A9
000000572593
0000002A6634
0000007B1521
0000003B78D6
000000642254
00000074EA5E
00000055B024
00000047378D
0000005CA4E2
000000102945
FFFFFFDF8800
FFFFFFA71C9A
FFFFFF8CE36B
00000061A422
00000076CCC7
0000003D2881
000000527B6E
0000004DBE9C
00000048DC27
000000482CCE
000000135D72
0000002DAFA8
000000649FB1
FFFFFFFBB059
FFFFFFD2FF2D
FFFFFFDAFCA1
FFFFFFBEB131
FFFFFFFDF8DE
0000007A7427
0000004C6774
0000003F67B0
000000676EB8
0000002A4776
00000005BB8F
FFFFFFFA8A76
0000000FC91F
FFFFFFF8A3EA
FFFFFFC18590
FFFFFF9A7B7C
FFFFFFCB5E9F
FFFFFFC4717F
FFFFFFC30BA6
00000043F3BC
000000385E8B
0000004A7CD5
00000027A3D9
00000012434E
000000300C02
000000156192
0000001C35BC
000000116CE1
FFFFFFD26F7C
FFFFFFD14CF3
FFFFFFD120FE
FFFFFFC2BA40
FFFFFFC32DCE
FFFFFFE87FC3
0000003EBD2F
0000003031B6
0000002EE9D2
00000024E3A6
00000059A6E4
0000006C9A3B
0000005DAA94
0000003A036C
FFFFFFD067C3
FFFFFFE01F24
FFFFFFCACFB1
FFFFFFD1859D
FFFFFFE0F611
FFFFFFD9D8EA
FFFFFFF2FFC5
0000006633EC
0000008050EF
00000060B94A
0000004B572F
0000004AB7C7
00000068A66A
FFFFFFE5FC07
FFFFFFBE3618
FFFFFFCCEDE8
FFFFFFBFE404
FFFFFFD54582
FFFFFFF2F9C6
FFFFFFEC1BC5
FFFFFFE2ED34
0000000AD5CB
0000006E420E
0000003FA363
0000004BA0A3
00000053E42E
0000005D35E0
FFFFFFFC8B2B
FFFFFFB7D68F
FFFFFFDA1CF0
FFFFFFD099D4
FFFFFFD3394B
FFFFFFEAE094
FFFFFFE192BD
FFFFFFE9C9B6
FFFFFFCC9406
0000005FBC93
000000559DF4
000000352F71
0000003D760E
0000006F0327
00000063A920
00000022C551
FFFFFFE3403C
FFFFFFB7BF24
FFFFFFAE42FE
FFFFFFC5681D
FFFFFFDF9F56
FFFFFFC58198
FFFFFFD8E3DB
0000000B9E49
000000269C1B
FFFFFFF961B6
00000011C56E
0000003C9D3E
000000555B85
00000066D780
FFFFFFE529AB
FFFFFFFD7A08
FFFFFFCA9C32
FFFFFFB75F6E
FFFFFFEB564A
FFFFFFF768BB
FFFFFFE57F16
000000035F76
FFFFFFD95F47
FFFFFFBAF494
FFFFFFAF2533
00000025E718
00000063CD43
000000606447
FFFFFFFBB0FC
FFFFFFDF0B3B
FFFFFFD63509
FFFFFFBA113B
FFFFFFD52F66
FFFFFFBDF10E
FFFFFFE676DD
FFFFFFF34721
FFFFFFC4FE9F
FFFFFF85BA2E
FFFFFFA963EF
FFFFFFD64834
0000007BF7F5
00000057074F
00000021AD0D
0000003CF6AF
0000004CFEF0
FFFFFFFAFDFF
FFFFFFED52D5
FFFFFF949EEF
FFFFFFABF7E8
FFFFFFB03B75
FFFFFFD9AA15
FFFFFFD07FEB
FFFFFFEBFA3F
FFFFFFE27A36
00000059D493
0000005B5EE5
00000072B874
0000007B9A85
000000758CAF
0000004E21EE
00000057DDA5
0000001CD15F
0000002B3662
00000041E122
0000003EF513
0000006624F2
00000056C1BB
0000005141A8
FFFFFFB8E8CD
FFFFFFE99F8B
FFFFFFFF088B
FFFFFFCE5D43
FFFFFFEF9A72
000000254FD3
FFFFFFEBB0D9
FFFFFFD7EEA1
FFFFFFCDE1D1
FFFFFFF8ED50
FFFFFFE14423
FFFFFFE21566
FFFFFFE0CA6B
FFFFFFDB56C8
FFFFFFFF0A57
00000021391D
FFFFFFE9EC95
FFFFFFFE2862
000000385F8D
FFFFFFF0C7C6
FFFFFFDACDC0
FFFFFFD2A804
FFFFFFDDC594
FFFFFFDC244A
FFFFFFD4E39A
FFFFFFEB167F
00000004259F
FFFFFFFAA1BD
FFFFFFFFE3D0
FFFFFFED95A5
FFFFFFF3423D
0000001AD5AD
FFFFFFDA1641
FFFFFFDD3C61
FFFFFFDEB83D
FFFFFFE334B1
FFFFFFF08DF4
FFFFFFF1F01B
FFFFFFF5337E
FFFFFFEB2F38
00000016A8EB
0000000A74F9
00000001FF08
FFFFFFC5DFFF
FFFFFFF43615
FFFFFFF49B38
FFFFFFDB6244
FFFFFFEFF07C
FFFFFFE5CD71
FFFFFFD2CA20
FFFFFFCDC56E
FFFFFFED3132
FFFFFFF883EA
FFFFFFCD92EC
00000015E31A
00000001FB8C
FFFFFFC482FF
FFFFFFB5142A
FFFFFFF4899A
FFFFFFF4639E
FFFFFFE5AB2B
0000001E9F90
FFFFFFEC838F
FFFFFFFDB482
FFFFFFEA12FC
FFFFFFF0CDB3
0000000648CF
FFFFFFFE690D
FFFFFFFC173A
0000001D38FA
0000001113B4
0000001FE52E
FFFFFFED4FE2
FFFFFFFB5154
FFFFFFF2F4FB
00000002A295
FFFFFFEC6ABE
00000011D369
00000001D281
FFFFFFFFAF4E
0000000C6036
0000000B633F
FFFFFFDD72F6
0000000CD109
FFFFFFE76D75
000000058E42
FFFFFFEC6432
FFFFFFEB09C0
FFFFFFF0125D
FFFFFFF7E3A2
00000004CEFF
FFFFFFE9A747
FFFFFFD5C970
FFFFFFE6EEB3
FFFFFFE1CFB9
FFFFFFEC1927
FFFFFFEBC312
000000012BB3
FFFFFFC3AA6B
00000029501E
FFFFFFD48DD6
00000004D4C3
FFFFFFE7053A
FFFFFFE37495
FFFFFFE03530
00000022AFEB
FFFFFFEC270F
FFFFFFF614CE
FFFFFFEF80C6
FFFFFFFC86C6
FFFFFFF5574E
FFFFFFFB0DEF
FFFFFFC2C84F
0000003F6BE5
FFFFFFE13E49
0000000DDCBC
FFFFFFC88850
FFFFFFE404D4
FFFFFFEC66C4
0000002A0F6A
00000022486F
FFFFFFF53241
FFFFFFED3B72
FFFFFFEBAA26
FFFFFFEBC652
000000098D47
FFFFFFD0A265
00000010C80B
FFFFFFE8DCB7
FFFFFFFF9163
FFFFFFE0CD93
FFFFFFF56C4C
FFFFFFFF24A5
00000008C97D
000000158DE5
FFFFFFE0631F
FFFFFF9071C2
FFFFFFC6EED8
0000000AF42E
000000125803
FFFFFFD07B28
00000049F5E8
FFFFFFDE13A2
00000001337A
FFFFFFF77F4B
FFFFFFF77C19
FFFFFFF11D18
FFFFFFF93FCF
00000029BDF9
FFFFFFFDF59B
FFFFFFB94562
FFFFFFF1E6CD
0000001579B8
0000002B7E7E
FFFFFFD420CC
00000045AD94
FFFFFFE6E706
000000124055
FFFFFFEF07CA
FFFFFFE593D7
000000020D52
000000071CAC
00000024AFF4
FFFFFFFDE017
FFFFFFF8DEDC
00000020ED12
000000277FCB
0000002E67BD
FFFFFFC9A883
FFFFFFF49FEE
FFFFFFE17C97
00000005F6B0
FFFFFFF4B84A
0000000464C2
00000027EE6D
FFFFFFE4F619
00000027FCBA
0000002C7B8A
000000391419
0000001B9A08
0000001FAAD5
0000003B4028
FFFFFFE41237
FFFFFFEEA751
00000009EE7A
FFFFFFE85474
FFFFFFCC9AF2
FFFFFFDE11A2
FFFFFFE14892
0000001C83BD
0000000B5B27
FFFFFFF2EA02
FFFFFFEDDCBB
FFFFFFD6B91F
FFFFFFDABCBE
FFFFFFF95AF1
FFFFFFF6AB35
FFFFFFB63066
0000000F029B
FFFFFFF74206
FFFFFFCDCFF3
FFFFFFA0C270
FFFFFFCED2C7
FFFFFFE83EE7
FFFFFFB6FFCD
FFFFFF985CC5
FFFFFFE1F8AE
FFFFFFE1597C
FFFFFFE04A94
FFFFFFF6044E
FFFFFFBB69A4
FFFFFF9FD76C
FFFFFFEBAAD5
00000005A626
FFFFFFF63C25
FFFFFFD95B0C
0000000344F7
FFFFFFBFAE91
FFFFFFB2D05A
FFFFFFFAAD24
FFFFFFC053F7
FFFFFFE6BE11
FFFFFFC5D54E
FFFFFFACC9FA
FFFFFFC36CEF
FFFFFFA30690
FFFFFF89E9B2
FFFFFF976BCD
0000002504D9
FFFFFFD6C830
FFFFFFB239C3
FFFFFFB3E923
FFFFFFAEB369
FFFFFFCD36D6
FFFFFFF717BF
FFFFFFC7A450
0000000A8F9A
FFFFFFFDBFD9
FFFFFFF6CB9F
000000106B2D
FFFFFFC0AB2F
FFFFFFAD9D22
FFFFFFA41289
00000009F8D8
FFFFFFB26925
FFFFFFBE435E
FFFFFFB91F81
FFFFFFB2EEF1
FFFFFFBA1700
FFFFFFDCA22A
FFFFFFEE1188
0000000EF52F
FFFFFFFE76F7
FFFFFFF8E187
000000069716
FFFFFFA3ABBA
FFFFFFE5A059
FFFFFFFFE4E9
FFFFFFDBB50A
FFFFFFD39946
FFFFFFC3BECD
FFFFFFC49E1B
FFFFFFFE30AD
FFFFFFC4FF20
FFFFFFE41BB1
000000165D51
FFFFFFD48D61
FFFFFF7C88EB
FFFFFFD545EB
FFFFFFCDA810
FFFFFFCBBE17
FFFFFFAE600F
FFFFFFBB7C20
FFFFFFB4BC76
FFFFFFE55E72
000000272B67
FFFFFFF6AA56
FFFFFFD1A029
FFFFFFED1874
FFFFFFF0D154
00000010E213
FFFFFFDC7CED
FFFFFFE7DEF5
FFFFFFD4149C
FFFFFFBB03EC
FFFFFFB57230
FFFFFF8A0D06
0000000C01CF
0000001B311E
FFFFFFEAE15B
FFFFFFD2B03C
FFFFFFEED32C
FFFFFFF12CF6
FFFFFFF80037
FFFFFFF782FE
FFFFFFDA5E30
FFFFFFE3B8E4
FFFFFFEBDF33
0000000B12BB
FFFFFFD0F853
FFFFFFA916E4
FFFFFFB99DDF
FFFFFFFA49D4
FFFFFFC663F0
FFFFFFECC2D8
FFFFFFE93A59
FFFFFFEA7AA6
0000001CA263
0000001B897D
FFFFFFFFD158
FFFFFFF58911
FFFFFFD55FC5
000000035BE7
FFFFFFC5B803
FFFFFFD3CDB5
FFFFFFAB58B4
FFFFFFEFDA60
FFFFFFF0E8DD
FFFFFFEB117A
FFFFFFCB258B
FFFFFFE969B0
0000001342A2
FFFFFFED8555
FFFFFFF2301F
FFFFFFB8E02B
FFFFFFF371B3
FFFFFFEA4A6D
FFFFFFDF1378
FFFFFFD86B80
FFFFFFC5778C
FFFFFF8F796E
FFFFFFF87AB4
0000001A6237
FFFFFFE97C3C
0000000D0C05
FFFFFFF4BA41
0000002A40F2
00000005EBFC
00000001B73A
FFFFFFC68EEF
0000001828B5
0000003E1145
FFFFFFEE40C4
FFFFFFB51DB2
FFFFFF93AAE8
FFFFFF8F8236
FFFFFFD5422C
FFFFFFA26BCD
FFFFFFAB7F8E
FFFFFFD289BF
FFFFFFE282F8
000000035BB2
FFFFFFE63233
FFFFFFC8B2B4
00000009ED57
FFFFFFCC5D0D
FFFFFFABBEA5
FFFFFFD9FF94
FFFFFF9957CB
FFFFFFA8C1AB
FFFFFFD3F6E6
FFFFFFD46331
FFFFFF68F5F0
FFFFFFC2225E
FFFFFFF5587D
FFFFFFCFEB21
00000001E38C
FFFFFFD6E660
FFFFFFE0BB84
FFFFFFDCA56E
FFFFFFDAE2B9
FFFFFFC50247
FFFFFFC4883C
FFFFFFD0CF5A
FFFFFFC30370
FFFFFFD48791
FFFFFF9A975B
FFFFFFC49B36
000000236208
FFFFFFFCF535
FFFFFFF7B7C3
FFFFFFC7EE71
00000007B4FA
FFFFFFFBAE46
FFFFFFE746BF
FFFFFFED9FDC
FFFFFFCE00FE
000000101D55
FFFFFFF7136D
FFFFFFE4C3A4
00000000B363
000000141A2F
FFFFFFD1CBE7
FFFFFFF9E001
0000002F96F0
FFFFFFFE10B1
FFFFFFD3AD40
FFFFFFE6C932
FFFFFFCBBF65
FFFFFFF928F9
FFFFFFE33FC9
FFFFFFF5B029
FFFFFFDCF6BF
FFFFFFC25496
FFFFFFD674E8
FFFFFFFDA76D
FFFFFFC98214
0000001DF6B7
000000A7D712
000000467142
FFFFFFF75473
FFFFFFA99115
FFFFFFA66E2A
FFFFFFD869B5
FFFFFFD54DC7
FFFFFFCC04D8
FFFFFFD7FD24
FFFFFFABCD7B
FFFFFFB0F51C
FFFFFFDC35C1
FFFFFFBDB24F
0000004460D1
0000005FF39B
000000896104
0000008FB296
FFFFFFE89F45
FFFFFFE76C88
FFFFFFE4F6E2
FFFFFFCF3613
FFFFFFBC1B8D
FFFFFFCEF564
FFFFFFE1DBCD
FFFFFFE8E1F4
FFFFFFE79880
FFFFFFE02ABC
0000001EDD8B
00000064AB7B
00000062F1DA
0000008BBA3A
0000003D5004
FFFFFFF38A0F
FFFFFFFDC5CD
FFFFFFFCD151
FFFFFFE642D0
FFFFFFE7A618
FFFFFFE6065A
FFFFFFEF5291
00000020137F
0000006B2348
0000004DD40D
0000004C265E
00000082BDA8
0000008A09D5
0000006F54C6
0000002597D2
0000000739FD
0000001126C0
00000003208A
FFFFFFE81A0E
FFFFFFE037EE
FFFFFFEB8293
FFFFFFE93118
000000269DE3
0000004197ED
000000786451
0000009FDA39
0000007F1559
00000076FB2C
000000815785
00000032CFEE
FFFFFFE66FF5
FFFFFFD62336
FFFFFFDDB6DA
FFFFFFCABE9B
FFFFFFB43C60
FFFFFFC62DB4
FFFFFFF2C2A6
0000003E8109
00000054C6A0
00000083BD9D
0000007BF7E3
0000005BBA8C
0000006D2E17
000000685AD4
FFFFFFE8FFE5
FFFFFFC97B23
FFFFFFD6908A
FFFFFFD5BEA9
FFFFFFD4F330
FFFFFFC46684
00000054F63F
000000691C12
000000845527
000000954240
000000876A44
0000007C9268
0000005DEDF4
0000004EC5C5
000000221C27
FFFFFFC581B9
FFFFFFCC124F
FFFFFFD7C8F0
FFFFFFCA15C4
FFFFFFBE890F
0000002711D0
0000006F74D2
0000006ED472
0000006DFFB5
000000647C95
00000078EF14
000000694228
00000048A9C8
00000067A156
FFFFFFEA4966
FFFFFFDA02ED
FFFFFFE5FAA2
FFFFFFE2C6D2
FFFFFFBAF608
FFFFFFB474F2
0000001A2892
000000718528
000000A3C6DA
000000818DC0
00000053838D
00000041AE5D
000000618DB2
000000546EE5
00000067E6FD
000000513E0E
00000083562D
00000068D49F
FFFFFFFC6DFC
FFFFFFB73EF3
FFFFFFB3BAA0
0000004A4E4E
000000713A3C
0000005FD4CA
000000622ED4
0000004C0168
000000374ED0
000000451498
0000004AAFDC
00000074C9CE
0000006EA907
0000005EEC0C
0000000F3B38
FFFFFFA904CD
FFFFFFCCEC4D
000000471FF1
000000858644
00000086CD58
000000A64773
0000008EEC86
000000737CB4
0000004AC962
0000006CB25F
00000071EC4F
0000007E344D
0000004F864D
0000002E4FE1
FFFFFFAD1D95
FFFFFFEFB594
0000003C6B69
FFFFFFF92229
00000003A674
0000004D7C31
000000602A16
000000A37489
00000081CB1B
00000069C665
00000053D9F8
00000058C3EF
000000644E2B
00000078C037
FFFFFFBDC103
FFFFFFE3311B
FFFFFFA89FEB
FFFFFFC5C1D0
FFFFFFB27C71
FFFFFFF5E2C8
00000017E492
0000004A91F7
00000025605E
FFFFFFEB2F39
FFFFFFFF1884
FFFFFFEE8FAB
FFFFFFDBE2A0
FFFFFFF7A365
FFFFFFE5D69A
FFFFFFE7D1F5
FFFFFFFD24CF
000000510E1E
00000011C4DA
00000004A80F
00000026FF71
0000001605E1
00000022D65C
FFFFFFE6CC9D
00000009A987
00000024A211
000000385A19
0000003CD8A5
FFFFFF9DC007
FFFFFFF8770B
0000004D2906
00000058FA85
00000024F287
000000339E07
000000225CB1
0000002375DD
00000038D822
0000002C3EB6
00000010C46E
00000019CE01
FFFFFFE6C97A
FFFFFFDDCAFD
00000008112A
0000007AE1D7
000000398E35
FFFFFFB7987C
000000A956A3
0000005427CD
FFFFFFF0F3A8
0000001B6248
0000001E1FEF
00000012C8AA
0000000A3F48
000000176AFF
0000000BFDA5
0000004F1B4F
000000125382
000000A7F576
0000003E6382
0000001D1590
0000002B0747
00000039F8D1
0000002B6431
000000233F7B
0000003A3F1C
0000001A35E3
FFFFFFF481BF
FFFFFFFD45B6
FFFFFFE97EC8
000000462DA7
00000061DDAF
00000071D6D2
0000005F523F
FFFFFFF85FA9
FFFFFFAA5EBC
FFFFFFB0FEDD
0000005A618B
0000002DDC0B
00000030C7D7
00000012B5A5
0000001CC994
FFFFFFF9BD05
FFFFFFFE369B
00000015D139
000000481986
FFFFFFB6493D
FFFFFFEB7744
FFFFFFCF2739
FFFFFFAFBE9D
FFFFFF766070
0000000D10D2
0000002FCD8F
0000000B69FD
FFFFFFFD4319
FFFFFFF906D9
FFFFFFFB6180
000000041A02
000000043912
00000032509A
FFFFFFDC6D73
FFFFFFC655F5
FFFFFFB1C7A6
FFFFFFB846DE
FFFFFFB1DA95
FFFFFF53E449
FFFFFFB651EE
000000250E29
0000000BAFB8
FFFFFFF60C9F
FFFFFFFC9427
FFFFFFEAC9AF
0000001EAF98
0000001D9437
FFFFFF87C973
FFFFFFC756FA
FFFFFFBBA43C
FFFFFFFB0662
FFFFFFE992AC
FFFFFF8B3ED2
FFFFFF38A67F
0000000231DE
FFFFFFFA4239
FFFFFFDD5C7D
FFFFFFF5F22E
0000001098BC
00000010589B
000000402925
FFFFFFE359CD
FFFFFFE0F558
FFFFFFC715C5
FFFFFFF9C3C4
FFFFFFB60A3D
FFFFFFA2D20D
FFFFFF4009C6
FFFFFF9D601F
0000003953F1
000000167B19
FFFFFFFB9E65
FFFFFFF2E134
000000326AD2
000000206D7B
00000021FBE7
FFFFFFF85ECF
0000000837B3
FFFFFFA8F9C1
FFFFFFA354D2
FFFFFF9B4424
FFFFFF747AF9
FFFFFF3F7234
FFFFFFF06377
0000007C0A26
000000504FDA
0000003FC0DC
00000035192F
FFFFFFF9E5A7
FFFFFFE5A5C0
0000002850D5
0000001E4E6C
FFFFFFF6692B
FFFFFFD4F0F2
FFFFFFCE0483
FFFFFFAF7C50
FFFFFF69390A
FFFFFF87F6B4
FFFFFFE3A7D5
FFFFFF97D12D
FFFFFF9EE432
000000382D9E
000000280251
0000003EAAE7
000000124870
FFFFFFE3708A
000000159CCB
FFFFFFE1C9A3
FFFFFFC851D3
FFFFFFA2A108
FFFFFF817C09
FFFFFFBE0E99
FFFFFFD94F25
FFFFFF8F124A
FFFFFF4FF2EE
FFFFFFF7C589
00000023A109
0000002F2D53
00000059612A
000000435CC0
000000444494
0000004EDD17
0000003C9E70
FFFFFFE49C60
FFFFFFCEACD2
FFFFFFDFA076
000000012E40
0000001008AD
FFFFFFEB821C
FFFFFFF98502
00000054BEDD
000000555030
0000005F8A61
000000696C13
00000064734F
00000053D387
000000716AD9
00000061A425
000000711C61
000000840916
00000069EE57
00000064A0E7
0000005359D7
0000007711A3
00000007330F
FFFFFFE83DD3
FFFFFF6D8AB7
FFFFFFA4A612
FFFFFFF37580
000000020A81
FFFFFF932EAD
FFFFFFD36684
FFFFFFD110CB
FFFFFFC6B70F
FFFFFFA8D30B
FFFFFFC35C6C
FFFFFFE6BE4B
FFFFFFD27D2D
FFFFFFFB294F
FFFFFFD06561
FFFFFFA53E32
FFFFFF8319BD
00000007BCBE
FFFFFFC0B7D4
000000056055
FFFFFFE9C5DF
FFFFFFF8BC7C
FFFFFFDB3327
FFFFFFBF24A3
FFFFFFCD4857
FFFFFFEA9D45
FFFFFFA4AE98
FFFFFFF06AFC
FFFFFFDF2819
FFFFFFB85E5F
FFFFFFA8CE3D
0000002B7A8F
FFFFFFFB8651
FFFFFFD3BA9B
FFFFFFA9DCCC
FFFFFFDEDF5D
FFFFFFE316D8
FFFFFFE07231
FFFFFF9C7D60
0000000DD65E
FFFFFFF38B4A
FFFFFFECF3FE
0000000FD2C2
000000214E93
FFFFFFCAF85A
FFFFFFBCE412
FFFFFFF55BD1
FFFFFFCAEBF3
FFFFFFBDF96A
FFFFFFCC18D4
FFFFFFBE2C08
FFFFFFB16E93
FFFFFF79E5A5
000000034464
000000041957
FFFFFFC21425
FFFFFF8D43E8
FFFFFFF407BF
FFFFFFB846E5
FFFFFFCE53E3
FFFFFFDFEED7
FFFFFFE08765
FFFFFFECEB31
FFFFFFDA4B28
FFFFFFE2429B
FFFFFFF50B31
FFFFFFBE04A4
FFFFFFF90EA8
000000335FCD
FFFFFFF57FD8
FFFFFFDA1A76
00000002220C
FFFFFFFDCE4C
FFFFFFC9D239
FFFFFFB2B092
FFFFFFA0C638
FFFFFF930E17
FFFFFFE4F15F
00000015D24C
0000000697B5
FFFFFFE01760
0000002E5B9C
FFFFFFDF0C37
FFFFFFE0B9D0
00000002A79A
FFFFFFE86C2E
FFFFFFDFD64B
FFFFFFDA94D1
FFFFFFD8D511
FFFFFFADD868
FFFFFF84335D
FFFFFFF32A40
FFFFFFEB9B9E
FFFFFFCDC716
FFFFFFD703C6
FFFFFFD1D2A9
FFFFFFD30AAE
FFFFFFDB602C
FFFFFFF95C3C
FFFFFFD34622
FFFFFFE98906
FFFFFFEC0131
FFFFFFEEC8FE
FFFFFFE42B15
FFFFFFBF8C9C
FFFFFFA6F856
FFFFFFC0A9EF
FFFFFFC93FB0
FFFFFFEB1265
FFFFFFD33264
FFFFFFCC9F0E
FFFFFF91F4E7
FFFFFFF20BF1
000000048AEE
FFFFFFDE4E4D
FFFFFFD2352D
FFFFFFD69ABB
FFFFFFCDF406
FFFFFFE1238C
FFFFFFC9AF75
FFFFFFE08683
00000007EF14
FFFFFFD55CEF
FFFFFFD21D52
0000000C7405
FFFFFFF3219A
FFFFFFDDA26D
FFFFFFB654FC
FFFFFFD180E2
FFFFFFD54C16
FFFFFFCFE984
FFFFFFDA627A
FFFFFFC3FB67
FFFFFFB57A5A
FFFFFFFD89FE
FFFFFFE6E272
FFFFFFB5E183
000000102A9C
0000000E4C96
FFFFFFB92511
00000022B48E
00000025A2B0
0000000790C9
00000013294A
0000003ED1D2
000000252CD1
FFFFFFDBEEB1
FFFFFFE075B7
FFFFFFE42B7E
FFFFFF962A98
FFFFFFE40E4F
FFFFFFFE5449
0000003AD604
FFFFFFCC6F62
0000001CBEF7
FFFFFFFBEAF9
00000000586A
FFFFFFE484D8
FFFFFFEDC122
FFFFFFE3F7BC
FFFFFFFDC7BC
FFFFFFFA0365
0000001CF9D6
0000000B8212
000000126AC8
FFFFFFC0F9C9
000000201EAB
FFFFFFC1DDC6
FFFFFFD8C3F8
FFFFFFD784A4
FFFFFFFA7818
FFFFFFCE3DFB
FFFFFFDC53B9
FFFFFFE8A5D8
FFFFFFD650BA
00000004A3B5
FFFFFFEE735B
FFFFFFED0A24
FFFFFFB0FADE
FFFFFFE5C050
FFFFFFE8E1A7
0000000E83A4
000000069D24
FFFFFFDDED73
FFFFFFC606F5
FFFFFFEB68B6
FFFFFFED6258
FFFFFFDF5C9F
00000002BE7E
FFFFFFD339AB
FFFFFFFCC8CB
0000000CFC58
0000002D1B3A
00000015F9C4
000000278B97
FFFFFFF721E8
FFFFFFB8F026
000000293115
0000000BAA4A
00000042BCD9
0000000C51EA
0000005282EA
FFFFFFF73A0E
FFFFFFFB2B45
FFFFFFFC0F67
000000162FD0
0000001561D4
FFFFFFC321D5
000000082DF9
FFFFFFB68F47
FFFFFFF36D06
FFFFFFDAC8FB
FFFFFFE78355
0000000B6F14
0000000CB67B
00000001F5E9
00000014DCF4
FFFFFFFCA111
0000001AE1B6
0000000A2C79
FFFFFFFBC06B
00000009A8D2
FFFFFFF902AB
000000256CB2
000000024CC5
00000019490F
FFFFFFED8AC1
FFFFFFBBA44A
FFFFFFE4036B
FFFFFFD4B7E7
00000003D716
FFFFFFD982B0
00000016353D
0000002A0213
00000038D5D0
000000244FBB
0000003016F1
FFFFFFEED62F
00000011FFB5
00000013A024
00000039D278
00000002A879
0000001884B4
FFFFFFF7933F
FFFFFFE86D9D
0000000B695F
00000002DEBE
FFFFFFF2F857
0000004292CA
0000000014A1
000000215BC6
FFFFFFF9F558
000000002F3C
0000004F249D
FFFFFFF9010A
FFFFFFDF570E
0000000F77E4
0000002E38B8
0000002AB585
000000338EC6
0000001FCD3C
FFFFFFFAE5CC
0000001959E0
0000000F6170
FFFFFFEBC903
FFFFFFBF9ECA
FFFFFFB48D39
0000000060AC
FFFFFFD6923F
FFFFFFF5D235
FFFFFFE58065
FFFFFFFC8887
000000312C89
000000125CF1
00000036648B
00000013C7FE
000000231ED6
000000289D84
000000382091
FFFFFFFA8274
FFFFFFE74B1D
FFFFFFE8412A
FFFFFFDB8478
FFFFFFC81122
FFFFFFE17A6B
FFFFFFC6765F
FFFFFFF8B2EE
0000001914F5
FFFFFFFE9AA4
00000019742D
0000000D25E2
000000338CF8
0000001ADB90
000000051CE1
FFFFFFDBF469
00000009FAF7
00000010B3AF
00000008B718
FFFFFFFFA2DE
FFFFFFE4FC31
FFFFFFD500F7
0000000E4AC8
0000001F3F36
00000033640F
0000000B0C93
0000003F449D
0000002A50AB
0000003F2758
FFFFFFED050F
FFFFFFFBC1A8
000000097BA4
00000016CD1D
FFFFFFDDA457
FFFFFFCD8830
FFFFFFCDC5C7
FFFFFFE05DE3
00000029EB55
0000002DBFAC
0000001F5D23
00000044A4A8
000000277645
00000044DE7A
000000106814
FFFFFFC4FAAE
FFFFFFFA3CFC
FFFFFFFEA865
FFFFFFD1B7B3
FFFFFFD311D5
FFFFFFFCCA5D
FFFFFFCE5B16
00000015DE92
00000034A7B4
00000028E129
000000229D0A
FFFFFFEE579F
0000006B6CB6
00000035171F
FFFFFFF09825
FFFFFFA61EEA
FFFFFFFD535D
000000164500
FFFFFFE823F6
000000027B93
FFFFFFDA7454
FFFFFFCB6BBB
FFFFFFF5E455
FFFFFFCEC5DA
FFFFFFBFCD53
FFFFFFD87632
000000372C4A
0000001BAC3C
FFFFFFF1BD27
FFFFFFCF5649
0000001BFD95
FFFFFFE870AD
FFFFFFD11A97
00000001FE27
FFFFFFB7FA20
0000000C0EA8
FFFFFFFB605C
000000052612
FFFFFFD21FA8
00000000B8C3
0000002B2FAF
00000030F89D
0000005E9066
0000007BE99E
000000759FCE
00000012C17D
00000019C85D
0000000F31F9
FFFFFFF16952
000000061E7B
0000000D65A7
0000002C8240
FFFFFFFA3023
FFFFFFFC60B8
0000003E642E
0000004A1755
000000643C09
00000052021B
0000005BF82C
000000357352
000000468E39
0000000F0037
000000366181
000000605EC1
00000025395F
00000055007F
0000001179F1
000000171F4E
000000232E61
FFFFFFFD0244
FFFFFFC49DA2
0000000172B8
FFFFFFE30189
FFFFFFC8D5F8
FFFFFFE7AF5D
000000522300
FFFFFFF3688B
0000000DB77C
FFFFFFEB6151
FFFFFFD29C14
FFFFFFCA5CF0
FFFFFFC5272B
0000001C8762
FFFFFFD18D5C
0000002344F8
FFFFFFF8C4A7
FFFFFFC35942
FFFFFFE0EFC8
00000006F9FC
FFFFFFFB2509
FFFFFFE11F19
FFFFFFE2F83F
FFFFFFEC6280
FFFFFFC481BC
FFFFFFC67016
FFFFFFD2D0D9
FFFFFFE321B5
FFFFFFF8E6FF
FFFFFFBA5F0A
0000000EA403
00000062E645
000000470DD3
FFFFFFF91351
FFFFFFD5B588
FFFFFFD6D310
FFFFFFDD8384
FFFFFFDA3C58
FFFFFFBF4FC0
FFFFFFB20C4B
FFFFFFB2BFBD
FFFFFFED750C
00000009AA94
FFFFFFEA8722
FFFFFFDDF317
0000002B4D5E
0000001CFBF2
FFFFFFDD2D91
000000014DDD
FFFFFFE35CAA
FFFFFFC76B0E
FFFFFFD1C7C5
FFFFFFCB1ACF
FFFFFFB3C3AD
FFFFFFAA2BDB
0000000C7C9F
FFFFFFE00420
FFFFFFA0C050
FFFFFFF75ACF
000000326F90
0000003FFC85
FFFFFFFF1A8E
FFFFFFCE4FDC
FFFFFFED06B6
FFFFFFD3C8EB
FFFFFFBEFC64
FFFFFFC53A32
FFFFFFD8BC3B
FFFFFFE02210
FFFFFFF56310
00000007EA46
000000079019
00000017EFD9
00000014B93D
0000002FB805
FFFFFFE9F666
FFFFFFAA29EE
FFFFFFCE209B
FFFFFFD241F5
FFFFFFC189BF
FFFFFFC5AC16
0000001AEC56
FFFFFFEE70C3
0000001FB8FC
FFFFFFF43C8E
000000046E9A
0000001B1E02
000000227C58
0000001EC481
0000000B982B
FFFFFFEF4EEA
FFFFFFF89350
FFFFFFE0FB74
FFFFFFD58444
FFFFFFE6DD30
FFFFFFDFF913
FFFFFFE4EFE9
00000059861D
000000046311
0000001D892C
FFFFFFF5780B
FFFFFFF7C121
00000013A8B8
0000003D67A8
000000145AF6
0000000CDD48
FFFFFFE9996E
FFFFFFD5620F
FFFFFFE66433
FFFFFFDF92E5
FFFFFFEED56D
0000000612B0
FFFFFFDC7E53
0000002D279A
FFFFFFF5FC05
0000002173C3
0000001F2086
00000025A927
0000000ACEBE
0000003F63A4
FFFFFFF9C92D
FFFFFFBDA75F
FFFFFFD54F45
FFFFFFDC121C
FFFFFFCEAEFE
000000158D43
FFFFFFFD3229
0000003F5DA4
00000017AE36
000000274179
0000002792C5
000000167D24
FFFFFFFCEFCE
0000002C34D0
FFFFFFFDDD28
0000002BE8BA
FFFFFFE699B9
FFFFFF9C4FFD
FFFFFFC10AA6
FFFFFFF173B8
FFFFFFFF6236
000000BE8669
00000054B773
0000003B510D
FFFFFFF7F41F
FFFFFFF9086B
FFFFFFE869DE
FFFFFFEF796D
000000039C21
0000002107DC
000000165973
FFFFFFFEFD9D
FFFFFFB76B8C
FFFFFFEF5564
FFFFFFEAE431
0000004E0842
0000003A6DC7
0000003602EE
0000004B4FD1
FFFFFFF80D91
00000015D6BE
000000279F4A
0000003000B3
000000294AF9
0000000DE978
FFFFFFF139B6
FFFFFFF4DAD2
FFFFFFE79EBB
FFFFFFC214E9
FFFFFFCB473E
FFFFFFD1E26F
FFFFFFC92062
FFFFFFC68FC4
FFFFFFDCE2DC
000000205096
FFFFFFDC838F
FFFFFFCCE0EA
FFFFFFBA5E4B
FFFFFFB17608
FFFFFFA4EA58
FFFFFFA3DF8E
FFFFFFB437F9
FFFFFFC3A885
FFFFFF9028B3
FFFFFFAD635B
FFFFFFD16DE2
FFFFFFD22E51
FFFFFFAEDA0D
FFFFFFB76FB6
FFFFFFB73B6E
FFFFFFB7D3DC
FFFFFFF7444E
FFFFFFDB7B10
FFFFFFDC705B
FFFFFFD0FD21
FFFFFFDC93D1
FFFFFFB8135D
FFFFFFE9C9C8
FFFFFFFCA109
0000002A4397
0000003B178E
0000009FEBBD
00000013A0C6
FFFFFFFE1A52
000000436B05
00000039FA23
0000005E0636
0000002E1818
FFFFFFE97AC5
FFFFFFF62B32
FFFFFFF18DF2
FFFFFFCF1A4F
FFFFFFEC8AA9
0000002114F8
000000434009
0000006DB500
000000855BD9
0000003D797A
00000045AF52
0000003E9124
0000002BD4AA
0000002D4E37
000000171A55
0000005CFC6D
FFFFFFB923C9
FFFFFF7A3479
FFFFFFD27F9C
FFFFFFE5D349
000000360898
0000003DA4BA
0000005BFC2B
000000744FC2
00000064F2E2
0000008E57DA
00000061ADE3
0000007BA470
0000007201BC
00000033C695
FFFFFFEF4E7C
FFFFFF9C6A53
FFFFFF9FA7CD
FFFFFFBBE2BE
FFFFFFE4D6EB
00000033ECE1
000000497D3A
0000001EAC45
0000003390E3
0000006462CA
000000625196
00000020200A
0000003313B6
00000008E4D7
000000027ADA
FFFFFFDED39B
FFFFFFB8982D
FFFFFFC67F20
FFFFFFC063DF
0000000823E0
000000204ABC
000000333AA7
000000254E61
0000005FBFB9
000000842955
00000091FBB2
000000C9C144
FFFFFFF3C52D
FFFFFFC539BE
FFFFFFCF388B
FFFFFFBBB855
FFFFFFC903A1
FFFFFFC16943
FFFFFFBB26B8
00000077E9E6
0000008DD55A
0000008C2E17
0000008353F5
00000083F872
00000099FBF4
000000A2814B
0000003E4E46
FFFFFFAEA909
FFFFFFC9547C
FFFFFFB62015
FFFFFFC4312C
FFFFFFC8D91A
FFFFFFBA8025
0000001C8DB5
0000007B7766
0000004DB5FC
00000076B6B9
0000006B5269
0000007AEBB8
000000A381E0
000000416F3A
FFFFFFECF267
FFFFFFF21A5B
FFFFFFDBAF6D
FFFFFFD57CDD
FFFFFFB12747
FFFFFFC88CA8
FFFFFFC4B95E
00000064A504
00000090DB64
00000078E046
00000065E9C5
0000006B9327
000000A83311
0000009C21A8
00000038F024
FFFFFFF66299
FFFFFFE0CCC2
FFFFFFB98225
FFFFFFB9B276
FFFFFFC18439
FFFFFFC7C6DF
0000000885B2
0000009BE955
0000008C9E21
0000009427EC
0000008C4DED
0000008E27C4
0000009AC430
000000AD2B86
00000010D9BC
FFFFFFE214C3
FFFFFFC722E0
FFFFFFCEE748
FFFFFFC031C1
FFFFFFB70DBC
FFFFFFD623B1
000000201064
000000792D56
0000002BF746
00000033662D
00000087F932
000000A40E98
000000A6235F
0000002C469E
FFFFFFDB7614
FFFFFFFBE7FD
FFFFFFE36368
FFFFFFAC552A
FFFFFFAD7C77
FFFFFFBFC6DD
FFFFFFBAED38
FFFFFFD600BE
FFFFFFD5EE84
FFFFFFBABE3F
00000046BD63
00000059B9AA
00000059DDDF
00000034D6A6
00000010C50E
000000245617
FFFFFFEB37AB
FFFFFFCB2595
FFFFFFCBA05A
FFFFFFD0B73A
FFFFFFBA5051
FFFFFFC060B6
FFFFFFDA8D76
FFFFFFD4D893
FFFFFFE19CD4
0000007B01F6
0000005EE3C4
00000076BDF3
0000008A7C91
0000007DEC08
000000235B32
00000030A0E5
FFFFFFF18FF2
FFFFFFC64271
FFFFFFFC4EDF
0000001F2D6F
0000005F3960
000000340456
0000004682BC
000000D2D1CE
000000C5D1DD
000000BCB908
000000A8DC2D
000000B2F6D5
000000A801EF
000000AFF87A
000000A51F10
000000B6D3A1
000000CD12CC
000000DFC0B9
000000B7ADAD
000000CCEFF6
000000E7D726
FFFFFFE170BE
0000001D3475
FFFFFF71C448
FFFFFFE49F49
FFFFFFBC40A9
FFFFFFC3EDA4
FFFFFFC086F0
FFFFFFE21681
FFFFFFCFAC77
00000038EEFF
0000003596B0
0000000EB504
000000414885
000000140C5A
000000203604
FFFFFFF14F38
FFFFFFEFD5A4
FFFFFFEDF338
FFFFFFDD0006
000000078766
FFFFFFF05C28
FFFFFFA147A3
FFFFFFDBD95A
0000002A5925
000000337B8D
00000034BEB7
0000001E6B2A
000000002840
00000002E3C4
000000083805
FFFFFFE49D08
FFFFFFEF2BAE
FFFFFFD6B94C
000000123C61
0000002E71AD
0000000F30CB
0000000CCB4D
000000018889
0000001966D8
00000015EF81
FFFFFFFD1455
FFFFFFFC4FEA
00000009E0A2
FFFFFFBBE91D
FFFFFFE28C9F
FFFFFFC61931
00000003D96B
0000000B1D37
00000030DBD1
00000034EE20
00000007CE8A
FFFFFFFD5840
00000005E10F
FFFFFFD55F7B
FFFFFFF33013
FFFFFFDD9A59
0000000898D5
FFFFFFF29405
FFFFFFB92EF2
0000003257DA
000000501505
0000003549AE
00000016BA2F
FFFFFFE88DA8
FFFFFFEB797B
FFFFFFFD8254
FFFFFFF5ECB0
00000005BBBE
FFFFFFE4E7C2
FFFFFFD56792
0000004C83C5
000000221816
00000024ABE1
0000005E9D48
0000004E8792
0000004DD425
FFFFFFFAF3E5
FFFFFFE94E91
FFFFFFE599E2
FFFFFFF5F793
FFFFFFF4383C
00000005558A
FFFFFFECD922
FFFFFFC6DC7C
00000064510E
00000015D20B
00000029FC69
0000003D2B04
000000526E82
00000051013A
000000284023
FFFFFFD81871
FFFFFFE2EDBA
00000026F997
000000083848
0000000DC81E
FFFFFFF4047C
FFFFFFE76A77
0000000B4171
000000022F3A
00000023BA2E
00000025B2CD
000000243730
0000003113CF
000000228D2B
0000000E0E01
FFFFFFE4FDD7
FFFFFFF15BEB
FFFFFFD61321
FFFFFFE8FB7C
FFFFFFFA7D60
FFFFFFFA40FC
FFFFFFDAAEE9
000000298F7E
000000387F23
00000013AFB1
FFFFFFF96AE7
00000028CF0C
00000044E0F0
000000328C08
0000000367AD
FFFFFFE51322
FFFFFFD4415C
FFFFFFE11BE6
FFFFFFD6E016
FFFFFFD29262
FFFFFFAD4CD5
000000094D6F
000000371036
0000004727CA
FFFFFFFEBD26
0000003051C6
0000004CA25F
000000284681
0000001BA2D4
00000010443C
0000003A7F02
00000018634C
000000069565
FFFFFFF217CD
FFFFFFBF4A4A
FFFFFFFA2BAB
0000001F83A5
0000007A4772
0000002BA109
FFFFFFF31022
00000038B160
00000015A4A1
000000383DF4
00000035B48E
00000031A043
00000012374F
0000001B19C0
00000016AB37
FFFFFFBCC2C6
FFFFFFF3302E
FFFFFFBD3102
00000052A5B6
0000002839E7
0000002EFE8E
0000003EC6F9
000000168EC7
00000040C640
0000000D0A3D
00000033161A
0000001970F9
00000016C383
FFFFFFEBB53E
FFFFFFBD28C5
FFFFFFCC5CC0
FFFFFFD6F249
FFFFFFE93D95
FFFFFFB94C9A
000000058EF7
FFFFFFBE9462
000000003F93
0000002413FB
00000002281F
00000004FC89
000000100FB8
FFFFFFF49213
FFFFFFF96F0A
FFFFFF682EF7
FFFFFF8D6506
FFFFFF8D9D0B
FFFFFFA5339C
FFFFFFB2C983
FFFFFFB2B808
FFFFFFB13F63
FFFFFFEEBC02
FFFFFFB6A6AC
FFFFFFA8CBAA
FFFFFFE0C4A3
FFFFFF9F8822
FFFFFFAD044A
FFFFFFA83D8B
FFFFFFFA2FFE
00000016712F
0000002238EE
000000339DD3
0000001C06BF
FFFFFFF234A1
000000265E62
0000001DB95B
FFFFFFFF325E
0000002F5FA5
0000002D8815
000000310530
0000001D0499
00000030C355
0000002D28CD
FFFFFFDDF809
000000132283
00000037771E
FFFFFFAC373E
0000002AE320
000000440BF5
00000009F7E3
0000000EED3E
000000337770
00000007BDA2
000000179D21
FFFFFFF41E8E
000000174AD1
000000224774
00000001CC5F
0000000A8F24
00000028F0F3
FFFFFFE66FAD
0000003ABFF0
0000001FE39D
000000190178
FFFFFFF1D1D2
00000036B51F
00000021653F
FFFFFFF769BA
FFFFFFDA3F44
FFFFFFDB5936
0000000CEF72
00000024F3D6
000000126AA8
00000015B4D9
0000002C1901
000000680D23
00000004D6E8
0000000B6EDB
0000001A64CA
00000037028E
0000001E7E20
0000000D88A3
FFFFFFE0E7AE
FFFFFF941F55
FFFFFFE6B7EE
0000002C990E
FFFFFFB26605
000000128844
0000003C9C70
0000004D42A9
FFFFFFCCF633
FFFFFFEEC9F8
FFFFFFB30E9A
FFFFFFB06F16
FFFFFFD22DE3
00000023F053
FFFFFFCB92DE
FFFFFFB1DF12
00000014BE5B
00000038C0C7
00000001B546
0000002FA5C4
00000023A1F2
00000036CE58
0000002D3574
00000014FCEB
FFFFFFBFBF19
FFFFFFFBFC08
00000012102F
0000002590A3
0000001EB514
0000003D5329
000000145CB0
0000001D92CD
000000215547
0000001B2D8C
0000002A597D
000000268F70
0000004A2DAA
00000083505F
0000001FD108
000000258939
0000001A10A3
0000003189F4
000000124915
000000392E93
000000416ECA
0000004C734F
0000003C6CD4
FFFFFFFD7C82
FFFFFFF2ACE1
0000002D3528
0000003FBC21
000000557A1D
0000003B1151
000000312D7D
0000000B8BD9
000000177BED
00000010FCAF
0000004057AE
0000005774D5
0000004F3B08
000000262130
000000075B82
00000019C5D0
000000371A42
00000039C2EB
0000004729DF
00000049CDB5
0000003687E8
FFFFFFF69501
0000000A725B
000000291ACD
0000001DCAF4
0000002A3D90
000000614C85
00000059C685
0000005864F9
000000353A7F
0000001A49FE
00000008387D
000000194A85
0000003DB4AE
00000049F29A
00000011A2E3
0000000C2229
FFFFFFEC8F68
FFFFFFE48149
000000243431
00000027D39B
0000005C70BF
0000002A79C8
FFFFFFF9D03E
FFFFFFA1676D
FFFFFFDAFCED
000000152FEE
00000022398F
0000003D2CA0
000000117DAE
000000163038
00000035686B
00000012518D
000000264077
FFFFFFFFA0FD
0000001C9F47
FFFFFFD53BE7
000000504FEF
00000011904E
00000010FCB3
0000003A8B68
00000040CB9B
00000009193C
00000037063E
00000028794E
000000388B17
000000614924
00000026605E
FFFFFFC86A8D
FFFFFF95E2E8
FFFFFFCA110A
0000002FE00F
FFFFFFA6CF72
000000193EC7
00000023310E
FFFFFFB95BFA
FFFFFFA9563E
FFFFFFA43281
FFFFFFCDE584
FFFFFFD33A41
000000028521
000000122AAA
00000017D2D0
00000003F162
0000002501CB
0000001A57B5
FFFFFFDCDEE5
0000001A6600
FFFFFFDEBA0E
FFFFFFD0C5B0
FFFFFFDEBF4E
FFFFFFFAF880
0000000C12DC
000000214C65
000000233D72
FFFFFFED0D5E
FFFFFFF98331
FFFFFFD0AFEA
FFFFFFC95E28
FFFFFFC7B2FD
FFFFFFC4DD8A
FFFFFFFA0B64
000000209CC1
FFFFFFEA5AC6
FFFFFFC80C86
FFFFFFEC8149
FFFFFFC70236
FFFFFFD3A619
FFFFFFB9B693
FFFFFFEBCCF7
FFFFFFC72FCC
FFFFFFABF417
FFFFFFD609BE
FFFFFFA15C54
FFFFFFB7DD03
FFFFFFD5FCC0
000000067515
FFFFFF9EF399
FFFFFFDC2096
FFFFFFEBB126
FFFFFFB6F8A8
FFFFFFF1EEF8
0000000AED5F
FFFFFFC7CFA5
FFFFFF526B1A
FFFFFF879DCB
FFFFFFC59BDA
FFFFFFCA6B5D
FFFFFFB6136A
FFFFFFD220CB
FFFFFFFD7D05
FFFFFFBF608E
FFFFFFBF78BA
FFFFFFCC7342
FFFFFFD2651A
FFFFFFD98BA4
FFFFFFEE3794
FFFFFF9CF95B
FFFFFF86FA90
FFFFFFC0EC56
FFFFFFAED0ED
FFFFFFED244E
FFFFFFB157C9
FFFFFFC69052
FFFFFFB9463C
FFFFFFD6119F
FFFFFFA28147
FFFFFFE6BD0A
0000001FCE68
00000013BA7B
0000001A2510
FFFFFF7906E1
FFFFFFEC4235
0000000FB23E
FFFFFF9275B8
FFFFFFD28E52
FFFFFFB30704
FFFFFFBE6022
FFFFFFB28402
FFFFFFD75C69
00000008CFF6
00000002DD59
FFFFFFECCFB2
00000001F670
0000000A83CC
FFFFFF5F6FCD
FFFFFFBD178D
FFFFFF8BF81E
FFFFFFA64032
FFFFFFE4DBFA
FFFFFFEF844C
FFFFFFC316BA
FFFFFFE415CA
FFFFFFF21CCB
0000000243FE
FFFFFFFE9587
FFFFFFECC331
FFFFFFE7594F
FFFFFFE2C8FC
FFFFFF697843
FFFFFFB9AFE5
FFFFFFB7EFDA
FFFFFFB363B1
FFFFFFD5E9D1
FFFFFFEC7728
FFFFFFD5E751
FFFFFFA8D440
FFFFFFCF5206
FFFFFFD42665
FFFFFFD8EAC6
FFFFFFE5550A
FFFFFFE6043F
FFFFFFDA4D15
FFFFFF674170
FFFFFF8F20CF
FFFFFFA565DD
FFFFFFB1DAF5
FFFFFFB6C74B
FFFFFFAB5721
FFFFFFC335D2
FFFFFFC18D87
FFFFFF9D98BA
FFFFFFD5F767
FFFFFFED869C
FFFFFFC0DF1B
FFFFFFDFCE0D
FFFFFFD3B7F0
FFFFFF7E450F
FFFFFF9A39D4
FFFFFFB6996A
FFFFFFA9F77C
FFFFFF7819A4
FFFFFF99928A
FFFFFFB1AA6A
FFFFFFC11220
FFFFFFACDC49
FFFFFFA772A7
FFFFFFD1488B
FFFFFFC54D87
FFFFFFF4069A
FFFFFFC611C4
FFFFFFDB834C
FFFFFFB78A9A
FFFFFF949E4F
FFFFFFABE123
FFFFFF8D053F
FFFFFF9FE801
FFFFFFC275EC
FFFFFFC02183
FFFFFFDB538F
FFFFFF91F3B8
FFFFFF8F21B5
FFFFFF6D5105
FFFFFF63EB9D
FFFFFFCEC96D
FFFFFFCC7FF0
FFFFFFCD7CBE
FFFFFF9DA7BF
FFFFFFD74322
FFFFFF8A0FE8
FFFFFF718796
FFFFFFB3E6A8
FFFFFFB7DB25
FFFFFFB24E65
FFFFFFCA7330
FFFFFF9A6E1E
FFFFFFEA155B
FFFFFF78F548
FFFFFF4C655B
FFFFFFC8AF5B
FFFFFFDC5558
FFFFFFC6D369
FFFFFF9DC427
FFFFFF920314
FFFFFF773DD6
FFFFFF8B528C
FFFFFF880BCA
FFFFFFA20175
FFFFFF859E26
FFFFFF8860DA
FFFFFFB486FA
FFFFFFAE17C7
FFFFFF30B446
FFFFFFAEAA94
FFFFFF93476E
FFFFFFBE0E71
FFFFFFAD49C0
FFFFFFAA7A4A
FFFFFF5B2EF0
FFFFFF80CA26
FFFFFF74833B
FFFFFF831C51
FFFFFF6A5B19
FFFFFF606D49
FFFFFF83F394
FFFFFF6449C9
FFFFFF4E48F6
FFFFFFC567EF
FFFFFFC58123
FFFFFFE6E0F6
FFFFFFCA1CFA
FFFFFFEE0845
FFFFFFBE2999
FFFFFF976C29
FFFFFF9E7C01
FFFFFF97E666
FFFFFFC4D6EE
FFFFFFBBF2DB
FFFFFFC9BB37
FFFFFFE19B6A
FFFFFFD70150
000000126F4B
000000264E0C
0000001A0C4B
FFFFFFDAD00C
FFFFFFDA7EBB
FFFFFFDF91D4
FFFFFFA0EF59
FFFFFFB69C09
FFFFFFD21128
FFFFFFD5B4E5
FFFFFFE1CADA
FFFFFFD95FA9
FFFFFFF477BC
000000279831
00000033F6FC
00000036527A
000000B8FFB4
000000419826
000000044907
FFFFFFE299FE
FFFFFFCA09B0
FFFFFF982565
FFFFFFEB5425
FFFFFFD68212
FFFFFFDFF9D9
00000000F001
FFFFFFF0A17A
FFFFFFF5B288
FFFFFFE99BC0
0000009AC1E5
00000094FEF2
0000005F568F
0000007B0DA9
0000000164A1
FFFFFFD6F57B
FFFFFFAE5A58
FFFFFFBEFEAF
FFFFFFC75B56
FFFFFFBB8C36
FFFFFFE304DE
FFFFFFCCCDD9
FFFFFFBE3C7C
0000000B19DC
000000B4063C
0000005CC34B
0000003DCAF2
00000037BA97
0000002E0A6C
FFFFFFE1596D
FFFFFFEB59CB
FFFFFFEAEC8C
FFFFFFF28584
FFFFFFC651D0
FFFFFFB45FFC
FFFFFFE44D86
FFFFFFC6648C
00000056C43E
00000050E524
0000001D2D93
0000007A9C08
0000002F7879
000000718F65
000000028F1B
FFFFFFFBEA27
FFFFFFD9A829
FFFFFFC641A1
FFFFFF9F8116
FFFFFFBD42E2
FFFFFF9DC955
FFFFFF700363
0000009280D8
000000767A69
0000006B6B60
00000060BE78
00000035746C
0000003950DE
000000373DF4
FFFFFF8A5E0D
FFFFFF78E355
FFFFFF7997EF
FFFFFF751A47
FFFFFF9A14B5
FFFFFF8DE612
FFFFFF7BB062
000000532CD1
0000006404F4
000000420212
0000005CE203
0000003A3244
00000021CB54
00000055F424
00000020E2DC
FFFFFF90CAB4
FFFFFFA7DECA
FFFFFFBD111B
FFFFFF9D5915
FFFFFFA2DBB5
FFFFFF826AEB
0000006019F1
0000007A4993
00000042EB53
0000003509B5
0000002AE9AA
000000616402
0000005AC7DC
0000006D69CE
FFFFFFF1B1A3
FFFFFF8D7AA2
FFFFFF90BBDD
FFFFFFB9DF37
FFFFFFA039FC
FFFFFF9E1ADA
0000000244E9
000000358661
00000029214B
0000002DEF31
000000831D4A
0000007BFA5E
0000005E6998
00000061B7D6
00000051FBD3
FFFFFFB2876C
FFFFFF9C098D
FFFFFFACCCA6
FFFFFF90B96C
FFFFFF928DBB
FFFFFF8E3EBF
FFFFFFB5375B
00000020F09A
0000003B6035
000000805B34
0000006DA139
0000005C4E2D
0000005228E3
00000057EB1E
00000026E13C
FFFFFFFD2132
0000004FB5EB
00000038B78E
FFFFFF90179D
FFFFFF9281C6
FFFFFFAB64E4
00000026D692
00000010F775
000000419D46
00000051D2BD
0000004AA78D
0000004380ED
0000005FCCE3
0000004AAAF5
0000005656FA
00000047D40C
000000BBC20B
0000004482CD
FFFFFF9DC97C
FFFFFFA20B98
0000002A7899
0000003DCE13
0000002CC165
0000007B1173
0000005D28E3
0000005D555F
000000699E33
0000008EEE42
00000087D61D
00000078308E
00000085B551
000000B53115
FFFFFFBA5120
FFFFFFC1D8C2
FFFFFFBD289B
FFFFFFD03E5A
FFFFFFC6A7FB
0000004E6717
0000001CD4FB
000000834FE2
0000008EE2EB
0000007BDDC9
0000007009DF
000000323BE4
00000067FFB2
00000056D423
FFFFFF81A492
FFFFFF70A21A
FFFFFF506D8E
FFFFFF75DE43
FFFFFF530667
FFFFFF96814F
FFFFFFBAC242
FFFFFFCDC6F6
FFFFFFC18732
FFFFFF7F0444
FFFFFF79C7AD
FFFFFF896516
FFFFFF7DEC0B
FFFFFF6DC637
0000000584D7
00000010CA4A
FFFFFFF9D109
0000001204CC
FFFFFFFB3E41
FFFFFFE9B61B
FFFFFFE07B68
FFFFFFD2C06A
FFFFFFF0EF9B
FFFFFFEEA381
FFFFFFCDA750
000000124DB6
FFFFFFF8BD41
FFFFFFFA4B91
FFFFFFE2D432
0000001E6E33
000000283DA9
00000007994C
00000018DE39
0000000C1805
00000016E360
0000000F2082
000000230A17
FFFFFFF7CABF
FFFFFFE8D821
000000158489
FFFFFFF154EC
FFFFFFE2AF82
FFFFFFF9EF2B
0000000DBB96
00000002ADFA
FFFFFFE0E728
FFFFFFEC9BED
000000032F1B
FFFFFFFE1398
FFFFFFCF2B2D
00000009494D
00000009D30B
FFFFFFFC6AD8
FFFFFFFA3C1F
FFFFFFDBAD15
FFFFFFE7925E
0000001DD142
FFFFFFFFBA0E
FFFFFFC87096
000000096B4D
FFFFFFD4BDE7
000000040BD7
FFFFFFFCB58E
000000076CB5
000000047E89
000000167C7E
FFFFFFEC094D
FFFFFFDBB5CB
FFFFFFE4E002
FFFFFFCDB870
0000000F5EFF
FFFFFFDD200D
FFFFFFB9A836
00000010FBC7
FFFFFFF56519
0000000B8C0E
FFFFFFF2B8B3
00000010F49D
0000000A4F7C
FFFFFFE2023C
FFFFFFF024EC
FFFFFFE56B1D
00000002A165
000000015AD7
FFFFFFFC47EA
000000111C6A
0000001FDCEA
0000000921E3
FFFFFFEFBB63
FFFFFFE0BA10
0000000C33EC
FFFFFFF1C8CF
00000009A617
FFFFFFEDA056
FFFFFFD9D953
FFFFFFFD122B
000000146D8C
FFFFFFF3A8F3
0000000BE627
0000001900CC
0000001E0D47
0000001E5899
000000066203
FFFFFFE54DDC
0000000169A7
000000170CBD
FFFFFFFEEAC9
00000010B422
000000120189
0000000F026E
000000111111
000000071F3B
0000001BA74D
000000210EE3
0000000B967C
FFFFFFF66F9D
00000006D9FB
0000003114B9
0000001F59BB
0000002A416E
0000001B6C20
0000000AFEFA
000000103667
0000002175AC
FFFFFFF51FB6
000000026D35
FFFFFFFB63FA
FFFFFFFDB8D6
FFFFFFE2EE1E
0000000F3241
00000045BB45
00000030D350
0000001464F1
0000001F293F
0000002A8E1D
0000001F70EC
000000097413
00000018A396
00000008F291
0000001141FB
000000084B8F
FFFFFFDD03AC
FFFFFFE02393
FFFFFFDC7E20
0000002CB72A
000000279F6C
0000001DCEF9
000000130BF8
000000180BB8
0000000F2F9A
00000013A566
000000267B76
0000003786FD
FFFFFFFE6176
0000001272B4
FFFFFFF96BA7
00000000EA6E
FFFFFFD3EAC8
00000009E1B3
0000000D45EA
FFFFFFFC8681
00000009D1FF
000000133161
000000097929
0000001A78EC
000000033287
000000319468
0000001771F9
00000002B1C1
FFFFFFF969BA
0000001BBEEA
00000004F1B2
FFFFFFFC5143
0000001AED94
FFFFFFF0BEE8
00000003FC57
0000001CA251
000000281F95
00000012C6A5
0000000BDF5E
00000024BF92
000000309C1D
00000027C1EC
0000002B362F
FFFFFFF69A4B
0000000005CA
FFFFFFEF2F62
000000028703
FFFFFFF46142
0000001F7506
0000003F59DF
00000031CB75
FFFFFFFBFB06
FFFFFFEB9120
0000000ECCB3
0000000D493F
0000000DF761
FFFFFFF4DF23
000000038C66
000000024915
FFFFFFC90992
0000000542BE
000000023B94
FFFFFFF08363
FFFFFFFFF455
FFFFFFF65CB6
000000081D89
0000001BA38C
000000167B21
FFFFFFFDE4E8
FFFFFFD86EDD
00000014CA3E
FFFFFFE4005D
000000174CC6
FFFFFFDE3B98
000000064D58
000000059D9D
FFFFFFC80ADB
FFFFFFCA91A6
FFFFFFF0965C
FFFFFFDB5F57
FFFFFFD51A93
FFFFFFFCD4C5
000000165124
FFFFFFEF0B40
00000018A0F0
0000001F7565
0000006D8724
FFFFFFBEA431
FFFFFFCB274E
FFFFFFEABC87
0000000082BE
FFFFFFE27A24
000000053961
FFFFFFFF6585
FFFFFFEEC5BD
FFFFFFF5C0E1
FFFFFFFBC970
FFFFFFED01BA
0000005BC5D2
000000849ED4
0000008689EA
00000038450C
000000283942
FFFFFFF9B0D3
0000000BAA9B
FFFFFFDA245B
FFFFFFE55371
FFFFFFF9D97F
FFFFFFEA8D44
FFFFFFBCB8F5
FFFFFFF0D42B
FFFFFFE20EC9
FFFFFFFB9D8C
000000C6E3F5
000000936BD0
00000080BF24
0000009F4D78
0000000E251C
0000001D8194
FFFFFFE84B99
FFFFFFFC3C03
FFFFFFFBFAC5
FFFFFFC04812
FFFFFFCC5723
FFFFFFE6340E
FFFFFFFF348F
000000108E62
0000002BB985
0000003D8983
0000001620CB
000000B1D654
00000077BB1E
FFFFFFE96427
FFFFFFD3A3C4
FFFFFFE6E318
FFFFFFF1C79F
0000000F35F8
FFFFFFBE489F
FFFFFFA703F1
0000008A30B1
00000053E4FB
FFFFFFFCEC11
FFFFFFE76754
FFFFFFF6139F
0000004EAC89
000000B3BEDD
000000647E13
FFFFFFCC8B56
FFFFFFC251ED
00000000AC8C
00000006C0F2
FFFFFFDAE77F
FFFFFFEF6A57
000000372063
0000000218C0
FFFFFFDC91A6
FFFFFFE4ECDF
FFFFFFED7A4F
00000006387D
0000002A5764
0000007C6F0C
000000195468
FFFFFFED2E88
FFFFFFE54CAC
FFFFFFF85BF0
FFFFFFF8B6D6
FFFFFFCBA06C
0000009131F2
000000158A5D
0000000AE706
00000001C110
FFFFFFD3E783
FFFFFFE0FAF6
FFFFFFE80C5F
0000004D760C
0000007CBCD3
0000000D789B
FFFFFFE6F7B0
00000002C3A2
FFFFFFE9F806
FFFFFFDAED1A
0000004E3DB8
00000041E223
00000010003C
000000044FBE
FFFFFFEACDC1
00000012558A
00000009456A
00000033810A
000000A2BF42
0000003E352F
FFFFFFD9E488
FFFFFFFDCDDB
FFFFFFF95769
FFFFFFF2622F
FFFFFFE8A0E6
0000006242CE
0000006E1C02
0000003A46FF
0000001CC210
FFFFFFFB23A4
FFFFFFD59D4D
00000023F3C4
0000003FCC22
000000301474
00000035A994
0000000B7E49
0000001FB948
FFFFFFFE265C
FFFFFFEF4A53
0000000C8337
00000024A9D8
000000576435
000000295A8E
FFFFFFC47CD8
FFFFFFE0D497
0000000F1BD8
000000225212
000000065917
000000093691
0000001B01D5
00000059240E
000000690EB4
FFFFFFD5F062
FFFFFFEEB34F
FFFFFFFD0D17
00000058DB26
0000004655DA
0000001DFEE4
000000580646
00000027418A
00000016B29B
FFFFFFEE98E7
000000050407
0000001D4633
000000671FDC
00000092B958
FFFFFFD37BBB
FFFFFFE4F04E
FFFFFFFD5F83
FFFFFFEE24A3
0000000A8368
000000233DBD
000000256222
0000002BAA81
FFFFFFF19556
0000000342A8
00000008D88C
0000001003AE
0000001DB17F
0000003FD4E4
FFFFFFB880D3
FFFFFFDD3B94
000000003334
FFFFFFF7FECC
FFFFFFAB3651
FFFFFFCB10B8
0000001500C5
FFFFFFEEB1D4
0000000ABCE2
FFFFFFD1861A
FFFFFFD1C655
FFFFFFBC54F0
FFFFFFC46140
FFFFFFEF77BB
FFFFFFA58D71
FFFFFF80EED6
FFFFFFBF724D
FFFFFFA4CFF7
FFFFFFB0CF75
FFFFFFCE19B9
FFFFFFF455D0
FFFFFFCF7F9D
FFFFFF88666B
FFFFFFB6F974
FFFFFFC2A3DD
FFFFFFBF6496
FFFFFF84B39A
FFFFFF9CD7D0
FFFFFF8E6A5E
FFFFFFA42317
FFFFFFD2AB68
FFFFFFEA0F72
FFFFFFB2B229
FFFFFFC83496
FFFFFFDCF60D
FFFFFFCDA4E2
FFFFFFAA1C46
FFFFFF8A0DD5
FFFFFF836858
FFFFFFB32A2F
FFFFFFA0F7FF
FFFFFF660E4F
FFFFFF889835
00000038476F
00000098FF9E
000000BECFCC
00000014D516
FFFFFFE5870C
FFFFFFDB88E6
FFFFFFC19EE7
FFFFFFCDA75D
FFFFFFAFDCA6
FFFFFFAD5C67
FFFFFFA85B99
FFFFFF8A7202
FFFFFF646F5A
FFFFFFBD1941
FFFFFFE69048
000000760310
0000006B888E
00000034C030
FFFFFFE5DD0D
FFFFFFAE3CB8
FFFFFFCCC370
FFFFFFB96000
FFFFFFC6BEC0
FFFFFFCBC70C
FFFFFFD78ADA
FFFFFFAA75E2
FFFFFF90C113
FFFFFFB9375D
FFFFFFD6B6B0
FFFFFFC08F3C
000000427C64
0000004C0064
000000762868
FFFFFFA568E0
FFFFFF81AA8A
FFFFFFCF0449
FFFFFFA64082
FFFFFFA64DEE
FFFFFFDEB02D
FFFFFFBAF4DB
FFFFFFB8860D
0000000FF3AC
0000004867AB
0000000FAD69
0000006F9D87
0000006C1563
0000008DDFB3
00000028F0C1
FFFFFFC2E0F6
FFFFFFB760A0
FFFFFFBB261C
FFFFFFA30CB5
FFFFFFC97607
FFFFFFDB2A04
FFFFFFBDE1B3
000000201B19
000000363AA8
0000003B0569
0000005BE379
000000714DFD
0000008B6284
000000C3BECA
000000461A37
FFFFFFE040CE
FFFFFFD80BAB
FFFFFFCA99F5
FFFFFFC0CF8D
FFFFFFDAADEE
FFFFFFDF43E5
0000000E3AA0
0000007F422D
0000006D6391
000000719EBC
000000649751
0000007652DE
000000A58AC3
000000B10D6A
FFFFFFFFDDC7
FFFFFFCCA4F1
FFFFFFD88124
FFFFFFE8622F
FFFFFFCE7E65
FFFFFFE9A28B
FFFFFFF0F4AE
000000385883
000000616F86
0000006483F7
00000057E6AD
0000008E6C05
0000009219CE
0000009F9C37
0000007DFD46
FFFFFFB8F6F2
FFFFFF95031F
FFFFFFB71BEA
FFFFFFA15BCA
FFFFFFAD5850
00000010201F
FFFFFFEB3B6A
00000049FCB1
00000043F91E
000000842ECC
0000007924BC
00000071417D
0000007E6924
000000BAC77E
0000001E12D7
FFFFFF9AD471
FFFFFFBD3988
FFFFFFB04CF6
FFFFFF8EBE2B
FFFFFFF552B2
00000008FD18
0000004D7315
FFFFFFF46EFF
0000005BFED3
000000690F37
0000006C4695
0000009530B7
000000A13AE8
00000097E2AD
0000006E6BEC
00000063EF06
0000005746A8
FFFFFFC62D41
FFFFFFF3D4A2
FFFFFFC0719F
0000001ACB03
0000002E0FBE
0000000FB6BC
000000777CF0
00000081BBDA
00000096B2F4
0000007EC355
000000B2CFA3
0000009F55BC
000000995432
000000C1EEDE
00000034D715
FFFFFFD22917
FFFFFFAACE76
FFFFFFB184C0
FFFFFF9314EF
FFFFFF93EFF0
FFFFFFEB78EC
0000001EB884
0000005371F8
0000006714EA
000000656741
0000002ACE3E
0000001DAE22
00000060B5F4
00000071CC29
FFFFFF92FED2
FFFFFFA0E8ED
FFFFFFAD8548
FFFFFF8C9BE1
FFFFFF9B3A15
FFFFFFC32618
FFFFFFA3D5C4
FFFFFF9A8981
FFFFFFCE5FC9
FFFFFF78ABF9
FFFFFF8F6C7B
FFFFFF8528FF
FFFFFF9C5822
FFFFFF9148CD
0000002F87CF
0000006ED4A1
FFFFFFFE1259
FFFFFFE4B481
0000006EC3D5
00000080CE3C
0000002384E2
0000006232CC
0000002FFE42
00000076CC39
0000006A08DE
000000655132
0000006CFB89
0000005F26CB
0000006F80B1
FFFFFFF23499
FFFFFFD0D7F3
FFFFFFC3007A
FFFFFFCFC27F
00000040E268
00000045FAD0
000000115821
00000031E18A
0000002EA09C
0000000C1717
000000111496
00000026074C
0000002EC0EE
0000005F40ED
FFFFFFE14220
0000003B056B
000000013213
FFFFFF57C5C3
FFFFFFCB5178
000000373C45
0000003E7CDD
000000050EBB
00000063A7AA
0000002C2CF1
000000394916
000000294B35
FFFFFFD7A171
00000011E1A1
0000003C589C
0000001EAAA3
00000017544C
FFFFFFF9AAB0
FFFFFFD2162A
FFFFFFEC3CC8
FFFFFFF4E8DD
0000004DD8C5
0000008EABA7
0000005216C0
000000142114
0000004F5378
FFFFFFCD9982
FFFFFFA1A4AC
00000009166B
FFFFFFBEFD77
0000000F3618
00000000D492
FFFFFF9D6C19
FFFFFF33FEEF
0000001D0332
FFFFFF9B14B0
FFFFFFC33C14
FFFFFFE0CA7E
0000005F9A11
FFFFFFD7A4C5
FFFFFFFF07B7
FFFFFFA72B4E
FFFFFFD4F7FE
FFFFFFF34BE4
00000029D00B
FFFFFFFF1607
FFFFFFDDCB51
FFFFFFD401C4
00000009FBD6
FFFFFFBCF780
000000186665
0000002DA55B
0000004AC74B
0000003A4E96
000000422966
FFFFFFAC53C2
FFFFFFE6D1DA
0000001A6783
00000029790B
0000002919A6
00000005B6EB
00000033E2B6
FFFFFFC7A37A
FFFFFFB9ADF2
00000039F8EA
0000003DCC99
000000235F49
00000017681F
0000004863BF
FFFFFFC2887A
0000006476E1
00000047D6B6
FFFFFFF94FB9
FFFFFFDC72FD
00000026BD01
00000036A063
FFFFFFE7ED30
FFFFFF6DDF24
0000001A1BEF
000000123853
000000085C3B
00000003896B
000000324701
FFFFFFE31B06
0000003B88E0
00000045957B
FFFFFFF2113B
FFFFFFD698B7
00000036C182
000000320C1E
000000417870
FFFFFF459E0F
FFFFFFF19BDF
00000041E105
00000039CC77
00000066453F
00000025ABC1
0000000F5775
0000003E12F3
000000078CF2
000000349460
0000001D3DFE
0000003153B2
00000012DA79
0000002C9A54
FFFFFFEC1984
000000361DBB
FFFFFFD9A2CB
FFFFFFF955E2
00000007E7C5
FFFFFFDCE70B
000000393464
0000006BF57D
0000000196F2
0000001700C6
FFFFFFA2572B
FFFFFF680FA9
FFFFFFF211E4
0000005421EA
0000004CCE06
0000006CC3BD
FFFFFFCCCCF0
FFFFFFF50A98
0000002606EB
0000000A7BCF
00000042EEE5
000000375529
FFFFFFFD56FC
FFFFFFB0A7B8
00000034575B
0000000C399C
00000021D704
00000049DD0E
0000005FFE9E
0000003E7D62
0000003921F8
00000037DDE0
00000063C04A
00000045A8DD
0000000EE769
00000007F8C0
FFFFFF64B2AF
FFFFFFC6F7FC
00000058B7BA
FFFFFF9879DC
0000008400B6
000000260DBE
FFFFFFD117CE
FFFFFF617326
FFFFFFC1F3AE
FFFFFFCA3F91
00000044BF05
000000011AF5
00000039E1BE
000000559CF9
000000338079
0000004BF547
0000003BA022
FFFFFFD1EC62
00000038D8DB
0000000D263A
FFFFFFCD3319
FFFFFF8F76A8
FFFFFFF6D3A3
0000003B646E
000000311327
FFFFFFF4B6AE
00000032B8CE
0000001B270E
FFFFFFEA91AF
FFFFFFF52DA8
FFFFFFF514A2
FFFFFFE1AECD
FFFFFFF0D623
FFFFFFFD8FAF
FFFFFFF79550
FFFFFFD9A48D
FFFFFFE5678B
FFFFFFF5B946
FFFFFFE1D3A7
0000000F2487
FFFFFFED847A
FFFFFFD838EF
FFFFFFCEA52A
FFFFFFACB15C
FFFFFFFC4D97
FFFFFFE87634
FFFFFFD4487C
FFFFFFC8E904
FFFFFFCBFB14
00000002BEE7
FFFFFFCC50DD
FFFFFFEDD3E7
FFFFFFCE9A21
FFFFFFF4DE45
FFFFFFF75F58
FFFFFFA3E951
FFFFFFD0CD76
FFFFFFDF498F
FFFFFFEEF84E
FFFFFF833D09
FFFFFFC79A80
FFFFFFDD3658
FFFFFFDB291B
FFFFFFF9EBD3
FFFFFFFE86CA
FFFFFFD04088
0000000DA593
00000016A59B
FFFFFFA64B29
FFFFFF78D57F
FFFFFFADC9E7
FFFFFFC625A7
FFFFFFCFE382
FFFFFFBC2412
FFFFFFCEAD03
FFFFFFC59466
FFFFFFD7FDD6
FFFFFFE3D2B7
FFFFFFEDA6C5
000000224CC5
0000003A934F
0000002FEB11
FFFFFFDB42A1
0000000844C7
0000004C8B64
FFFFFFFB1693
0000001938BC
FFFFFFDF369E
FFFFFFBDB52D
FFFFFFE02CCD
FFFFFFE9C7FB
FFFFFFE660A4
0000000B071D
FFFFFFE35EBD
00000034C3E2
0000002FD604
FFFFFFC4321C
FFFFFFFA2CF4
00000021EE39
0000001933ED
00000022C9AF
000000090341
FFFFFFD7C644
000000050EBA
0000003FFFEA
0000003CFF58
00000027AF20
FFFFFFF3D298
FFFFFFEAD4F2
FFFFFFDE6BD0
FFFFFFB2619B
00000021E5F1
0000002EF89E
00000018A53E
0000000A100E
000000022693
0000000B6B7F
FFFFFFD38917
FFFFFFDF5F39
FFFFFFFBEA88
0000001B57FB
000000128E3A
0000000BF913
FFFFFFFA37B1
FFFFFFC713A1
000000157A2C
0000001CD5A2
00000029CE71
0000001FB5FD
00000020B663
0000001F6E8E
FFFFFFE1676B
FFFFFFC5C598
FFFFFFEBDC6B
000000232D4D
00000001E1F0
FFFFFFE7E83A
FFFFFFFE0F2C
FFFFFFFA5BE4
00000023D78E
0000001066B6
000000215AC1
000000352022
00000009C51D
0000001A30B6
0000000079A7
FFFFFFCC7372
FFFFFFC74FD1
000000219658
FFFFFFFAE936
0000000D6B6E
00000001F551
FFFFFFF00285
FFFFFFE5CCD7
00000012F8CD
00000021E208
0000003203FF
000000257614
0000002BF5DF
00000029D885
FFFFFFE2EB0B
FFFFFFEEA18C
000000172808
FFFFFFFF6EAA
0000003B8629
000000054110
00000013A5B0
FFFFFFAFA61A
FFFFFFAEC117
FFFFFFEC50C7
FFFFFFEF7CE4
00000059A907
000000483AF6
00000023ED4E
FFFFFFFD208F
FFFFFFF0C3CB
00000012C4D6
FFFFFFFD1043
0000002E6892
FFFFFFE8FB01
000000074E01
FFFFFFB10B43
FFFFFF9F03FF
FFFFFFEAEF46
FFFFFFFC66E1
0000002024B4
FFFFFFF84590
000000272113
00000011EBB9
FFFFFFED1630
000000047D14
0000001E8FBC
FFFFFFF586F5
FFFFFFE252F1
00000019B616
0000000ACE0D
00000024AB6C
0000001686EF
00000007BF0D
0000000B51A9
FFFFFFFD2AC1
0000000A8647
0000002647C5
000000484485
0000003C8D2C
0000003F292D
00000037389D
000000079643
0000000760A5
00000004BB85
0000001910EF
FFFFFFF7414D
000000215132
00000014AAEE
0000000AC70F
0000002C88DA
0000000CF6C7
00000037DE85
00000027F8A1
0000001ECD4B
00000014A332
00000017908B
FFFFFF4995AB
FFFFFF5F2C5E
FFFFFF5505F2
FFFFFF9A64F8
FFFFFFA6B254
FFFFFFC5B9E6
FFFFFFE812F6
0000000B46CF
FFFFFF62C162
FFFFFFADC154
FFFFFF93738D
FFFFFFA31286
FFFFFF71EA38
FFFFFF6C0BFD
FFFFFF404DF1
FFFFFF5780BE
FFFFFFCACA66
FFFFFFB0CD78
FFFFFF8CEF4B
FFFFFF97A75A
FFFFFFB58A38
FFFFFFB9F215
FFFFFF92DB80
FFFFFF977F81
FFFFFF7345A9
FFFFFF9061E8
FFFFFF7588DB
FFFFFF72BD69
FFFFFF77ED43
FFFFFF85EA74
FFFFFFFE3450
00000001BFAC
FFFFFFD8619A
FFFFFF9FF04F
FFFFFFAADDCE
FFFFFFD88F4F
FFFFFFDC0B07
FFFFFFCD83EC
FFFFFFC3EC7D
FFFFFF991FB1
FFFFFFA925AC
FFFFFFB8453F
FFFFFF88E46D
FFFFFF787084
FFFFFFF3FC08
0000005FAB07
00000064F857
FFFFFFBF6629
FFFFFF7801C4
FFFFFFB95F8E
FFFFFFC8C81C
FFFFFFB947B7
000000006DAB
0000001BD8FA
00000010AAA0
FFFFFFFC8975
FFFFFFBC1A83
0000001380CA
0000002FDAA9
00000070F33C
000000A58FB9
FFFFFFE9F478
FFFFFF8454A4
FFFFFFB578DF
FFFFFFC317D1
FFFFFFDEBF89
0000000465A7
000000048CF7
0000000D81EB
00000016BC03
FFFFFFECAA7F
0000006F53E5
000000797E00
00000093A629
000000A1D299
0000006E46EE
FFFFFFEC8AF9
0000001F3986
000000188B37
0000000C87B1
0000002639F1
FFFFFFFDE6D0
00000009CAFA
000000101EF9
FFFFFFE1E067
0000007C37B9
0000008D5AF4
0000008E8E6A
0000008AD120
0000007EB248
0000002EAE64
FFFFFFC4A873
FFFFFFD91B00
FFFFFFF6CED5
FFFFFFFE4BCD
0000000A2FC4
00000003EA10
0000002A97AB
FFFFFFEE333B
000000654591
0000006C874A
0000008FC265
0000007ED0AC
0000006E65B3
0000006B0F8F
00000013D251
FFFFFFBF0467
FFFFFFFACCA6
00000014BC12
0000001965CB
000000038B8E
FFFFFFFED32D
FFFFFFED239A
00000053869A
000000925378
0000008FB90E
000000571E6F
00000060B01C
00000078A804
00000042BCFB
FFFFFFD140B9
FFFFFFDCC9C7
000000027B6E
FFFFFFFDAB28
FFFFFFFB07A7
FFFFFFFAF05C
FFFFFFEAB81A
00000004A2E9
0000006A32A2
00000075AC94
0000006762DC
00000072A079
0000006D01C8
00000074FB59
0000000FBEE0
00000006474F
FFFFFFE67645
FFFFFFFFE2C5
00000001DAFB
00000002291A
FFFFFFF037BF
FFFFFFCC87DB
00000027B09D
000000774D64
0000004AD302
000000508B31
000000521CC5
0000005EDFD1
0000004862EF
00000054835F
00000047226E
00000047B9F7
00000012FF59
FFFFFFE5D805
00000006B463
FFFFFFD687D7
0000001D64E5
0000003C3F29
0000001A6EEC
00000042D4DF
0000006717BD
0000007EBA89
0000004B10AF
0000005427F9
000000642144
0000005D98BF
0000001CD5BD
FFFFFFF0E747
FFFFFFC7E0A0
FFFFFFDBA642
FFFFFFF1F5ED
FFFFFFAC0833
FFFFFFBA8E59
FFFFFFC82542
0000003CEED4
000000521FD5
000000338835
FFFFFFFF65A6
000000082317
FFFFFFF9B6FE
FFFFFFE75A1C
FFFFFFEB5657
FFFFFFEB1D29
FFFFFFE389F2
FFFFFFD13E4E
FFFFFFE9F61B
000000078A8A
FFFFFFF47E98
FFFFFFDF0DD7
FFFFFFE704C1
FFFFFFD41287
FFFFFFB62FC8
FFFFFFEC6735
FFFFFFCE38E0
FFFFFFDD5E6A
FFFFFFF1F7EC
FFFFFF72D8D8
FFFFFFA0C584
FFFFFFFBE525
FFFFFFE027CA
FFFFFFC437DF
000000133324
0000003D6F29
FFFFFFEAC3D3
FFFFFFB34228
FFFFFFC38C17
00000004A639
000000127786
000000071DA4
FFFFFFEEE311
FFFFFF73FFAE
FFFFFFDEE718
0000003BCEAA
0000001E2E4E
FFFFFFBD5ACE
FFFFFFCBAFD3
FFFFFFCFAF36
0000000A0138
FFFFFFE9B730
FFFFFFFBBECC
FFFFFFF55475
FFFFFFECE65C
FFFFFFF2B47B
FFFFFFCE7F6D
FFFFFFD0D213
0000001795BD
FFFFFFD8AD32
FFFFFFC798F5
0000007466AC
0000000D4B28
FFFFFFE7D124
000000389229
FFFFFFF7EFDA
FFFFFFEF7F78
0000000A7B49
000000021353
FFFFFFDEF602
000000150704
FFFFFFD359ED
000000485087
0000001BFA09
000000029D10
0000006613E7
000000224A2E
FFFFFFF35056
FFFFFFEA5E78
00000023E08C
FFFFFFDB229A
00000006C681
0000000FCF88
FFFFFFF7C260
0000001D8489
0000002B59EA
0000005C6766
00000057A9D6
0000000C4120
FFFFFFF28EF5
FFFFFFF01B54
0000000AA890
FFFFFFD393F9
FFFFFFF5AA3F
0000000D2845
FFFFFFEFE152
FFFFFFFB89FE
00000001CE9F
00000013597D
00000029B44B
FFFFFFF1AD58
00000024BF6F
FFFFFFF60CD8
0000000CC464
FFFFFFE0B237
000000492FEC
0000004FE390
FFFFFFEEE7AE
FFFFFFEDA8DA
FFFFFFE304BC
FFFFFFE72906
FFFFFFEE0A35
FFFFFFF2C872
00000013552B
000000041143
FFFFFFF4E248
00000007BF3F
FFFFFFF4D9A2
FFFFFFD1752D
FFFFFFA105FC
00000004944C
000000010749
0000000621FB
FFFFFFE5BEA3
FFFFFFE7597D
FFFFFFEA3176
FFFFFFE80CF8
000000367C21
FFFFFFEBFB2D
0000003E2C11
000000359754
000000204721
FFFFFFEC9D54
FFFFFFC5DDC8
FFFFFF974B61
000000313A00
FFFFFFF2CBFA
FFFFFFE912D4
FFFFFFEE8443
FFFFFFF45E60
00000004FFC5
00000028D598
000000235E49
00000037A677
000000056991
FFFFFFEFCB06
FFFFFFF1C67E
FFFFFFE822C7
FFFFFFAD47CD
FFFFFFFB1277
00000029B7F4
FFFFFFF68869
000000082A6C
FFFFFFEED621
FFFFFFF35248
FFFFFFEFFDFB
00000024E549
0000002DB74B
000000559AA7
0000000D1ED8
FFFFFFEF8021
FFFFFFEED038
FFFFFFF76C0A
FFFFFF8E5427
0000000E6703
0000006458F4
0000006355C4
0000004926F5
0000000969DC
FFFFFFF22DA6
FFFFFFECA164
00000017C91B
0000004EB746
0000002F92C5
00000000EE16
FFFFFFF1C096
00000000A1CE
FFFFFFBD6D36
FFFFFFD90EBE
000000113C63
FFFFFFDA2F17
FFFFFFC8BAC3
0000000DC04C
FFFFFFE7B41B
FFFFFFF56F73
0000002B23F9
0000003DB590
0000002ADF8A
0000001AA2B9
0000002F3E07
000000089689
FFFFFFC34E12
FFFFFFF7D3EE
000000047B7B
000000150E5E
FFFFFFD18C11
FFFFFFF488C1
FFFFFFF02C43
FFFFFFDBB5A7
000000288550
FFFFFFEF5D3E
FFFFFFE982C4
00000002A540
0000002C038E
0000002CF091
0000001CEA4B
00000009FF53
0000001844B5
0000004A4BAB
000000312CEE
000000503EEF
0000001F7EC3
000000098485
000000100C12
0000001F507E
00000009A9EC
0000002912B4
000000367DC4
0000003F260F
0000005C07AF
00000020FF9B
000000285819
000000205E0A
0000003DD7B7
00000049B3A0
FFFFFFACE617
FFFFFFBA9A85
FFFFFFE7A26B
FFFFFFF21AFE
FFFFFFC9AE0D
FFFFFFBDFAAB
00000040D756
FFFFFFE491F3
FFFFFFCF81A5
FFFFFFD054D1
000000045C68
000000194092
FFFFFFDCE63F
FFFFFFD951C0
FFFFFFDBC9CB
000000176883
00000010AAC6
0000002FF594
FFFFFFE804E3
0000001959A9
00000045C943
FFFFFFF955A6
00000003D02D
00000002EEA5
00000009694B
000000115BA9
0000000D9EBE
FFFFFFFB3258
FFFFFFF2A911
000000400199
000000189A36
00000003E9BB
FFFFFFFB33A2
0000005DA0E4
000000224D63
0000002E99AE
00000016E17C
FFFFFFFFEFC7
0000001B4536
000000223BB4
FFFFFFE6846B
FFFFFFFACBBC
0000004A409F
00000049FD20
0000000E5236
00000043D34D
0000006B40A0
0000002D9185
000000250A65
0000002ADABB
00000001E611
0000000668E0
0000003B25EA
00000028300E
FFFFFFC9F65E
FFFFFFB5FF1D
00000031358C
000000244476
FFFFFFD3FAF5
0000003156F6
000000397B9D
00000055DA3F
0000002DCA22
FFFFFFDD32A9
FFFFFFFE7824
FFFFFFF29FED
000000081807
0000002DE9A5
FFFFFFDA581B
FFFFFF9E7FAC
00000057C303
0000003B5B79
00000000C00F
0000000CD8B3
0000002FB7F6
000000378690
0000002DA9C2
00000020134B
FFFFFFD49113
FFFFFFD515F5
FFFFFFDAE784
000000242DF7
0000003F12D3
000000421195
000000791FC1
FFFFFFFFCA16
0000000738AC
0000000CFF67
0000000E3513
00000022C71D
0000003209E3
00000031ACCA
0000001E02A4
000000289BC9
0000001D9B08
00000020BEFB
0000002788E5
00000049CA4B
0000004FF2F9
FFFFFFF392A1
FFFFFFFFD34C
FFFFFFECCFBB
000000033CFE
0000001372E5
0000002DDC1E
00000056ACBA
0000005CD0EA
000000284487
00000023148C
00000037B103
0000003BDBAE
0000005FC067
00000025040C
FFFFFFEB48CE
0000000CE215
FFFFFFFB18CB
0000001C8D17
0000003154C2
000000378CEF
0000003BF38E
0000008E9935
000000559A69
0000000370BD
0000000FECD2
00000020C035
0000002E536D
0000004DFAAB
0000002BB14C
00000012858B
FFFFFFDFE9ED
000000161D2C
00000022BD28
000000224F2A
00000020F997
0000004F1EBF
00000010A0CB
00000029B527
00000015A1A3
FFFFFFEDD51C
0000002807C1
0000004DBFC5
000000642481
0000004D22DF
FFFFFFECBEC9
0000000B0D1A
FFFFFFD0EDBC
FFFFFFD2FD38
0000000A832D
00000017D2EC
000000247B49
00000040232F
000000090640
0000000718D6
000000275DFF
0000001C9254
0000004A8E91
00000045E6F0
0000000D25FB
FFFFFFBEC4EB
FFFFFFDB655E
FFFFFFFA1312
FFFFFFEF6F5D
FFFFFFF84E3E
0000001CF24E
FFFFFFF01585
FFFFFFE92A23
0000002DFEB6
00000033DD00
00000041EBCB
FFFFFFF0BCB7
FFFFFFE82B69
FFFFFFED5343
FFFFFFEC4DBE
FFFFFFCCEA97
FFFFFFEC7BB8
FFFFFFDE9CD5
FFFFFFF3E6FE
00000005BAC9
FFFFFFDA897F
FFFFFFDFC4CA
FFFFFFE84DD0
0000000E1ABF
000000199AB7
FFFFFFFF4F65
FFFFFFFDEFE1
0000001E9E63
00000004DDE1
FFFFFFF2719B
FFFFFFFB1881
FFFFFFCAB644
FFFFFFF5B665
FFFFFFDA7995
FFFFFFE9ECF1
00000005E889
FFFFFFFB796E
FFFFFFF85C70
0000002DF48E
FFFFFFB2EA18
000000009E08
FFFFFFA7B949
FFFFFFAE8EF2
FFFFFF969CA6
FFFFFF9B39EA
FFFFFFA5CCD6
FFFFFFAB55F0
FFFFFFCAB574
FFFFFFC62F22
FFFFFF604291
FFFFFF589DB3
FFFFFF80DF75
00000059BE6C
FFFFFFE8C97A
00000007A7C1
FFFFFFDE5BF5
FFFFFFB167A0
FFFFFF885650
FFFFFFC3028C
FFFFFFBFDE7C
FFFFFF634C55
FFFFFF890282
FFFFFFA6BD3D
FFFFFF7C3A61
FFFFFF9B7AA4
FFFFFFA9759F
FFFFFFA14316
0000000B9598
FFFFFFADCA7E
FFFFFFFD6291
00000027D3B9
FFFFFFD05796
FFFFFF6A040E
FFFFFFB0CD47
FFFFFF855355
FFFFFF97D529
FFFFFF81F4AC
FFFFFF81B420
0000000364C9
FFFFFFB742A9
FFFFFF8C0512
000000238ED9
FFFFFFE8AD33
FFFFFFE41589
000000085711
000000274BDC
FFFFFF8E0A80
FFFFFFC0BC45
FFFFFF905575
FFFFFF6B70B8
FFFFFF82DB64
FFFFFFD5D3D3
FFFFFFE23C75
FFFFFFBAFDE0
000000467BEC
0000003E6FCC
0000004429DD
000000228BC1
00000058361A
0000004D184F
FFFFFFD269DF
FFFFFFBA85A8
FFFFFFD6D112
FFFFFF9A60B9
FFFFFFCD9324
FFFFFFA5B5CF
FFFFFFE0E60C
FFFFFFDC0DF1
0000002B69CF
0000002A5F77
00000000CA44
0000006CB7C4
0000002E118A
00000069E6EA
FFFFFFFA4691
FFFFFF987F94
FFFFFFB66E79
FFFFFFCCB10C
FFFFFFF06870
FFFFFFB8B3FD
FFFFFFBE62D4
FFFFFFB7E915
FFFFFFE148F5
0000001B9EEC
000000214A54
0000003F352D
0000001C63AA
00000044E3C1
000000317DD5
000000095DA2
FFFFFFBCC445
FFFFFF850E54
FFFFFFBE8C0F
FFFFFFB77031
000000060614
FFFFFFCF269D
0000003D4C2B
0000002967E2
000000537625
00000034147E
0000001A2C7F
0000001B25B8
000000381E45
00000019A3A2
000000187A78
FFFFFFAC7624
FFFFFFC37857
FFFFFFB6D9BA
FFFFFFB055C5
FFFFFFD3CEBA
0000002D5D3C
00000049AE33
0000004316A3
0000004DC587
0000005980D8
0000001E6C58
00000042864B
00000002A663
000000438107
FFFFFFE12737
FFFFFFCE2387
FFFFFFA0B000
FFFFFFC3CF09
FFFFFFC8A57F
FFFFFFCBF59B
FFFFFFFB4C98
000000251D25
0000006DF261
00000065F44C
000000323E70
FFFFFFEF784F
FFFFFFE2C42A
0000003F0962
FFFFFFF0A2AC
FFFFFFEE266F
00000012D857
000000227AD3
FFFFFFF13852
FFFFFFE679CE
FFFFFFE09222
0000006B531B
FFFFFFDC3C36
0000008F3B71
000000A11FC2
00000011D453
FFFFFFB3B3A3
000000122803
FFFFFFDA619A
00000033AE5B
000000268A78
000000740FC3
000000166FDE
FFFFFF70A4C5
FFFFFFC43C71
0000001D1FC5
FFFFFFF3E622
0000007466F2
0000005A7D26
FFFFFFE81FAB
00000020715A
FFFFFFFDBA13
00000025A1D4
00000047DB3E
0000007B8B1D
0000001DF35E
000000470EE2
FFFFFF887847
FFFFFFB27D1D
0000001FA02F
000000040756
000000157187
000000883EB8
0000002D7EAB
00000070E61B
00000026480F
00000060A5E8
00000028AD16
0000002C6B9F
000000240D59
0000001B284D
FFFFFF76D92E
FFFFFF8C8DF1
FFFFFF100500
FFFFFF5A594F
FFFFFFB0739A
FFFFFFB2FF45
FFFFFFABC7C2
FFFFFFFE1A58
FFFFFF7942FA
FFFFFFA7DA68
FFFFFFBCF91F
FFFFFF8D8D39
FFFFFF7EDF3B
FFFFFF913523
FFFFFFDD56C1
00000000DBF2
FFFFFFC63C98
FFFFFFE6EA81
FFFFFFE7746D
0000005043E0
FFFFFFD9BAF3
FFFFFFD66624
FFFFFFDBE53A
FFFFFFBAF951
FFFFFFCD8EEF
FFFFFFE82026
00000006F49E
0000001250BD
FFFFFFE6FABC
FFFFFFE85451
FFFFFFADF6C2
FFFFFFCAD364
000000619366
00000025503E
FFFFFFB49705
FFFFFFC25D1E
FFFFFFDF8403
FFFFFFEE3D6C
FFFFFFE90C07
FFFFFFF8D5EC
00000027E3CB
FFFFFFE2072C
FFFFFFE5A0C0
00000008C35D
00000019E020
00000014BAFE
000000150E6C
FFFFFFCB155E
FFFFFFBDCB71
FFFFFFE60868
FFFFFFF037DF
00000001F2DE
FFFFFFF52A56
00000014A0FF
000000379266
000000053DB9
FFFFFFA3C701
FFFFFFA2B571
000000370755
0000001DE5EC
FFFFFFE99B9C
FFFFFFD3F810
FFFFFFBBCAFA
FFFFFFD47E58
FFFFFFE961D1
0000000DC8A7
FFFFFFE94386
000000087A67
0000004D7F1D
00000015B961
FFFFFFA232C2
0000004DA43D
00000098CDC8
FFFFFFF0D935
FFFFFFAC1E1B
FFFFFFC82273
FFFFFFD314F7
FFFFFFDD9660
000000153B1C
00000022EF57
000000089175
0000000DBFDF
000000347B97
0000007E00D5
FFFFFFEDF703
0000001B32CE
0000000A22F9
FFFFFFCD750D
FFFFFFC0FB26
FFFFFFDBB77F
000000138F4D
000000296E89
0000002460F4
000000264FC0
0000003CF2B7
FFFFFFFCEF98
FFFFFFCB6C00
FFFFFF888168
FFFFFFDAD529
00000018E3FD
FFFFFFF1D245
FFFFFFC09C24
FFFFFFC0DB13
FFFFFFE8E6D0
0000000ECF16
FFFFFFBB7452
FFFFFFC731B6
FFFFFFF39062
FFFFFFDDF149
FFFFFFC584EB
FFFFFFC4FF05
FFFFFF832C45
FFFFFF88EBA9
FFFFFFC5F6C2
FFFFFFC85F65
FFFFFFDDCA6B
FFFFFFC1168C
FFFFFFB91DAD
FFFFFFAB7A49
FFFFFFBC2697
FFFFFFD3532D
FFFFFFD3780C
FFFFFFCE2C36
FFFFFFCB85C8
FFFFFFC4FAC9
FFFFFF88A89E
FFFFFFACBC9C
00000008E76D
FFFFFFDB986F
FFFFFFCD900A
FFFFFF6EBE0F
FFFFFF969587
FFFFFFB498ED
FFFFFFD865DF
FFFFFFB54E49
FFFFFFC8721F
FFFFFFE7623C
FFFFFFEB2AB3
FFFFFFCDA6A4
FFFFFFA0C36E
FFFFFF9C97B1
FFFFFFD0C1C3
FFFFFFE506EF
FFFFFFDBE8BF
FFFFFFB7541D
FFFFFFD7402D
000000266D6B
0000001B50B1
FFFFFFC1AD69
00000007AFB1
FFFFFFCCAF4A
FFFFFFF6DD01
00000056B90C
0000000B092A
FFFFFFB4A828
FFFFFFBAA1FF
FFFFFF87C1E3
FFFFFFCFE354
FFFFFFBB3473
000000545F57
0000008F5879
0000005A7BA8
0000002D964E
00000005A435
FFFFFFFD1833
FFFFFFE76BC8
0000003B1A9F
00000036F5EB
FFFFFFB891A2
FFFFFFDD4475
FFFFFF6F41C6
FFFFFFAA305B
FFFFFF9D7776
FFFFFFB6D6CB
FFFFFFE08843
000000034EA9
000000022609
FFFFFFCB388B
FFFFFFDD7808
FFFFFFFA80F4
00000025B06E
000000309364
FFFFFFB871FB
000000076565
FFFFFFDC1ADF
FFFFFFE49497
FFFFFFD683A0
0000003D11E2
FFFFFFEFD178
FFFFFFC32217
0000004C25AC
00000068C98C
000000727A95
00000052C8FD
0000004B832D
000000692E8B
FFFFFFC3D845
FFFFFFD17E48
0000000A9C51
FFFFFFE4266F
FFFFFFD023C7
FFFFFFF4A906
FFFFFFE26BFC
000000020AB6
000000162D03
FFFFFFF50F80
FFFFFFDC2BAB
FFFFFFE8C3A6
000000148A3A
FFFFFFDCBA54
FFFFFFB57E68
FFFFFFA1C5EA
0000002BBB30
0000004B0F8B
0000000453D1
FFFFFFF07101
0000003AEA35
0000001C0439
FFFFFFFF9250
0000000D1A49
000000118006
0000000E2D6D
FFFFFFE670EF
FFFFFFF0195D
FFFFFFF5D462
FFFFFFDD94A7
0000003914B0
00000090BF64
FFFFFFDC37FA
0000002098AF
00000056F19A
00000028C144
00000020C9FD
0000002D0EFE
0000001972F0
00000014E0C9
FFFFFFF9A0EE
FFFFFFF0F1D9
FFFFFFFE7BA3
0000000C38D7
FFFFFFC8B4BA
000000150193
FFFFFFFC9AEA
00000087629F
00000022EB71
00000019D6DF
FFFFFFE52596
000000172DA9
FFFFFFFDDFA8
00000007A982
FFFFFFC4D282
FFFFFFD46B84
0000002A8C35
00000078DC5B
000000095571
00000000DD88
000000250D99
00000094A84F
0000002AF6E4
0000000C8313
FFFFFFFF4974
000000150FE8
FFFFFFFA07C4
FFFFFFEBFE01
FFFFFF94E021
FFFFFFAC911A
0000000CD7BC
00000030E167
FFFFFF9AFDDA
FFFFFFEF8828
0000002081C8
00000060109A
000000366002
000000033746
00000012C817
FFFFFFD3027A
FFFFFFCBEB2F
0000000B0BBB
FFFFFFB5C451
FFFFFFA2515D
00000003C1F3
00000009047E
FFFFFFE02356
0000001CCA06
000000130251
0000002EC4DA
0000003BEB91
FFFFFFF39A29
FFFFFF91C178
FFFFFFC8389A
FFFFFFC18C4A
FFFFFFF915A7
00000012FF44
00000045BF40
000000392B71
FFFFFFF5FD88
FFFFFFEC6D5B
FFFFFFF9A86E
00000001BD3D
00000021DC6D
000000058AFB
0000008D33B3
000000576AE3
FFFFFFF38916
FFFFFFDCDC05
FFFFFFFBCEB8
00000002A7F1
000000262633
0000004A0C19
00000002CFD5
000000038E2E
FFFFFFE692A6
FFFFFFF69063
000000185F0D
00000026995A
0000004DCFF1
000000791923
000000166F06
FFFFFFDDB418
FFFFFFEDE2D6
0000001AD9C4
0000002BD458
0000007B7F5C
0000001E7FF6
00000018557A
FFFFFFF10C4E
00000015C6E9
00000011921C
0000001BEE89
0000001DFBBB
0000007911F6
0000004D7AE5
FFFFFFCD2EEB
FFFFFFDC97F5
FFFFFFF537D6
FFFFFFFA2646
000000349C29
00000051F871
0000004F128B
0000004752A3
0000001D4841
FFFFFFE41440
FFFFFFE730B7
FFFFFFE0F65B
000000351076
0000005DB46A
0000001AACFF
FFFFFFED3B44
FFFFFFA186FC
FFFFFFCD35DD
0000001371E2
00000051194E
000000C04198
000000408F49
000000360AA3
FFFFFFBA90A0
FFFFFFB3754E
FFFFFFD9CDE2
FFFFFFF4EE22
0000001F5805
000000104282
FFFFFFF928C9
FFFFFFD345BE
FFFFFFFEFFD7
00000015327B
0000002E73DE
0000008A3DF9
0000000CA9B7
00000060374B
0000000F370E
FFFFFFEDFFB8
0000001DA7F7
00000009468A
000000216C61
00000035C5D9
0000001943B5
FFFFFFE2487C
0000005366D2
FFFFFFFDC6C6
FFFFFFBA22BA
FFFFFFCDFE0E
FFFFFFD55A1A
0000003190DD
FFFFFFCB3196
0000002A3567
0000002F28F7
FFFFFFBBF6E2
FFFFFF9E84B0
FFFFFFB51D6A
FFFFFFD89AA3
FFFFFFAB7DD9
FFFFFFFA654B
FFFFFFF3CCF2
FFFFFFEE95EB
FFFFFFC65F32
0000000655E4
000000024110
FFFFFFDC911C
000000001176
FFFFFFCAEC75
FFFFFFC11124
FFFFFFBFBF11
FFFFFFD77306
FFFFFFDC8FA9
FFFFFFDEEA4E
00000013F58D
FFFFFF6D8592
FFFFFF5BF925
FFFFFFA777E9
FFFFFF9E8013
FFFFFF946D66
FFFFFFC89DCF
FFFFFFBF558B
FFFFFFC8B809
FFFFFF52F19A
FFFFFF8C11CE
FFFFFF7335B6
FFFFFF9CCCFA
FFFFFF61C0BB
FFFFFF4C0C4B
FFFFFF64305C
FFFFFF695BD8
FFFFFFF7C295
FFFFFFCC23EF
FFFFFF91C727
FFFFFFA55E3A
FFFFFF8F1E5C
FFFFFF8A8447
FFFFFF8E46F3
FFFFFF69396D
FFFFFF5E2B7C
FFFFFF8D1264
FFFFFF754443
FFFFFF417CD0
FFFFFF6DBAC4
FFFFFFDE2545
0000007758B5
0000007EE736
000000167F99
FFFFFFA5F54D
FFFFFF875189
FFFFFF98017C
FFFFFFC5494A
FFFFFFB92744
FFFFFF9D73A0
FFFFFF748109
FFFFFF78B182
FFFFFF6037EC
FFFFFF6A49B4
FFFFFFB7907A
00000035DE52
00000050C8DD
0000004D0169
FFFFFFE4E17C
FFFFFF676F5E
FFFFFF998038
FFFFFF9FA337
FFFFFF975E94
FFFFFFACFF7B
FFFFFFB33F24
FFFFFFA7085A
FFFFFF820F79
FFFFFFB2EC4E
FFFFFFE12897
FFFFFFDDEC31
0000005A96A2
00000063CC15
0000003F4294
FFFFFF756502
FFFFFF894BAA
FFFFFFA65C65
FFFFFF8CAE11
FFFFFF97EF57
FFFFFFBA71B1
FFFFFFBBCD4C
FFFFFFCB0BAE
FFFFFFF6E01C
0000007423D8
0000005E6C65
0000007269E8
00000061134B
00000080159A
00000009FC2E
FFFFFFD14A2D
FFFFFFD036B1
FFFFFFC8C46C
FFFFFFCC4574
FFFFFFC50901
FFFFFFE16A4C
FFFFFFDAA271
FFFFFFFA9EBB
000000714BC6
0000005DCF11
000000659B2D
000000729A54
0000006E0D39
000000881B5F
00000026C658
FFFFFFD1AF24
FFFFFFD216AB
FFFFFFDA8F08
FFFFFFE0AA4A
FFFFFFEB13B3
FFFFFFE42B99
00000004691E
0000006E3A92
00000070373E
0000005FD1B1
0000004B56BD
000000636B3B
00000087E774
000000768AB6
FFFFFFF265CA
FFFFFFDBA89B
FFFFFFE7A6DA
FFFFFFF6A0EA
FFFFFFE12A49
FFFFFFD6A413
FFFFFFCFD1DC
000000279EEF
0000004D75AC
0000005BFA4A
0000005A9FBC
0000006705D7
0000006235EE
00000080601B
000000237958
FFFFFFD047F9
FFFFFFCF5D9D
FFFFFFE7B37C
FFFFFFC06CB2
FFFFFFD10195
FFFFFFC77F6B
FFFFFFB3D3F1
000000528B49
0000003C5AFB
00000059464E
000000633C28
0000006A1944
00000077585C
0000007002A3
000000363A76
FFFFFFF70A6C
00000026B826
000000088D8E
FFFFFFC1F713
FFFFFFCF6832
FFFFFFB22AA6
0000002E4A41
000000138908
000000478E15
00000059B427
0000005E66A9
0000007C21BC
0000007EDDBD
0000007FF3DC
000000605D2F
00000077A961
000000803550
FFFFFFF67557
FFFFFFE82D9A
FFFFFF88693E
00000007967E
00000006CD6C
FFFFFFF71645
0000004DAE6C
0000005DDB9B
000000772667
00000075920B
0000008BEAB9
0000007E32F1
00000070FEC2
00000088C00B
000000463EAA
FFFFFFC2DCEB
FFFFFFB37D6D
FFFFFFB0B12D
FFFFFF94E422
FFFFFF89A9FA
FFFFFFC82EAE
000000013A1B
0000004A6AF7
000000476FB3
0000003BF80E
00000013B53D
FFFFFFED0DFA
0000002A1A6B
00000032CB8D
FFFFFFCBD1C6
FFFFFFC46BD7
FFFFFFB84E00
FFFFFFC82B5A
FFFFFFC7BDE9
FFFFFFBE2B86
FFFFFFA72D22
FFFFFFA80ABC
FFFFFFC96840
FFFFFFA2B3C8
FFFFFFB1F847
FFFFFFA8F57D
FFFFFFC5ECB1
FFFFFFAA5AC3
FFFFFFF1D183
FFFFFFE61646
FFFFFF9FF650
FFFFFFA8E299
FFFFFFD355E6
FFFFFFFF34A5
FFFFFF99B175
FFFFFF9E50B1
FFFFFFC56DEF
FFFFFF82537B
FFFFFFC0582B
FFFFFF9CDF9B
FFFFFFAA1548
0000001901A9
0000002335CA
FFFFFFEF5A17
FFFFFF7FA6C0
FFFFFFB9DD0A
FFFFFFB2EE8E
000000012387
FFFFFFD44A52
FFFFFF954654
FFFFFFC655C7
FFFFFFD294AB
FFFFFFD4A23D
FFFFFFC45297
0000001D0D50
0000001CDD62
FFFFFFF9595E
00000062D40F
0000004C32AD
00000015FDFD
0000001416DB
00000010B234
FFFFFFA48A8B
FFFFFFEB0BBF
FFFFFFE14307
FFFFFFE15877
0000000D0689
FFFFFFF68123
00000023568C
FFFFFFDF4FAD
FFFFFFE66957
FFFFFFD0079D
0000005492CB
000000352593
000000569503
0000006DEE8A
FFFFFFD82A69
FFFFFFEF033D
FFFFFFF6A22A
0000001C9EB8
0000001422B6
0000003B9AE7
0000007C85C4
0000001758B5
FFFFFFE19BFA
FFFFFFFC464A
000000674E3E
FFFFFFFD1338
FFFFFF94ADE5
000000165128
0000003DAAA4
FFFFFFCE8411
FFFFFFB5E0A7
FFFFFFF1CDBB
FFFFFFF2BFF0
FFFFFFF8343C
0000000CBF97
FFFFFFEB6FE6
000000BF366E
0000008408BE
0000001BFAFD
FFFFFF885169
FFFFFF87DC78
FFFFFFF1E8DB
00000032B3BB
FFFFFFF105CE
0000000A138F
0000000C9E88
0000004C442A
0000000D722E
FFFFFFF4CC89
FFFFFFBCEE0D
0000002FB92F
00000029F608
FFFFFFD2CA56
FFFFFF82C2EC
FFFFFF918D97
FFFFFFD3099D
000000189F7E
FFFFFFCAA047
FFFFFFBFE10A
FFFFFFE70E4B
FFFFFFE8F664
FFFFFFE3765F
FFFFFFE7EAF2
FFFFFFA4D98E
000000055CAD
FFFFFFB0E624
FFFFFF836197
FFFFFF8D24ED
FFFFFFC59B8F
FFFFFF8834F5
FFFFFF7F21C4
FFFFFFDD7965
0000002EAED2
FFFFFFBC0E10
FFFFFFCC05B8
FFFFFFDB5335
FFFFFFDA4438
FFFFFFB40B11
FFFFFFA811FE
FFFFFFDAD2D8
FFFFFFC51C24
FFFFFFC6D1E6
FFFFFF8B0CAC
FFFFFF864B1D
FFFFFFA1A99A
FFFFFFD2ADF9
0000002C7BDE
FFFFFFE73DD5
FFFFFFF121B6
FFFFFFC9B075
FFFFFFD30F7D
FFFFFFC08EE6
FFFFFFC711C7
FFFFFFFAFF2F
FFFFFFD3DD70
FFFFFF875136
FFFFFF7BC1BB
FFFFFF9FEED1
FFFFFFC8C6DA
FFFFFFECED6C
FFFFFFCC510B
FFFFFFCD491F
FFFFFFD7157F
FFFFFFAD2C45
0000000FCCA0
FFFFFFFCD939
FFFFFFBB020F
00000010BC7A
FFFFFF8CBA7C
FFFFFF6EB43B
FFFFFFD4E5DF
0000000FFF80
FFFFFFEE7979
00000021DAF0
000000239EBA
FFFFFFE9F9DC
FFFFFFD643A1
FFFFFFFAA038
0000007ABC34
000000B64A12
FFFFFFAD23B2
000000058E8D
FFFFFF5BCA7C
FFFFFF795E21
FFFFFF7DE05A
FFFFFF762D15
FFFFFFB1F20F
FFFFFFB6F168
FFFFFFBFEE8C
FFFFFFB948E1
FFFFFFBBB848
FFFFFFECC646
000000439DD7
000000CB2049
FFFFFFB55099
FFFFFFD32084
FFFFFFA1279F
000000043F1D
FFFFFFE843A6
FFFFFFB8772B
FFFFFFB02B30
FFFFFF2934C1
FFFFFFDAF852
0000000D8929
0000002E3BDC
FFFFFFD8EBB7
00000003E318
000000380B5E
FFFFFFB9A1FC
FFFFFFDA51A4
000000091CC9
000000015A21
FFFFFFC367AE
FFFFFFAFD03D
FFFFFFD9EE9A
FFFFFF8932C0
FFFFFFDA9370
FFFFFFEB6C8B
FFFFFFB99E9C
00000006F5CE
FFFFFFEF0BDE
FFFFFF963DA1
00000005D5C8
FFFFFFBE446C
FFFFFFAC7DAB
FFFFFFC7D698
FFFFFFBB9868
FFFFFFB14244
FFFFFFB77950
FFFFFFDF221B
FFFFFF89AFD2
FFFFFFAD28DF
FFFFFF946CDF
FFFFFF84B6B0
FFFFFF8D036F
FFFFFFA4207C
00000013E669
FFFFFFABD658
FFFFFFB435E1
FFFFFFAE64E5
FFFFFFB16C6A
FFFFFFD1D065
FFFFFFF54BB8
FFFFFFCA7BBC
FFFFFF9691B5
FFFFFFC55D21
FFFFFFBD7841
FFFFFFBA67D3
FFFFFFCD71B9
FFFFFF9A501F
FFFFFFA2B4DC
FFFFFF4D0A9A
FFFFFF66509E
00000004AD28
FFFFFF7E4C55
FFFFFFA04EE2
FFFFFFBEA83F
FFFFFFAC974B
FFFFFFDB03B7
FFFFFFD34AEB
FFFFFFB292DB
FFFFFFAE2583
FFFFFFC2D37D
FFFFFFC0F81D
FFFFFFA13D62
FFFFFF3814AF
FFFFFF91C940
0000000168BB
FFFFFF927172
FFFFFFC21C92
FFFFFF7F6D29
FFFFFFCCE530
FFFFFFBBF4D9
FFFFFF96C2B0
FFFFFF8D5709
FFFFFFC82E87
FFFFFFD56181
FFFFFFE250DA
FFFFFFA644F6
FFFFFF9B8206
FFFFFFB58E7C
FFFFFFF37642
0000002C7A66
00000033ABE2
FFFFFFB1359C
FFFFFFDAB368
FFFFFFEE4E40
FFFFFFBBFBC0
FFFFFFF65EA3
FFFFFFE51AE9
FFFFFFE8A72D
FFFFFFF36920
FFFFFF3ABA78
FFFFFFC41BF7
FFFFFFFB1367
0000002BE327
00000015488A
00000037B363
FFFFFFD241DD
FFFFFFCBC1FD
FFFFFFFE9329
0000001C77C1
0000002A4181
FFFFFFFC2FDE
000000259B85
FFFFFFF7CD01
FFFFFF9FDD3E
FFFFFFE62001
000000251249
000000195933
000000227FBE
0000004BB0BD
00000051870B
00000003AA72
0000000504CC
FFFFFFF8F26C
FFFFFFE9FB1D
FFFFFFF8DE94
0000000CADC3
00000009D99B
FFFFFFC94907
FFFFFFCE862E
00000038D08C
00000025BC72
00000020C19F
000000218ECB
0000003497B0
0000001F5EB4
FFFFFFC5DB54
FFFFFFE6551B
000000150FA1
00000001A327
FFFFFFF9870B
FFFFFFED28C9
0000001A6C55
FFFFFFF57C5A
000000441CCD
000000246377
00000027A212
FFFFFFF772A5
00000026A5F1
00000033646D
FFFFFFD13004
FFFFFFE9C514
FFFFFFDD8296
FFFFFFDE4F99
FFFFFFF581FB
FFFFFFF6128C
FFFFFFC854AF
FFFFFFDBC6A4
0000000DF4F3
00000029E2C8
000000168737
000000208D35
0000000DAC6E
00000021810F
000000384879
0000001F06F7
0000000F66B1
FFFFFFC40016
FFFFFFB98C73
FFFFFFEC1105
000000047030
FFFFFFE50A6F
00000059BADA
FFFFFFEEA892
0000004F451A
0000001AD2D0
0000002345DB
00000029E97C
0000003DED97
00000002B4E0
00000053A32B
0000002E459A
FFFFFFEDC29B
FFFFFF80EEB6
FFFFFFD645B6
FFFFFFBD0814
0000000B9C9E
FFFFFFF35DAA
00000004BA7C
FFFFFFF05E80
FFFFFFE0E8AF
00000023AF8C
0000003B87B2
000000251726
000000422F09
000000037A85
000000141E95
FFFFFF95F7AE
FFFFFFC4158D
FFFFFFCDB9F8
0000000E4DF7
FFFFFFE9A7D5
FFFFFFD892F3
FFFFFFE278A6
FFFFFFC7126E
FFFFFFD8D670
FFFFFFE5854F
0000000C5851
FFFFFFB3A6ED
FFFFFFA3C67C
FFFFFFAB016E
FFFFFFBA310A
FFFFFFBD4B8C
FFFFFFBFA275
FFFFFFB88143
FFFFFF8D2546
FFFFFFC7D11D
FFFFFFB674A4
FFFFFFC19C48
FFFFFFC8F880
FFFFFFB91BEE
FFFFFFB23F09
FFFFFFD48754
FFFFFF9CC685
FFFFFFB69127
FFFFFF8E2F0E
FFFFFF91ACBB
FFFFFF8096B2
FFFFFFD5BA01
FFFFFFB16FBF
FFFFFFCBF2BC
FFFFFFEEDF08
FFFFFFFBBC5A
FFFFFFE0D00E
FFFFFFB2E0DD
FFFFFFD3CD51
FFFFFFC9E9D0
FFFFFFCCA4A5
FFFFFFB2156C
FFFFFF95187E
FFFFFFA1513C
FFFFFFA5AC52
0000000E2586
FFFFFFF0ABC6
FFFFFFB8C4A1
FFFFFFB94BBA
FFFFFFC5F716
FFFFFFF87191
FFFFFFBF7940
FFFFFFC0BE20
FFFFFFBC4419
FFFFFF93E141
FFFFFFCAB9A1
FFFFFFA6FF6A
FFFFFFCBC0ED
FFFFFFF18ADA
0000003BCC01
00000049762C
0000004AAA5A
FFFFFFE533A7
FFFFFFB40DF2
FFFFFFDE03F0
FFFFFFF0BD50
FFFFFFDAE8E8
FFFFFFE35924
FFFFFFD9E61B
FFFFFFE6A445
FFFFFFDA65C9
FFFFFFCEA1E6
000000091A8F
00000043A6C5
00000024CE95
0000005D829F
000000105CBF
FFFFFFBFB868
FFFFFFC8F03B
FFFFFFC85DD4
FFFFFFBA4A31
FFFFFFE4612E
FFFFFFEFDF64
FFFFFFDDA530
FFFFFFD72F61
FFFFFFC871DA
FFFFFFF1E42B
0000000B2562
00000014E032
0000001660D3
0000000B84B7
FFFFFFD481A1
FFFFFFB917ED
FFFFFFD0275E
FFFFFFF6AA06
FFFFFFE7110A
FFFFFFFD73F2
0000000657A6
0000001831AD
FFFFFFDDA2AC
FFFFFFF48C16
FFFFFFFCE95A
0000001798DF
00000024FF88
000000329F23
00000013B5A8
FFFFFFFCC0B0
FFFFFFFCE474
000000098576
000000070659
FFFFFFFD3287
000000066DA9
00000005C11C
FFFFFFE72F80
FFFFFFFFE67D
FFFFFFF89A79
000000077B1F
0000001826BC
0000002A82AC
0000002C4820
0000002194FA
FFFFFFF7511E
FFFFFFDE4715
FFFFFFE678B7
FFFFFFEDDA7B
000000024A72
FFFFFFF3EF20
FFFFFFE329EA
FFFFFFE6DDEA
000000011A8B
0000000CD39F
000000129147
000000083202
0000000F5590
00000020770D
00000013FAF4
FFFFFFFBA20B
FFFFFFFE23FB
FFFFFFEBAD29
00000007564A
FFFFFFF654FF
FFFFFFE58D63
FFFFFFF84363
0000000258CD
FFFFFFFEAEDC
FFFFFFDF1207
FFFFFFF705B7
000000062AF0
0000001D6736
0000002F2623
FFFFFFF6B25A
FFFFFFF90064
00000002964C
FFFFFFFB5D72
FFFFFFE4CCF5
00000004D1E5
FFFFFFF2975D
000000046EE6
0000000157BD
FFFFFFF22820
FFFFFFEB6105
00000003FE94
000000174E30
0000002F3F47
00000025A5AC
00000009EE31
000000021B75
FFFFFFED6281
FFFFFFF22A70
000000037840
FFFFFFF85AE3
FFFFFFF32C6D
FFFFFFE40B35
FFFFFFF71AEE
000000018293
0000001AEED1
0000002DAF9C
00000020D4AA
000000252ACF
000000191FE4
00000031736D
0000000935E8
FFFFFFE60B41
FFFFFFF630DC
FFFFFFE67500
FFFFFFF4084E
FFFFFFCF6A26
FFFFFFCB99EB
FFFFFFDE4009
00000001B6BD
000000113F23
00000003750D
00000018E9A5
0000000F64F6
0000001C3DF9
0000001E4771
FFFFFFEE46F9
FFFFFFD031CA
FFFFFFD48C39
FFFFFFE405AB
FFFFFFD20813
FFFFFFCB5463
FFFFFFBC36E5
FFFFFFD560C2
FFFFFFF2AE8F
0000000EFFC8
FFFFFFFF7D42
FFFFFFE51DDD
FFFFFFEAB882
FFFFFFF621FF
0000000C1630
0000000A281D
00000005ACE0
000000072BD0
FFFFFFFF7270
FFFFFFF08E13
FFFFFFDC63DE
FFFFFFD59F91
FFFFFFD5028D
FFFFFFEE4C1E
FFFFFFCF1A5A
FFFFFFE61283
FFFFFFE3EDD3
000000081D2F
FFFFFFF5CBBC
0000013317D0
0000011048D9
000000F1CA8E
000000B0111E
000000A66BE8
00000085CB7A
0000005F9550
0000008CB071
0000010D5A9C
000000C9DA73
000000BD1321
00000096909F
000000BF35D9
000000D9DB75
000001338E42
000000CBCB95
FFFFFFCACD68
0000002AD85A
00000090B688
000000674CCE
000000676E52
000000826811
0000009A8534
000000A4BE55
000000CABE73
0000008CDC56
000000A60443
000000FA9A1B
000000C078BC
FFFFFFFAD007
FFFFFF709DA4
FFFFFF8F1BF1
FFFFFF8D267C
0000004C8B82
000000925891
000000557740
00000049B7E3
0000004F8D89
00000043F5A7
0000006F854C
00000068ACE4
00000062AF84
000000A1A002
FFFFFFFCF687
FFFFFF8B2D4A
FFFFFF5E2920
FFFFFF4464E2
FFFFFFFEE8D7
00000091D654
0000005D7529
0000004D175B
000000599612
0000002278F6
0000000351B2
0000000E30E2
0000001E5C28
00000038D211
FFFFFFAA73E2
FFFFFFB47030
FFFFFF54F195
FFFFFF4B159A
FFFFFFB216BB
0000005C0546
000000798CD5
0000005A72D4
0000005476C1
0000002A7458
000000157777
000000201E84
000000313570
FFFFFFC47A48
FFFFFF517920
FFFFFF4A1C70
FFFFFF4570B8
FFFFFF5499CB
FFFFFF698868
FFFFFFD00C34
00000010D34E
00000008B7BE
0000000DE7A0
FFFFFFFF48D9
00000001E8AA
000000023F67
00000025F907
FFFFFFE34667
FFFFFF394017
FFFFFF613419
FFFFFF5BF8DB
FFFFFF5AD679
FFFFFF6015B8
FFFFFF87F10A
FFFFFFF77926
000000230B2E
0000001E1963
00000012DEBC
FFFFFFFD081F
0000000DFDF5
0000000532D3
FFFFFFD40448
FFFFFF64F122
FFFFFF68F0E6
FFFFFF5B53AB
FFFFFF61B06E
FFFFFF5FB0A2
FFFFFF65C146
FFFFFF98BE69
000000084CEB
00000023927B
000000089C8B
FFFFFFEEC3C0
FFFFFFFB31D6
0000000BB66F
00000004B075
FFFFFF90B506
FFFFFF7D90EE
FFFFFF66FDDE
FFFFFF64C3E8
FFFFFF5CC762
FFFFFF6C99B6
FFFFFF7072CC
FFFFFFD667B8
0000000D6207
0000000C3A26
000000074614
00000012328E
0000000AC2CB
0000002503EA
00000009333D
FFFFFFBD60A8
FFFFFF8CF47C
FFFFFF7756A3
FFFFFF7085C8
FFFFFF736D03
FFFFFF5FE6C7
FFFFFF9CB445
FFFFFFB075B3
FFFFFFECAD2E
FFFFFFC40F58
FFFFFFC61F92
FFFFFFF92022
000000447A90
00000046766B
FFFFFFDC79A4
FFFFFFB9D64F
FFFFFF943211
FFFFFF7ED9BA
FFFFFF7414D3
FFFFFF56A932
FFFFFF5EF52E
FFFFFF59BA58
FFFFFF6F4344
FFFFFF6537BB
FFFFFF6A5567
FFFFFFB7B722
0000004906FC
00000055D438
FFFFFFEE0A98
FFFFFFCBF4F3
0000000072CD
FFFFFFA143ED
FFFFFF7C04B0
FFFFFF5A9D38
FFFFFF74E5FB
FFFFFF42B709
FFFFFF5C47F4
FFFFFF4E83C8
FFFFFF803F84
FFFFFF941BBB
00000048D93F
00000030CD66
00000008E284
0000004750F2
0000005FE2D8
00000013A999
FFFFFFB85101
FFFFFF79EE46
FFFFFF56CC50
FFFFFF97A73F
FFFFFFB172F0
FFFFFFDFCD71
FFFFFFC52776
FFFFFFB90E8E
000000102994
000000055536
000000102C10
0000000318E1
00000015386E
FFFFFFF92763
FFFFFFFDD41C
000000108783
FFFFFFFEB89F
00000006A4B7
000000125213
000000049C42
000000115375
0000001A5585
FFFFFF7366DD
FFFFFF51F187
FFFFFFAEED4E
FFFFFF67CC47
FFFFFF723D98
FFFFFF6CEE8D
FFFFFFBD4AC8
FFFFFF826D26
FFFFFF3F200A
FFFFFF48FF49
FFFFFF5DAF0F
FFFFFF7FD80C
FFFFFF4EDCBC
FFFFFF50FF4C
FFFFFF6F2958
FFFFFF788F86
000000715A6F
0000001BE700
FFFFFFA49CC4
FFFFFF90D660
FFFFFF8FA0EB
FFFFFF893333
FFFFFF7DD1E5
FFFFFF6C3445
FFFFFF6139D7
FFFFFF8B5DB4
FFFFFF6BC27D
FFFFFF391DFB
FFFFFF57F6BE
FFFFFFF9AFE3
0000007AE7B9
000000B9FC67
0000007FE7E2
FFFFFFB61AAE
FFFFFF65947A
FFFFFF728553
FFFFFF829BFD
FFFFFF9DEA45
FFFFFF9A78E5
FFFFFF719B31
FFFFFF85A37C
FFFFFF6431D3
FFFFFF461C18
FFFFFFE5ACEF
00000066ACE8
0000006883E2
00000061757D
FFFFFFF415E3
FFFFFF4303C8
FFFFFF6DE4A8
FFFFFF670D3C
FFFFFF7BF35F
FFFFFF99DB21
FFFFFFD4EE0D
FFFFFFC7A466
FFFFFF99CAB5
FFFFFFD0E243
00000049EBCC
0000000B1818
00000041A6C4
000000746D5D
0000007D0277
FFFFFF7AD355
FFFFFF69E116
FFFFFF944388
FFFFFF707C30
FFFFFF99EF00
FFFFFF965E1C
FFFFFFB67E21
FFFFFFC8EF27
FFFFFFF578C6
000000629BD2
0000003955F3
000000782834
0000007201F9
0000008F042E
000000415E74
FFFFFFBA7973
FFFFFFC3F0B1
FFFFFFC36F7B
FFFFFFBF10BC
FFFFFFB30C04
FFFFFFD787A9
FFFFFFBF61AC
FFFFFFD0FBB6
00000064C219
0000005CE9DD
000000762F54
000000838AFC
00000082A700
000000BF876B
00000074EFE5
FFFFFFC5DC63
FFFFFFA7784B
FFFFFFC3D148
FFFFFFC275AC
FFFFFFBA1538
FFFFFFD50C4E
0000000FDB2B
00000098E782
0000006ED4EC
000000744CE8
00000059DFE6
00000078E033
000000B6B2E1
000000BFFE95
00000009B5E9
FFFFFFA95B0E
FFFFFFCFF073
FFFFFFDADB49
FFFFFFBC4DBA
FFFFFFCC94CA
FFFFFFEA7CF1
00000050BFE0
0000005702B5
00000053A1D3
00000065EFBA
0000008DAA44
0000008D1809
000000ACE52C
000000821679
FFFFFFC49BEE
FFFFFFB47CF9
FFFFFFB41763
FFFFFFB56D0F
FFFFFFB2D8AF
FFFFFFD2AB89
FFFFFFD73481
000000179BEC
0000002C6C76
00000072257B
00000081BE42
00000084133F
00000080EFC1
000000BD63DA
0000005942AB
FFFFFFD88DCC
0000002BD558
0000001713D6
FFFFFFB8C904
FFFFFFC7B301
FFFFFFB22411
0000002026AA
FFFFFFE217B7
0000003540A4
0000006C5DDD
0000006AA5D4
000000833827
0000009C6C17
000000A16B07
0000007EB6C1
00000095FCB1
00000096E5EE
FFFFFFE0C751
FFFFFFA2DEF3
FFFFFF95B6FF
0000001EA339
FFFFFFD9B863
FFFFFFD43933
00000031FD5F
0000004FCD3E
0000008B8325
0000007DEA97
0000009FE848
0000008F39CA
000000AC6E71
0000008BF6E2
0000003D12B7
FFFFFFB57C55
FFFFFFA7C335
FFFFFFD3EDF6
FFFFFF96BCF1
FFFFFF968716
FFFFFFD6C153
0000000EF1AF
0000004677FC
0000006197DA
000000618A13
000000357BE8
000000199707
00000039A141
0000002BD5CA
FFFFFFF37173
FFFFFFC9A2C1
FFFFFFB9A3CA
FFFFFFA3179A
FFFFFFD53424
FFFFFFD975A5
FFFFFFB98EF8
FFFFFFCDE2ED
FFFFFFDA6840
FFFFFFDE7D05
FFFFFFB34631
FFFFFFC30DBC
FFFFFFD2BB3A
FFFFFFCF27DF
FFFFFFB1EDCE
FFFFFFB9A175
FFFFFFF0BA21
FFFFFFE70C69
FFFFFFD3D493
FFFFFFF78FD6
0000000820B3
FFFFFFD52E71
FFFFFFA9ABE6
FFFFFFD91C54
FFFFFFED0ED5
00000007519B
FFFFFFEF975E
FFFFFFC9B09C
FFFFFFC4B1E6
FFFFFFE894AA
FFFFFFE0A4DA
000000065227
FFFFFFEE4A2F
FFFFFFF40216
FFFFFFE89192
FFFFFFDB8100
FFFFFFF4A809
FFFFFFF7BAD3
FFFFFFE4231A
0000000FDD74
FFFFFFF1184B
FFFFFFBD04DA
FFFFFFEB4843
FFFFFFF47BEE
FFFFFFBEEFC8
FFFFFFDADB10
FFFFFFE9AB6C
000000043EA9
FFFFFFDFB7EE
FFFFFFFDD9D4
000000098E9F
00000006A136
FFFFFFFB973D
FFFFFFECC8C1
000000021937
00000005DE2F
FFFFFFE9ADFF
FFFFFFF0AA57
FFFFFFD36818
FFFFFFE84995
0000001CE8FB
000000176D05
FFFFFFF31B21
FFFFFFF8C59F
0000001DC922
FFFFFFEF7FC9
0000000B7B67
FFFFFFF85D6F
FFFFFFECCFCD
FFFFFFECE921
0000002FC18B
00000040CEA6
00000019F92A
000000206F5F
0000001D57D3
0000001D4E3A
00000004C34C
FFFFFFFFC481
000000173CCD
FFFFFFF11BEB
FFFFFFF4C61A
FFFFFFF9C91E
FFFFFFF08333
FFFFFFD0FDDA
00000013F08A
0000002576EF
00000030D060
000000335555
000000317315
00000014393A
00000023621E
000000026698
FFFFFFE23071
FFFFFFECF68B
FFFFFFDEFA48
FFFFFFDE2EB7
FFFFFFD318CB
FFFFFFD94CED
00000008EA1B
0000001BF2B6
000000178DBB
0000001FBAEE
00000017B8F6
FFFFFFF9F256
FFFFFFF6D3FB
FFFFFFFF01E7
FFFFFFE6637E
FFFFFFE21A45
FFFFFFEF48BA
FFFFFFE98104
FFFFFFF3377D
FFFFFFE271C2
000000190284
00000007CA8C
0000003BE57E
00000035A6E8
000000226CF8
00000008077D
00000004EAE2
FFFFFFEF794D
000000218B38
FFFFFFC957A0
FFFFFFECB5AB
000000093C4B
FFFFFFEEA456
FFFFFFF99237
0000001096BE
0000003B24E2
0000001B61A3
00000013EDA9
00000019DC62
00000013C192
000000136AF3
00000003B025
0000001B6C0A
FFFFFFF9D08D
FFFFFFDFC5C3
FFFFFFF7D88F
FFFFFFD881FA
FFFFFFE5C282
FFFFFFE0BAC3
00000009A0D3
0000002E97C5
0000005E2115
000000360D76
0000001CB6EA
0000001F8619
0000002255AD
FFFFFFEB77B6
0000001578AD
000000158465
0000003A19BC
000000258B7C
FFFFFFFC688F
FFFFFFD49A7F
FFFFFFE9979D
00000033A25F
00000026C218
00000042BF77
000000115C69
FFFFFFF89570
000000028D64
000000026E17
FFFFFFFB667F
0000002AC1A4
0000000B0D5D
00000021DD59
000000205538
FFFFFFF2462D
FFFFFFF0236D
000000266D8F
0000002CFB0C
00000019BB20
00000018F4F5
0000002EE3BC
0000001D320D
FFFFFFFCBADD
0000000BB53B
0000001F0831
000000337587
0000001A2393
000000283653
FFFFFFF0A7D0
FFFFFFE7BCC1
00000001A7EA
FFFFFFF64684
FFFFFFDA0D35
0000000A0409
0000000B4228
0000002739B3
0000003B03B0
00000048FE66
0000003AC531
000000407E05
0000004AE0CF
0000005EA20C
FFFFFFECB515
FFFFFFCFE14C
FFFFFFBDF9D3
FFFFFFD60FB1
FFFFFFDDB1E6
0000000789C2
FFFFFFF9A66F
0000001E28B4
0000002FF46F
00000006521D
000000040622
FFFFFFEA187E
FFFFFFF0224A
FFFFFFE8E19B
000000033770
000000209CCC
FFFFFFE77A8A
0000000FAF1D
000000291B70
FFFFFFF83C87
0000001D8BF3
FFFFFFF5044E
FFFFFFE2568F
0000004AB1FF
0000000EB92D
000000588492
0000003B1AAA
0000002FC285
FFFFFFEA725A
FFFFFFF748FC
FFFFFF76087A
FFFFFFC84E70
0000001D4CFC
000000098E37
00000025DBBF
00000001CA6E
000000105D88
00000039C470
FFFFFFEF3538
000000123BB2
0000001924F9
00000043E9BC
000000715239
FFFFFFB80108
FFFFFF949D35
FFFFFF82A73F
FFFFFF7594F4
0000000E72D0
0000003BACE1
00000021B44D
0000005618F7
0000004A915F
000000747A53
00000029E240
0000005224B1
000000642AB9
0000009D3DB7
FFFFFF77C60D
FFFFFF882D98
FFFFFFC0DFF8
FFFFFFCF6B34
00000020851F
000000477124
00000029683D
000000341476
00000048FE5C
00000060645C
0000004CC218
0000007F60C3
00000030A509
0000000A16DD
FFFFFFC59B6F
FFFFFFE077EC
FFFFFFDB3CB3
000000352F58
FFFFFFF76CE8
00000031FB06
0000002E81C5
FFFFFFF118D5
00000025C7BD
00000047E4A8
000000590CAB
000000680269
000000425510
000000270672
000000105194
0000000F09A0
FFFFFFE3F76E
000000250D17
FFFFFFE1ADFB
FFFFFFF42C83
0000003F7A3B
000000731C80
0000007F8BF2
0000008B2F13
0000007B4B35
0000007C7FEC
0000007DC628
0000002A3636
00000020FE11
0000002259D1
FFFFFFF872F3
00000003614E
FFFFFFD88DFB
FFFFFFDA10DB
FFFFFFFE7788
00000052F2E1
000000770202
000000841EDC
00000085ADDC
0000005F9AEE
0000009114EB
FFFFFFE8E234
0000000602BA
FFFFFFD6D43A
FFFFFFF90967
FFFFFFF489DF
FFFFFFE369E9
FFFFFFF5E4DD
0000000CDE65
000000233B64
00000076D292
0000008888DD
0000009B017A
000000680990
000000873265
00000016A282
FFFFFFFC7625
FFFFFFB96D09
00000003B6E9
FFFFFFEA0120
0000001056B1
FFFFFFF13EB5
0000001D1AB1
0000000F1787
000000672931
00000080AD23
000000928074
000000910BEF
0000009D1635
0000008C2077
00000068908A
FFFFFFDF2BD0
FFFFFFCD7C11
FFFFFFD91DC1
FFFFFFF21682
0000001B4087
0000002CD5F2
FFFFFFEF18E3
0000001337D3
FFFFFFF548E1
FFFFFFDE73AD
0000004EB32E
000000A7AAD9
00000066FBED
00000076CAF4
FFFFFFCCF3BC
FFFFFFF29269
FFFFFFA5CAF6
FFFFFFD7BD64
0000000DD673
FFFFFFF8DEF6
FFFFFFF99EFB
0000001B1F6F
FFFFFFC2BB90
FFFFFFE18A29
FFFFFFE43E1B
0000005BA43E
00000071D37A
00000064233C
FFFFFFE55AE5
FFFFFFE07185
FFFFFF9A0749
FFFFFFA6E662
FFFFFFF8E1C1
FFFFFFC9580B
FFFFFFE7BFBD
FFFFFFBC6583
FFFFFF8EDB4F
FFFFFFD1AF63
FFFFFFD9D5EB
FFFFFFEE2D1A
0000009EF8B3
0000006FDDDF
00000001A42E
00000020BD0E
000000104DC0
FFFFFFB2D11F
FFFFFFB023B3
FFFFFFB0BF63
000000021350
FFFFFFD786A0
FFFFFFD58EBB
FFFFFFDB2804
FFFFFFBBAE31
FFFFFFFF2F14
000000BD5351
0000009E7EA9
000000B08218
00000096A237
00000095E1BF
000000895F65
0000007616D4
000000217EEE
00000043D7F6
000000723C6F
00000080B65F
000000A58731
000000724FE6
0000008DB05F
FFFFFFDC8DEC
FFFFFFEDBD87
FFFFFFD32216
FFFFFFE22E9B
FFFFFFD7BCDB
0000000C184F
FFFFFFCBB7F7
0000001CFB32
00000018AD84
FFFFFFC4CDFC
0000001812AB
FFFFFFF54561
FFFFFFE6C745
00000025238C
FFFFFFEC4946
FFFFFFF79D75
FFFFFFA45963
FFFFFFEB195F
FFFFFFED2369
0000000DA42B
FFFFFFC5B126
FFFFFFA9D5C7
FFFFFFFAC4F6
FFFFFFF434B1
000000064A53
FFFFFFC7B1EA
FFFFFFFCF457
000000357287
FFFFFFF6898B
00000078EF4E
0000005C01FA
00000015BD17
0000004DFC08
0000005CD7E5
FFFFFFD21687
FFFFFFE34C5D
FFFFFFDBF03A
FFFFFFE07331
00000014BE30
0000003A481E
FFFFFFFBF957
FFFFFFB31505
FFFFFFFBD49B
000000348007
0000005CE669
00000022CDAB
00000076AC3D
0000004B152D
FFFFFFF9CBEF
000000174900
000000025C46
0000002B9DCF
00000021B78C
00000048504D
0000003ABBC6
FFFFFFD2D06C
00000013E6D1
00000032294E
000000390B0B
FFFFFFEEE0E2
FFFFFF95096C
FFFFFFF70133
000000401973
FFFFFFBAA88B
FFFFFFC34305
00000007CB1B
FFFFFFC4CF1B
FFFFFFE98DC5
FFFFFFED1D19
FFFFFFF4E5CF
00000088419C
0000007870FE
0000000DFA82
FFFFFF6BD6C2
FFFFFF94CBFD
FFFFFFD5C856
00000017F501
FFFFFFDEC581
FFFFFFD88AB8
FFFFFFCD1711
FFFFFFF8FF34
FFFFFFC3BE04
000000011C1D
FFFFFFD00B5E
00000031FA5B
FFFFFFFC0D0D
FFFFFFC1074A
FFFFFF7BBD9F
FFFFFFA1D571
FFFFFFC3069D
FFFFFFFAE7A4
FFFFFFB4A8D3
FFFFFFE92895
FFFFFFE48602
FFFFFFD51798
FFFFFFC74733
FFFFFFC81A2A
FFFFFF93EE60
000000075658
FFFFFFB886CF
FFFFFF7B9004
FFFFFF6A0D1A
FFFFFFAEE6C7
FFFFFF6F5BBD
FFFFFF99C007
FFFFFFD48BF0
00000029D7EE
FFFFFFBFFE71
FFFFFF9733A1
FFFFFFBA3247
FFFFFFE22708
FFFFFFA6DFC7
FFFFFFB28B64
FFFFFFB61763
FFFFFFBB36EB
FFFFFF94390F
FFFFFF627647
FFFFFF865488
FFFFFF908B97
FFFFFFC3E3F1
000000120E16
FFFFFFD484C1
FFFFFFB777B5
FFFFFFD08840
FFFFFFB5A9AB
FFFFFF8ABDBA
FFFFFFE1A5AD
FFFFFFE94152
FFFFFFD51B6E
FFFFFF4483D5
FFFFFF7C9F55
FFFFFFBB6BCE
FFFFFFFD4766
FFFFFFE9450A
FFFFFFC2483B
FFFFFFC086BE
FFFFFFE475E3
FFFFFFC31190
FFFFFFAA577B
FFFFFFC98732
FFFFFFCE41FE
FFFFFFF8D9C3
FFFFFFC0ECF4
FFFFFF702468
FFFFFFA9112D
FFFFFFBFB94C
FFFFFFBB415C
FFFFFFF64848
FFFFFFF69FFC
00000004253A
FFFFFFCECCED
FFFFFFEB2169
000000388E44
00000068C609
FFFFFFCE9FEA
00000026907D
FFFFFF8C119B
FFFFFF8587C2
FFFFFF79F4AF
FFFFFF829953
FFFFFFA634F6
FFFFFF9EE495
FFFFFFB0F73D
FFFFFFBE1759
FFFFFFB4D4F3
FFFFFFD76211
00000038AA68
000000A0E5CD
FFFFFFA878E3
FFFFFFB434AD
FFFFFF70752D
FFFFFFE755DF
FFFFFFD4978B
FFFFFF8F1B3A
FFFFFF72BE1D
FFFFFF23A10C
FFFFFFA73C15
FFFFFFC9BD32
FFFFFFF6D546
FFFFFFCB4CE8
FFFFFFCE702D
000000079313
FFFFFFBC7F85
FFFFFFBBB5CE
00000005022F
00000018C44B
FFFFFFECF642
FFFFFFC85BE5
FFFFFFB867A0
FFFFFF6BEF6F
FFFFFFD23CCE
FFFFFFFBA181
FFFFFFC923EC
0000001240E3
0000001199CD
FFFFFFBDB29B
00000024C44C
00000014A028
0000002C6071
0000000F7D04
0000000BB296
FFFFFFFE9C02
0000000FCCD7
0000004C3E40
0000003D9CDC
FFFFFFFFCB8A
000000164E65
FFFFFFEDAD58
FFFFFFEF7FD5
FFFFFFE49DC7
0000002CD0CD
00000006FA27
FFFFFF89C326
FFFFFFE60182
FFFFFFFBD44B
FFFFFFEFA920
FFFFFFF17573
0000002237DC
FFFFFFEB6B91
FFFFFFFD8010
0000003542DB
FFFFFFE1C8C8
0000001A7734
0000004D51AE
FFFFFFFF2A16
FFFFFF58A923
FFFFFF315588
FFFFFF7BA8B8
FFFFFF5C4E69
FFFFFFE1763F
FFFFFFF2172E
0000000BD835
FFFFFFE20AE6
FFFFFFFAB972
FFFFFFE88F8A
000000140EB9
0000000CD932
FFFFFFFDDF5A
FFFFFFD05A3A
FFFFFF791C7A
FFFFFF6EA993
FFFFFF75C471
FFFFFF92E03C
FFFFFFC07075
FFFFFFE31AB1
FFFFFFD9DD19
FFFFFFE23D80
FFFFFFDAE366
FFFFFFFC2275
00000028787D
00000027BD17
00000038B754
FFFFFF92E633
FFFFFFAF19F8
FFFFFFC746A4
FFFFFF70EE3E
FFFFFFB17349
FFFFFF921CD0
FFFFFFE0F44D
FFFFFFF25844
000000074BBD
000000161899
000000061671
FFFFFFFDD42B
0000001EC793
00000025774A
FFFFFF4AF3DC
FFFFFF977DBD
FFFFFF893274
FFFFFF8A254E
FFFFFFBDDD54
FFFFFFBE7FC7
FFFFFFAB1466
00000012A73E
0000001810DA
000000204A94
0000001D332D
00000009FEC0
00000016CCA6
000000231C9F
FFFFFF8FBFD8
FFFFFFAE7F1D
FFFFFFBF2791
FFFFFFAE800A
FFFFFFC1597B
FFFFFFE66A0B
FFFFFFA43E5E
FFFFFFAC3C82
0000000FA597
FFFFFFFC44C9
FFFFFFFF5562
00000007670B
000000077057
000000064D31
FFFFFF8F895C
FFFFFF9BE6C4
FFFFFFAC427F
FFFFFFB3EF31
FFFFFFC77AF1
FFFFFFA9A077
FFFFFFC044EB
FFFFFF9B7DC7
FFFFFFB98DE8
0000000657BC
00000001B024
FFFFFFE41E04
00000005FF53
FFFFFFE6DC04
FFFFFFD0EFF8
FFFFFFCA77B0
FFFFFFD17B0B
FFFFFFCE4DAE
FFFFFF8CF634
FFFFFF980B4A
FFFFFFB691B9
FFFFFFB03C7E
FFFFFF8B639B
FFFFFFF665C2
000000027757
FFFFFFFFFFC5
0000001B2F37
0000000072FF
FFFFFFF65075
FFFFFFD986BF
FFFFFFB9E796
FFFFFFB3553B
FFFFFF888EA2
FFFFFFAD73F2
FFFFFFCB4430
FFFFFFB9969B
FFFFFFB1166C
FFFFFF993EDF
FFFFFFA13F66
FFFFFF8E848E
FFFFFF940223
FFFFFFE77BD0
000000048C19
000000081723
FFFFFFBC3421
FFFFFFD144DA
FFFFFFBA2526
FFFFFFB33FBB
FFFFFFC461FA
FFFFFFC9348D
FFFFFFC01F87
FFFFFFC130FD
FFFFFF872946
FFFFFFBAE451
FFFFFF59AB3A
FFFFFF792482
FFFFFFF90DEC
0000002663F2
FFFFFFEFF7FF
FFFFFFB56A07
FFFFFFDDBF5A
FFFFFF941799
FFFFFF89A011
FFFFFFA35DBC
FFFFFFAC2E8D
FFFFFF8CFBF2
FFFFFF98301D
FFFFFFA58A55
FFFFFF94D44C
FFFFFF57098C
FFFFFFE61643
FFFFFFE7612B
00000000421E
FFFFFFF8C880
00000001C447
FFFFFFCBAF72
FFFFFFDA81A9
FFFFFF8A0F03
FFFFFF91D7B6
FFFFFF87707B
FFFFFFABBF4E
FFFFFFD1C0D0
FFFFFF949DE7
FFFFFF6BD5CA
0000000B0E6B
0000000701FF
0000002FC987
00000004B32C
000000212ADB
FFFFFFDF55B4
FFFFFFDB660C
FFFFFFDC9ECC
FFFFFFC31D89
0000000528FF
FFFFFFE59220
FFFFFFED3B7C
FFFFFFF9B395
FFFFFFF31B06
000000739867
00000050C149
FFFFFFE3E81F
0000005757AB
0000004B224A
0000003709E0
0000004B1712
00000050D92C
000000526634
00000065C7FE
0000002AA75F
00000063A30B
000000414A60
0000009073A6
000000169D5E
000000486235
FFFFFFCC8248
FFFFFFFC15C0
000000415B46
0000003CAE83
000000560431
000000661D81
000000672DF8
000000553A72
0000002CC432
0000002A6A88
0000002F8482
0000003F8076
0000009036F7
000000567136
0000000E8DFD
FFFFFFB89CB7
FFFFFFD28BE0
0000005391BF
000000366A09
0000000D6C87
0000004D4C92
0000002F1452
00000042E8A9
0000004C7C22
00000039CD66
0000005050C4
0000007AEC65
00000022C752
0000001C856D
0000002B0E48
FFFFFFC8FDF1
0000003EC1B2
00000053841D
0000006498E0
00000045D0B2
000000567AE0
000000345CE8
00000015A592
000000109D2F
00000039986F
00000041040A
FFFFFFF39031
000000091B7A
000000078FD2
FFFFFF88FBD4
FFFFFFC5B138
00000074125D
0000005D82B1
000000618BFB
0000003CF0E2
0000004307E9
00000047219F
00000052C148
00000060CDF6
00000039C80F
FFFFFFB75185
FFFFFFCA7DCE
FFFFFF9F0BBF
FFFFFF8B8827
FFFFFF708E4C
FFFFFFEE1392
0000004AE35D
0000003B1465
0000002B96F3
0000001F8370
00000046946B
00000056918E
0000003F1D84
0000003B0F7F
FFFFFFA516D0
FFFFFFA3018B
FFFFFF7C315C
FFFFFF84E0D6
FFFFFF8F5504
FFFFFF75F3BE
FFFFFFB5E836
0000004C10E5
00000028BFED
000000382287
0000001E8ED5
000000225AAF
000000379995
0000002B509A
FFFFFF8FB5E0
FFFFFF8E2C1F
FFFFFF7C385B
FFFFFFBE8408
FFFFFFDA764B
FFFFFF8D9275
FFFFFF6C6A70
000000049D35
00000027BD1A
000000182068
0000001765DD
0000000C5AF0
0000001C7529
0000003ED1DE
FFFFFFDA711D
FFFFFFBAB137
FFFFFFADC2A7
FFFFFFD8CA73
FFFFFFB9D98C
FFFFFF91725C
FFFFFF70226F
FFFFFFAB7A29
0000004517D4
0000002B58D8
0000002224E6
00000011050D
0000002BFFD8
00000076A2F9
0000004EBDD7
FFFFFFF38E50
FFFFFFAC9A39
FFFFFFB6B286
FFFFFF9DE87C
FFFFFF9E37FB
FFFFFF8871F4
FFFFFF6E499F
FFFFFFF72BD0
000000518F47
FFFFFFE1FA8E
00000003D944
0000002C390F
0000005E53B9
0000003FE386
000000053E1F
FFFFFFC7D889
FFFFFFB799C9
FFFFFF8D501E
FFFFFFC5C75C
FFFFFFB78E5E
FFFFFF821170
FFFFFF7F250C
FFFFFFC30E0E
FFFFFF9008BB
FFFFFFB6E758
000000476C26
0000006FF367
00000041DE28
FFFFFFFC0165
FFFFFFFCA104
FFFFFFF837E9
FFFFFFD43F3A
FFFFFFD45CD0
FFFFFFA21E0F
FFFFFF9641EA
FFFFFFB6D7A9
FFFFFFB52B77
FFFFFF81CC8A
FFFFFFA018B2
00000030B126
0000004DA78C
0000003C4E65
00000021CE6E
000000782E70
00000050615D
0000001C81F3
FFFFFFEEE623
FFFFFFBDF27C
FFFFFFBE84CB
FFFFFFEED209
FFFFFFEEDA91
FFFFFFF2AF92
0000000F0F33
000000170A99
0000005869E6
0000003E5BAF
000000673F53
0000004FD131
000000148E14
00000021BE34
00000057674B
00000020DF7E
000000568581
00000056EB4D
0000005B264E
00000064AC74
0000004E262C
000000508F8D
0000009DFEA5
000000A7AB1F
000000A7AAB6
000000A4A62A
0000008FF72F
000000754A62
0000003BCFDE
0000007C8A99
000000B39CFD
0000008277BE
00000072AD18
00000057DFA3
00000068C510
000000969BC5
0000007D100E
000000849599
0000003613E9
0000007577B3
000000853297
00000073F3AA
0000004249C3
00000043DD37
00000069DC59
0000005593AC
0000005A9C36
000000493431
0000005750AB
0000007C01C6
0000005E6DC8
000000847384
000000917A81
0000003387E2
0000001A189B
00000056A1CC
00000039715B
00000027CEA1
00000038BFC4
00000041800A
0000001CA399
00000043BDD7
0000003E24E1
000000371108
000000529198
0000007C995C
000000653AA6
0000005157D9
FFFFFFFA9177
0000003CDB35
00000051A2E4
000000532653
000000578951
0000005BBE4E
00000013D091
00000005865D
00000013442E
0000001C40DC
000000622732
0000002EAC36
0000003F64FD
00000006F128
FFFFFFAAE365
000000129B4A
000000794067
0000005D5B43
0000003B1D4A
0000004266F7
00000022C9C2
0000000EDE61
FFFFFFDAF097
FFFFFFD884A4
0000004D07B1
FFFFFFE64837
FFFFFFBE3587
FFFFFFB434D5
FFFFFF8BF4CD
FFFFFFB3D286
FFFFFFFF0703
00000015E021
FFFFFFEE6E2F
FFFFFFE90DE8
FFFFFFF050FC
FFFFFFEF2459
FFFFFFB7CED3
FFFFFFDAFFE9
000000417B2C
FFFFFFC2DF13
FFFFFFAEE28C
FFFFFFAEDBDF
FFFFFFAFD527
FFFFFFACD997
FFFFFFAFBB46
FFFFFFE80188
FFFFFFEBC7F1
FFFFFFD1F741
FFFFFFDE2C3E
FFFFFFE117FB
FFFFFFC5A70F
FFFFFFC0BADC
0000001CDF78
FFFFFFC0EDBA
FFFFFFA44D7A
FFFFFFA72FF0
FFFFFFAA6DC0
FFFFFFA14047
FFFFFF8C1343
FFFFFFC31B7D
000000012D51
FFFFFFFAFEBF
FFFFFFDDBB0E
FFFFFFDDEC12
FFFFFFE1588B
FFFFFFD2D65F
FFFFFFFD6F69
FFFFFFC9EE65
FFFFFFA1AC43
FFFFFFB0CD53
FFFFFFB94487
FFFFFFA211A3
FFFFFF9560F4
FFFFFFA136F0
FFFFFFE78251
FFFFFFF8D5D4
FFFFFFDB5882
FFFFFFE62CC7
FFFFFFEB3C0D
FFFFFFCDA68D
FFFFFFE89662
000000096559
FFFFFFD95591
FFFFFFDBC2AE
FFFFFFBBD743
FFFFFFAB02CF
FFFFFF9C2279
FFFFFF9B23CD
FFFFFFC13CB4
FFFFFFC64931
FFFFFFEFFF2C
FFFFFFE1C8A4
FFFFFFCA1176
FFFFFFE9FC9E
FFFFFFDFDE05
0000001D0CFA
0000002795F0
000000079948
FFFFFFECF885
FFFFFFAFC82F
FFFFFFA4CE30
FFFFFFA6E13B
FFFFFFB2DC50
FFFFFF8F15F2
FFFFFFB33837
FFFFFFCA75B2
FFFFFFDFE29B
FFFFFFF43EE4
00000027398B
0000003D2867
000000096AC3
0000001964D2
0000001C8DF4
FFFFFFEB22F9
FFFFFFDFBBF2
FFFFFFBB70C6
FFFFFFC4454D
FFFFFFB18D0B
FFFFFFD463F4
FFFFFFBD6964
FFFFFFE9A09E
0000002C9920
FFFFFFF5A046
0000000D720C
0000000C1C9F
0000003D98D3
0000001E0265
000000228828
0000000C20A6
FFFFFFF0D303
FFFFFFE55C49
00000002376B
000000222053
000000020E78
FFFFFFED3CCA
0000000F7815
FFFFFFCEA031
FFFFFFFCE87E
FFFFFFFA9C53
FFFFFFF40B7E
FFFFFFEAB9A1
FFFFFFE9BEEA
FFFFFFE90791
FFFFFFF4E777
00000033D38F
0000001C2537
FFFFFFFCE61F
FFFFFFE81194
FFFFFFD9450C
FFFFFFD53113
00000009D91C
0000002F0638
FFFFFFFA0D6B
FFFFFFE19BA8
FFFFFFD0FCFD
00000015E1E9
FFFFFF942F0C
FFFFFFB199B9
0000005FA1F4
000000258144
0000001EEB6F
FFFFFFC302F8
0000000CB029
0000000CE5A9
00000042B466
00000028D1C1
FFFFFFA4B67D
FFFFFFA1740A
FFFFFFB4A2A4
FFFFFFAA124C
FFFFFFC5F827
FFFFFFA51CD1
FFFFFFE64E35
FFFFFFE61B51
00000015FA10
FFFFFFB07EF8
FFFFFFEF7A70
0000004A5289
00000006CB4E
FFFFFFBD1FC0
FFFFFF06EC85
FFFFFF54EFD5
FFFFFF59CFA7
FFFFFFC919F3
000000243229
0000001D94B3
FFFFFFD23A3F
FFFFFFC46CDA
FFFFFFF3B27D
00000001BB01
00000029DCAC
0000001B26DA
00000012E9A9
FFFFFFD06E76
FFFFFF3E273A
FFFFFF077DBF
FFFFFFA677CE
0000000C46F8
0000005BF931
FFFFFFFC216B
FFFFFFE8311C
FFFFFFF3781A
FFFFFFF10A5F
FFFFFFCC8149
00000040D678
0000003D29EF
FFFFFFDD9CDF
FFFFFF35CB51
FFFFFFBD00D0
FFFFFFC28FAA
000000110C25
FFFFFFDABF6D
000000227CA1
FFFFFFF9CE8A
FFFFFFB7347A
FFFFFFEC38CE
FFFFFFE8A68D
FFFFFFE06FA6
000000151E2F
00000048E6AB
00000022531E
FFFFFFE4E814
0000000DAE8C
FFFFFFFF6570
FFFFFFFA054E
000000087E05
FFFFFFE6EEFF
0000000C962E
000000041D51
00000017489A
000000400D3C
0000001024E3
0000001BFAAE
000000360494
FFFFFFBAF2B2
FFFFFFE5A68F
FFFFFFEBE0F9
00000004A60A
FFFFFFEC4FF8
FFFFFFFC3692
FFFFFFE2EF7B
FFFFFFD6A1DC
00000043C63A
000000151037
00000010A1E1
00000019E0CD
00000069A4B7
0000000732EF
FFFFFFD808D4
00000013CF4D
FFFFFFF94C2F
0000000FC6DB
FFFFFFF2A582
FFFFFFE7935C
0000000A1230
FFFFFFFC2755
000000163C18
000000442B75
FFFFFFF3ADAC
00000000E6DB
0000001E731F
000000111055
FFFFFFD214D5
FFFFFFDEC187
000000054872
00000006A81E
FFFFFFDB9ADA
FFFFFFFD3108
0000001C0771
00000039B757
FFFFFFE9D8E2
000000206FA1
00000052AAF6
00000027D785
00000038C41D
000000523434
FFFFFFC32030
FFFFFFF259B5
FFFFFFF3EA7F
FFFFFFD1A312
FFFFFFFB9DC1
FFFFFFF24D48
FFFFFFFA98F8
0000001E2FC2
FFFFFFE22F10
FFFFFFE7AB3F
FFFFFFF17D8C
FFFFFFF3776A
0000002E875D
0000005305EB
00000010D5BE
0000002C7730
FFFFFF927C57
FFFFFFF891E4
0000002815BC
00000036D707
00000016B678
FFFFFFC8838F
000000172646
0000000F0A2C
FFFFFF79D69C
FFFFFFE9E303
0000000A5D04
0000008784A2
FFFFFF790A06
FFFFFFE910CD
FFFFFFDC007C
0000001AC70E
00000048D124
0000001398CB
FFFFFFE7B549
FFFFFFDA0C1D
0000000C557D
FFFFFFF4712B
FFFFFFAA0AAF
FFFFFFEECF33
FFFFFFEED0DB
000000117781
FFFFFFCC86B8
0000000B6BEF
0000001B98EF
000000118A06
000000368222
0000000ABEAF
FFFFFFF1DFB3
FFFFFFDA535E
FFFFFFAC7D98
FFFFFF6D6824
FFFFFFDF615D
FFFFFFD70372
000000215AB6
FFFFFFE76F6C
FFFFFFDB0F63
0000000977C6
FFFFFFF21323
00000017245C
00000008D5F4
FFFFFFF8AD0A
0000002DBB1C
0000002F2F69
FFFFFF813D70
FFFFFFD13C2A
FFFFFFF3345E
000000038C6F
00000004B90C
0000001F5D6F
FFFFFFF5882F
000000016208
000000495618
0000002FD929
0000003A5718
0000002BC154
0000005990E8
FFFFFFF3946D
0000005A434C
00000031517D
0000004D4224
0000005F09AF
000000597B42
000000513442
FFFFFFC292CC
00000040D08F
00000011984D
00000039EB57
00000059D8A3
000000496841
0000004FAD3A
000000593C7D
0000005FB349
0000004D2D67
000000390754
0000002CCAE9
000000288ABE
0000003308A7
000000618870
000000599704
0000002A57EE
000000071BA7
000000318D34
0000004843A3
000000533D05
000000583D75
00000050587A
00000043EAEC
0000005993C0
000000619995
000000669EE9
000000934A4F
0000006E848B
0000006A290B
0000002AB065
FFFFFFFA8CB0
00000018858A
00000028C74D
0000008BE2A0
00000046839F
00000064A0E6
0000005E810C
00000057891E
0000004A8816
00000022CE27
0000006F9B3C
000000476C57
0000004326CA
0000003A1FDC
FFFFFFF88DB0
FFFFFFEE0765
FFFFFFF55815
000000707553
00000046C48C
00000040F5E5
0000004BE465
00000053C0ED
00000057C698
000000465C43
00000034F84E
FFFFFFF3029C
FFFFFFBD6A05
FFFFFFE3969B
FFFFFFF2147B
0000000C1072
FFFFFFC13542
00000039A68B
00000063306C
000000488FB7
00000048E686
0000002E7F0C
00000047B4E2
00000037AF2F
0000005808D6
FFFFFFECD119
FFFFFFD2DBBD
FFFFFFD0D710
FFFFFFD4B4E3
FFFFFFE5D5CF
FFFFFFDDD09F
FFFFFFE052EE
000000294361
00000061A49F
00000031B5C1
0000003FB39F
00000037CB5C
000000340E5F
0000005B3BF3
FFFFFFF91E37
FFFFFFCED3C7
FFFFFFD9E32F
FFFFFFF61B26
0000000B6E2C
FFFFFFF491B9
FFFFFFF73DBF
FFFFFFEAB6E3
0000003C67E0
0000004114B7
0000003B831B
000000420854
000000565BAE
00000062DE42
00000050A478
FFFFFFEF2AB0
FFFFFFC9152C
FFFFFFDE505F
FFFFFFFD9DDA
000000068C69
FFFFFFED16EF
FFFFFFF37B9E
00000018C7B6
00000049B7F2
0000004E5676
0000005155D6
0000005621A0
00000074C460
0000008452D1
000000574E28
FFFFFFE6CBAC
FFFFFFED6C23
FFFFFFEC9DC3
FFFFFFC99861
FFFFFFD3DFF1
FFFFFFE5AFA8
FFFFFFEE5F1A
000000338ECF
0000001D1628
00000016E30F
0000001B88EB
0000006B4441
00000057A7AC
00000046D06C
FFFFFFDADFB0
FFFFFFE592B1
FFFFFFBE8F85
FFFFFFCD7AFC
00000001AACB
FFFFFFFCA206
FFFFFFDAB2EC
000000132FE7
FFFFFFF1FFAF
FFFFFFF09CB5
FFFFFFC63C09
0000003CA86C
0000005F944B
00000055F775
0000002E6C24
000000062F08
FFFFFFC98601
FFFFFFCC2C8F
0000000AB273
FFFFFFD8F6FC
FFFFFFD257E7
FFFFFFF3542C
FFFFFFC283AE
FFFFFFD0D94E
FFFFFFDE30A8
FFFFFFE4AE1F
0000007E6D58
0000006C4E1E
00000070E795
000000629F0B
000000681971
00000039D566
0000002BBB80
FFFFFFFBA0BC
0000001D8430
0000001B1329
000000309FDA
0000004417CD
0000005767F3
000000521AAA
000000A5F87B
00000095B5F3
000000B01C3E
00000091B51C
000000977CC7
000000A859E0
000000B38607
0000008F113F
000000994500
000000ACEA7C
00000089A5BE
000000A4902B
0000007DE853
000000B68D2F
FFFFFFB5BB15
FFFFFFE437E5
000000208355
FFFFFFF29378
FFFFFFED10F3
FFFFFFB759ED
0000000AE951
FFFFFFCCD429
FFFFFFAAE5CA
FFFFFFE096C6
FFFFFFE5AA5E
FFFFFFFBF4F3
FFFFFFE80507
000000039D6D
FFFFFFD01F75
00000021EFCB
00000014648C
0000001556E2
00000056CC44
FFFFFFEA01E5
FFFFFFF3CA2F
FFFFFFF5D7C9
FFFFFFD26C56
000000025C47
FFFFFFEBF57E
0000002A19D4
00000007AF61
0000002BB13B
0000001F40F1
FFFFFFB13A47
FFFFFFEFBA5F
0000001D97F0
FFFFFFBBECE0
FFFFFFC7CBC4
FFFFFFF08D00
FFFFFFE329C5
FFFFFFB8BDE6
FFFFFFF1A7FF
000000416ABE
FFFFFFF47A1F
0000000436EB
00000019A1B5
FFFFFFD7CEE2
FFFFFFDCC71B
00000001EBE6
0000000CB0CC
FFFFFFEAD613
00000018780A
000000302915
FFFFFFC36AB2
FFFFFFDA240D
0000000C5B7F
0000000AE627
FFFFFFE54503
FFFFFFE6357B
000000096AA9
FFFFFFD47730
FFFFFFF44001
FFFFFFBD5DE1
FFFFFFC8D8D9
00000022971C
0000005D25B1
00000042C983
0000001E152D
0000002748AD
000000209672
FFFFFFFBDAF8
FFFFFFFEC8DD
000000031825
0000000015F9
FFFFFFF05923
00000027C7EA
0000000A5B21
FFFFFFECC830
FFFFFFF6560B
00000002AFD5
FFFFFFFC5D86
000000476C3A
00000025EDDD
00000038F14F
00000019217E
0000002C4A9E
FFFFFFFBBDC8
0000007700E0
00000005E7E2
00000010B828
FFFFFFFAD842
FFFFFFD66503
FFFFFFDF5610
FFFFFFC06117
FFFFFFFBAA49
00000044657D
00000003C3AD
00000013A8CC
0000001BF851
000000227DF1
000000170999
000000414A4D
000000187FB8
000000787D0A
FFFFFFE5F8CA
000000121907
FFFFFFDF20B1
FFFFFFE721EE
FFFFFFF3CEE7
00000058D5BA
000000190D55
000000219003
000000220C4A
0000001F4CC6
000000111E41
0000003FC20E
00000002B09B
000000384086
FFFFFFC29321
FFFFFFFBE09E
FFFFFFFBF1B4
000000070DA3
FFFFFFD8A95B
00000041D898
000000326C1E
000000312EAB
000000139C0E
FFFFFFF7A9DC
00000022D9B5
00000071AD12
0000000BE1BC
0000003B66E4
FFFFFFE00234
FFFFFFE8460A
FFFFFFE5B687
FFFFFFF296D2
FFFFFFF50DB5
FFFFFFFA5F8D
FFFFFFFF3889
0000003DF38F
00000007D8BC
000000132F53
000000352C4C
000000281640
0000001B7EAE
0000004388E9
FFFFFFCC1CF6
FFFFFFFA24E3
FFFFFFFB0BE1
FFFFFFF25E99
FFFFFFA49691
FFFFFF9852A8
FFFFFFC6D8B6
FFFFFFFED5D4
FFFFFFD43224
000000063284
FFFFFFFF587A
FFFFFFF4F38E
FFFFFFF73F3F
0000000E649A
0000002310CB
0000004784A7
0000001C5D9B
FFFFFFEBCAB9
FFFFFFE97B4C
FFFFFFE58D47
FFFFFFEDB04A
FFFFFFF0EDFC
FFFFFFA482A3
FFFFFFF7DF62
FFFFFFCD72F6
00000009D054
000000097426
FFFFFFF62CC4
000000379EE1
0000003CE3EE
0000003C8D2F
FFFFFFD9A465
FFFFFFF4CEB3
FFFFFFE44D86
FFFFFFF3A55A
FFFFFFFEEE25
00000006EEF9
FFFFFFFDB535
FFFFFFD3DBE9
FFFFFFF311A4
0000001CECA8
00000035F62A
000000458703
000000424172
00000034882C
00000041BA30
000000301659
00000033FBF1
00000034D314
0000006724C2
000000269B11
00000029D17A
000000076B65
000000641C42
000000132028
000000134EB3
00000029FC6E
FFFFFFCB7644
FFFFFFBA9620
FFFFFFB9D4B0
FFFFFF8959ED
0000000EEAE3
FFFFFFCA81ED
FFFFFF965AC8
FFFFFFBDF5BF
FFFFFF925D52
FFFFFF8E0C5E
0000000660DE
00000018E1D2
0000002494F5
00000076B519
0000001DC1C5
FFFFFFCA27DE
FFFFFF9BD624
FFFFFFA32123
FFFFFFA4DAE8
FFFFFFACE2DC
FFFFFFB6D727
FFFFFFB852AD
FFFFFFB45D63
FFFFFFD3B849
0000000096E5
FFFFFFAB0930
000000455CDC
0000002F2E5C
000000251640
000000485796
FFFFFFCE2FE9
FFFFFF8A7BE2
FFFFFF8D85EE
FFFFFF75D48A
FFFFFF90B605
FFFFFF7B8EF2
FFFFFFB7BD35
FFFFFFA8467D
FFFFFF9031A4
FFFFFFB233FB
0000002FC9AE
0000001705CC
00000020297B
0000001CB788
0000001BFD7C
FFFFFF9BF5FF
FFFFFF98AD44
FFFFFFBE3D73
FFFFFFB4E695
FFFFFFAB4714
FFFFFFE6CBF0
00000016F7D5
FFFFFFFB8CB4
0000001AE567
00000025A9C7
000000160C6A
0000002EE2C0
0000000BC7BB
000000465B4E
FFFFFFE727DA
FFFFFFCB3AA1
FFFFFFC86123
FFFFFFC51082
FFFFFFA24870
FFFFFF86338B
FFFFFFA92358
FFFFFF67786E
00000003F47A
0000003C3E50
000000331276
00000022CCE9
00000016AD2E
0000000F3D6A
000000308307
FFFFFF77BA1E
FFFFFF68185A
FFFFFF713389
FFFFFF65A18E
FFFFFF68A13C
FFFFFF5AC10B
FFFFFF56775A
FFFFFFCACAC6
0000004B59C2
0000002E786B
00000028EA48
0000001F4C3D
00000025576D
00000020EBC4
FFFFFFE6CAF3
FFFFFF6B9971
FFFFFF5A08F6
FFFFFF5CEB3A
FFFFFF612B30
FFFFFF5EA123
FFFFFF438EF4
FFFFFFFB21F9
0000002FAB31
000000114414
000000130240
0000003A1C5A
0000004FA834
0000002F854A
0000001E2750
FFFFFFA88573
FFFFFF2C128F
FFFFFF4C4A49
FFFFFF6D0FE5
FFFFFF661788
FFFFFF33CC2C
FFFFFFB69A51
000000125169
00000024C4D8
0000002C4A5C
00000053F944
00000032D053
00000032ECC4
0000001590D8
0000000124E1
FFFFFF5E2114
FFFFFF33D16D
FFFFFF4C48C5
FFFFFF44229E
FFFFFF3CEF6B
FFFFFF5C8EA4
FFFFFF84D491
0000000BB1FD
0000001CD01C
000000373664
00000036D7B8
0000003A10BF
000000223586
00000014BF71
FFFFFFDE216B
FFFFFF814DD0
FFFFFFC4F2D1
FFFFFFB9AB2A
FFFFFF3E9A1D
FFFFFF4F6045
FFFFFF5C2836
00000013E943
FFFFFFFBF189
000000325FB4
0000004204B6
000000575122
00000042EE49
00000028EDDB
0000001D7265
00000034A248
000000215F82
0000004A52CA
FFFFFFAB3FC2
FFFFFF7AC527
FFFFFF8B8939
00000015FE5E
00000002F785
0000000BEB90
0000003A2271
00000018FCA8
000000392324
0000002AFCCA
000000510C52
000000553F14
000000434136
000000331EF0
0000003A7E09
FFFFFF6137A2
FFFFFF70CA50
FFFFFF9A7276
FFFFFF7CFF5F
FFFFFF78757D
FFFFFFFC2921
FFFFFFF3682B
00000022309D
00000056E2D3
0000003F8187
000000241A95
FFFFFFF1BE6B
FFFFFFF292AF
FFFFFFDC860E
FFFFFF24FBA1
FFFFFF1E441F
FFFFFF247FB3
FFFFFF169EFB
FFFFFF0D083F
FFFFFF279EEA
FFFFFF4C6C20
FFFFFF56CC8A
FFFFFF55E504
FFFFFF37903C
FFFFFF17765A
FFFFFF1B1938
FFFFFF1D3062
FFFFFF040857
FFFFFFDA229F
FFFFFFDB5D96
0000002935B2
0000003882A7
FFFFFFE70241
000000091CAB
00000015994F
FFFFFFD1EA24
FFFFFFD81FD8
00000003FB87
FFFFFFE8C507
FFFFFFEDCD30
0000000F8190
000000372327
0000000AE436
FFFFFFEBB33A
FFFFFFFAC710
00000088FACB
FFFFFFFC7840
FFFFFFE75AE0
0000001DF1AB
0000001CE994
FFFFFFFBF080
0000004A8D6D
FFFFFFFE6D55
0000002102E0
00000023C1EF
00000003A3AA
0000001BAB67
FFFFFFDA5C62
FFFFFFFA1633
00000055BB86
FFFFFFEBF3B0
000000156489
FFFFFFFEE946
0000001DC396
FFFFFFDFF278
000000188578
00000012A53D
00000027E7AB
FFFFFFDBA254
000000082C75
000000063F0E
FFFFFFFE0AC6
000000570BB9
000000756DD7
0000005E95B0
00000089E2F0
000000440859
FFFFFFFBF4F6
FFFFFFEA0BF7
000000297798
00000005142B
FFFFFFD61DFA
FFFFFFDB20A0
FFFFFFCEE2DC
FFFFFFE05DA8
0000002CF79A
000000040818
FFFFFFF318EC
0000002B8493
0000007B0D5C
00000079D117
000000047E20
00000023B5FA
0000001B0150
FFFFFFF2733C
FFFFFFF473E1
FFFFFFD91469
FFFFFFB2D068
FFFFFF9BA06C
FFFFFFE7A882
FFFFFFBDC786
FFFFFFCEDDDD
FFFFFFEFCDDF
0000003F4B91
0000009579A1
FFFFFFF8CBB0
FFFFFFEB9F49
FFFFFFFA5F93
0000001CF4BF
0000000C7920
FFFFFFDECC39
0000002F1889
FFFFFFA29F2B
FFFFFFA419B1
FFFFFFC5D081
FFFFFFBBBC7D
FFFFFFC5C9A4
FFFFFFDBE56B
0000002ECE87
000000A40667
00000033D784
00000013D53E
FFFFFFEE648A
00000000CAB9
0000000C8F82
FFFFFFE4371F
FFFFFFDCD0BB
FFFFFFAEF443
FFFFFFB4759D
FFFFFFC6B780
FFFFFFA7A2ED
FFFFFF9BD1F9
FFFFFFDA0435
000000669652
0000009EC119
FFFFFFF1EE95
00000010C1BE
FFFFFFFAA0A2
00000000EA96
FFFFFFF25DD5
0000005E46B9
FFFFFFE749D3
FFFFFFB8583C
FFFFFFAB7038
FFFFFFC0DD66
FFFFFFC91822
FFFFFFEF361E
00000035C3B8
00000082BE7A
000000300A32
FFFFFFFB79F4
FFFFFFE209F1
000000046123
FFFFFFFE038A
FFFFFFFFC4D0
0000003858A9
0000001AA7F1
000000092156
000000045B67
FFFFFFEE0CBC
FFFFFFF3547F
0000001F3818
000000427931
000000889037
0000006A9400
FFFFFFB30564
FFFFFFADC242
0000001372D8
FFFFFFFF6FED
0000000C5D93
0000000AC364
0000001D4194
FFFFFFF653C7
FFFFFFA1631A
FFFFFFA9F9EA
FFFFFFF5042C
00000014228B
00000030FB25
0000006E8862
00000000BA6A
000000054430
0000000B40B2
0000000D3144
0000001C87D5
FFFFFFE8F5F4
0000000B7339
FFFFFFC2327B
FFFFFF9A53BC
FFFFFFD239DE
0000000A7E6E
00000017FC0F
FFFFFFD078FB
FFFFFFD41375
000000174416
000000095276
000000500B7E
FFFFFFF1BF1D
0000000190D4
FFFFFFE44FB5
FFFFFFE36262
0000001DE28A
FFFFFFD824F0
FFFFFFE76831
FFFFFFD5F397
FFFFFFFB3E40
FFFFFFCE4190
FFFFFFCFDACF
FFFFFFE5D43A
FFFFFFB97389
FFFFFFFC71E5
FFFFFFDDC283
FFFFFFC9FFFF
FFFFFFE289E5
0000001997D6
FFFFFFEB6FF8
00000007581C
FFFFFFFB804A
FFFFFFE25A7C
FFFFFFE936E4
FFFFFFB184AF
FFFFFFE86ADB
FFFFFFC2E477
FFFFFFCAEED2
FFFFFFFAFBCF
FFFFFFE65B04
FFFFFFE3CADF
FFFFFFA28D1C
FFFFFFE77EE3
FFFFFFA7C805
FFFFFFA98C82
FFFFFF9D1CCA
FFFFFFE17198
FFFFFFB8E9A9
FFFFFFB87268
FFFFFF95EE67
FFFFFF9888AC
FFFFFFA6E5A7
FFFFFFE4183A
FFFFFFAC799F
FFFFFFE1885D
FFFFFFDA911F
FFFFFFF862E8
FFFFFFDAD414
FFFFFFC6CBE3
FFFFFFCE6753
FFFFFFE1EBEC
FFFFFFB6BC5E
FFFFFFADC836
FFFFFFB199AC
FFFFFFBAF77E
FFFFFFC60DB2
FFFFFFC0C042
FFFFFFBF9014
FFFFFFD67046
00000021B93E
0000000C473E
FFFFFFC7CFFF
FFFFFFD268D5
FFFFFFB410CC
FFFFFF8DC1CA
FFFFFFAFB0A1
FFFFFF90C640
FFFFFF893F63
FFFFFFCC9E9B
FFFFFF95313E
FFFFFFAAFAAA
FFFFFFDEEF90
FFFFFFB3B36A
0000002136C6
000000211A25
FFFFFFF6B607
000000052902
FFFFFFC2A3E3
FFFFFFD591CD
FFFFFFD6EBB8
FFFFFFDEDEE6
FFFFFFAEABEA
FFFFFFB5C6BF
FFFFFFA51D81
FFFFFFDADFC5
FFFFFFB40396
FFFFFFCC2883
FFFFFFCF4FFF
FFFFFFF74382
FFFFFFB3DB3D
FFFFFFE082EC
FFFFFFF0C847
FFFFFFFB0342
0000001695AC
FFFFFFEE8A93
FFFFFFC38248
FFFFFFC2098D
FFFFFFC8D866
FFFFFFBBA2B5
FFFFFFD9B55A
FFFFFFE75AB3
FFFFFFBCE6C1
FFFFFFD1CCBC
FFFFFFBF272B
FFFFFFDE08C8
FFFFFFFAAF75
FFFFFFC000AC
FFFFFFBE2872
FFFFFFB88589
FFFFFF9E23C8
FFFFFFC903AD
FFFFFFB8D561
FFFFFF9CFC0C
FFFFFFCB2B5E
FFFFFFE373F5
FFFFFFBDA324
FFFFFFBEF4C9
FFFFFFD67829
FFFFFFE3BFD3
FFFFFFFCB07F
FFFFFFD7D8BA
FFFFFFBC7202
FFFFFFCEEF68
FFFFFFB9C6E5
FFFFFFA280A3
FFFFFFB454C2
FFFFFF9DC0D2
FFFFFFAD3BFF
FFFFFFBBFB42
FFFFFFA2F029
FFFFFFAF7802
FFFFFFF6D4E4
00000013D67A
FFFFFFBF0D12
FFFFFFDBA85F
FFFFFFB7412A
FFFFFFA11223
FFFFFFA9E34A
FFFFFF9649A3
FFFFFFA1550C
FFFFFF7CD13F
FFFFFFA4545B
FFFFFFB9A776
FFFFFFBB695B
FFFFFFCEC1F5
FFFFFFE17E3B
FFFFFFE1DC7F
FFFFFFBC617F
FFFFFFCC8620
FFFFFFDB4A3D
FFFFFF9F16F5
FFFFFF8B4483
FFFFFF86FBBD
FFFFFF8F138E
FFFFFF854A5A
FFFFFFB8D486
FFFFFF9878A3
FFFFFFC53C3D
FFFFFFC8EED8
FFFFFFBD3C7C
FFFFFFB80E04
FFFFFFD216F3
FFFFFFC81833
FFFFFFE80E36
FFFFFFDD8876
FFFFFFADF763
FFFFFF9C5C3E
FFFFFFA24A51
FFFFFF8888AA
FFFFFFAEC19E
FFFFFF99DC4F
FFFFFFCF6FF4
FFFFFFBFBEC5
FFFFFFAFADB8
FFFFFFA68B9F
FFFFFFF37454
FFFFFFEDB1DA
FFFFFFD24788
FFFFFFE4848E
FFFFFFF4AEE0
FFFFFFFD1EE0
FFFFFFCE3F53
FFFFFF9B4DBA
FFFFFFCCBD9A
FFFFFFD5CE08
FFFFFFFBA45F
FFFFFFCF1913
FFFFFFC26594
FFFFFFD0AE56
FFFFFFCD872F
FFFFFFB25364
FFFFFFC78DDA
FFFFFFD5DFF0
FFFFFFD449B4
FFFFFFB21137
FFFFFFCF7486
FFFFFFD46C28
FFFFFF93514B
FFFFFFB4579B
FFFFFFAD9D3A
FFFFFFA9BC9F
FFFFFFB02C53
FFFFFFC9C44F
FFFFFFB5FBE6
FFFFFFB6E57F
FFFFFFDF1C7C
FFFFFFC6F05F
FFFFFF9BD60A
FFFFFF8AA5B7
FFFFFFBE9370
FFFFFFBDFB47
FFFFFF7EC8BE
FFFFFF86D4A3
FFFFFFBB2F90
FFFFFFA58820
FFFFFF6350DD
FFFFFF9494F1
FFFFFF9E3246
FFFFFF86A921
FFFFFF8C2FC4
FFFFFF764512
FFFFFF6CD40F
FFFFFF967866
FFFFFF9B776C
FFFFFF7B32F9
000000120999
00000013C62A
000000902E04
0000006C1FF7
0000003D83AC
FFFFFFED8B1D
00000016EC0E
0000003C7F72
0000002B7C44
000000463584
0000006B198D
00000047FCE6
00000031972A
000000585E08
0000000D3127
0000002888A5
0000002F2BB4
000000455EF5
0000001E7849
0000002E3BA7
0000000EC1FE
FFFFFFF739CF
FFFFFFE8E034
000000475EE7
000000216FF0
00000019D048
FFFFFFFCF726
00000028EC77
000000262C6C
000000117E2F
0000000EDD91
0000002DACA1
0000000596DD
FFFFFFF8FADF
0000001E1BA9
00000020E728
FFFFFFE6B71E
0000001D2458
000000276757
0000002AAFD7
FFFFFFD3EF6D
FFFFFFECB828
0000002173D1
000000296A5E
FFFFFFF9607C
FFFFFFF42D39
0000000B6062
0000005FF5F1
0000003FD677
000000218DF9
0000000F5268
0000003EB5FB
000000110536
0000000E7759
FFFFFFAE9331
FFFFFFEC12BF
0000004F100C
0000002BBCA3
FFFFFFB7480B
FFFFFFF6B548
000000188351
0000004847C6
0000004CA3A6
0000000FFBB4
FFFFFFF6616E
00000005919A
FFFFFFDD3AA1
FFFFFFFE214E
FFFFFFC7A917
FFFFFF9142D8
00000021D0B0
00000022FB42
0000001847CD
00000009ED1E
00000004FD37
000000250768
0000003FFC1C
0000000C0332
FFFFFFD25F86
FFFFFFE5A1D4
FFFFFFED8D47
FFFFFFFE8FCB
FFFFFFF84ED0
00000039BDE1
0000005686AB
000000253B4C
0000000FAFF8
000000009457
0000001CA798
0000000E93B3
0000001F70A8
00000076ED53
0000001EB54A
00000016128C
FFFFFFFFC07F
0000002C20E1
FFFFFFFC6B33
0000002A1E12
00000053A477
000000422A26
00000032586F
0000000D6D0C
0000002DBF1E
00000016A83A
000000137A82
0000002284D5
0000003DB114
00000026D282
FFFFFFFD93C0
FFFFFFF66755
000000272222
00000028C20E
00000077C150
00000039CBA1
0000000EB91A
00000022BC5B
00000034B7C4
0000001D6A8B
FFFFFFFD7D69
0000001E7211
00000023E351
000000186F2F
FFFFFFE075C2
00000000467D
00000008DCA0
0000000790F2
00000014201F
000000560C5B
0000004EB199
000000246D40
0000000950B9
0000000103B5
FFFFFFF96BF0
FFFFFFF499E8
00000002B00F
0000005025FA
0000004395B2
00000030B10E
FFFFFFFF7BE9
FFFFFFFA2EA0
000000155E1C
FFFFFFFA795C
0000000BD199
0000000A1642
00000024104D
FFFFFFDFAB15
FFFFFFB4E287
FFFFFFD147D3
FFFFFFDE461E
00000015A388
0000001FE23D
000000087DBC
00000004EDDA
FFFFFFFA0A44
0000001855F0
FFFFFFE7F293
FFFFFFF2897A
00000029FB97
0000007656A5
000000577539
000000082E23
0000000FC098
000000171995
0000001C3BB4
0000000F76D4
00000010BEDC
FFFFFFFEC19E
00000043B72E
0000000C3AAC
FFFFFFD7325F
FFFFFFFE8E59
000000107580
00000054046E
FFFFFFED3AA7
FFFFFFEA7E99
00000013C9BD
FFFFFFDDA331
FFFFFFEEFAC6
FFFFFFDFDBDD
FFFFFFFCCBD5
FFFFFFCC8717
000000017C2C
FFFFFFF6D193
000000326B89
00000023A23C
0000004B3A9D
00000029324A
FFFFFFEAFE09
00000011ED32
FFFFFFE9EB14
FFFFFFF7BE3B
0000002CDD5F
00000007C2CB
000000121C6E
00000005B367
00000009759D
00000000774C
00000010D594
FFFFFFD603E0
FFFFFFDABD65
000000143D92
000000145E19
FFFFFFC19490
FFFFFFBF1B87
FFFFFFC8A9A2
FFFFFFF979F0
FFFFFFF86CE9
FFFFFFFA582B
000000333452
FFFFFFFB62BC
00000002582A
FFFFFFE78F8E
FFFFFFB7AE95
FFFFFFEA9A04
0000001545F3
FFFFFFE157E6
FFFFFFC5EE95
FFFFFFF33C85
FFFFFFE53013
00000002E74C
FFFFFFFFAA64
000000171D6B
000000127A3B
FFFFFFE6192D
FFFFFFF0FFC1
FFFFFFE39E6E
000000295C6B
0000000F7F5C
FFFFFFE67919
FFFFFFCF924F
000000027EF4
FFFFFFF505C8
0000000A9E8E
00000004745D
0000000A9656
FFFFFFFF101A
0000000BF929
FFFFFFFBFD1A
FFFFFFDDEF6C
FFFFFFC1DEEC
00000055419F
FFFFFFE0F0B2
FFFFFFD46D1E
FFFFFFF37593
000000026772
FFFFFFFC28DA
FFFFFFF03FEC
FFFFFFFFBF8D
FFFFFFE348A4
FFFFFFDF8337
0000000F2934
0000001C2B0A
FFFFFFD4E06B
FFFFFFE99A5F
FFFFFFF3198A
FFFFFFC2AA3D
FFFFFFFAC6B4
0000000CABB6
00000011B0C4
FFFFFFF5118D
FFFFFFF99A63
00000009FB9E
FFFFFFF26396
00000004F7FF
0000000B56AF
0000001D6484
0000000A0387
000000069397
FFFFFFFB4060
FFFFFFEBF8DC
FFFFFFFCE3E7
000000081744
000000097D33
FFFFFFFC7DAC
0000001F11F9
00000022450C
00000027D764
FFFFFFFEA38D
FFFFFFEC7E1E
FFFFFFDD5703
000000136E03
00000013110E
00000006F358
000000022688
0000000436D4
FFFFFFF48F0A
00000006AA41
FFFFFFF12127
0000000BFE0F
00000020AE38
0000001D5A0F
0000000CFC93
00000018A118
FFFFFFF2E23E
000000029E07
00000022A5C8
000000165F22
000000202EDC
FFFFFFFA5D13
FFFFFFDB79DB
FFFFFFFD4204
00000010EAA0
FFFFFFE255B4
00000016AC8C
0000000EE642
0000000FECDD
FFFFFFF947A3
0000000A13B9
FFFFFFF80617
000000324588
00000002A8E0
00000007BA0E
FFFFFFEC2FE0
0000000FCAF4
FFFFFFFED4CA
000000185F5D
FFFFFFFBDEA6
000000053903
000000263646
000000250738
0000000CBF1F
0000001D8240
FFFFFFF82551
000000008F23
FFFFFFFAFEFD
0000001C10B5
FFFFFFFA8E52
0000001586BC
00000013F6A2
0000000F47BD
000000006659
00000005E73E
00000001BACB
0000000ED9DD
0000004C8B2B
00000017AB3B
FFFFFFFB8577
FFFFFFED707F
FFFFFF97851D
0000000C8051
FFFFFFFCCB3A
000000372033
0000002E3483
0000001664EE
000000264EB4
00000014B9C2
FFFFFFDA677E
000000115F89
0000003078A6
0000002D3DC6
FFFFFFFA2857
FFFFFFE5CC5C
FFFFFFB1EEEB
00000019F435
0000002D2345
000000255F4C
000000343929
00000017ED15
000000167A9C
FFFFFFFD06AE
000000046148
00000033D388
00000026FCB9
00000007CDC9
FFFFFFFF95FA
0000001B1DC3
00000013DDB2
00000005EA89
00000003BDF1
0000004333A0
FFFFFFEE6A05
0000001151BF
00000034CDC7
000000252D1A
000000397C00
00000039CD1F
000000408DA6
0000002D43B1
FFFFFFFFE2F2
0000000D93C9
00000028301D
00000013347E
0000001831AD
0000003134C4
00000017A597
0000002C9A6D
00000021E9BD
0000000D416D
000000137B3E
0000000C93B3
0000000E9095
0000000F9766
FFFFFFBFBA5D
FFFFFFC364E7
FFFFFFC01F2F
FFFFFFC52566
FFFFFFDDCEFC
FFFFFFB34BFE
FFFFFFA9DCC1
FFFFFFB65C93
FFFFFFA55655
FFFFFFC600C3
FFFFFFADA018
FFFFFFC35AEB
FFFFFFBF522F
FFFFFFB61EA8
FFFFFFDDCE98
FFFFFFCB28EB
0000003D49DB
0000000C64BD
FFFFFFD6B670
FFFFFFE50C77
FFFFFFC2710C
FFFFFFB53DA8
FFFFFFDA1222
FFFFFFDB9BE3
FFFFFFCE5C2D
FFFFFFF031C9
FFFFFFDD2440
FFFFFFB10805
FFFFFFC41367
000000436FC9
000000BCEDB5
0000009CB068
0000003E22EA
FFFFFFEE8ED3
FFFFFFE6F3EA
FFFFFFE3005E
FFFFFFF18169
FFFFFFF4FCCD
FFFFFFF1C8CD
FFFFFFCF0651
FFFFFFC4EA9B
FFFFFFB02BEC
FFFFFFD9C0AC
FFFFFFE015BF
0000009EE367
00000095A669
00000080D422
0000003BF3DD
FFFFFFE86A32
FFFFFFEBCA43
FFFFFFE1D155
FFFFFFE1C975
FFFFFFEF82AE
FFFFFFD651E7
FFFFFFDC8381
FFFFFFBC1D9A
FFFFFFDB2A6F
FFFFFFDB8C0C
FFFFFFF78E8E
0000005E3CCD
000000868C87
0000006D448B
FFFFFFEE4D9C
FFFFFFE84089
FFFFFFE66DFD
FFFFFFDE71E6
FFFFFFDCD1BD
FFFFFFE8DF02
FFFFFFCBBBE7
FFFFFFA2BCC0
0000000ABEFE
00000047A8B1
000000671168
0000007DCD90
0000006BD112
00000096F136
00000048BE4A
FFFFFFDAE568
0000000295A2
0000000692D5
0000000BB48F
00000002E57E
FFFFFFFB0DC7
FFFFFFF143D5
0000001A8363
000000508CF4
0000006870A5
00000078544A
0000007A0EAA
00000081D1D3
000000A131A6
00000043CEE7
FFFFFFF4D406
000000151A5B
0000000798FA
0000001A8B93
0000000BEA60
FFFFFFFE25F3
00000005D4B6
000000410FD8
0000005AB32F
0000006BE483
0000005C2FC9
0000006DF06A
0000007B763E
000000921EEA
000000147C5B
FFFFFFF5113B
00000026D17E
00000012ED93
0000000E9205
FFFFFFF8D79D
FFFFFFC67A26
00000005ACA2
0000004A58F9
0000005622DE
000000677DFB
00000071F413
0000007B76D0
00000085A157
00000052E98D
FFFFFFF0AFD6
0000001B445E
00000007B0E9
0000000F2DC9
FFFFFFF91335
FFFFFFE2B717
FFFFFFCDF9D0
0000003A38B5
0000003A9FB8
00000049BC79
000000691290
000000703F73
0000008FDC92
0000008664C0
000000573669
000000433671
0000002E5E46
0000002E4527
FFFFFFF09B09
FFFFFFEC29E8
FFFFFFE3651C
0000001E2E60
0000002A6634
000000386A1E
0000006272A6
00000065D960
0000008E1A7D
000000883676
0000007F2B1D
000000825649
00000062A2B1
0000006A06FB
00000009A47E
FFFFFFFA0058
FFFFFFCB176F
FFFFFFD84D19
0000000F0FBD
FFFFFFF803B9
0000003E487E
0000006B2F9C
000000818CCA
00000069F491
00000072A00A
0000006716F4
000000582F76
00000066F05E
000000380969
FFFFFFF29467
00000007C0FA
FFFFFFF3D133
FFFFFFE890F5
FFFFFFCB0AE0
FFFFFFDF633D
000000009BC9
0000003A4392
0000004A428C
0000003D1E36
000000123D67
FFFFFFFC2EDA
00000009E756
FFFFFFFCA6A5
FFFFFFC238EF
FFFFFFF5149B
FFFFFFEADEBE
FFFFFFF6E0B2
FFFFFFEA9BC2
FFFFFFC83BC9
FFFFFFC76FE9
FFFFFFACC098
FFFFFFDED1BC
FFFFFFC1E800
FFFFFFD09CAF
FFFFFFDBDFB9
FFFFFFCE021C
FFFFFFA2034E
00000072660F
00000058E75D
00000036FC0D
0000005675D7
000000629883
0000005526EB
0000001A770B
0000003AD889
0000004478F6
0000006E546F
000000301B76
0000002E1D4D
000000287F01
0000006056B0
000000482E8B
0000006C2F5E
0000003ADB83
00000050C26C
0000007387D5
0000003F8226
00000040F22C
0000005C7F7F
00000049BA32
0000003FE689
00000030F023
0000004161D2
0000003AC374
0000002AED71
00000045D675
0000008013C9
000000CBC97A
00000068357F
FFFFFFFAF694
00000031CCC8
000000278E90
FFFFFFF3ADCA
0000002ABFF1
0000001E9B23
000000077D14
00000030A76F
0000001D12E3
0000000D3254
00000059C985
00000046BD46
000000ABEA6D
00000093BC34
FFFFFFFB1583
0000003C4499
00000030828E
00000038F0FE
00000027854A
00000042E0EE
FFFFFFF83B1E
FFFFFFD8EAF6
FFFFFFCD0786
FFFFFFECC935
00000050362D
00000001F666
00000007B43F
00000025C438
FFFFFFC1037F
0000002A76A4
0000005A56D8
00000060A2CE
0000005DAF0E
00000039E5B2
0000001FC92D
00000016CD8E
FFFFFFD40E0C
FFFFFFCA9EEB
0000004AD3FF
FFFFFFDF334B
FFFFFFC0DBE4
FFFFFFE3F62C
FFFFFFB55388
FFFFFFDB6117
000000059212
000000031EE1
FFFFFFE429FA
FFFFFFDDC1D1
FFFFFFCCC6F1
FFFFFFF810CB
FFFFFFBFD480
FFFFFFC9551C
00000053A4B0
FFFFFFC6D702
FFFFFFBE805C
FFFFFFD8430C
FFFFFFCE2EBE
FFFFFFCF3862
FFFFFFE277DB
000000074118
FFFFFFE2A8CA
FFFFFFE19B76
FFFFFFDD1F62
FFFFFFD4C582
FFFFFFCD104D
FFFFFFC37D9F
0000002BE728
FFFFFFE42B7A
FFFFFFBB70F9
FFFFFFCC3CA1
FFFFFFDF3CE5
FFFFFFFB08AD
FFFFFFAE5325
FFFFFFF09D15
FFFFFFF1E346
FFFFFFE259FD
FFFFFFE64266
FFFFFFD06FDE
FFFFFFD0D036
FFFFFFC3A81E
0000000D0BF8
FFFFFFF20DBA
FFFFFFCA0A70
FFFFFFE1F405
FFFFFFF51150
FFFFFFD9A3B8
FFFFFFC1CBC3
FFFFFFC8773C
0000000B2D6C
FFFFFFE76CA8
FFFFFFC968DD
FFFFFFD6CFE5
FFFFFFD5A3AF
FFFFFFB88F75
FFFFFFFFDC51
FFFFFFFD8640
FFFFFFDE5F62
FFFFFFF9AE01
FFFFFFF1B4EB
FFFFFFD48EB3
FFFFFFBD4E17
FFFFFFBBD672
FFFFFFF8A9FA
FFFFFFFC4D3E
FFFFFFF6EA3A
FFFFFFEC61C4
FFFFFFE80340
FFFFFFC97AB3
00000003829C
000000190F4E
0000001C8FCD
FFFFFFED0920
FFFFFFEEA608
FFFFFFD0794B
FFFFFFC433BA
FFFFFFCE8C4A
FFFFFFD85956
FFFFFFAF5B52
FFFFFFF28205
FFFFFFDD999B
FFFFFFFDA568
FFFFFFFD58E3
0000003530A8
000000359644
000000195F16
0000002EE697
0000002FC0F1
00000025E07B
0000000B5051
FFFFFFF49B81
FFFFFFDE7195
FFFFFFDE033E
00000008AD65
FFFFFFE38D23
00000007FA14
0000004B418E
FFFFFFE67E6F
000000147FA4
000000083B29
0000003045A4
000000166F7A
000000412CFA
0000000FD8E5
0000002B43D6
0000001CD26D
000000306343
000000113938
0000000197EA
000000134A29
0000002A4E91
FFFFFFBED5EB
FFFFFFD5A511
FFFFFFE93E1D
FFFFFFD09A11
FFFFFFA0888C
FFFFFFCFF361
FFFFFFD3E39D
FFFFFFE9F681
00000017A6FC
FFFFFFDE03A0
FFFFFFD5B846
FFFFFFC2C4EE
FFFFFFAC1B0E
FFFFFFB6983C
FFFFFFD38E10
FFFFFFD845B0
FFFFFFECC0DE
FFFFFFEB4110
00000043D453
FFFFFFECE581
FFFFFFF6103A
FFFFFFF1F978
FFFFFFABBAA5
FFFFFF9E4258
FFFFFFB2F97F
FFFFFFC9DBAB
FFFFFFCA7902
FFFFFFA001B5
FFFFFFA55B48
FFFFFFEF8C00
00000034DEDF
FFFFFFF1453F
0000001B247E
FFFFFFDC1914
FFFFFFD54E86
FFFFFFF00C5F
FFFFFFC2675F
FFFFFF9DEDEC
FFFFFFD8AE7F
FFFFFFE4201C
FFFFFFC9497F
FFFFFFCC5466
FFFFFF9FBE97
00000010BB03
0000004FABA6
FFFFFFDF5880
000000379125
FFFFFFD90A32
FFFFFFB12373
FFFFFFB4060D
FFFFFFC77571
FFFFFFC4474E
FFFFFFB0E5DA
FFFFFFE2A965
FFFFFFCE0375
FFFFFFD89D89
FFFFFFD62601
FFFFFFEBA769
FFFFFFBC1CDA
FFFFFFB8FB58
FFFFFFD5120E
FFFFFFCAC1D0
FFFFFF91D667
FFFFFFC46D49
FFFFFFC8F880
FFFFFFD5BC05
FFFFFF9BCB63
FFFFFFF18C3E
FFFFFFBF757C
000000462FEF
00000065B118
0000001B1660
FFFFFFF0CCCA
FFFFFFCDB34D
FFFFFFCC96B6
FFFFFFD98430
FFFFFFFC74D2
0000001B126C
00000006A9BE
FFFFFFE4515D
FFFFFFE17BE3
FFFFFFE51258
FFFFFFC0F0B5
FFFFFFE04917
0000010344E5
00000088151C
00000081C479
00000045D2D4
FFFFFFE6451D
FFFFFFD07AD4
000000214414
00000019A402
FFFFFFBEA139
FFFFFFB83913
FFFFFFBF07F1
FFFFFFC57A25
FFFFFFCD1568
FFFFFFB67F59
0000011B4618
000000EA8438
00000081C01F
0000005C2365
0000005592D6
0000002C76A6
FFFFFFED3443
FFFFFFEB0BFA
FFFFFF879246
FFFFFFB55F40
FFFFFFD8F97D
FFFFFFC1939A
FFFFFFDA1779
0000001AC2F9
000000AF8ECD
000000C716D4
000000925D73
0000007301A9
0000007F67F2
0000008797E8
00000016191E
FFFFFFD496FE
FFFFFFD1FD6F
0000000C7125
FFFFFFB4DA61
FFFFFFDE679E
FFFFFFF4AC8E
FFFFFFCA0077
000000204C64
0000008DE69F
00000057291B
000000B477FC
0000005E5EF4
00000048B4A6
FFFFFFCE101F
FFFFFFBFE231
000000167237
0000001D1BD4
FFFFFFD03C97
FFFFFFFC2A7E
FFFFFFD7E595
FFFFFFEB6F54
FFFFFFD05031
0000001EAEDA
0000000FF236
000000229030
FFFFFFDBD37F
000000028CB7
FFFFFFE16D04
FFFFFFAF8704
FFFFFFD0996C
FFFFFFC720E8
FFFFFFC27666
000000AFC04C
0000013440A2
FFFFFFF019BD
FFFFFF9DA0BB
FFFFFFC5E731
0000001B9F20
FFFFFFFF1479
0000008E2083
000000D11818
000000385423
FFFFFFC08B0B
FFFFFFC29E64
FFFFFFC0C978
FFFFFFBDC47D
0000000FDC1C
0000003C7429
0000003FA722
FFFFFFA5C7B0
FFFFFFD746A7
0000003B8298
FFFFFFE18F9A
000000C1EDB3
000000B91FF1
FFFFFFE94B72
FFFFFFD127EF
FFFFFFC4BCAD
0000005E90B3
0000002E56EB
FFFFFFE56643
FFFFFFB7B138
FFFFFFE36332
FFFFFFB9960B
0000000D424B
0000003EF9C4
FFFFFFC6778A
00000016B5B4
0000007DBF68
000000353EA1
0000004B7F89
FFFFFFF41F5F
00000002584D
00000010A506
00000003AE93
FFFFFFC68C50
FFFFFFBE62A7
FFFFFFCC5516
00000065F5A1
0000000F0D69
00000021D9D2
FFFFFFF8E332
FFFFFFD52197
0000000BB96E
FFFFFFF3FA35
FFFFFFF8A95A
FFFFFFF4ECB2
FFFFFFCA7814
0000000AF9AB
FFFFFFE8761A
FFFFFFE5B990
FFFFFFF57BC5
FFFFFFDB88DB
FFFFFFFFE3CF
FFFFFFBC1F65
FFFFFF93BBDA
FFFFFFC1CF36
FFFFFFB90AA7
FFFFFFE94F0F
FFFFFF7038B6
FFFFFF96EFEA
FFFFFF8BD12B
FFFFFF88435C
FFFFFF8B7A60
FFFFFF98FA3D
0000000F7B39
FFFFFFD23215
FFFFFFD44D92
FFFFFFCF6929
FFFFFFA5D16D
FFFFFF9DCB96
FFFFFFA0F161
FFFFFFB2CE62
FFFFFF671D85
FFFFFF78A6A7
FFFFFF88A107
FFFFFFA0600C
FFFFFFAD5A9F
FFFFFFAE8148
FFFFFF9DEF39
FFFFFFB226DD
FFFFFFDF0E85
00000044C544
FFFFFFC865BC
FFFFFF8EB051
FFFFFF9016FE
FFFFFF93014F
FFFFFFB11E25
FFFFFF9E0DD7
FFFFFF91278C
FFFFFF7CF1BA
FFFFFF976FD0
FFFFFF797934
FFFFFF7EDA42
FFFFFF7B91B5
FFFFFFF517D4
0000002262BC
FFFFFFEBD991
FFFFFFC407E1
FFFFFF573FFE
FFFFFF9EE67D
FFFFFFA72281
FFFFFF8DD03B
FFFFFFBF8F01
FFFFFFBCA7F5
FFFFFFD0537F
FFFFFF9D7CCB
FFFFFFB24DEE
FFFFFFF208A6
FFFFFFDE9979
00000020EC05
0000003900CD
0000004373A4
FFFFFF8F008D
FFFFFFA0B7F8
FFFFFFA86B44
FFFFFFBA11FD
FFFFFFBFE1BF
FFFFFFDBEEF4
FFFFFFE03114
FFFFFFD8AA65
FFFFFFCFB0BA
000000477F7E
0000000FCDD0
0000000B128A
00000037DF2A
000000684629
FFFFFFFACD8A
000000039661
FFFFFFE1A0EA
FFFFFFDDCFBD
FFFFFFEAEB55
FFFFFFD4B5F6
FFFFFFBA41A9
FFFFFFBDE49D
FFFFFFE70073
00000024C951
00000028C8AB
00000017B669
0000001654ED
000000334D2B
0000006169E4
0000001E2ADF
FFFFFFB043EB
FFFFFFC6AD23
FFFFFFCEC7DD
FFFFFFCBD916
FFFFFFCA5316
FFFFFFB4085D
0000001C7D40
0000003A25E6
000000291D41
000000212EBA
FFFFFFFE3E72
00000003DEDB
000000239A71
0000004F84C2
FFFFFFDD5E77
FFFFFFB59383
FFFFFFD6C6F4
FFFFFFE42F56
FFFFFF9DD270
FFFFFFAC747A
FFFFFFF0EE0B
000000389681
000000396543
000000339198
0000001C803A
00000020E0B0
000000498E2F
000000559B35
00000010AF00
FFFFFFBEA6C9
FFFFFF9D1152
FFFFFFC13FF9
FFFFFFAB979B
FFFFFFBF2CBD
FFFFFF94DD57
FFFFFFD6F19F
00000062E7C0
00000043738C
000000432BB8
000000437C52
00000034E74F
0000005C1578
0000004586E4
FFFFFFE45082
FFFFFFAE226D
FFFFFFD0FE75
FFFFFFA806A3
FFFFFF9DE0F6
FFFFFFC1EB4C
FFFFFFBA770B
00000022F1C4
0000001E44B7
000000380FBD
000000346CA7
0000001503BC
0000002BDD07
0000004AC1DC
00000018A9ED
0000002CDFFF
00000048D09C
00000055C064
FFFFFFBCCB1F
FFFFFFC15FEC
FFFFFF8DFAC7
000000022930
000000178007
00000011A4C5
0000001DA219
000000423BC9
0000004CEFFC
0000003D1D43
000000024C17
0000002825C2
000000336463
00000071D985
00000011CC09
FFFFFFA552D0
FFFFFF8B8C24
FFFFFF9532BF
FFFFFF856353
FFFFFF8EC1F9
FFFFFFEBAD2A
FFFFFFF48D8A
000000194284
00000009F194
0000003A8F0B
FFFFFFED9944
FFFFFFD019B7
FFFFFFE1CE4C
FFFFFFFD784C
FFFFFF93A9DB
FFFFFF733080
FFFFFF7846B2
FFFFFF546E4E
FFFFFF65FE90
FFFFFF816D2C
FFFFFF878B53
FFFFFFA2A0FF
FFFFFF9A3F3E
FFFFFF6C7F49
FFFFFF7BA4E2
FFFFFF4FDA40
FFFFFF775D48
FFFFFF75F739
0000001294C9
00000006111F
0000005637AF
00000005B5E8
FFFFFFF59E1E
0000000839CD
0000003F9C61
00000036AE33
0000000E2961
000000A25A60
0000006A7CB4
0000005EFBC7
0000002E529E
0000002EADE1
0000001FCBE1
0000002E584F
0000002CF548
00000004E6E7
FFFFFFF586FF
FFFFFFDA6B42
00000019755C
0000005668A7
000000128036
000000472A4D
000000362420
0000002C4904
0000001EBD67
0000000FFF83
0000004E7BD5
FFFFFFBBAC1B
FFFFFF7E520E
0000000422ED
FFFFFFC0F04F
FFFFFFE54143
00000040EA20
000000531D01
0000000F4B52
0000002DF2BE
000000405BE6
0000000A40DD
0000000FDD2F
0000001AFA50
00000023938A
000000096FEF
FFFFFFE031B9
00000001EE58
FFFFFFF95539
0000001A2550
000000366CB2
0000002A1F6C
0000001843C6
00000009A66B
0000003F0BA8
FFFFFFE79E6E
FFFFFFE7969B
FFFFFFEB466F
0000001AD193
FFFFFFE81AF6
FFFFFFB70C5F
0000002BFC94
0000007264E1
000000333C18
FFFFFFDDA659
000000063207
0000001ABF4F
00000012D829
FFFFFFF259F1
FFFFFFF77506
0000002133B9
00000001A18D
FFFFFF334B4E
FFFFFF8B5A5A
FFFFFFD08EAE
0000003913FF
00000052BA78
0000003C4CEB
FFFFFFF6CBA3
FFFFFFCCCB7F
00000010C3DD
0000000C165E
FFFFFFDF68A9
000000156BF9
000000212914
000000451300
FFFFFF6C0E8B
FFFFFF9345FD
FFFFFFE46B00
0000003EF127
00000037483D
000000034F19
FFFFFFF7BC8B
0000004739FB
00000023AC59
000000218AE9
0000001CA4D6
0000002F7A58
FFFFFFFE6A44
0000000E3C02
FFFFFFEBEE58
000000094ECB
00000037358B
0000003562D4
00000010B908
00000009BDF6
0000004C4986
000000278EA2
000000153C6D
FFFFFFE96B6A
000000368796
0000000FE836
000000001A89
00000025D85D
000000336F2F
FFFFFFF4938E
00000015FBE9
FFFFFFF6D340
0000002E84AB
000000457944
000000500DF2
0000003FBBBE
FFFFFFF19AD4
FFFFFFF3B031
00000018F2D0
00000020AC20
0000001A5DDD
0000000BE3B7
00000029E231
000000163081
0000000200B2
00000052E1D0
00000069834C
000000522C34
00000038BE3F
000000404C00
0000003E8B53
00000075640E
000000619559
FFFFFFF9B995
FFFFFF89DE59
000000014CFC
0000003DFDB6
00000034761A
0000002AAE2A
00000065BFA1
FFFFFFFA3BA3
FFFFFFB3779B
FFFFFFF8B1AF
00000021203C
0000001AED28
00000052F812
0000006A88A9
0000001B6B69
FFFFFFBB2E08
FFFFFF921A67
000000331857
000000110536
0000003E3B35
000000BF3E98
0000000A669E
000000322409
000000704810
0000007A567B
0000005AC235
0000002B287B
0000003CAAE7
0000008DD305
000000274C71
FFFFFFF4AD9C
000000301E54
0000000693BA
000000281A29
0000003CCD53
FFFFFFF2B524
FFFFFFE52AA4
0000002FA7B1
00000099D725
000000829FAD
0000003F69F6
0000002B13E8
0000007101B7
00000056FD7E
0000006130AE
00000046F810
FFFFFFE157DB
FFFFFFC79638
FFFFFFD9BB7E
FFFFFFF5C62B
0000003C4EAE
0000000FAFB2
0000005214E4
00000043BA34
0000002FC085
000000501A2D
00000004181E
000000068535
0000003D07CE
FFFFFFFB484F
FFFFFFEF4BD0
000000076477
0000001CE604
00000048F428
000000597EC0
00000095CD57
00000016FBD1
0000004A9B4D
0000007E4B46
0000005FD7BE
00000084BC01
0000006B2974
0000002172CB
FFFFFFFD1C0E
00000000DEDC
FFFFFFFF65FF
FFFFFFFD13FA
0000004B5414
000000640849
00000062B098
0000006E6F77
0000006B6FA0
0000005D7F51
0000005C1F9D
00000044FCD4
0000003BEF87
0000003D986F
000000734963
000000142F32
00000010D3E3
000000145F70
0000001C09FD
0000003FB9FC
000000648453
0000006BD909
0000008858AC
000000802172
000000AE0008
0000006902C5
00000077FBAC
00000069CFC6
0000004B9018
00000016E079
000000005EDE
FFFFFFF7F752
FFFFFFED610F
FFFFFFF32EFF
0000005549E5
0000004E8977
0000002406AD
0000004A0956
0000005E7BC9
0000003C0C95
0000001C88EF
0000000D3962
0000001C98C5
FFFFFFFE791F
FFFFFFF40513
FFFFFFEF346C
FFFFFFF44D00
FFFFFFE435D3
00000010E8E2
0000001BE3AE
0000001227B1
00000039CC7D
00000054920F
000000747E20
0000006BBFFC
000000C7D639
0000002963A4
FFFFFFD44A7B
FFFFFFF5C4EB
FFFFFFD7CCA0
FFFFFFD69053
FFFFFFE434E6
FFFFFFE6B2E2
0000008EEEA9
0000009D50FA
00000088334F
0000008D27E3
000000898005
000000A63550
000000ABDB9D
0000007713DE
FFFFFFC6AD28
FFFFFFE5D9F6
FFFFFFE9763E
FFFFFFDF2E78
FFFFFFCA6C21
FFFFFFE82AA4
00000051BBEE
0000008BF652
000000835CEB
0000008D8E0B
000000863F6C
00000074DE09
000000A407D8
00000042D7EE
00000005AD4F
FFFFFFFFF538
FFFFFFF5C771
FFFFFFD19A08
FFFFFFBAA830
FFFFFFDCBC71
FFFFFFFEBCF2
0000007CD1B3
000000CF8B20
0000009B4889
0000007D110B
0000007D045B
000000B49FAE
00000067FB4B
0000000A9E2B
FFFFFFEEA733
FFFFFFDC2746
FFFFFFBE78B8
FFFFFFDA243B
FFFFFFD67223
FFFFFFFE781B
00000023CA8C
000000B1E46A
000000BD0072
000000BEA3A8
000000B1795B
000000AC5C6E
000000A30DC2
0000009BD540
FFFFFFFEDA90
FFFFFFCBADA2
FFFFFFD38CEE
FFFFFFEBB7E8
FFFFFFE8FBA8
FFFFFFEFB541
FFFFFFF87232
000000562E99
000000B2208B
0000008142EF
0000008C0262
000000BBB6A6
000000BF4A8C
000000B26FB3
FFFFFFF49115
FFFFFFF44D14
FFFFFFE6D3C6
0000000313AD
FFFFFFE5AA03
FFFFFFE91B82
FFFFFFE5F128
FFFFFFF9E29E
FFFFFFF0CE33
FFFFFFE59445
FFFFFFF23C7A
0000007B5236
00000087587D
00000063FC77
00000000AA9C
00000019F077
00000000CCD7
FFFFFFF52E82
00000000235A
FFFFFFF265EE
FFFFFFF49E9E
FFFFFFD5EC8A
FFFFFFCDCE29
FFFFFFD76856
FFFFFFF0A378
0000000066D8
000000A97DFB
0000008D073B
0000006B19CD
0000008CB3B5
00000079D279
00000018EC49
00000020E1B4
FFFFFFFFA003
FFFFFFDE1676
FFFFFFF5206B
0000002548E9
0000004F63DA
000000484EE7
0000005D3147
000000F69E4A
000000EB05F2
000000E61B5B
000000DC5AE7
000000DEE54E
000000C835E8
000000B63B07
000000B29E03
000000D76C0A
000000E5A475
000000F56FAA
000000D0EFE5
000000E86357
0000010994B8
00000014E4AC
00000021EDDB
00000024C8A9
0000002CB1ED
00000053EEFC
0000007BA49E
000000428561
0000004A1025
00000048774F
0000001914BB
00000001806F
00000023AD83
00000011826B
0000002361C5
00000000845A
000000319E89
0000002C3529
000000288E4A
000000377B60
0000000469D5
0000002D0838
0000004BB878
0000003E80CE
0000001F7EE5
FFFFFFF7D310
000000068E19
00000011FDA9
FFFFFFFAEA2A
00000012EB10
00000015D4A4
000000426DC3
000000099A7A
000000262D6F
FFFFFFED9CE1
FFFFFFE904CA
FFFFFFFC45F7
FFFFFFFE0949
0000000721C2
FFFFFFBE9228
000000072326
FFFFFFD32047
00000012B006
FFFFFFF7C0E6
0000006216D9
0000003403FC
000000221881
00000015F71F
FFFFFFEBD1A8
FFFFFFF0C992
FFFFFFF3BC03
00000012BD24
0000001742E9
FFFFFFE9308D
FFFFFFCE10FB
FFFFFFC6F0A9
0000001433B2
0000003110F5
00000040C93C
00000055A603
00000008C205
FFFFFF8B8AFE
FFFFFFBB0439
FFFFFFFCC94F
00000034A846
00000034A363
000000159B55
FFFFFFFACA4D
FFFFFFD4FF0B
FFFFFFDA7ECC
FFFFFFE67A7B
0000001396EB
000000020E52
FFFFFFED5906
FFFFFFD2D94E
FFFFFFA30009
FFFFFFA2A5A7
0000000121F3
FFFFFFDDDE79
FFFFFFAACE3F
FFFFFF926442
FFFFFF970C71
FFFFFFB006D7
FFFFFFADE54C
FFFFFFCE21DB
FFFFFFDD5DFE
FFFFFFFF1411
FFFFFFC11CD1
FFFFFFC4F411
FFFFFFD1D68A
FFFFFFBCC82C
FFFFFFABA066
FFFFFFCBD131
FFFFFF9C1EDE
FFFFFF8FCEC2
FFFFFFA4625D
FFFFFF908BAC
FFFFFF94B291
FFFFFFC5BC3C
FFFFFFFB8ADB
FFFFFFDE5795
FFFFFFB25FB5
FFFFFFA9DA3A
FFFFFFD2EED7
FFFFFFF406B0
FFFFFFCBC8BA
FFFFFFB42579
FFFFFFD7A5C6
FFFFFFB34A6F
FFFFFF9BBA6B
FFFFFF9B9E94
FFFFFFBA24F3
FFFFFF94348F
FFFFFFDB272B
FFFFFFD708FC
FFFFFFD65FF3
FFFFFFD62895
FFFFFFF27840
FFFFFFC39BF0
FFFFFF96F9BC
FFFFFFACBB3F
FFFFFFD06CFD
FFFFFFBB02AA
FFFFFFBC9124
FFFFFFB15AC9
FFFFFF9D9E40
FFFFFF9AAFE3
FFFFFFD68624
FFFFFFDA8B54
FFFFFFFAA3BD
FFFFFFDD66A5
FFFFFFD40428
FFFFFFC5E7E3
FFFFFFB3B971
FFFFFF8C3D05
FFFFFFB4EA13
FFFFFFE7E2C1
FFFFFFF7ADD6
FFFFFFF150BA
FFFFFFDEE64B
FFFFFFDD0C9B
FFFFFF877A0F
FFFFFFB32C24
00000022D79F
00000028854C
FFFFFFE1E6EE
FFFFFFB68C9D
FFFFFFCEDFB4
FFFFFFC94AA7
FFFFFFB2A46D
FFFFFFD0B0F0
FFFFFFD60675
FFFFFFE96DFE
FFFFFFE89A6A
FFFFFFF67273
0000000349E0
000000041E11
00000049A2DC
0000000DFFA0
FFFFFFE2AED9
FFFFFFFD9A3F
FFFFFFD2D739
FFFFFFC86F1C
FFFFFFE59A7D
0000000B7B6E
FFFFFFF89195
FFFFFFE494F8
FFFFFFDFEDBD
000000311B99
FFFFFFAF9889
FFFFFFD6FBE9
FFFFFFC69705
FFFFFFD927CD
FFFFFFEEEFB9
FFFFFFEDF3C4
0000004333FF
0000000606BF
FFFFFFF4B842
FFFFFFEDC507
0000001CD1AF
FFFFFFEAB4A9
000000110034
0000000BDA2F
FFFFFFC14E52
FFFFFFCFDFBE
FFFFFFAFBAAD
FFFFFFE261F7
FFFFFFC056C4
FFFFFFBC71D9
FFFFFFCBDC0A
FFFFFFCD0587
FFFFFFE11B3C
FFFFFFA170A7
FFFFFFBF3CED
FFFFFFDEC54E
FFFFFFD269DB
FFFFFFE68B61
FFFFFFFC0EEA
FFFFFFD7DA51
FFFFFFF0DDD2
00000023CBD2
FFFFFFFE28A8
FFFFFFF01478
FFFFFFE80ACE
0000000A75A6
FFFFFFD2A4E4
FFFFFFCF5E50
FFFFFFDC6506
FFFFFFEE7024
FFFFFFD89AB6
FFFFFFD8E4F3
0000000B5463
FFFFFFEEDB7B
00000005C205
FFFFFFFA244E
FFFFFFD606D0
00000005B5FA
000000192B44
FFFFFFFC2DD7
FFFFFFE0E59C
FFFFFFF960A2
FFFFFFF1A20D
000000180C42
0000001C0EC4
FFFFFFD2CB80
FFFFFFC2752A
FFFFFFCB7391
FFFFFF9FAE18
FFFFFFA304C4
FFFFFFBD9F49
000000092843
FFFFFFE12BA1
FFFFFFFC8D89
FFFFFFD08F75
FFFFFFF2D9CC
FFFFFFDE8B50
FFFFFFCDE125
FFFFFFE82FCA
FFFFFFCD4C18
FFFFFFDBB490
FFFFFFD311DC
FFFFFFA5EB58
FFFFFF9CDB56
FFFFFFBD9D6A
000000393F41
FFFFFFD53CAC
FFFFFFE1313F
FFFFFFC57DEC
FFFFFFD3E42C
FFFFFFD539D9
FFFFFFE28496
FFFFFFE6662B
0000000ADA8D
000000305849
FFFFFFEBF4DC
FFFFFFC7D074
FFFFFFCDD452
00000003F8F8
0000000E787F
FFFFFFFA7DEC
FFFFFFE9ED49
FFFFFFFBADD3
FFFFFFBD6862
FFFFFFED28DE
FFFFFFD13B75
FFFFFFD621CC
FFFFFFE65037
0000007A4B26
000000281ACC
0000002592E3
00000028DA64
FFFFFFCCD8F8
FFFFFFF917D7
FFFFFFFDDD93
FFFFFFC9558D
FFFFFFB6CDCA
FFFFFFDA6369
FFFFFFE4F9DF
FFFFFFEE80FB
FFFFFFE46078
FFFFFFC8F547
0000008DFFB7
0000006088D5
00000031DFC8
00000022AB25
00000013BD2B
000000156718
FFFFFFDECC16
000000267840
000000089828
FFFFFFD9BBB0
FFFFFFC46D8F
FFFFFFF41BE0
FFFFFFE74BEE
FFFFFFDFA493
0000005658EB
000000443408
00000049E1B6
0000001410EE
000000207A23
0000003074A8
FFFFFFF933F8
FFFFFFE9C6EB
0000002597F6
FFFFFFE438CF
FFFFFFCEDA06
FFFFFFC89170
FFFFFFD5DC00
FFFFFFDBCF60
FFFFFFFF6151
0000004AD033
0000002C363A
0000002FC162
00000021FF5C
00000000E624
FFFFFFE5AB51
FFFFFFDDC269
0000001693CF
00000022416F
FFFFFFDA5B86
FFFFFFC576E8
FFFFFFC84A38
FFFFFFC65529
FFFFFFACB2C3
FFFFFFF5BDBF
FFFFFFEF349D
0000001CC113
FFFFFFFF9DA7
FFFFFFFCF552
FFFFFFEDCC25
FFFFFFC0D839
FFFFFFDFB8E2
000000194324
0000001ECD2A
0000000CEF32
00000056E497
0000000816E3
FFFFFFB370CB
FFFFFFE3591A
000000224907
FFFFFFFE2C24
00000063D594
00000054CF06
00000025D846
FFFFFFE5EA2A
FFFFFFEEF276
FFFFFFC8F324
FFFFFFF411C1
FFFFFFF060AB
00000022F702
000000402096
FFFFFF92CCBB
FFFFFFC94081
FFFFFFFCDBD9
FFFFFFFFD627
000000754E92
0000003D6E37
FFFFFFCAFD26
0000000F83C5
00000002A63A
0000000FDC26
0000001F05C4
0000001DFF76
FFFFFFCB8843
000000461C2A
FFFFFFBAD07C
FFFFFFA89444
FFFFFFD6D66A
FFFFFFBB25B0
FFFFFFBFB192
000000005FF7
00000002F7F8
000000296C69
FFFFFFFFE0E3
FFFFFFF77BC7
FFFFFFF03392
FFFFFFF3AD23
FFFFFFDD89C0
FFFFFFF99D14
FFFFFFBB6920
FFFFFFE50375
FFFFFF8F92AF
FFFFFFBE03F4
FFFFFFA1FB2B
FFFFFF8FA72E
FFFFFFAC1A26
FFFFFFC7E4D1
FFFFFFA94D8D
FFFFFFD12AA1
FFFFFFBC2229
FFFFFFC7F191
FFFFFFD8B40A
FFFFFFA674BB
FFFFFFEDBEED
00000001C837
000000046311
FFFFFFE18ABA
FFFFFFECA941
FFFFFFF25CEA
FFFFFFE7F334
FFFFFFD9BDF0
FFFFFFC9B676
00000002D623
FFFFFFD83D7E
FFFFFFDD90F7
FFFFFFDD7B50
FFFFFFF10018
0000000B8318
00000063F9AB
00000058840C
0000001B6D30
00000023474E
FFFFFFD9B791
FFFFFFE14D24
000000278526
FFFFFFDD6FDC
FFFFFFE7231F
FFFFFFD8C300
FFFFFFD04305
FFFFFFEF8AF0
0000000B4132
00000013F1FE
00000094FA0B
0000008633F7
000000850B6B
0000007B7B52
00000026A70C
FFFFFFFD8027
00000014F384
0000000AFE38
FFFFFFF61EFB
00000002E1B7
FFFFFFE5F648
000000046A5C
00000008E18A
FFFFFFF98511
00000029E9BF
000000B64459
0000007F8826
0000007B2FFF
00000067428F
000000216390
0000001564D8
00000003F9DA
FFFFFFFC72DD
00000022CE2E
FFFFFFF647D8
FFFFFFEEE8BC
0000000EC242
00000049E8D4
00000039AB61
000000312812
0000004F7724
0000004BA2F5
000000720F48
0000005FFCFC
000000103139
00000004F8C6
0000001B6116
000000278902
00000037AA03
00000016AABC
FFFFFFFF2EBA
00000073F336
00000072CD43
0000002F6FCD
00000031C332
00000028BB6B
000000478C18
0000008966E3
0000006E4665
00000021C46E
0000000BE329
00000032CBA2
0000002B5E43
000000193014
0000002B4CEF
0000002F72E8
00000023AC6D
0000000EDDF9
0000001459E4
00000010D82C
00000015F8AD
000000402F99
00000033BA94
0000001EB41A
0000000AA2ED
0000000DE23D
000000179AEC
000000132926
00000018F081
000000782B04
00000045CDF9
0000003321C6
00000033F589
FFFFFFFFC189
0000000E01B8
00000019232B
0000002A5311
0000003BEF26
00000025B86E
0000001D4F39
0000001E499D
FFFFFFF94FDE
0000000FC497
0000004963FF
0000005706AA
0000002F71C6
00000032C3E0
000000311043
000000476D63
00000029F483
000000317057
0000005BB973
000000554B8F
00000020E49C
0000002FF20B
000000232340
0000003BAF6A
0000002F65EF
0000006E90AE
000000735BEA
000000445F73
00000041272B
00000027F98E
FFFFFFFF9B3E
0000001EBFE9
0000002F523B
00000039938E
0000002434BB
00000021D886
00000050DF6B
0000005A1EC4
0000001BBE87
0000001CCD33
0000002990DB
0000002E7462
000000205748
000000181B36
0000001593BE
0000000534BF
0000000BCF40
000000144ED2
00000024160F
00000035824F
000000704BD1
000000827DED
000000001156
FFFFFFF23563
0000003541F4
000000780774
0000004ACB30
00000064D2F1
0000007FBD79
0000003D9296
00000027CEED
000000307F31
00000007FD21
00000025150A
00000055B82E
000000873472
0000000BB5EE
0000000D0D8A
00000048CF60
0000003D865D
0000003DCCAE
0000007D1359
0000003E8123
0000006CAEF2
0000004BE113
00000078DA65
00000047B18F
0000003CB5BF
0000006A72EF
00000067A04E
0000001AF3A6
00000041AC03
000000336ECD
0000003825D7
0000000498EC
00000016B392
0000004E2139
000000583077
0000005295D9
0000003FCD49
00000038154C
00000031F3FB
00000014C0C3
0000003A5AA7
000000207577
FFFFFFFAE94D
0000003E8E99
FFFFFFFCA237
00000004CC6C
FFFFFFC7E861
FFFFFFD4FD32
000000081001
00000019DCDB
FFFFFFD2E326
0000000D824A
00000003B842
FFFFFFEEDE45
FFFFFFE59D50
FFFFFFDCF03F
00000024A255
000000238936
FFFFFFC4D7BC
000000560177
000000168A45
FFFFFFC0BCE0
FFFFFFD8DC8E
FFFFFFE2BAED
FFFFFFC69B4F
0000000ED55D
FFFFFFFCAF28
FFFFFFF64475
0000000420B6
FFFFFFDFAAD3
00000022BC81
00000020D5F2
FFFFFFE3EE5F
00000050F9F6
FFFFFFE296E1
FFFFFFE38598
FFFFFFC3AA4F
00000008E753
FFFFFFD5FB9E
FFFFFFFB9D73
FFFFFFFFBBD1
0000000BEFC5
000000063936
0000000FE89C
00000011D1B9
FFFFFFCF0F30
FFFFFFB3B0CF
FFFFFFCC93E8
FFFFFFAFC428
FFFFFFE3EC4D
0000000EF81E
FFFFFFFFE9DE
FFFFFFDCD4E9
FFFFFFF2BB65
000000261346
FFFFFFEE4176
0000003CDD79
000000655DD2
0000000A42F0
0000002E216D
FFFFFFF270E5
FFFFFFC6729E
FFFFFFAFF1BA
0000000F0098
00000011380E
0000000FA26E
0000003770CE
000000156EF7
FFFFFFE98623
0000001D75EF
0000000FE173
00000064FA37
000000150CC6
00000033D920
FFFFFFE99EB3
FFFFFFF77927
FFFFFFDB1C7A
FFFFFFA3B771
FFFFFFF364AE
0000002AC61F
0000000BAED5
FFFFFFE0D15B
FFFFFFDFD293
FFFFFFE38AE5
FFFFFFC95E31
000000847631
0000004E3710
0000001B8D30
00000004284A
00000006CC1C
FFFFFFFEFE7A
FFFFFFD824FC
FFFFFFB0661B
FFFFFFC55147
FFFFFFDA1302
FFFFFFF5B825
FFFFFFEFC0FC
FFFFFFE5EFAE
FFFFFFE94CB2
0000002E8826
00000003D0AF
FFFFFFF3258B
000000144494
0000004F8544
00000012AB44
FFFFFFDA090E
FFFFFFC83A52
FFFFFFA5040A
FFFFFFE439AC
FFFFFFE0B26C
FFFFFFEDAB0C
000000129812
FFFFFFE906EB
FFFFFFC0DC18
FFFFFFDAD85A
FFFFFFF9B05B
00000034E4F2
0000002653B0
FFFFFFF36498
FFFFFFD71723
FFFFFFC4E3F5
FFFFFFBDD7E8
FFFFFFADC23A
FFFFFFE009A5
FFFFFFF80AD6
FFFFFFDC9719
FFFFFFE58FC8
FFFFFFD13AE4
FFFFFFA10944
FFFFFFBFB485
FFFFFFA97349
FFFFFFC219D5
FFFFFFE68B77
FFFFFFF74A63
FFFFFFD4FDF5
FFFFFFC9F4F0
FFFFFF956FED
FFFFFFC80D92
0000003730A1
0000002798EA
FFFFFFE47925
FFFFFFEC4878
FFFFFFB5DF83
FFFFFF8B32EA
FFFFFFA42B10
000000064BF8
0000007F71B9
00000011284C
FFFFFFD45EC5
FFFFFFCCEB40
FFFFFFBF6D93
FFFFFFD3E68B
00000007832F
FFFFFFEF2358
FFFFFFEEE423
FFFFFFD86ED8
FFFFFFC6C8EB
FFFFFFC7796A
FFFFFFE9042B
FFFFFFEED8CA
000000242464
FFFFFFED4B98
FFFFFFB87998
FFFFFFB0BE04
000000002170
FFFFFFDCA4BE
FFFFFFB1BFF7
FFFFFFC3E6E4
FFFFFFAF9DA9
FFFFFFED58FF
000000085E09
000000577CCA
0000002BF454
FFFFFFDAA365
000000300716
FFFFFFA86213
FFFFFFC547DC
FFFFFFF9971D
000000576C61
0000002A4A71
FFFFFFFFF89C
FFFFFFD27766
FFFFFFD43BCF
FFFFFFF128A1
000000128693
00000018AC3B
FFFFFFF2C902
0000000652E3
FFFFFFF8EADB
FFFFFFD95F2A
FFFFFFC9D509
000000096897
0000004EAB06
FFFFFFEF5AE2
0000000AD99B
FFFFFFF519F8
FFFFFFD2D4EB
00000016F704
0000004B7224
FFFFFFA40AF8
00000016D058
00000060BBF7
000000456194
000000818375
FFFFFFFDB284
0000003E9512
0000006AA82A
0000006E2DB3
0000007C7F86
0000009E790D
0000006B81A9
FFFFFFFE271D
00000009855F
FFFFFFE30ECB
00000009AB1A
000000263C00
00000049CA91
00000070B39D
0000004FA207
0000005A33AC
0000006D8D8D
00000060C8FB
00000083DC47
000000660DD4
0000004279CF
00000059160B
00000030380E
00000069074F
000000021DB5
FFFFFFD8D926
00000027CAF9
00000090B3C2
00000070A974
0000004BF4C4
0000004FA74C
00000060AA53
0000006ACBD0
0000001E982F
0000006CE71C
00000063B1A2
0000004537B8
0000006FC610
0000005B33D0
0000001FD493
FFFFFFD0CAD6
000000869A24
000000549BB1
000000616D58
0000005E69EF
00000051B3CF
00000023C75E
00000018DED0
000000382B19
FFFFFFDD48BB
00000014A3D7
0000000EF0BF
0000000A1247
000000028161
FFFFFFDB3428
0000004A0213
0000003B35B9
0000003C9A51
000000534FD7
0000003FC38C
00000061B093
0000000A4DBF
FFFFFFEC45B4
000000234899
FFFFFFE23F7D
FFFFFFED1F51
000000084754
000000276E7F
FFFFFFEEA0CB
00000001DA98
0000002EC235
0000001AA51B
00000016A39C
00000011EDB2
00000048B4C1
000000404F64
0000002DD75C
00000036990C
FFFFFFEF6397
FFFFFFFB5773
00000019CE2A
0000001D25D0
00000001E2E7
FFFFFFFB4706
FFFFFFC72E00
000000188304
000000611C9D
00000056C0D0
00000031A823
00000025F8AB
0000005866DC
FFFFFFFF0B3D
0000000DD351
000000003C93
0000001E619E
FFFFFFF8DAD1
000000124E7E
000000246B0D
0000000D2B5C
FFFFFFEEB655
00000063D651
0000005692DD
0000003FB0CD
0000004AC652
0000005AC6EB
FFFFFFFBDC7B
FFFFFFD8A311
FFFFFFFA26D1
FFFFFFFC2739
FFFFFFF92ACB
0000002D69E7
000000129DD9
000000209B07
FFFFFFE7E475
0000002B1603
0000004C83BB
0000003DB969
0000005079C3
000000452A68
00000078DE3D
0000003499A5
FFFFFFEA9C3E
FFFFFFF45A4B
0000000566A7
000000085AFB
000000029813
00000018ED56
0000000B118B
0000000DCFED
000000237D61
FFFFFFF945E2
000000027FF7
000000268C13
000000444530
00000055D7D4
FFFFFFF7EFE6
00000039A305
FFFFFFCA0111
FFFFFFAA09BE
FFFFFFEFD37F
00000019DBF3
0000000A7264
0000002E8B24
FFFFFFF69B72
FFFFFFEC90A1
FFFFFFBAA315
FFFFFFEFC3EA
0000006B00CA
0000004F5482
000000226E60
0000002F954B
FFFFFFD64767
FFFFFFF1AA0B
0000002D5431
00000004F9BF
0000000B8520
000000222D76
FFFFFFFF1512
000000068ADA
0000000708A8
FFFFFFB96758
00000069F07C
0000005D31B6
0000002A3C91
00000033F99D
0000002C9F53
FFFFFFEDD0B8
0000001857FF
0000001765AA
00000004781E
FFFFFFC66D40
FFFFFFF5B3E1
0000000EECBE
0000000C852D
FFFFFFDF04C1
00000038E5EC
0000004A01D2
000000672FA4
0000005E14BA
00000069F05F
00000073F3A1
000000576DC7
0000002C0B3A
000000578AFD
0000001D559E
000000444800
000000559DD5
0000002AD3ED
0000004F0D55
0000004FDA28
000000407371
0000005B83F8
0000000C2F9E
000000093A2F
00000016F302
000000344EA3
0000004BC3ED
00000056F846
00000010CD8F
000000267A9D
FFFFFFF40757
000000167C1A
0000001FB3F4
0000006FEEE2
000000265CB8
00000018737F
0000002C98BB
FFFFFFFDBC6E
FFFFFFE92ADD
FFFFFFF46A7F
0000001CF4F6
FFFFFFF5E9F8
00000005485B
00000023CD94
FFFFFFD44B7B
000000212E1D
0000006A74DB
000000187603
FFFFFFB386CE
FFFFFF83DD65
FFFFFFF0A5E0
FFFFFFF141F5
FFFFFFFFB7A1
00000006E1C5
00000016D8B9
FFFFFFF585A8
FFFFFFF5C210
FFFFFFF124C4
00000015E0AB
000000147182
000000105241
FFFFFFEBEA78
FFFFFFFF40E9
FFFFFFA90AD5
FFFFFFCC694C
FFFFFFD8E7B8
FFFFFFC401A3
FFFFFFF6BDC3
FFFFFFDB2777
FFFFFFF3680E
FFFFFFE54934
000000022A6D
0000003B1B83
0000004E1140
0000003DB90D
FFFFFFDDF887
00000021C984
00000007657D
FFFFFFC5D4E2
FFFFFFDF9E0E
FFFFFFE8AFE5
FFFFFFF959E9
FFFFFFE91511
00000000FE46
00000027FAD0
00000016F3EB
0000000F14EA
0000001FCCC4
00000025A0EA
FFFFFF857C6F
FFFFFFCB083B
FFFFFFB569B7
FFFFFFC9189E
FFFFFFF9A8BA
FFFFFFF7F02B
00000006E25A
00000016CF6A
FFFFFFFEF31B
FFFFFFFB2B42
0000000DA7CA
FFFFFFF0D033
FFFFFFF2BD09
000000053D13
FFFFFF8D3E1B
FFFFFFAA4163
FFFFFFD836E0
FFFFFFCC5AEB
FFFFFFD4AAB5
FFFFFFF38D4A
0000000C226F
FFFFFFF9BE1D
FFFFFFF163AC
FFFFFFD1C7B2
FFFFFFE485A6
FFFFFFDA457A
FFFFFFE58268
FFFFFFE25115
FFFFFFAB33D9
FFFFFFBC9340
FFFFFFCB5C2E
FFFFFFD799B9
FFFFFFC39E4E
FFFFFFB953B6
FFFFFFEF6F27
FFFFFFFE6A68
FFFFFFE36958
FFFFFFF5D897
FFFFFFF1979A
FFFFFFE146BE
FFFFFFE8B62F
FFFFFFE541BD
00000009B853
FFFFFFDD536E
FFFFFFD7DFEC
FFFFFFC7AC5A
FFFFFFA1C6D9
FFFFFFB9BCBA
FFFFFFEC0B4C
FFFFFFFB7093
FFFFFFF76C95
FFFFFFECC7EA
FFFFFFDF0797
FFFFFFF075FF
00000001BCB8
FFFFFFD6513D
FFFFFFF89781
00000005DE14
FFFFFFE547E1
FFFFFFDE9FE0
FFFFFFD3B301
FFFFFFCF0863
FFFFFFEC388A
FFFFFFF30FB4
000000149AD9
FFFFFFD903D7
FFFFFFA538EC
FFFFFFA8AC7D
FFFFFF99E9B9
FFFFFFDF6738
FFFFFFF73E55
FFFFFFFA777C
FFFFFFF61796
FFFFFFDE3082
FFFFFFC6614D
FFFFFFA3DE9B
FFFFFFC4B894
FFFFFFD987E1
FFFFFFF60F2F
FFFFFFE790A8
FFFFFFD5B36F
FFFFFFF0C239
FFFFFFB80AE1
FFFFFF879E60
FFFFFFF56EF1
FFFFFFF510B6
00000018A08C
FFFFFFD400FE
FFFFFFD1C921
FFFFFFA8E0BA
FFFFFFB94FAB
FFFFFFCD56A2
FFFFFFEC32FE
FFFFFFD1BB73
FFFFFFD4209F
FFFFFFDCCE4F
FFFFFFF29E83
FFFFFF7CB59D
FFFFFFEE6B85
FFFFFFD82016
FFFFFFFCFCA9
FFFFFFE64482
000000040AB0
FFFFFFE06478
FFFFFFCE9CEF
FFFFFFAE5EC2
FFFFFFCF2EFB
FFFFFFD2C2A6
FFFFFFDE2388
FFFFFFEA6773
FFFFFFD68DC8
FFFFFFC6D011
000000068C55
FFFFFFE454EE
FFFFFFFA5430
FFFFFFD9C71D
FFFFFFFEABD5
FFFFFFEB3B01
FFFFFFF20298
0000000FCA82
FFFFFFF7CF5C
FFFFFFEDA2A6
FFFFFFF0D1A6
FFFFFFD8A669
FFFFFFEE4CF7
FFFFFFEFEC5F
FFFFFFAD013C
FFFFFF9894A6
FFFFFF9DEEBB
FFFFFF8D10B0
FFFFFF89FFAF
FFFFFF976BF4
FFFFFFAE838D
FFFFFFC84F89
FFFFFFB21E81
0000002208CE
0000002AB618
FFFFFFCF1D5E
FFFFFF86D8D7
FFFFFFBD529C
FFFFFFCB8273
FFFFFFBEC65F
FFFFFF6940AC
FFFFFFA26189
FFFFFFC95698
FFFFFF99474E
FFFFFFD7F0A0
FFFFFFA22115
FFFFFF95FD8D
000000117998
FFFFFFF1C18C
FFFFFFC43064
FFFFFFB524AD
0000001BA12F
FFFFFFCFA469
FFFFFF8C8102
FFFFFF355C00
FFFFFFB8EA5F
FFFFFF4BF5A6
FFFFFFAEC667
FFFFFFB227E9
FFFFFFB8B5D2
FFFFFF8FF7AF
FFFFFFCE0B85
0000000D6036
FFFFFFEA9215
00000032AAB7
FFFFFFE43840
FFFFFFD7F414
FFFFFF1DC408
FFFFFF1A73A0
FFFFFF6F53C6
FFFFFFAA8CED
0000000D337C
FFFFFFCE6EA2
FFFFFFA77D6A
FFFFFF91A070
FFFFFFA7E4D9
FFFFFFC6FB01
00000005AC58
0000002F9E55
FFFFFFC29A00
FFFFFFE1B0B8
FFFFFF9E01DB
FFFFFFB951A0
FFFFFFF92667
0000005677F2
00000033814E
FFFFFFC6495D
FFFFFFA3074A
FFFFFF8B35D7
FFFFFFB0A61F
FFFFFFE27DE3
FFFFFFB736D8
FFFFFFE983FA
0000000A1251
FFFFFFDE186D
FFFFFFDCA558
FFFFFFF8B00B
00000055BDB2
000000420541
00000039B070
FFFFFFFC8BEB
FFFFFFD28413
FFFFFFE4496D
00000012603A
FFFFFFF1348E
FFFFFFBF4BDA
FFFFFFE2B9DE
FFFFFFDDCCE2
FFFFFFD35938
0000000DD5A9
0000002C2871
0000006A591D
000000396D44
000000129476
00000021BF6D
FFFFFFFEBEBB
FFFFFFDD1FD5
FFFFFFDBA9B1
FFFFFFE11EAF
FFFFFFE24C75
00000007EE61
FFFFFFE45B03
FFFFFFB891CF
000000413E6E
0000002E109D
0000005EA2AC
0000004171A6
0000001693EC
0000001BEFC1
0000001A0954
000000165763
FFFFFFD68D70
FFFFFFF256D8
FFFFFFD632C0
FFFFFFDC39E9
FFFFFFF4DCCA
FFFFFFE4C150
0000006743B0
000000332B0E
0000003DDA1E
FFFFFFFF21DA
00000011198E
0000002B9176
0000003B2D07
00000041FA4B
FFFFFFCD0EF4
FFFFFFBE389F
FFFFFFD75A51
FFFFFFF3A247
FFFFFFCA4A86
FFFFFFCF47B9
000000156DB4
FFFFFFE96729
0000002103F7
0000004E5707
000000436979
0000004C158D
00000043F15E
000000243B48
000000086C9C
FFFFFFCEFF86
FFFFFFF82AA7
000000448FA8
FFFFFFEEB5A8
00000042BB6D
0000005062C4
FFFFFFFF8BD0
FFFFFFC9D2B2
0000006122F9
0000007CD7E7
0000003BDB36
00000003C7FB
0000000E785B
0000001B6F03
00000012688C
FFFFFFF28404
00000029FB5F
FFFFFFFFF7C6
FFFFFFBDE32A
00000031A2C7
FFFFFFDBF60C
00000000F1A9
000000250C51
0000002E25DA
FFFFFFF4CC30
000000368C1B
FFFFFFEB9E0F
FFFFFFE6809D
0000002216DF
0000006B796C
0000000BC8EE
FFFFFFE6C7D9
FFFFFFAAA3A2
FFFFFFDE4668
FFFFFFFA1243
FFFFFFE38F86
FFFFFFD15634
FFFFFFC549C9
FFFFFFAADC1F
0000000B7AA8
000000217902
FFFFFFF3C789
FFFFFFF70A74
0000003EB548
00000004E3A2
00000003C1D6
FFFFFF8D1F5C
FFFFFF93693B
FFFFFFA68E99
FFFFFF76DD68
FFFFFFB7A294
FFFFFFC25685
FFFFFF89DA4F
FFFFFFE6E503
FFFFFFA44C75
FFFFFFB82CA9
FFFFFFCECD45
FFFFFF6E1CF8
FFFFFF843C41
FFFFFFB956FA
FFFFFFE3C5B1
FFFFFFDC7F97
FFFFFFE8301D
FFFFFFFB9CAA
FFFFFFC6D5DD
FFFFFFBB38FB
FFFFFFEE8B30
0000000C4A9E
FFFFFFE64F4E
FFFFFFC2156A
FFFFFFCA36AF
FFFFFFC71FA4
FFFFFFC05969
FFFFFFE215B4
FFFFFFE9B920
FFFFFFE0E699
000000054E1D
FFFFFFE183CE
FFFFFFD87A8A
00000007A171
FFFFFFE5E596
FFFFFFBA491C
FFFFFFC5AF0C
FFFFFFCD0BC3
FFFFFFF4A6EF
FFFFFFF321D2
FFFFFFCA79A8
FFFFFFFA83E7
FFFFFFDD88AF
FFFFFFA3D536
FFFFFF8C959D
FFFFFFAE6166
FFFFFFD28E02
FFFFFFE558B8
FFFFFFD3DB23
FFFFFFDE93CD
FFFFFFDB3F5C
FFFFFFE3B77C
FFFFFFE54846
FFFFFFE81A46
FFFFFFC15ABD
FFFFFFEA6495
FFFFFFCF9151
FFFFFFADEB0C
FFFFFF3BDAB4
FFFFFFAD124D
FFFFFFAAE06D
FFFFFFB8DD78
FFFFFFB1DD7F
FFFFFFCBE06A
FFFFFFC18315
FFFFFFF31733
FFFFFFD490E3
00000014BDC2
FFFFFFED5782
FFFFFFFD69D1
FFFFFFBDF447
FFFFFFBF3A33
FFFFFF8D428A
FFFFFFD2A9CC
FFFFFFDE55E0
FFFFFFAF24F9
FFFFFFBD8584
FFFFFFDBC4CB
FFFFFFD8A91E
FFFFFFCE12DE
FFFFFFD186A8
FFFFFFE16CE9
00000017F3DC
0000001946B8
FFFFFFB6B69F
0000000481BE
FFFFFFE5E785
FFFFFFBA2D6C
FFFFFFDE3009
FFFFFFDA3709
FFFFFFC22758
0000001D7F1E
0000001E22CA
FFFFFFFADC22
FFFFFFFC8F94
00000002889D
0000003033FD
00000027E185
FFFFFFE3DC58
FFFFFFF6480E
FFFFFFF91743
FFFFFFD477E9
FFFFFFE2E475
FFFFFFEB7CFC
FFFFFFE2D7AB
FFFFFFCCC1CF
FFFFFFE66978
00000033894A
0000001A8C95
00000009DA1A
00000009FCEF
00000033F1CB
FFFFFFCCC538
FFFFFFC9C2BC
FFFFFFD72024
FFFFFFC2CEC6
FFFFFFE00E5E
FFFFFFF9F411
0000000A99AD
FFFFFFC8CBB1
FFFFFFDA54D8
000000330185
FFFFFFF731A2
FFFFFFFB9696
0000000DF03E
00000006A4C5
00000015DFC7
FFFFFFBE5191
FFFFFFE89D03
FFFFFFEB741B
FFFFFFF942AD
FFFFFFD4E4F1
FFFFFFF0418C
FFFFFFCE9E51
FFFFFFC27B38
0000002B9C42
0000000AEFD7
00000001A9FB
FFFFFFFD411E
00000035E335
FFFFFFDDE52C
FFFFFFE70CC0
0000000DE85D
FFFFFFC78A9F
FFFFFF9CD5D0
FFFFFFE112A9
00000004E59F
FFFFFFDF3295
FFFFFFC7545F
FFFFFFE3C553
000000103804
0000001FA593
FFFFFFF93A24
FFFFFFE1627D
00000008C89E
FFFFFFDF3D62
FFFFFFEB4EF3
FFFFFFF16D92
FFFFFFB524D9
FFFFFFD76B86
FFFFFFF9E88C
FFFFFFF224C0
FFFFFFD5DB4E
FFFFFFFACFFF
FFFFFFF290CA
FFFFFFD7988A
FFFFFFC2EBBE
FFFFFFD6F8C3
FFFFFFE663EC
FFFFFFFB77BF
00000011F944
FFFFFFCFBFE1
FFFFFFE66737
FFFFFFD7288B
FFFFFF990F22
FFFFFFB8483A
000000084669
FFFFFFEAD919
FFFFFFCF937D
FFFFFF9810F9
FFFFFF984A5E
FFFFFFCA8E74
0000002E4D12
00000020F8A7
000000186111
FFFFFFF83F51
0000002DFD34
0000001055BB
FFFFFFF8BDA0
FFFFFFBA64E8
FFFFFFB38119
FFFFFFAB5539
FFFFFFC9D0B8
FFFFFFCE7C4E
FFFFFFA812D0
FFFFFF987AB8
0000001D3B79
0000000F13E2
0000003BAD24
0000002FF465
00000038BDFC
0000001B61A3
00000023A8BE
000000228F7E
FFFFFFEC882A
000000193B47
00000016E3D8
00000016F855
000000190066
000000239449
00000005EEC8
0000002DAB6C
00000008E873
00000012ED9D
0000000CC2E4
FFFFFFD6FF89
FFFFFFD3CA0D
FFFFFFF6633E
FFFFFFFB41F3
000000519571
00000023AD08
00000000E0FE
FFFFFFE40E97
0000000EF09F
0000002FC2CF
0000003C8157
0000003EE827
FFFFFFF403E0
FFFFFFE5F874
FFFFFFE57663
FFFFFFF019D6
FFFFFFF42C3E
FFFFFFD60913
FFFFFFFC5F0F
FFFFFFFBE639
FFFFFFE9E2E8
FFFFFFEDEF64
0000001F0D5F
FFFFFFF41FEC
0000008B3814
000000691868
000000674AC9
0000006CA342
0000002D9D46
0000001E5394
0000001D929C
FFFFFFF258FD
FFFFFFF814BD
FFFFFFFD04ED
FFFFFFE72FC6
FFFFFFF21286
FFFFFFDEADC4
00000017AB46
000000147BF9
00000048F3C9
000000219324
0000007D1695
00000068FAFC
000000343BE5
0000003FAFE6
00000013CC6B
0000000F6961
0000001FA207
FFFFFFFF275B
FFFFFFEC1FE1
FFFFFFE29247
000000591B81
FFFFFFF3B4EE
FFFFFFEB7593
0000005EA04C
000000787D87
0000005DD046
00000038252C
0000000725AE
FFFFFFEC666D
FFFFFFF0DBB2
FFFFFFEEEC82
FFFFFFF9FFED
FFFFFFF7E5BE
FFFFFFAD5470
00000096A246
0000007B9024
00000054C14B
0000009EA744
0000006C8E7D
00000086FFFC
000000622471
FFFFFFFA0A91
FFFFFFE91DB5
FFFFFFE4B95F
FFFFFFF6F032
FFFFFFFBF156
FFFFFFF300B2
FFFFFFE5FE4C
000000384FCA
00000062C17F
000000591442
0000007E5639
00000083A28C
00000078A761
000000765C37
00000031C0FD
FFFFFFE0B4B7
FFFFFFF7EBF7
FFFFFFFFF1F8
0000001521CC
0000000983E9
0000000360FC
0000007566D8
000000818F97
0000007508B4
0000006FE3EA
0000005464B7
00000072E728
00000077A77A
00000059CD25
000000265458
FFFFFFFFD3AB
FFFFFFF7CC19
FFFFFFF87221
FFFFFFFC4F2D
FFFFFFFEFDBB
FFFFFFF1D654
0000005DFB2C
0000006439D3
00000080F447
0000006E4092
0000008A3967
0000006F4022
0000005692B2
00000074C23D
FFFFFFF5FD6B
FFFFFFEFFF39
FFFFFFF7A6B9
FFFFFFF76B97
FFFFFFD67CB2
FFFFFFF9B02B
00000035D0B5
0000007B37CB
00000071F3B2
0000007035CB
000000588960
000000368DFA
0000003C70AE
00000071F0BB
0000001506BE
0000000F45E2
0000000C1657
000000269009
FFFFFFF53381
FFFFFFD8F188
FFFFFFFC8B79
00000041B463
0000004263ED
0000004DA46A
0000004E5F02
0000003EC06F
0000002EA64B
0000004C2EA1
0000004E7826
000000502943
00000055840C
000000785F41
000000329A85
FFFFFFC272EE
FFFFFFDA699A
000000033E75
0000005B6719
0000007655EE
000000ABD7C8
0000008780F7
0000006DB4C5
0000005E3BB8
000000706C3E
0000006ED9B8
00000087885C
000000724325
0000005A8771
FFFFFFCFDBBB
FFFFFFEAFDED
FFFFFFFAE97F
000000076324
FFFFFFFBAE53
00000028F547
0000001FB42B
0000007FCC3A
00000054E2D4
0000005745E5
00000030A2CB
0000003E95FD
00000034BB4B
0000003D775E
FFFFFF7EE827
FFFFFFF0A9B5
FFFFFFA24907
FFFFFFDF3714
FFFFFFCBE387
FFFFFFB12351
FFFFFFD1525E
FFFFFFD245DF
FFFFFFCFCF48
FFFFFFBEA4D1
FFFFFFE71A2F
FFFFFFEC0259
FFFFFFC236BF
FFFFFFB3CBB9
000000032DD0
0000002C52A8
00000016D2E0
0000000C72DE
00000010673F
0000003D96F6
000000124CB9
0000006961C4
00000017E718
0000000070B8
000000311C43
000000046F25
00000018EF85
000000178FAF
0000001D02D7
00000015C433
00000012AAA2
00000010F964
FFFFFFFB09E8
FFFFFFF1050E
FFFFFFFE643E
0000000EF72C
0000000C5E96
00000021081D
00000018A284
00000012E8BA
0000001A2C70
00000029303B
FFFFFFF135FB
FFFFFFFE23A8
FFFFFFD61DD2
FFFFFFD88405
000000268E1A
FFFFFFF15238
00000009D650
00000024EE38
FFFFFFED9E06
FFFFFFFB578D
FFFFFFE7E4DE
0000001737E7
0000000414F2
00000015DCD5
FFFFFFF4778D
0000002CED3E
00000010CDAD
FFFFFFED03FE
0000001F4E2B
FFFFFFE90798
000000021770
00000011C970
000000259AA4
000000017E75
0000002DEA92
00000027B219
0000003415E8
00000046955F
000000291B2D
00000059C5A0
0000006AABDB
00000017B393
FFFFFFF448CB
FFFFFFE308C5
0000000547FD
000000158F97
FFFFFFFE5A32
0000001AE1A2
0000001C12BB
000000061720
FFFFFFF4096A
FFFFFFD6CC31
0000000C8C47
00000007A986
00000020388E
FFFFFFEF4B19
0000000A79F6
FFFFFFE1FE0C
FFFFFFFA5E35
FFFFFFE6DF65
FFFFFFBC1ACA
FFFFFFC11F74
FFFFFFC82884
FFFFFFBF514F
FFFFFFA26B20
FFFFFFC2E522
FFFFFFEBD5C7
00000018ED23
000000044B6F
000000054954
FFFFFFF77674
FFFFFFF3D9EB
FFFFFFA1B95F
FFFFFFB310B7
FFFFFFCFE625
FFFFFFA96222
FFFFFFAFDBC7
FFFFFFBCD72A
FFFFFFB765A8
FFFFFFB0B291
0000002A0254
0000000714BC
000000116D1C
0000000F9418
00000013E99F
FFFFFFE88F2D
FFFFFFD06DAD
FFFFFFA7CB6A
FFFFFFC8B181
FFFFFF9E006F
FFFFFFAFD891
FFFFFFCAA969
FFFFFFD452F0
FFFFFFB912C5
0000000DD4C1
000000340C58
0000004A0D72
000000184636
000000139953
FFFFFFF3B14F
FFFFFFFD42E0
FFFFFFC0FDA7
FFFFFFAE4DB4
FFFFFFA23D22
FFFFFFA5080A
FFFFFFC04A85
FFFFFFBC3814
FFFFFFA48512
FFFFFFBC2311
FFFFFFFF51E7
000000565C37
0000004F525E
000000314343
00000017442B
FFFFFFEE3D07
FFFFFFEDB8FF
FFFFFFB05987
FFFFFFB13B0C
FFFFFFCC1C60
FFFFFFCF670B
FFFFFFA71B66
FFFFFFBB84DB
FFFFFFB100E1
FFFFFFC35373
00000047FD31
0000008EBFD7
0000003F45C1
0000000CA7F7
00000007DE03
FFFFFFFDE0F7
FFFFFFD741CD
FFFFFFD090D8
FFFFFFF0B92E
FFFFFFE0C221
FFFFFFDE9DBA
FFFFFFD86086
FFFFFFEEA342
FFFFFFF5CEB3
0000002296CD
0000005C0BBB
000000461766
0000003974E9
0000003C88CB
0000002233E9
FFFFFFF213EF
FFFFFFEFED12
0000001705EC
000000121964
FFFFFFF1F3E0
FFFFFFFAE8B9
FFFFFFB5EEFA
FFFFFFCBF759
FFFFFFE82CC9
FFFFFFCC0B6A
FFFFFFDE9973
000000220D24
000000634460
000000474736
00000007D00B
00000003B81C
0000003F4DB7
000000361B7E
000000032095
FFFFFFE52A24
FFFFFF904BC3
FFFFFF9B2022
FFFFFF891657
FFFFFF95B2F9
FFFFFFAE5D42
FFFFFFB3926E
FFFFFFC932B2
FFFFFFD32DB0
FFFFFFC6F02A
FFFFFF9E5FC7
FFFFFFAFEEEB
FFFFFF8A5A65
FFFFFF900986
FFFFFFA2DE34
FFFFFFD97702
FFFFFFA32CEC
FFFFFFCC402F
FFFFFFA65875
FFFFFFACE0DD
FFFFFFDFFC59
FFFFFFE68A5D
FFFFFFF7115F
FFFFFFB07EE0
FFFFFF84446D
FFFFFFA3DA7A
FFFFFF9A5AA1
FFFFFFA0963F
FFFFFFA968A7
00000000D761
FFFFFFC96845
0000002D264F
000000006195
FFFFFFC21130
FFFFFFBE7732
FFFFFFE19C76
FFFFFFD53290
FFFFFFAEA587
FFFFFFB29220
FFFFFFC8A1D6
FFFFFF94EAEF
FFFFFFDA481B
FFFFFFB16789
FFFFFFD9F59B
FFFFFFE39A69
FFFFFFD0904F
000000150190
00000073AE69
FFFFFFF6C26A
FFFFFF991F43
FFFFFFBE7D55
FFFFFFAA7863
FFFFFFAAD08E
FFFFFFA5F46C
FFFFFFB1B8AF
FFFFFFD445D5
FFFFFFCCE217
FFFFFFC9AF6C
0000003671A2
0000003A00A4
00000001EC09
0000003A419C
00000016F186
FFFFFF957AFF
FFFFFFB59F51
FFFFFFB4B5D3
FFFFFF814C68
FFFFFFB3C1FF
FFFFFFB54F18
FFFFFFB7D3A1
FFFFFFDCA969
FFFFFFFF275A
0000004B5EDD
00000071E98E
00000010DA53
FFFFFFF29569
000000290EFD
FFFFFFD1B6F7
FFFFFFB68AF6
FFFFFFF8AE47
FFFFFFD2D4EB
FFFFFFD5B117
FFFFFFD14862
FFFFFFC9C4DB
FFFFFFEC86BC
FFFFFFEC89D3
FFFFFFF16506
0000000C2A88
FFFFFFF5B0FD
FFFFFFF20499
0000001D4E9C
FFFFFFE16589
FFFFFFBD59AD
FFFFFFA4EFA1
FFFFFFCBBB5F
FFFFFFBD8E60
FFFFFFCA1F9E
FFFFFFD20AA6
FFFFFFCC4F71
000000096348
0000000A0EB5
FFFFFFE0A0AD
FFFFFFDCEB91
FFFFFFDE1CB4
0000000D84A5
FFFFFFF963DC
00000010E1F1
FFFFFFCCAEDD
FFFFFFA30F26
FFFFFFB260DF
FFFFFFB2BB5A
FFFFFFB7B84E
FFFFFFC77CD4
0000001E63C7
FFFFFFB81775
FFFFFFD715AD
FFFFFFBFB209
FFFFFFF832C7
00000000B8D0
FFFFFFE7E8D7
FFFFFFED62B0
FFFFFFF71075
FFFFFF900DB1
FFFFFFA58A0D
FFFFFF9C314A
FFFFFFC1723D
FFFFFFB97754
FFFFFFEC9B90
FFFFFFE3DD7F
0000000D4B2C
FFFFFFE4A151
FFFFFFFA3A68
FFFFFFD2201E
FFFFFFE5AC9D
FFFFFFE32744
00000011E284
FFFFFFCB12E1
FFFFFFB85B14
FFFFFFA03121
FFFFFFB8AAAA
FFFFFFAF6613
FFFFFFCDD745
FFFFFFD43233
00000003099A
0000000DC6BD
FFFFFFE97560
FFFFFFE6332F
FFFFFFE4C065
FFFFFFDC671A
FFFFFFF4635A
00000010789B
00000023BDF3
FFFFFFF87D03
FFFFFFE47749
FFFFFFE926A0
FFFFFFA75EAC
FFFFFFD64A84
0000004D235F
00000010CE56
0000001239F5
00000013DFBF
000000112E59
FFFFFFFEF03F
FFFFFFEC298D
FFFFFFEBC3E7
00000015048D
0000000F5C81
0000001200C6
0000000A36E9
FFFFFFB719D0
FFFFFFDEA45A
000000120BD2
FFFFFFC6E19C
FFFFFFC928C1
FFFFFFDDF1C3
FFFFFFBAD89F
FFFFFFE12E2B
FFFFFFDAE7CB
FFFFFFF471B9
FFFFFFF6127B
FFFFFFEAB521
FFFFFFDAD1F2
0000001609C4
FFFFFF999E9A
FFFFFF770798
FFFFFFAE3C52
FFFFFFB802F7
FFFFFFB323ED
FFFFFFBF1E5D
FFFFFFF5D99C
FFFFFFD2E898
FFFFFFD17B2B
FFFFFFFF201A
FFFFFFD56034
FFFFFFB4C230
FFFFFFCD1405
FFFFFFEE004D
FFFFFFBED9B4
FFFFFFA48000
FFFFFF73FBEE
FFFFFF8DB9BB
FFFFFF9918F4
FFFFFF86F540
FFFFFFA21ADA
FFFFFF9AD02C
FFFFFFA0099B
FFFFFF9CEDE1
FFFFFF9EA187
FFFFFFB84E33
FFFFFFC5D993
FFFFFFCC4A70
0000002E3220
000000283B9D
0000001FE734
000000740622
000000510DB9
00000042390C
0000002CE178
FFFFFFF8F3E6
000000485A73
0000007F2B11
000000289D04
0000005AEF83
00000033A580
00000032AC2A
FFFFFFFC4E50
00000017ADF2
FFFFFF7AB668
00000002F1A6
00000049C800
0000005CB858
0000002DE03D
00000008FEB0
0000006348DF
0000002DCDC8
00000034E884
000000270C2F
000000074761
FFFFFFF2A9A5
00000050D6D8
0000001133FD
FFFFFFF4F3A8
FFFFFFDA8A74
FFFFFF657398
0000003125DA
0000003B8DC5
0000001F7B75
0000006F81F4
0000006066A9
00000028F083
000000276EC6
0000002494B1
000000245A6B
000000410678
FFFFFFA1FFB9
FFFFFFD6DC26
FFFFFFD43264
FFFFFFD716D4
0000003602FD
0000004A4523
00000060A7AB
0000003906EC
000000521963
FFFFFFFB7DFB
FFFFFFC28874
FFFFFFA8682B
FFFFFFC946E7
0000003C2552
FFFFFFA8E1F4
FFFFFFAE04DB
FFFFFFFFE513
FFFFFFFA98C7
0000000674C4
000000551749
0000003E65FE
000000385AC3
FFFFFFF77C17
FFFFFFFC53AD
0000000797AF
FFFFFFFF71ED
0000002794FA
000000034615
FFFFFFD4625E
FFFFFFE3D831
0000000C005E
FFFFFFDB061E
FFFFFFFF8A97
0000001008F5
0000005FDCFA
0000005D1E0B
0000004C0F70
0000004A250F
00000050FFEC
00000067F296
00000073F5FE
0000002A2326
FFFFFFD79134
FFFFFFDF8FF7
FFFFFFFF4D5C
000000031021
FFFFFFFDFE36
FFFFFFF76E75
0000003C1F4D
0000008062FD
000000796657
000000884FE7
00000075E52E
000000767EF5
00000085434E
0000001BEBD7
FFFFFFCE88EC
FFFFFFF014E0
FFFFFFE4439B
FFFFFFEE7805
FFFFFFF81002
000000047A0A
FFFFFFF94F3F
0000005E6C37
0000009131D5
000000735384
0000006D4D24
000000664E87
0000007539D7
000000339EA9
FFFFFFEE73C0
FFFFFFEF2BC4
FFFFFFEF7821
0000000244B4
00000010BBAC
FFFFFFF60311
0000000F644D
00000007179E
0000008B9112
0000008A4AB3
000000720331
000000643E33
00000084A4E0
000000735470
0000003EB95C
0000001793CA
FFFFFFFBCAF4
FFFFFFF33084
FFFFFFF3CA03
FFFFFFEB452E
FFFFFFECEDA0
0000000016E8
000000451B0A
0000008396ED
0000005B94E8
0000005C5142
000000872D3B
000000791AC0
0000006C1B00
000000028863
00000015C20E
00000009B555
FFFFFFEEE198
FFFFFFF7DD91
FFFFFFFEF714
00000011702A
000000098FDB
000000025C42
00000003F9D3
00000003C47C
00000067C4C8
00000088CAFF
0000005CFEF6
FFFFFFE3E287
FFFFFFFC8D8B
00000004BEC4
FFFFFFFE1213
0000001EB8AE
FFFFFFF66911
000000049871
FFFFFFEE289E
FFFFFFFA8C83
FFFFFFE0BC81
FFFFFFFAB29D
00000027B593
0000006FB207
000000703F87
000000323E85
0000007457E0
0000005E86C4
00000013F4DF
0000000F4781
FFFFFFEAE9E9
FFFFFFDA046F
FFFFFFF03345
000000050FF1
00000007925E
0000003AD7AE
0000004B2F65
0000008460AF
00000083C434
0000006C342F
00000096D99D
000000918B27
0000006804B8
0000005E45D6
0000004DB667
00000055BD4A
000000670E0C
00000079F109
0000008AF55F
0000007BA3BB
00000081EB4C
FFFFFFF5FFAE
FFFFFFEA8DE5
00000011E0CB
000000209742
0000004D8CC2
000000734CCD
000000B0647E
0000004C6CD9
0000004065C0
00000061A40F
0000005E952C
0000007EB5AF
00000073C3F2
0000002BA883
000000122DB0
00000011E739
0000002DD617
0000001219F0
000000546A90
00000079A73F
00000094C219
000000991B19
0000006FAA2C
0000005B3AF4
0000004E67A2
00000052DAC5
0000005C3284
00000055CD8A
000000738856
00000006E3A2
FFFFFFEC1951
FFFFFFEAD7D3
0000004768BC
00000079BAD6
000000878A19
0000008A0624
000000A0A906
00000084D6C6
000000B45FA1
00000075BC34
0000008CA4D8
0000009A1899
0000009139C1
00000069D5B6
FFFFFFF929C7
FFFFFFF33E42
FFFFFFF65FAC
FFFFFFE3D962
000000690F29
000000685808
00000058BEF5
00000060D0EF
0000009559DE
0000008B9E35
000000684B53
0000005696DD
00000039AF40
0000003F5A50
00000024D834
FFFFFFE88267
FFFFFFF52451
FFFFFFBFB81C
00000011A919
0000003C08BF
00000030D240
0000005B28A9
0000009070E3
000000B74996
000000A2754F
000000DE89E1
00000038FBC1
FFFFFFFAF4B2
00000004A9F5
FFFFFFD2582E
FFFFFFEF518A
FFFFFFC086B8
FFFFFFB6F5CE
000000857E0D
00000091A3FE
00000086F492
000000971155
000000958178
000000978F8D
000000A71DE5
000000724D0D
FFFFFFD6B714
FFFFFFF48F7E
FFFFFFD26415
FFFFFFD36A7D
FFFFFFC5DF49
FFFFFFC0B93B
0000001F1DB2
00000080E1B1
000000690D08
0000006ECAD7
0000006B477A
00000065F291
000000A31913
000000463A13
FFFFFFF5737C
FFFFFFE86558
FFFFFFE59921
FFFFFFD18F28
FFFFFFB248F3
FFFFFFCF3899
FFFFFFEB2050
00000057A16D
000000AF62BA
0000007D56F3
0000007729F6
0000007D013C
000000B6D30B
000000797D8F
000000029539
FFFFFFE66695
FFFFFFE0FC87
FFFFFFBFA32C
FFFFFFBF03BA
FFFFFFD2CF0C
FFFFFFD9EFA1
0000001187DF
00000098547B
0000009408F8
000000A35042
000000A13BF0
000000A02790
0000009A68D9
000000961EE1
00000002244A
FFFFFFD5ECA4
FFFFFFCB01A1
FFFFFFD566EE
FFFFFFD3F135
FFFFFFD17A42
FFFFFFDE1C5A
000000242A7B
000000652F73
0000002563CA
0000002BE568
000000A6BA17
0000009BAC72
000000A3F368
0000002C0FBC
00000005E97D
FFFFFFC055E6
FFFFFFD4AFEB
FFFFFFCF0B1C
FFFFFFC9EB9D
FFFFFFD3FF02
FFFFFFE24CEC
FFFFFFD62BC7
FFFFFFC86A13
FFFFFFC026B2
00000065D4A4
000000749528
0000006F8CA3
0000005307E7
000000245992
FFFFFFEC9F64
FFFFFFCC3453
FFFFFFD667F9
FFFFFFCFDD88
FFFFFFF0F0E8
FFFFFFCD98CF
FFFFFFB48471
FFFFFFB62A53
FFFFFFD3196A
FFFFFFEA9398
000000AB4B96
0000007E490D
000000619BF9
0000006609D4
000000663B73
000000292C0A
000000398E1D
FFFFFFF94C8C
FFFFFFE63AA3
FFFFFFFA4933
0000001D44FA
00000032B129
000000150919
00000044ACAD
000000DC2FFA
000000C42F20
000000B983F6
000000B52756
000000CA3664
000000D37356
000000BFCA55
000000A2A17F
000000BC25DE
000000BBEF98
000000E7B6C5
000000C1ADB7
000000D3F7CE
000000F2FBCC
000000BC8868
000000A0D468
000000DF1A8E
0000008348F8
0000001E5E55
FFFFFFF85481
00000045CCC1
0000002522F9
0000008F5E34
0000005712FA
000000731393
0000004FF85E
0000006A9BD0
000000741B81
0000009D728B
000000850BA2
FFFFFFEAE429
000000756C3C
0000004F75F9
000000457B1D
000000206CBF
000000412B04
00000029F54C
000000309C65
0000006F05FE
0000004A1E53
00000046CC9A
000000874881
0000003CDE1C
FFFFFFEDE5FE
FFFFFF9837CA
0000000872EF
FFFFFFBC040C
0000003EEE84
00000044F176
00000016B410
FFFFFFEFA3C2
00000011C543
00000014439C
00000021E281
00000015F044
000000267450
00000032E6F0
FFFFFFB91FB6
FFFFFF989C7B
FFFFFF673B0A
FFFFFF720262
000000093608
0000003E4BFE
0000001E0980
000000070DA0
00000003040C
FFFFFFE690AA
FFFFFFFD2629
FFFFFFE9AF92
000000008048
00000027D250
FFFFFFE4A1B3
FFFFFF9A79DE
FFFFFF635C99
FFFFFFA79929
0000001DEB84
0000003CC678
00000000262B
FFFFFFEEC63A
FFFFFFE473BE
FFFFFFEA61C4
FFFFFFDA15EB
FFFFFFFA7D41
0000001B9C85
FFFFFFB41805
FFFFFF88F0BB
FFFFFF46029A
FFFFFF8A363E
FFFFFF9E231F
FFFFFFD7A8F8
000000428479
0000002F4484
000000027211
FFFFFFFF6385
FFFFFFF095D9
FFFFFFF13EAA
FFFFFFF221E5
FFFFFFFA5A20
FFFFFFB96AE3
FFFFFF696B05
FFFFFF8C61E2
FFFFFFA94E3E
FFFFFFBB4B1F
FFFFFFAC6806
00000018826B
000000831C8D
000000475116
0000000BF6A7
0000000AB8AE
FFFFFFFA86F8
00000004DA99
FFFFFFFEA98A
FFFFFFD298E7
FFFFFFB4E674
FFFFFFC2D9A3
FFFFFFA8478B
FFFFFF8A6032
FFFFFF84AD9A
FFFFFFCF8A7B
0000002FAF90
00000053A6E9
000000240A40
0000000A3062
FFFFFFFA0624
FFFFFFE885C8
0000001FF763
FFFFFFF8393A
FFFFFFC6EDC2
FFFFFF8D7525
FFFFFF919CCA
FFFFFF849206
FFFFFFBB31F3
FFFFFFBAFD70
FFFFFFF62070
0000006562AD
00000035F0A2
FFFFFFE7F255
FFFFFFFA1A9C
0000000D0D18
000000106F33
000000108153
00000006480B
FFFFFFA7D79F
FFFFFFA006C1
FFFFFFAC2B21
FFFFFFA90B02
FFFFFFAA08B3
FFFFFFA9E992
00000042AC7E
FFFFFFFFCA48
FFFFFFDA4D43
FFFFFFD7AC25
FFFFFFD87C38
000000048F85
00000034DC2E
0000003BACFE
FFFFFFC9D6E6
FFFFFFA288DF
FFFFFF93E567
FFFFFF711E92
FFFFFFA33836
FFFFFF99B4CB
FFFFFFC980C5
FFFFFFD26946
FFFFFFAF6819
FFFFFFD42A62
FFFFFFB4C35F
FFFFFFA644AD
FFFFFFFE87EB
00000034E6B2
00000007DFC8
FFFFFFBC8AD1
FFFFFFE04034
FFFFFF9E289E
FFFFFFA6ED91
FFFFFF9209AE
FFFFFFC1E489
FFFFFF8CC749
FFFFFF9467D5
FFFFFFBBF566
FFFFFFE8309C
FFFFFF7C1E72
000000455022
0000000DB1E3
0000000258E3
FFFFFFFFF578
0000001B2E52
FFFFFFFB182B
FFFFFFB1CCB0
FFFFFF9E2575
FFFFFF93D535
FFFFFFAD0548
FFFFFFA7EB73
FFFFFFE47C38
FFFFFFDAE2E5
FFFFFFE2142C
0000002CB572
00000008C463
0000001BE544
FFFFFFE995B9
00000024587E
00000030370E
000000042C26
0000001E5EFD
0000000AF6E1
0000003332BC
0000001D2EC2
00000007E548
00000016BF0A
000000239944
00000025708D
00000044EBF0
0000006FE263
00000040177A
0000001858F8
00000001136D
0000003ACD5B
00000022AAC5
00000023E1F2
000000034886
000000118C61
0000001EEE7B
0000002F81CD
0000004EBF94
00000001F5E6
00000000FF42
000000A120CB
0000006FDECC
FFFFFFD54BC2
FFFFFFCCC896
FFFFFFD02D28
00000037FA0A
0000005524A6
00000025A87C
0000006B4629
0000000FD5FF
FFFFFFE5A915
000000410B4D
FFFFFFBC5DF0
FFFFFFA27F27
FFFFFFF619B1
0000003C1C16
0000004ECEB3
FFFFFFFAA5D0
0000000FAD11
000000198471
0000000E6E37
00000003B925
FFFFFFFDE0FB
00000033085A
0000000A8C6F
00000006998F
FFFFFF9A8AB4
FFFFFFCB2CDB
FFFFFFF5CBCE
0000000ADA41
0000003EDF30
FFFFFFF286C4
FFFFFFDCB8E8
0000003D901E
00000045132E
00000001FE9F
FFFFFFF11662
00000012A72F
FFFFFFF5E8E5
0000007485F6
000000270E83
0000000CA0C8
FFFFFFCBE955
FFFFFFE9BC6B
FFFFFFE294F1
FFFFFFD0D6AE
FFFFFFFCD9B0
0000004F9593
00000051A4F8
000000052861
FFFFFFD0F6A0
FFFFFFDD0E00
0000000E1AB6
000000373B1A
FFFFFF47CD7F
FFFFFF9D5B5B
0000000A319A
000000266BA8
FFFFFFE7973F
FFFFFFC5CB3A
00000051BCCC
0000001BF235
0000002BC141
FFFFFFFD2A56
FFFFFFEF1497
FFFFFFA5C20B
00000019AB44
FFFFFFFEDB3D
FFFFFF401B42
FFFFFF816A71
FFFFFFFE9B4C
00000035CEF3
0000003D37E8
FFFFFFF5F9D1
00000001F607
0000003F3B2E
0000001F3FB4
FFFFFFF7C224
000000294FFB
FFFFFFEA41C0
FFFFFFF5D37A
FFFFFFED0F24
000000235CA3
000000012DD8
0000007B988C
0000005EBCD6
0000003F4164
00000001A8C1
000000136F54
FFFFFFB04030
00000025B510
FFFFFFB9D956
0000001202D8
FFFFFFE8789C
FFFFFFD40820
FFFFFFD57758
00000045A4F6
0000003C1F69
000000646C0F
FFFFFFED494E
FFFFFFF94F29
0000001692E4
FFFFFFFD2994
FFFFFFA117B8
FFFFFFF620C9
000000125465
0000003BBFBA
0000001E7E11
000000060611
FFFFFFB650AF
FFFFFFD23867
FFFFFFEB5D80
00000013073D
0000005BD310
000000261C9A
000000130776
FFFFFFEC5875
FFFFFFF12AF1
FFFFFFDE3C22
00000036F5C0
000000E5CD9D
000000A5217D
0000003F1F6F
FFFFFFB5CB55
00000000015C
FFFFFFAAFC82
0000002FB72E
FFFFFFED718F
0000001A1DD4
FFFFFFA6A463
FFFFFF8B498E
FFFFFFF802A7
FFFFFFD03550
FFFFFFC6B856
0000006C41C4
000000347DE7
FFFFFF9B5F98
FFFFFF2AC981
FFFFFFF17A4B
FFFFFFE4B6EE
0000008B20A7
0000004C34EC
0000006C33EA
00000013330E
000000444347
000000243B62
FFFFFFC7B40D
00000003DE81
0000008CF96E
000000606954
00000000434B
FFFFFF5E5A3C
FFFFFFCD327C
0000000A686D
0000007DDF27
000000759922
0000003FF2B6
00000009AD67
000000498A35
000000362C10
0000002057E2
0000000910B1
0000004E71CC
000000AD0657
00000074A3E4
0000003495E6
000000739360
0000003E821D
000000211925
000000297351
000000335F57
00000058428F
00000076ED33
000000B2D0E3
000000D723E4
000000844EEE
000000867239
0000006EC03F
0000009EA4C5
000000647CD4
00000029D08E
000000012133
FFFFFFFFD3BE
FFFFFFF910F1
FFFFFFE1AA4F
FFFFFFC70C0A
FFFFFFC9476C
FFFFFFCC48BC
FFFFFFC090F0
FFFFFFA9610A
FFFFFFD0799A
FFFFFFAEF4FB
FFFFFFAC23B6
FFFFFFE5A1AA
0000001059A2
FFFFFFD9E5BE
FFFFFFA12BDC
FFFFFFECA0C3
FFFFFFB8A799
00000003F2E2
FFFFFFD1FA40
FFFFFFAF5DE7
FFFFFFA810EA
FFFFFFA79191
FFFFFFB5BA21
FFFFFFCECAA3
FFFFFFC741A8
FFFFFFAC93B8
FFFFFFC65800
FFFFFFCE7E6B
FFFFFFB8293B
FFFFFFD9EA69
FFFFFFB180CD
FFFFFFDCA788
FFFFFFC61874
FFFFFFD30675
FFFFFFC2DB48
FFFFFFB5B541
FFFFFF8AAD3C
FFFFFF906360
FFFFFFA456CB
FFFFFFC98C78
FFFFFFD9E335
FFFFFF9E1AE3
FFFFFFD086CA
FFFFFFBE1686
FFFFFFE0A415
FFFFFFF0582B
FFFFFFAA80EE
FFFFFFDE0741
FFFFFFF753E3
FFFFFFBB3F09
FFFFFFAC126F
FFFFFFD54115
FFFFFFB3748E
FFFFFFCA4A80
FFFFFFC4CDA0
FFFFFFD4A560
FFFFFFF539D1
FFFFFFCEA911
FFFFFFEB5480
0000000087BE
FFFFFFDDE414
FFFFFFCEFC15
FFFFFFD27975
FFFFFFAC5343
FFFFFFB3EE35
FFFFFFC302B8
FFFFFFB8A222
FFFFFFC175A7
000000052419
000000083A7A
FFFFFFC2C5A0
FFFFFFF19330
FFFFFFF4D9D2
00000014FEA1
FFFFFFDCC252
FFFFFFC3003A
FFFFFFDEC2F4
FFFFFFEE2E08
FFFFFFEA2C95
FFFFFFE53679
FFFFFFD717F8
FFFFFFD4D94B
FFFFFFD754E6
FFFFFFFDD51D
FFFFFFE38CBF
FFFFFFF3C4CE
FFFFFFF0178C
00000013F940
0000000BA771
FFFFFFBF676C
FFFFFFDDC48A
FFFFFFF91018
FFFFFFFA2EDF
FFFFFFF452CA
0000001264B5
00000009032B
FFFFFFD4150E
FFFFFFDB09C0
FFFFFFEA3D8D
FFFFFFE7EC59
FFFFFFE696C4
FFFFFFF27F56
FFFFFFFCC3EF
FFFFFFF0C733
FFFFFFD378BC
FFFFFFE145A2
000000064CA3
FFFFFFF89012
FFFFFFE04948
0000001E748F
FFFFFFD59655
FFFFFFD48DD5
000000067B09
FFFFFFF67F37
000000138FE8
0000000A53DA
000000184F0E
FFFFFFEED12C
FFFFFFF38561
FFFFFFD54161
FFFFFFD87CA6
FFFFFFA59B43
FFFFFFD06A59
0000000530B5
FFFFFFFCB8A5
FFFFFFA632C8
FFFFFFE1AE4E
00000008E83E
0000001AD32C
00000005A5BC
FFFFFFE7D3FC
FFFFFFE9E162
FFFFFFFB7D6F
FFFFFF8E07E3
FFFFFF8B6199
FFFFFF99A7D2
FFFFFF9DFD20
FFFFFFC8958B
0000000C3875
FFFFFFF41239
FFFFFFDC9988
FFFFFFD1F31C
FFFFFFFFECD2
FFFFFFDB45C3
FFFFFFD804AF
FFFFFFEC4A3C
FFFFFFF7500E
FFFFFFC2C171
FFFFFFD53850
FFFFFFF1D97B
FFFFFFED073A
FFFFFFC0AF9C
FFFFFFF6ED16
FFFFFFE2C09D
FFFFFFD79B28
FFFFFFA57027
FFFFFFE76094
FFFFFFD786A6
FFFFFFD66383
FFFFFFEDBC5C
FFFFFFE147D5
FFFFFFE074B5
FFFFFFFB2A12
FFFFFFF3C280
FFFFFFF04835
FFFFFFF340D9
FFFFFFF8C88C
FFFFFFB21A52
FFFFFFAF4EED
FFFFFFD2C483
FFFFFFE9B905
FFFFFFCD6141
FFFFFFDAC05A
FFFFFFCBEFA3
FFFFFFAB0765
FFFFFFC3C379
FFFFFFAF5F8D
FFFFFF97063C
FFFFFFB9A849
FFFFFFA16108
FFFFFFCF5C9A
FFFFFFB06D8F
FFFFFFAE8F61
FFFFFFB952B3
FFFFFFDB6D2E
FFFFFFD02B65
FFFFFFB14E48
FFFFFFAB77D4
FFFFFF8F8269
FFFFFF9916B0
FFFFFF9EA023
FFFFFFC22A76
FFFFFFD86FBF
FFFFFFB24A0D
FFFFFFDAB45F
FFFFFFDFAA69
0000005900DF
000000047CBD
FFFFFFF8E1F8
FFFFFFA7DF82
FFFFFFD312F0
FFFFFF92AF6B
FFFFFF6B103F
FFFFFFD691DD
00000019FFA8
FFFFFFE093E0
00000002C49F
0000002FA87A
FFFFFFE3C462
FFFFFFE39E42
00000060A724
000000632FEA
FFFFFFF6F92B
FFFFFFCF9C72
FFFFFFD2B1A5
FFFFFFB2551C
FFFFFF4EDA23
00000004EB17
FFFFFFE78849
FFFFFFF3FDF3
FFFFFFE01C07
FFFFFFCA5116
FFFFFFE745FA
00000035F85A
0000002D34ED
00000054C101
00000085106F
FFFFFFAED52E
FFFFFFA57EFC
FFFFFFDABFC6
FFFFFF96F55D
FFFFFFBAD954
FFFFFFF15F7C
FFFFFFF84B08
0000000B193B
00000012C56B
FFFFFFFC75E5
00000061D1F6
0000005DD64B
000000311B87
0000000016B0
00000059F755
FFFFFFB94858
FFFFFFEA608C
FFFFFFF205B1
FFFFFFE08495
FFFFFFC6CA3F
FFFFFFDF3DDB
FFFFFFC39C8C
FFFFFFF9AEE4
000000180C8B
0000006D8884
000000384D9B
00000015C4C7
0000000D0379
0000006C8385
00000031D09B
FFFFFFF24928
FFFFFFDB50B1
FFFFFFD0BD00
FFFFFFDF432D
FFFFFFD90367
FFFFFFBD8A03
FFFFFF67DB15
00000040505B
FFFFFFB9F45F
FFFFFFE5209C
FFFFFFF6789B
000000106E29
000000119470
0000001D83C3
FFFFFFED1276
FFFFFFCB3742
FFFFFFFC9EEE
FFFFFFD522E8
FFFFFFDFD202
FFFFFF6EEFCB
FFFFFFA85224
00000038FCFC
0000003035AD
FFFFFFF29852
000000012122
0000000A4FDE
000000091539
FFFFFFE94D00
000000550185
FFFFFFA50102
FFFFFFD8AB21
FFFFFFDE521D
FFFFFFF8082A
FFFFFFB6CEF3
FFFFFFE44860
0000007BD081
000000518854
00000017CCF7
00000027552E
0000003CB173
000000155F45
FFFFFFD83819
FFFFFFF369A0
0000001290C4
FFFFFFB48267
FFFFFFD5188E
FFFFFFCD7459
FFFFFFD545F2
000000013F07
00000091ADB8
0000007A2BDA
0000000A90DA
00000044D1AE
000000629591
0000002B82D1
000000097D85
FFFFFFEB4B4B
0000002AEB84
FFFFFFE6D2F9
FFFFFFA37A77
FFFFFFC1EBC3
FFFFFFCA2AF7
FFFFFFE555ED
FFFFFFCAC2D7
0000004297EC
0000004298BB
0000008E9B31
0000001F30C9
000000165482
FFFFFFF0AE23
00000002B54C
FFFFFFE70C43
0000000DB635
0000000E67FF
0000003338AA
000000196BB3
FFFFFFB8B1D7
FFFFFFD34B48
FFFFFFD17324
0000003571E7
0000001E1DB2
0000004A4716
000000475CDB
FFFFFFFBD914
FFFFFFEF97EA
FFFFFFE9F636
FFFFFFD2011E
0000002F5505
00000022B4B6
0000000D396B
FFFFFFC846D0
FFFFFFBD0409
FFFFFFE05BE8
0000000755FE
0000000BEC61
00000062D836
0000004C9D04
00000034AD95
00000029358B
FFFFFFE2F5EC
FFFFFFC54FFD
0000001C9014
000000636240
FFFFFFFED83F
000000157D61
FFFFFFD40EC1
FFFFFFDC0AB5
000000152B30
FFFFFFEB73E3
0000000169D5
00000053EE90
00000030972F
0000006BFB8F
000000388490
0000004FE9AA
0000002B0D4A
000000618863
FFFFFFDCD4F0
00000020F6DE
FFFFFFC95D3E
FFFFFFF3E429
FFFFFFF3F44A
FFFFFFAD0F22
FFFFFFC4D8F1
FFFFFFDC3CED
00000004101C
FFFFFFF43DC7
00000008652D
FFFFFFFF2B93
FFFFFFC2522B
FFFFFFB26099
FFFFFF920F58
FFFFFFC849AE
FFFFFFF103DF
FFFFFFF9D193
0000002338C0
000000436F01
00000015221C
00000009772E
00000015C098
FFFFFFE16DE2
FFFFFFEAE2ED
000000189898
000000086498
00000029D660
FFFFFFF28D38
00000041C684
FFFFFFB7E3ED
0000000F2F97
FFFFFFFAD9B9
0000003A2EB4
0000001BF9B2
0000002C0E76
FFFFFFEC89DD
FFFFFFD24CB1
0000001BFA37
00000000D8DD
FFFFFFFA1E63
0000000A5A48
FFFFFFE11198
FFFFFFDB9C90
000000135A84
0000005E4C0F
000000329E25
FFFFFFFBE50C
FFFFFFF409A4
000000369B49
FFFFFFF589A2
FFFFFFF85046
0000000C4E7C
000000229C83
000000001564
000000021BE9
FFFFFFE0EAE3
FFFFFFF97B52
0000002FDEE7
FFFFFFE8AB07
00000018D323
000000106062
0000001F6460
00000067CC91
FFFFFFF82131
000000297268
00000013FA33
0000002B1A07
FFFFFFE9B7C5
FFFFFFEB2BA3
FFFFFFD85BBA
FFFFFFF73C5A
0000005EB69D
FFFFFFF716B2
FFFFFFF8D14C
00000021229B
00000006B22C
0000002B5806
0000004A5C88
0000000A63C3
FFFFFFE80323
FFFFFFBFC7F4
FFFFFFBD4154
FFFFFFDC77D0
FFFFFFDC3446
FFFFFFE9D513
0000006EAB8A
00000010444C
000000109D47
000000146C33
FFFFFFEF5550
FFFFFFFE69A2
00000051E574
0000003B4DEC
00000015CE91
0000000B7D70
000000015265
0000000E18B4
0000002365AE
0000001B85A9
0000004A65AA
00000022B117
000000092301
0000002DE47B
00000018D0EB
FFFFFFFF3C87
FFFFFFE21319
00000034B337
000000483CD8
0000003CBF8D
000000424566
0000002F876C
00000020B0BD
0000003C79C4
000000531A8E
0000001CD724
00000024EE79
00000020E833
0000002898E4
0000001CF5A5
00000012FC76
FFFFFFF202B3
0000004DADDA
000000396D13
0000002B0345
000000325E1A
0000001A02E9
0000003D3A39
00000046724D
0000002C6812
00000033F04C
0000002D8814
00000043D2C2
0000004E2945
0000001FD4BE
FFFFFFFE6A9B
0000001EA221
000000639064
000000389ABF
00000029B601
000000186586
00000034C066
0000003F08D4
00000039DB7F
0000002E1272
000000306228
0000002D6018
00000027BA17
00000013AEAC
0000000C8677
FFFFFFE8F291
0000002DF9B1
00000056F1D3
00000048749E
0000006DBBD8
000000283DCE
0000004C8DC9
000000486DDB
0000000CCD6D
0000001B6E40
00000020508A
0000002172E9
0000002F3799
00000045503C
0000001894F6
000000146E7F
0000001ACBDC
FFFFFFF6C5F1
0000001CA8A2
00000068BF51
00000044264C
00000047683B
0000000D4661
000000145565
0000002941A3
0000003EA5FE
0000005A32B0
000000457CF5
00000015AD70
0000002B7DEB
00000041C609
000000353856
000000072B4F
000000786939
0000004FF4B0
00000041BE7F
000000245ADE
0000003A1D14
000000315D2D
0000002E8BB1
0000004A049B
0000002E4CDB
00000023B0AB
0000001864E0
0000004A061E
000000477B48
00000051C199
00000065EDE5
00000063F76A
0000004CFF2F
0000004A6A60
000000550603
0000004B3845
0000003B1EC3
0000004B5191
00000021D537
000000516813
0000003EE1A9
0000002E3040
0000004CBEFD
0000003C529C
0000003EB204
FFFFFF84B334
FFFFFF9BDDFF
FFFFFFA73F23
FFFFFFB0830F
FFFFFFB3E750
FFFFFFC99287
FFFFFFE15F74
00000005F724
FFFFFF9E594D
FFFFFFAE9B24
FFFFFFBDB8BC
FFFFFFAB5D7B
FFFFFF9FAE65
FFFFFF993795
FFFFFF8483E9
FFFFFF8E306A
FFFFFFDEA6E2
FFFFFFCDE865
FFFFFF94101A
FFFFFFA76F82
FFFFFFB1A569
FFFFFFDA292B
FFFFFF8D795A
FFFFFFB03214
FFFFFFB01C5F
FFFFFF925C5A
FFFFFFB3032C
FFFFFFC0DBA4
FFFFFF943832
FFFFFF974E6A
FFFFFFE64450
00000004B25D
0000000EA4C2
FFFFFFADA517
FFFFFFB35B3D
FFFFFFEE8D4C
FFFFFFC77CE1
FFFFFFC64CF1
FFFFFFCE4993
FFFFFFC2B3C5
FFFFFFC83390
FFFFFFC61DA9
FFFFFF89673B
FFFFFF98C726
FFFFFFFA1589
0000000ECF06
0000003AFFFC
FFFFFFD2CEDA
FFFFFF9BCCAD
FFFFFFB816F5
FFFFFFCAA21F
FFFFFFB251BA
FFFFFFF155C0
0000001E5C3F
000000209D60
00000020E9C8
FFFFFFA1BD70
FFFFFFFED4F5
00000021A5D9
00000005411F
0000002B64C3
FFFFFFD50E14
FFFFFFB09962
FFFFFFA982B9
FFFFFFBD5737
FFFFFFEF3DE1
FFFFFFF828B8
FFFFFFF5115A
00000007CE6D
00000014B7F1
FFFFFFB911D2
0000000FEA6E
0000000D2A4D
000000137516
0000002FFB15
000000278AA8
FFFFFFF7CDD5
0000000AC18D
0000000F0AA5
0000000AFC2B
0000001A5094
FFFFFFF9F26F
000000002234
FFFFFFF8E399
FFFFFFB22E71
00000029AB49
000000243836
00000022B447
000000302EC4
0000003A1BFF
000000015DF6
FFFFFFD2FD21
FFFFFFE3D2A1
FFFFFFEDA156
FFFFFFEB4DD0
000000014E7D
FFFFFFEF8676
FFFFFFFB6B5B
FFFFFFCAEE2B
0000000BCE6F
0000001D5840
0000002EEE94
000000295CFA
0000000B331F
0000000E7C38
FFFFFFDB08D7
FFFFFFC22763
FFFFFFE95DE2
FFFFFFFE99F2
FFFFFFE9994F
FFFFFFF6CD03
FFFFFFE185B5
FFFFFFCF334C
000000128A0D
00000034C5B8
0000002D1FB9
FFFFFFF11ECB
000000069A32
000000120611
FFFFFFFB759C
FFFFFFBB33E6
FFFFFFD1089D
FFFFFFF0E20E
FFFFFFF16B37
FFFFFFFD992D
FFFFFFDF6B1E
FFFFFFDE2B4A
FFFFFFF17618
00000009BCB2
00000019536B
FFFFFFFBBE3D
0000000CAEC9
00000014C5F9
0000001E1159
FFFFFFEC73B9
FFFFFFD4D5D1
FFFFFFD200D0
FFFFFFC682E3
FFFFFFCC5AF6
FFFFFFED4BD9
FFFFFFD8E081
FFFFFFD1467F
FFFFFFD5C53B
0000001D2B17
FFFFFFFF1983
FFFFFFFEE8AB
00000017593F
0000002FD683
0000000E5C3A
0000001C996F
00000003C12C
0000001D3BB5
FFFFFFD6240A
FFFFFFB0AFC6
FFFFFFD6A1C7
FFFFFFD7051A
FFFFFFE2BC46
FFFFFFEF95D8
FFFFFFE72FFE
FFFFFFF29A41
0000001184A3
00000019566A
FFFFFFFFE4A1
00000003443B
0000000F5A4B
00000020607B
FFFFFFF4C47E
FFFFFFA60F36
FFFFFFB2580F
FFFFFFC03759
FFFFFFE7399E
FFFFFFBAB505
FFFFFFBC71AF
FFFFFFB29689
FFFFFFFC0168
FFFFFFF2D36B
FFFFFFFCB732
FFFFFFD27700
FFFFFFDB662E
FFFFFFE82789
FFFFFFC6682F
FFFFFFBB8F69
FFFFFFEAA62D
FFFFFFFC3B2A
00000007F210
FFFFFFF55C09
00000001A0E6
FFFFFFDC835F
FFFFFFD45F1F
FFFFFFD2B594
FFFFFFD9D8AF
FFFFFFE2113C
FFFFFFDFB090
FFFFFFDD1CF1
FFFFFFF11088
FFFFFFE849FA
FFFFFFED5708
FFFFFFE394FF
FFFFFFFF216B
0000001C0016
FFFFFFFCF648
000000397A20
FFFFFFEF6F91
FFFFFFC4CCC3
FFFFFFEA06BC
FFFFFFEA9A96
FFFFFFCC0CA4
FFFFFFE54F0B
FFFFFFFC4344
00000037B54F
0000002539D2
FFFFFFE2A2FE
FFFFFFECDB89
000000446A66
000000007D0F
00000011CF6A
00000013A732
000000257A78
0000001D2810
0000002CFBB5
00000008A7FC
000000208A27
0000003B9E05
00000006CB11
00000012F5DC
FFFFFFD75AF5
FFFFFFEB7D51
0000001FC54D
FFFFFFEEA937
000000225C62
FFFFFFD6248E
FFFFFFF812C5
FFFFFFF4B661
0000003CA5F9
000000137CA5
000000049743
000000181412
000000038299
FFFFFFC4493E
FFFFFFE742C7
0000003F864F
0000002AEA98
00000002301A
00000076F75C
FFFFFFEB96C4
FFFFFFD97DCC
FFFFFFF15C9D
0000002E2217
FFFFFFF041E4
FFFFFFEDEA08
0000002C6469
0000000F527C
FFFFFFDAAF34
00000040C6B7
0000003A1773
FFFFFFED9FBF
FFFFFFCE7E35
0000001D9267
00000019CDA5
000000049385
000000166957
000000037A58
FFFFFFF881F9
FFFFFFF77F9A
00000016DD5B
0000001A15E5
FFFFFFCD4299
FFFFFFEDA2E8
FFFFFFCA0C87
FFFFFFC1D6DB
FFFFFFAD6494
FFFFFFF51C25
00000053795E
0000001D4691
000000066EAC
000000242E55
000000333D91
0000000EDB66
FFFFFFDB4C35
FFFFFFDA9632
FFFFFFAAC718
FFFFFFD7C5A7
FFFFFFCBA5E0
FFFFFFB435D3
FFFFFFA4487B
FFFFFFB719B3
FFFFFFF0524C
00000074A5CD
00000012C988
FFFFFFFA6F15
FFFFFFE9BC38
FFFFFFE7C672
FFFFFFE39D83
FFFFFFAFA48F
FFFFFFE9FF50
FFFFFFA769F1
FFFFFFB84E23
FFFFFFB8AB4A
FFFFFFA8105F
FFFFFFA75EC6
FFFFFFAC75EC
FFFFFFFC94CF
0000004133A0
FFFFFFDB6025
FFFFFFD9B90A
FFFFFFCFC082
FFFFFFC89522
FFFFFFC2A336
000000247EB8
000000277CCF
FFFFFFD47FC3
FFFFFFB4CE0D
FFFFFFAB60B1
FFFFFFA0FEBA
FFFFFFC6414C
FFFFFFEA46A9
0000002D03B1
00000026323C
0000000CE8CD
FFFFFFE77064
FFFFFFF0433C
FFFFFFDACCBE
FFFFFFC4032D
000000226639
FFFFFFF465FD
000000368B51
FFFFFFDE1016
FFFFFFC5A4E3
FFFFFFD4D9A8
FFFFFFD913FB
FFFFFFE6308B
000000658D8D
0000003B2578
FFFFFFDE3F71
00000025D20B
0000001000DA
FFFFFFC46032
FFFFFFE09DCB
FFFFFFA85B5B
FFFFFFF2FFC5
FFFFFFCEB540
FFFFFFD816F3
00000002F3E0
0000003114C0
000000214209
0000000DBF94
0000001992E5
FFFFFFF142BC
00000036EB73
000000686258
FFFFFFE1069A
FFFFFFF90F26
FFFFFFCE8345
FFFFFFD6B5D8
FFFFFFF4AACA
FFFFFFAA1553
FFFFFFD48421
000000122323
00000015D281
FFFFFFC98B35
00000004E098
00000022301E
FFFFFFFD3B72
000000804C25
FFFFFFD95D50
FFFFFFF331FB
FFFFFFEC5A9F
FFFFFFFBFAF9
0000001DDE1A
00000018C310
0000001BCC44
FFFFFFD2E652
0000003072BA
00000018D7DA
000000402BE6
0000002D649A
000000434488
0000007FE1B9
00000002338E
FFFFFFE06C03
FFFFFFF7D4C3
000000036D9D
FFFFFFDF06B8
FFFFFFFC4EBE
00000019EEE2
0000001D728B
00000019CB27
FFFFFFF6AF7E
FFFFFFFD4976
FFFFFFF95FD0
00000004BC70
0000000934D0
0000001ADBF9
000000440BE6
000000196451
00000072E7FB
0000006D7B6D
0000003EB7CF
00000062CF8D
00000044CBCC
000000A06BBD
00000055AB5D
0000007CA068
000000773E6F
00000061716F
0000007E8189
FFFFFFDD9359
0000000C1323
FFFFFFD152F7
000000181755
00000046761B
0000007FD3D3
00000037ED1D
000000326913
0000006E117F
0000005DE46E
0000006252F4
00000062CAB7
00000032A659
0000004D0B72
00000024F094
000000370559
0000008EEA3B
FFFFFFFF24BD
FFFFFFE91BD2
0000002422AC
0000003A0A6C
0000003FA5D0
000000318A19
0000004DCA37
0000002F8E93
0000005F1BC5
000000038384
00000036851B
000000161F2D
0000002C709A
000000091B94
000000471665
000000338AB1
FFFFFFDEEAFB
0000004D6291
00000038A38B
0000006AD847
0000007BF662
000000223B38
000000512079
00000004A587
0000000AE761
000000018A94
00000045400A
000000270134
000000170B5D
FFFFFFC1390A
FFFFFF931BA8
00000020BA0E
000000300BDD
0000003B2B79
0000005092D3
00000005DE83
0000000AB3DB
FFFFFFFCE41C
FFFFFFD668E3
00000000240E
FFFFFFFAD723
FFFFFFF238F7
0000000AE82C
FFFFFFF3D888
FFFFFFCD7465
0000001063BC
000000252347
000000076FEC
FFFFFFF23BBD
FFFFFFE64925
FFFFFFEF1055
FFFFFFEBDF3B
FFFFFFD9C731
FFFFFFEB8BA0
FFFFFFFAFCE3
FFFFFFFFE1C1
FFFFFFFCB4E1
0000000CE144
FFFFFFF99288
00000000D224
FFFFFFB5ABFA
FFFFFFC0BE83
0000001AC37C
0000001360E7
FFFFFFF3D97F
FFFFFFEB1FB4
FFFFFFFC1185
FFFFFF981597
FFFFFFBFE133
FFFFFFD90D43
FFFFFFE6668B
00000003ABB7
0000000B4400
FFFFFFF5B2B9
FFFFFFC86C77
FFFFFFD8D859
0000001AB07C
FFFFFFFFF8D2
FFFFFFEF16F3
0000001CFED5
FFFFFFF7E4BD
FFFFFFB85A41
FFFFFFB351D1
FFFFFFCE7235
FFFFFFE49F8E
FFFFFFCA347C
FFFFFFD1BB2A
FFFFFFCB3DDF
FFFFFFC7310A
FFFFFFCB1112
FFFFFFD3D46C
FFFFFFF9121C
FFFFFFEC4CD4
FFFFFFF16C7D
FFFFFFCD2DC6
00000011A9EE
FFFFFFD48306
FFFFFFCD469C
FFFFFFCEE9C5
FFFFFFC2E77F
FFFFFFC11062
FFFFFFEFA7F4
FFFFFFD368EF
FFFFFFD5D461
FFFFFFE5653C
00000002ECAD
000000185494
FFFFFFF26C57
FFFFFFC489D4
00000000E9B9
FFFFFFDB6A9E
FFFFFFB05726
FFFFFFD2BBC3
FFFFFFB06734
FFFFFFA85EE9
FFFFFFD3F9E2
0000000AFB38
FFFFFFDC7409
000000088651
00000008E9AF
FFFFFFEA2C41
FFFFFFC25772
FFFFFFA77C29
00000057CF58
0000003239A4
FFFFFFCECE1C
FFFFFFACCF2E
FFFFFFBB3F17
FFFFFFBED3D9
FFFFFFC491DD
FFFFFFD3A214
FFFFFFD09B73
FFFFFFFC8964
0000000BDA68
FFFFFFDDAB51
FFFFFFE65165
FFFFFFBEB857
0000001C143D
000000342CBF
00000000DDE0
00000019BFCC
0000002B57A9
FFFFFFC46BD0
FFFFFFCA4146
FFFFFFB61A42
FFFFFFED229F
FFFFFFD28F0A
FFFFFFFB95C5
00000003A543
FFFFFFE9F2AC
FFFFFFE67590
FFFFFFDF9668
00000003007B
0000002E56C0
0000004AE947
0000004CD2C3
00000023B26E
FFFFFFFA503B
FFFFFFE5A6B7
0000002788FE
00000002E477
0000000BA4CF
0000002DA60D
0000001D3069
FFFFFFF5EA22
FFFFFFD1E4BB
FFFFFFE00537
FFFFFFA1E9D3
FFFFFFAEBA6C
FFFFFF9AEC34
FFFFFFDC38E7
FFFFFFACE83D
FFFFFFD74E34
FFFFFFEF37C7
FFFFFFAEF5B0
FFFFFFF6B704
FFFFFFC629FD
FFFFFFCD13B8
0000000D27A8
0000000E8350
FFFFFFEDA85E
FFFFFF90F331
FFFFFFEE18D3
FFFFFF9628DD
000000043F08
FFFFFFD30A4A
FFFFFF8A519F
FFFFFFE8EC21
FFFFFFED1BC6
0000000355E4
FFFFFFC7E0FA
000000084C8F
00000030D318
FFFFFFFFBD1E
00000049C25D
FFFFFFE3B181
FFFFFFE69CA4
FFFFFFE00FAE
00000049C79E
FFFFFFCE6ABC
FFFFFFE5D3B3
FFFFFFEF81BF
FFFFFFD9CCB5
00000019EBDF
000000193BF1
00000007DD4E
FFFFFFC3EAA2
FFFFFFFC62D3
FFFFFFDBFAC2
FFFFFFD51C56
FFFFFFB88AF1
000000224B0B
0000004B3B32
FFFFFFF33DD5
FFFFFFF93CB5
FFFFFFE6D5DF
000000123EA3
00000013E79E
00000038D841
000000593A85
FFFFFFD8219C
FFFFFFFC24B2
FFFFFFEA4938
FFFFFFF71726
FFFFFFECB870
FFFFFFA9E890
00000032CB4D
000000379A57
FFFFFF9A4F61
FFFFFF8A6C9F
FFFFFFDEBBDB
FFFFFFD5A01D
FFFFFFE70A40
FFFFFFF17600
FFFFFFFC7BF5
00000092C18E
00000050BB64
FFFFFFF58E37
FFFFFF6DC90F
FFFFFFA1E620
FFFFFFF708B5
000000222752
FFFFFFED764C
FFFFFFF1A3D1
FFFFFFEE5E49
0000000FA1D3
FFFFFFF06028
FFFFFFFCF239
FFFFFFD3417F
000000422A0D
FFFFFFE8487C
FFFFFFB8160A
FFFFFF8606F8
FFFFFF973EFD
FFFFFFCF51B0
0000000ED390
FFFFFFEA43A1
FFFFFFF39255
FFFFFFEC960E
FFFFFFE44F17
FFFFFFDFC15D
FFFFFFE763B0
FFFFFFA1590F
FFFFFFFD51AC
FFFFFF9A4D52
FFFFFF6A69A3
FFFFFF6BF851
FFFFFFAD4A54
FFFFFF77D35A
FFFFFF9347B4
00000001BDA4
0000004B0CF5
FFFFFFD1977F
FFFFFFB015C3
FFFFFFDABF33
FFFFFFE7D481
FFFFFFCFDB89
FFFFFFC85D5B
FFFFFFBD6D71
FFFFFFB9F827
FFFFFF899DDF
FFFFFF6E00C5
FFFFFF8D4BFB
FFFFFFC2E0F5
FFFFFFFD60DE
00000049626E
FFFFFFF0FB2C
FFFFFFBA781F
FFFFFFD018FC
FFFFFFC5BEDE
FFFFFFB68D84
FFFFFFC4CFB0
FFFFFFFD8BCF
FFFFFFC2CDCB
FFFFFF5991A1
FFFFFF8666FA
FFFFFFC555AC
FFFFFFFDE9C5
000000072B3C
FFFFFFF4F2D8
FFFFFFC58EF0
FFFFFFC8DB39
FFFFFFB51CE4
FFFFFFABC224
FFFFFFDA70CD
FFFFFFE11BAA
00000029AFE2
FFFFFFA761C9
FFFFFF926129
FFFFFFD37CC8
FFFFFFC68181
FFFFFFDBE429
0000000E613E
000000293434
0000000226D3
FFFFFFCAF955
FFFFFFF2D504
00000050E11D
00000090774E
FFFFFFB9D135
00000010A818
FFFFFF6AD83D
FFFFFF893AF4
FFFFFF74433A
FFFFFF62DC4F
FFFFFFAB1D1D
FFFFFFA25DEA
FFFFFFCAC9F9
FFFFFF9FA69B
FFFFFFAA42A1
FFFFFFC36450
0000003D29B7
00000087FC0F
FFFFFFBB4A33
FFFFFFABBFF6
FFFFFF7521A8
FFFFFFCEBAAA
FFFFFFB5C194
FFFFFF7E63E7
FFFFFF5E8473
FFFFFF09FEF6
FFFFFF9E6322
FFFFFFB9D7FB
FFFFFFEC1393
FFFFFFB7932E
FFFFFFDB4522
000000079484
FFFFFFB4896D
FFFFFF958CBE
FFFFFFEC2CFE
FFFFFFD7F7B9
FFFFFFB38467
FFFFFFA79968
FFFFFFB4113C
FFFFFF8349FE
FFFFFFB30F7F
FFFFFFD22889
FFFFFFAA97B5
FFFFFFC8ED88
FFFFFFE366A2
FFFFFFA1B17C
0000002FD6FA
0000004239A6
0000002B11DB
0000002AF6AC
00000015FD8C
00000056E36D
000000220F8A
000000403318
000000408799
FFFFFFF79619
000000147E8E
0000002456E4
00000033CA2B
0000002DC009
00000002F3F0
0000000A3BC2
FFFFFFC81352
FFFFFFD1646E
0000003DEDB2
0000002EAF4C
FFFFFFD69194
0000001BF09B
000000210CAB
00000000B0D5
000000215AD5
0000000CED3A
00000020BF1B
000000122698
FFFFFFF2989C
FFFFFFD0D861
0000000A8A3E
0000000DF5A7
000000240273
FFFFFFD66919
FFFFFFF06F11
FFFFFFFE4156
0000000B40FF
000000146AA8
FFFFFFF6BEE3
0000002486F9
0000002E7760
000000161E99
FFFFFFCF5535
FFFFFF9C6CF7
FFFFFFEEA90A
FFFFFFD93E33
00000008DDD5
FFFFFFB886A6
FFFFFFDF00AA
000000111727
000000107A61
000000188AEE
0000001908FC
00000027B268
000000398E85
000000466241
FFFFFFF3F09D
0000003082C9
0000006733E7
FFFFFFE32C3E
FFFFFF9C8E01
FFFFFF7AA244
FFFFFFDA921A
FFFFFFFE7B89
00000022CF88
0000001F9F77
00000008D429
00000004C540
0000003DFC1A
00000060A060
FFFFFFBE6B96
FFFFFFDD4774
FFFFFFEA0BC9
FFFFFFD8250F
FFFFFFC342E7
FFFFFFC12D82
00000004F2AF
000000217C00
00000026AF66
0000000CD158
0000000F297C
FFFFFFDEF2FE
FFFFFFDBA5EA
FFFFFF9BB6E5
FFFFFFA137A7
FFFFFFE4C7DE
FFFFFFE8EC14
FFFFFFE11496
FFFFFFEDA500
FFFFFFDC7A1E
FFFFFFFF2868
FFFFFFC76F71
FFFFFFD595B7
FFFFFFED7688
FFFFFFFEBB40
FFFFFFDD898D
FFFFFFE0C61B
FFFFFFABE31D
FFFFFFBE6085
FFFFFFBFA406
000000049C49
FFFFFFECD9F5
FFFFFFECDDA4
FFFFFFCC75FC
FFFFFFCBA3C2
FFFFFF8B4ED6
FFFFFFCD45DD
FFFFFFBE68F2
FFFFFFE7EB11
FFFFFFD34065
FFFFFFCDC750
FFFFFFA3E15A
FFFFFFB87CF1
000000168EF7
FFFFFFF4307C
FFFFFFDA1E8D
FFFFFF97708C
FFFFFFB5E0B9
FFFFFFB74265
FFFFFFA5F65F
FFFFFFA89238
FFFFFFAE55E8
FFFFFFFA5138
FFFFFFF5EE19
FFFFFFE07180
FFFFFF97028E
FFFFFFB46DCE
FFFFFFC842C7
FFFFFFF13678
FFFFFFED4BCB
FFFFFFE1A4E4
FFFFFFDC8584
FFFFFFEF76F0
FFFFFFE3221D
FFFFFFBB750D
FFFFFFD01F3D
0000001AD991
000000027482
0000001D252E
FFFFFFE77D66
FFFFFFC5CAD6
FFFFFFA7B84A
FFFFFF85A9DA
FFFFFFC0D517
FFFFFFB9FA7F
FFFFFFF9A65E
000000200354
00000035E45F
FFFFFFF1A8E6
FFFFFFDF3023
0000000D822A
FFFFFFF24296
00000007FFBC
FFFFFFDADBCB
FFFFFFD9E1E2
FFFFFFF3288C
FFFFFFA12657
FFFFFFBBEA09
FFFFFFCBAB00
FFFFFFE1E43E
FFFFFFD8BB69
FFFFFFECF182
FFFFFFE42952
FFFFFFD78855
FFFFFFF27627
FFFFFFFD7861
0000000FA59F
FFFFFFCAB0E2
FFFFFFD35092
000000130DE6
FFFFFFFDBDB0
FFFFFFFFCB70
FFFFFFE9163E
000000130544
00000009C0C7
FFFFFFCD6ED6
00000023FB3A
000000431450
0000004C4332
00000056E6E9
000000630CAE
0000003B6E14
FFFFFFEF4C6A
FFFFFFFD4771
0000000A1986
FFFFFFF34F3A
FFFFFFE38076
FFFFFFFAF8B7
FFFFFFE4E456
00000019AD62
0000004B725D
00000016BBB6
0000000E2EF9
00000013F409
0000003E2AF7
FFFFFFE07EAE
000000C89725
000000C4718C
000000A9AAF0
0000008A9603
000000A9BC03
00000077DBB1
00000085AAAD
000000869E3A
000000CB0BA2
00000093F032
000000B8CFE3
0000008D49C8
000000A58D8A
000000AA5EBF
000000B7DB3A
00000072C400
FFFFFF7118E2
0000001008E0
00000056197F
00000069516C
00000067EC01
00000088FAAA
0000006A297B
000000992867
000000A6397F
0000007A0FA7
0000009BEDCA
000000CA9AE9
000000931295
FFFFFFC6EFB6
FFFFFF76D868
FFFFFF8821A4
FFFFFF8EF59C
0000001FA7CB
0000007D6FEB
0000008F5DB8
00000051CE45
000000657113
000000605569
0000007063FE
00000074E58D
0000008CD136
0000005B2A32
FFFFFFCDDEA1
FFFFFFBA029F
FFFFFF702C4F
FFFFFF832B5E
FFFFFFF484BA
000000817F57
00000061DC3C
0000006300F7
00000055C14F
0000004724A7
000000515DF9
00000044DDC8
00000072D9F5
0000000C5429
FFFFFFEDEBD2
0000001179CE
FFFFFF4FBE0F
FFFFFF5D6339
FFFFFFAD55A2
0000005CA1A3
000000532386
00000040AC9D
000000639163
00000050D78D
00000041C3A3
00000038E28B
0000003EB78F
FFFFFFC3520B
FFFFFF76C7FD
FFFFFF5D6DFC
FFFFFF49CB47
FFFFFF6719F0
FFFFFF7C884B
FFFFFFDE0700
00000030E532
00000036522B
000000404B83
00000042C1FF
00000035D665
0000002031AE
00000043E69E
FFFFFFE83AE9
FFFFFF75B56F
FFFFFF74473F
FFFFFF62E658
FFFFFF6BE4D2
FFFFFF79CB86
FFFFFF649D79
FFFFFFDB0E5D
00000037A32D
00000028A775
00000032DE32
0000002D4A14
00000027AD89
0000002D6CCB
FFFFFFD36074
FFFFFF6C10FD
FFFFFF8F9789
FFFFFF852BF4
FFFFFF7CF1C6
FFFFFF4336EB
FFFFFF539D47
FFFFFF71B799
0000000244C6
000000426BF8
00000040E1D6
0000001A2195
0000003003CD
00000041B2D1
0000000CB86C
FFFFFFB40DFD
FFFFFF9D5170
FFFFFF8014B2
FFFFFF60E91B
FFFFFF601DB3
FFFFFF5A19ED
FFFFFF5B81D6
FFFFFFB3AE54
00000014C4E7
000000383FE5
000000239496
0000004854DD
000000309A8B
0000005BBC44
000000465EDC
FFFFFFB78A50
FFFFFFB41C7F
FFFFFF730DA5
FFFFFF5FD654
FFFFFF5413EB
FFFFFF557C1E
FFFFFF7FFF78
FFFFFF91A236
FFFFFFE71539
FFFFFFA2B85F
FFFFFFBA90CE
0000002CC010
00000047D62F
0000006774C8
FFFFFFB86607
FFFFFFFFE901
FFFFFFA9658E
FFFFFF807A7D
FFFFFF7D1B41
FFFFFF701D02
FFFFFF5C09F9
FFFFFF58D240
FFFFFF5FC76D
FFFFFF735186
FFFFFF4E2936
FFFFFFAF7321
000000605822
00000062746B
FFFFFFB2792C
FFFFFFE7C7E5
FFFFFFF89033
FFFFFF949817
FFFFFFA11EBF
FFFFFF6C5B85
FFFFFF64E178
FFFFFF46B316
FFFFFF693F9F
FFFFFF7CFF43
FFFFFF7ADE2E
FFFFFF73B733
0000004D9914
000000268F92
000000253024
0000005F094D
00000067DE85
FFFFFFEA80C7
FFFFFFEC8538
FFFFFF87563E
FFFFFF6B1C1F
FFFFFF996F56
FFFFFFD9230F
0000000C36C6
FFFFFFBE8CE4
FFFFFFBC7F36
00000035E59A
00000054FEAF
00000059F410
0000004835F7
0000006EC76C
00000038E0BF
000000304DEE
000000211E18
00000038031A
00000059FD48
0000004A9F4F
0000004931F4
00000047F26C
0000005637AE
FFFFFFF77C4F
FFFFFFF2E5E6
000000593C2D
00000049001E
000000110F7F
0000006D41AA
FFFFFFFFBF54
FFFFFFECD0B7
000000107E9D
FFFFFFEF30F9
FFFFFFF15561
FFFFFFE9518A
000000102227
000000498BE3
0000001D6717
FFFFFFFFE0AC
FFFFFFE6D6AF
00000078A20C
0000004BF459
0000002E7935
FFFFFFE3A543
000000193337
0000001B1327
0000002DE4AC
0000001899F0
0000000D7E0C
00000032CEF6
FFFFFFFE12C6
0000002558DB
000000055A85
FFFFFFF5D7C3
000000545384
00000009F9B1
FFFFFFFDEED1
FFFFFFC1525D
000000024340
FFFFFFD51517
00000022EC5E
FFFFFFF8FCD4
0000002FEFD6
000000389B01
FFFFFFFB9CE2
FFFFFF999D86
000000018EAE
0000004C0A80
000000182C8F
FFFFFFF2A8C1
0000006EC912
FFFFFFF85C80
FFFFFFD07F61
FFFFFFF97D20
0000003F6234
FFFFFFD85475
FFFFFFEDCA8C
0000000C46F0
FFFFFFFE421E
FFFFFFD36E36
0000009EFD86
000000681F46
FFFFFFDA48F5
FFFFFF961F4B
00000022C6CE
0000003452A2
FFFFFFFEAA37
0000003FB89F
0000001F9D02
FFFFFFD2E570
FFFFFFEB220F
000000027413
000000424808
FFFFFFB0A7F4
FFFFFFFE37E4
FFFFFFC97381
FFFFFFAF7175
FFFFFF7D94D9
FFFFFFDE0A4A
0000008B2C3F
0000002A3710
FFFFFFE1725F
FFFFFFFCF27C
0000001572DE
FFFFFFE8905D
FFFFFF99F4F8
FFFFFFBA0533
FFFFFF9A71D9
FFFFFFD0CD79
FFFFFFA0CEB6
FFFFFF7D7CB7
FFFFFF7ED9EC
FFFFFFAF5973
FFFFFFEF70AD
0000008C7AC3
0000001723A9
FFFFFFBF2009
FFFFFFBF8081
FFFFFFB79D1B
FFFFFFBA31F1
FFFFFF64559F
FFFFFFBC1E99
FFFFFFBF1B7E
FFFFFFB71FE0
FFFFFFA35345
FFFFFF851520
FFFFFF7EBE98
FFFFFF83B855
FFFFFFD8C503
00000076E726
FFFFFFC26B5A
FFFFFFA8A89A
FFFFFFA68B73
FFFFFFA381B8
FFFFFF762A31
0000004E9712
0000003BACA0
FFFFFFB7B08D
FFFFFF882665
FFFFFF5C8C35
FFFFFF79E89C
FFFFFF836477
FFFFFFBF6198
0000000DE888
FFFFFFFFB44A
FFFFFFC7CD3A
FFFFFFC38EB8
FFFFFFB1DD45
FFFFFF934F0B
FFFFFFB8D0B0
000000396005
00000016B958
00000019B02E
FFFFFFCEE030
FFFFFF8E1ABC
FFFFFFC7A6EA
FFFFFFC003A0
FFFFFFC7DEAF
000000821ED0
0000001C7FA8
0000001140DB
0000002664E8
FFFFFFEB1DAF
FFFFFF9FA76A
FFFFFFCA63E0
FFFFFFD01CF2
00000003AC91
FFFFFFF6E77C
FFFFFFF12E3F
00000009FE29
FFFFFFF739DE
FFFFFFE7C32C
FFFFFFF48883
0000000F4A6B
FFFFFFE83026
000000368C1F
0000003EE980
FFFFFFD13457
FFFFFFDBE956
FFFFFFC8C3B5
FFFFFFCC30C4
0000000F6261
FFFFFFC216DB
FFFFFFD285F2
000000057C9C
FFFFFFEC75C8
FFFFFFB2ED62
FFFFFFED8064
0000002074DE
FFFFFFFB4624
0000008ED52B
FFFFFFAB6D8C
FFFFFFD8FAEF
FFFFFFC536AF
FFFFFFEFD307
000000499E21
000000499D37
0000002D7B0D
0000000AC592
0000001E5E85
00000013EE4E
0000006282EA
0000006781D5
00000059B949
0000008738F7
FFFFFFDEA894
FFFFFFD4EBFB
FFFFFFD09038
FFFFFFF14B1B
FFFFFFCD55CB
FFFFFFFF126E
0000000CDFF3
0000003ADF66
000000185060
00000006A790
FFFFFFDB849D
FFFFFFD7F7D2
0000001831B1
0000001EC3D3
FFFFFFDCBAC8
FFFFFFD95DFA
FFFFFFB057E2
FFFFFFDEBA63
FFFFFFEC4BCC
FFFFFFC000FA
FFFFFFF74820
FFFFFFE6954B
FFFFFFCA3670
FFFFFF9516B0
FFFFFFB6743F
FFFFFFDBF6A1
FFFFFFD6AEEB
FFFFFFC9FFB1
FFFFFFB384D8
FFFFFFA1B24E
FFFFFFB8C490
FFFFFFD3375C
FFFFFFD5CE6B
FFFFFFEE7D2A
00000014327F
FFFFFFEE9D72
FFFFFFFBFBC0
FFFFFFD941DB
FFFFFFCDF581
0000000C59C7
FFFFFFD58955
FFFFFFD256C3
FFFFFFAA6402
FFFFFFAC6B68
FFFFFFD69890
FFFFFFA8FD0E
FFFFFFA930B8
FFFFFFE79F3D
00000005159B
FFFFFFCF9E6C
FFFFFFFBC8EC
FFFFFFE6385D
FFFFFFF06406
FFFFFFF16A5A
FFFFFFF35F46
FFFFFFE05E7F
FFFFFFE4DA1F
FFFFFFB96D04
FFFFFFC531B5
FFFFFFF7FAB1
FFFFFFC04345
FFFFFFAD000E
FFFFFFC8C3D4
FFFFFFD53CC4
FFFFFFEE4964
FFFFFFF2C991
FFFFFFECE095
00000030C7BE
0000001CAA04
FFFFFFFD5B9A
FFFFFFB33178
FFFFFFDE30AE
FFFFFFA69D5D
FFFFFFCB9719
000000081800
FFFFFFCB9278
FFFFFFC7EE19
FFFFFFEBA893
FFFFFFFA8169
FFFFFFE65175
0000001ACFAE
0000000BD9ED
0000000FD919
00000021494E
FFFFFFEC567F
FFFFFFF7CC3C
FFFFFFF9D67E
FFFFFFF814C6
0000000BD75D
FFFFFFD182EC
FFFFFFD4F994
0000001646CC
0000001913F5
0000002373E2
0000001601F4
000000037AC4
0000002FF1A7
0000001E44B1
0000000246C2
0000001D4D6C
000000350107
0000001733DB
FFFFFFFF71D2
FFFFFFFD4ABE
FFFFFFE74B37
FFFFFFEE40EF
00000030AEC4
00000031CFE1
000000206059
00000016CECF
000000335FAD
0000004099EC
FFFFFFF34836
000000373297
000000220A09
0000001FBDB4
0000000F5A18
0000001ECD15
0000001D0C6E
00000004D15B
FFFFFFE5C1CA
0000002FB74E
00000031B2E7
0000003C9ADA
0000000F0EFC
000000374823
FFFFFFF8F318
00000009A649
00000026BC45
0000001504B5
000000298E0C
0000002A7281
000000217D45
FFFFFFFA3C36
FFFFFFF54E64
000000222947
000000172E35
000000037D60
0000000AB47B
0000003BDF7E
000000413613
000000004F90
FFFFFFFF8D8E
FFFFFFEE8562
00000020D480
000000161FB7
0000001A515D
00000001EB8B
FFFFFFDD84AA
FFFFFFC1291E
FFFFFFB78DDE
FFFFFFF1A7CE
FFFFFFFF0E8E
FFFFFFEB4CE6
0000003F71BD
000000039710
FFFFFFFB7F83
FFFFFFE99D54
00000011BEEB
0000002828DD
0000000B3684
FFFFFFFD04B2
FFFFFFE33FE4
FFFFFFDCC0E8
FFFFFFDF39A5
FFFFFFEA0E89
FFFFFFD1AD3C
FFFFFFBDDB94
00000026B9AF
00000002634C
0000002EF461
FFFFFFC6C564
000000062725
FFFFFFE8A20F
FFFFFFFA6ADF
FFFFFFFBCC85
FFFFFFD93838
FFFFFFF7D69B
FFFFFFF751B4
FFFFFFD3632C
FFFFFFBF743A
FFFFFF9CF790
0000002F42F2
0000000BC01C
FFFFFFE85777
FFFFFFBBAAFC
FFFFFFF54712
FFFFFFDD7AFB
FFFFFFF94090
FFFFFFE793E9
FFFFFFBF3F44
FFFFFFA49F2B
FFFFFFB65D63
FFFFFFB8B7F3
FFFFFFB7B5AC
FFFFFF94508E
00000034967C
0000001BEE05
0000002C9478
000000050FC7
0000003056A7
00000025EC71
0000000B1734
FFFFFFED9428
FFFFFFCFE8BF
FFFFFFEDCACF
FFFFFFF18A51
0000000DAE82
0000001DDE7B
0000001B4172
FFFFFFCDA508
FFFFFFF22799
FFFFFFD9AB9F
00000061B37F
FFFFFFE4FB40
FFFFFFF6E13E
0000004073F3
FFFFFFC05F62
FFFFFFF99CCA
FFFFFFDDCEB5
FFFFFFBF1E03
FFFFFFD21C9C
FFFFFFE83305
00000018488A
FFFFFFB63E88
FFFFFFB088B6
FFFFFFE1FC7C
000000446E87
FFFFFFE36797
000000108368
000000181269
FFFFFFDB9F88
FFFFFFE7AA94
0000001504F4
FFFFFFE834B1
0000000E3B03
FFFFFFF2EB71
FFFFFFF6F687
FFFFFFFD3FC9
FFFFFFD14991
0000002FE989
000000824D44
0000003C884B
FFFFFFF4CEE7
0000001135B4
FFFFFFFD5445
FFFFFFD899C1
000000021DDD
00000010470B
00000018554B
FFFFFFE7566F
0000000F3F08
FFFFFFD84E59
FFFFFFA83C9D
00000009D64B
000000564CB5
0000002A4F2A
0000003E4C8F
00000021A768
000000039284
FFFFFFD834AC
000000101DE6
FFFFFFEA84B6
FFFFFFF41661
FFFFFFF2E8E9
FFFFFFF61585
FFFFFFA61F77
000000073EA0
0000003C0697
0000003A84B8
00000009B780
00000082CBA5
000000611E64
FFFFFFE6529A
0000003BB401
FFFFFFFAB9F6
FFFFFFFF5257
FFFFFFF663CC
00000001C1FE
FFFFFFD5D045
FFFFFFF96DE4
0000000A0504
FFFFFFECDD82
FFFFFFE93A92
FFFFFFEEB8C7
0000004F246F
00000061F671
00000046E35F
00000014DB6C
000000075E59
0000000AA0B0
000000181EE9
FFFFFFE69F48
FFFFFFF94B4B
FFFFFFDC55B0
FFFFFFF8CD6B
FFFFFFECFAF8
FFFFFFCAAA2F
FFFFFFCECB55
FFFFFFFA3EC7
00000023FAC5
000000BE626C
000000547F65
0000001F947F
0000001E6628
00000039191A
000000296606
FFFFFFF2A7FD
0000001CB17D
FFFFFFFACC06
FFFFFFF9D3C8
FFFFFFE5D809
FFFFFFB46F4E
FFFFFFE8705D
0000000267F4
0000005468BD
000000A4BEB0
00000037F247
0000002AD39F
0000001EC193
0000000F85CE
0000000F1101
0000005E303E
0000001DE593
FFFFFFCA10FD
FFFFFFF4705A
0000000B0764
FFFFFFF403A0
FFFFFFE70B2A
00000020C2CE
0000009F69EE
00000037F065
0000001178DE
FFFFFFFD89D8
0000000D612F
FFFFFFFB81C1
00000021F59A
0000006C2A9A
0000006256D1
0000003C3C7C
00000035B8CA
FFFFFFE0A576
FFFFFFF87FDA
000000144BFD
00000043831B
0000001C3ED7
00000067355D
FFFFFFD25147
FFFFFFF5FABF
000000129EF9
FFFFFFD708AB
FFFFFFFFFE69
0000001721E8
000000446E2B
0000001D7C95
FFFFFFE4ED48
FFFFFFF43EBE
0000001B6222
0000000C11E0
000000095F84
0000004E1579
00000011FE1E
0000002DF2CE
0000000D54DE
00000002B7C8
FFFFFFED17C4
FFFFFFCFCBD9
000000174E58
000000022B53
00000008AD27
FFFFFFF21726
0000000A6DD7
0000002FC03C
FFFFFFEBC307
000000002160
000000169AC2
00000010A395
00000012B768
00000018573B
000000093821
FFFFFFE4C515
00000001033F
0000002D6F76
000000042B06
00000020716E
000000091166
00000005A39D
FFFFFFF140AC
0000001B3ED5
0000001EF51D
0000000A48CB
00000039DF3E
FFFFFFCF0618
000000104299
0000001C9210
00000020F71D
00000002B340
0000000E8ACD
0000001C8404
00000006CB2C
00000015CDF9
0000001D21E3
00000016DA0B
0000000D2DCD
FFFFFFF3550A
00000025B1FA
0000000A4EF2
00000012AC43
0000005DBD8D
0000000D4155
000000144728
00000001C893
00000028437B
000000418942
FFFFFFFC1841
FFFFFFF75BE3
FFFFFFE2B48C
FFFFFFDE3FC3
FFFFFFC4E17E
000000214EFB
000000243AA1
00000047C0EA
0000008F538C
00000056A0EF
00000042F599
FFFFFFFAFBD9
FFFFFFF5D424
00000025790D
FFFFFFE16F92
FFFFFFC6AB05
FFFFFFDB102B
FFFFFFD4F29E
FFFFFFDAD0F3
000000255749
FFFFFFFB6E31
00000017BB77
00000057F895
000000749A00
0000006FDD1F
0000000BA5C6
FFFFFFEFE615
FFFFFFE76E0B
FFFFFFC32ADF
FFFFFFC689EF
FFFFFFB3BEAB
FFFFFFDDFC50
FFFFFF9B16BD
FFFFFFC88238
0000001BC7BA
0000007D5132
000000609527
000000628CB7
0000004F529B
FFFFFFF7019F
FFFFFFD176C7
00000000FAA3
0000000C7436
0000000580B1
FFFFFFEA50B9
FFFFFFF87A30
FFFFFFBE322F
FFFFFFE8F04F
0000003ADCFD
00000062AF4C
0000005FFE6A
0000002471B7
FFFFFFF56275
0000000B44E8
FFFFFFD260F3
0000002ABB7D
0000003D8566
0000000883DF
FFFFFFBCC42D
FFFFFFE6B140
FFFFFFD5034D
FFFFFFD2D412
0000000A0B13
00000054F675
000000159067
0000000941F3
FFFFFFF7A736
00000022B914
FFFFFFE07D99
FFFFFFC240DA
FFFFFFBBF421
FFFFFFA2DF1D
FFFFFFA5F400
FFFFFFC76913
FFFFFFBF2B2D
FFFFFFF04F37
FFFFFFD90C24
0000000FB124
FFFFFFFE74C4
0000000414D7
00000011B595
000000087DAD
0000002B807D
0000000E35EC
FFFFFF900C1C
FFFFFFB040C7
FFFFFFD3AF3B
FFFFFFA92FA6
FFFFFFA76C01
FFFFFFF00C6A
00000007D89D
0000003461A1
FFFFFFD3C8A1
FFFFFFDD18C0
FFFFFFF47DDE
0000001E16CE
0000001F8B62
0000003F02D4
FFFFFFC3EC2A
FFFFFFB4FC72
FFFFFFC417CF
FFFFFFAE90ED
FFFFFFC19D6F
FFFFFFC22105
FFFFFFE3FFF5
FFFFFFB6AF7F
FFFFFFEF6E71
00000012BDBC
000000287B12
00000011AFCB
FFFFFFED8178
000000031030
00000003C4D6
FFFFFF9E5558
FFFFFFBF0D6B
FFFFFFB280DB
FFFFFFC8CFFF
FFFFFFA7EC66
FFFFFFE6B37B
FFFFFFC5C171
FFFFFFE80844
FFFFFFE50E2B
000000054542
0000001B0548
00000008DA7C
FFFFFFEB5356
00000031635A
FFFFFFEBF532
FFFFFFD211CB
FFFFFFD2EF9A
FFFFFFA4D4CC
FFFFFFB3B28E
FFFFFFB4B39D
FFFFFFE06A86
0000003947F7
000000013A9D
FFFFFFB230C2
FFFFFFC3B594
FFFFFFB50C11
FFFFFFCE94CB
FFFFFFF0790F
0000001C1E07
0000000EC43E
0000001E2596
FFFFFFEE4EF7
FFFFFFA23D0D
FFFFFFEC0190
FFFFFFFBA4B7
0000007A96FD
0000000DD192
FFFFFFD56A8F
0000001D4F0C
FFFFFFE7A331
FFFFFFEF300A
0000000D8FA1
0000002DB643
00000009E642
0000000BDF0A
000000121A4A
00000020C845
FFFFFFBE7BBB
FFFFFFC0F954
FFFFFFC38975
FFFFFFE0E279
FFFFFFFCA3BC
FFFFFFC9ACD4
0000002EA143
000000096B90
FFFFFFE3E0BE
FFFFFFFAAC42
FFFFFFF605B1
FFFFFFC95A4F
FFFFFFC7C8A9
FFFFFFFFF811
FFFFFFB80647
FFFFFFC7871B
FFFFFF96EE08
FFFFFFE32169
FFFFFFE1D6D4
FFFFFFDD42EE
FFFFFFD70821
FFFFFF8BFDC3
FFFFFFD11D34
FFFFFFA139BD
FFFFFFA97C17
FFFFFFEF542D
FFFFFFD1B603
FFFFFFDF7887
000000008341
FFFFFFF9899B
0000000FD227
0000002F3864
00000027354B
000000244738
000000252B1A
FFFFFFF228DE
FFFFFFFDBC0A
00000014D1D1
0000004C7668
00000037C344
00000029E929
0000003FE321
FFFFFFDD1531
FFFFFFDD3050
FFFFFF6647EF
FFFFFFC1D212
0000001551BC
00000030DE65
00000034C4E0
FFFFFFEFF7E7
FFFFFFCB7934
FFFFFFF5A5FB
FFFFFFC16F6A
000000019912
000000130A66
FFFFFFD09F54
FFFFFFEACB91
0000003413A9
0000001871F0
FFFFFFE24576
0000000FD571
000000140DA2
0000002FF2F0
00000023868F
000000103073
0000000A948E
0000000BC968
00000010ABBA
FFFFFFDEB0BA
FFFFFFF5880E
000000545316
0000002830F7
0000001E5D9D
FFFFFFEF956D
FFFFFFD249FC
FFFFFFEF3F30
0000002A8A4D
00000031FC4C
0000000542A4
0000002CB4AC
000000179FA4
00000015885A
0000000363AE
FFFFFFFB8C5B
FFFFFFC1854D
FFFFFFA44C82
FFFFFFCF44FC
FFFFFFAA3F47
FFFFFFAA61E2
FFFFFFCD47B4
0000001383F7
FFFFFFCEC6C2
FFFFFFC2B43D
FFFFFFF02CC2
000000090D1B
00000023C63F
000000178925
0000000D5A97
00000049D916
FFFFFFE71E7B
FFFFFFA7956C
FFFFFFBBA7F6
FFFFFFD4AD07
FFFFFFD18347
FFFFFFE2328E
FFFFFFF2B1FD
0000000229C8
000000160328
00000028971C
0000002CF42F
00000036CBA2
0000001F1F2D
0000003CE7BF
FFFFFFEE6E83
FFFFFFDAE7E1
FFFFFFB65EFC
FFFFFFD73EEC
FFFFFFFC63A2
FFFFFFE72625
FFFFFFCDFFAA
00000034D5EA
0000004B536A
000000046515
0000001DFF8C
00000036183A
0000004B314D
FFFFFFEB8029
FFFFFFF74705
FFFFFFE3C9D7
FFFFFFE708BB
FFFFFFF29738
FFFFFFC80660
FFFFFFE1EE53
FFFFFFEF0EC3
FFFFFFF7DC7E
0000004D2AB6
000000187EF4
0000002A6DE3
0000003D6626
000000662487
FFFFFFFB90AD
FFFFFFFCC540
FFFFFFFC0A61
00000011C052
FFFFFFD7CAFB
FFFFFFEB2A90
FFFFFFF7E4AF
FFFFFFF42B31
FFFFFFF5E55D
000000155479
FFFFFFFF9B0A
FFFFFFFC4694
FFFFFFFEAD29
00000035D5BC
0000005C42B2
000000344B8F
000000109809
FFFFFFCE93D7
FFFFFFDB2611
FFFFFFDEB4F6
FFFFFFD836A0
FFFFFFD4E7C2
FFFFFFDE1F7F
FFFFFFA9F6EB
FFFFFF937962
FFFFFF454759
FFFFFFA1A9B3
0000000763AD
0000004ABF75
00000061DCFF
FFFFFFD375BC
FFFFFFADA08A
FFFFFFEB4535
FFFFFFFFA292
FFFFFFF45CEB
00000005BF73
0000000B01E8
FFFFFFFB9498
FFFFFFBD59D6
FFFFFFA45262
FFFFFFB02328
FFFFFFFF05A7
0000001EC746
00000036FF54
FFFFFFADC7B6
FFFFFFD51B64
FFFFFFF1CC46
FFFFFFF1BA3F
FFFFFFEDC78A
FFFFFFEA76B2
0000000ADA24
0000001DD00D
FFFFFFEFFDD3
FFFFFFFBD22C
000000147731
FFFFFFFC9C3E
0000003131C7
000000077636
FFFFFFD59A41
FFFFFFE15144
0000000A9BB2
0000000BCA95
0000000102E7
FFFFFFA49F4E
FFFFFFE51A8E
FFFFFFEF0357
FFFFFFE03C6F
FFFFFFDB4BEF
FFFFFFD8925F
00000012C051
FFFFFFEE2680
0000002AED2E
000000523374
000000396261
0000003893AE
0000000AF699
FFFFFFFC0837
FFFFFFAC27CC
FFFFFFC74382
FFFFFFC14DC3
FFFFFFF4FC1A
00000004386F
00000009D95E
FFFFFFE8B95D
FFFFFFFB08E2
FFFFFFF221F2
FFFFFFF278A8
FFFFFFD30335
FFFFFFF8D67B
0000002D8476
00000029EE13
FFFFFFDCA962
FFFFFFEFE08B
0000001C3AD0
000000217D8D
0000001545BA
000000233F76
FFFFFFEA619A
0000001E9A6C
FFFFFFFE834E
00000001170F
FFFFFFDA6FC7
FFFFFFE4260A
FFFFFFF2AADC
0000002C1BA8
00000052ECDF
FFFFFFF6575C
00000018006F
00000024A8F0
000000009B70
0000002992C8
0000001DAC41
000000167819
FFFFFFCDAE49
FFFFFFDA3507
FFFFFFFAC916
00000012CF80
FFFFFFEE4F8D
000000153A4A
0000002B0006
0000001B59D0
FFFFFFFCDBA3
0000001EE9AA
0000000DB7CA
00000025B45F
000000242F35
000000004F88
000000237280
FFFFFFF3EA97
FFFFFFC37935
FFFFFFD69A0E
FFFFFFCD6AC3
000000179901
FFFFFFF6CF16
0000000658D2
FFFFFFE5D78E
FFFFFFF4F150
FFFFFFF99E38
FFFFFFE82B2B
FFFFFFDDCDA4
FFFFFFCE9E18
FFFFFFFD4D82
FFFFFFF3297C
FFFFFFBA75ED
FFFFFFC04F32
FFFFFFE243F9
FFFFFFD6D8A4
FFFFFFE80AD0
000000047729
0000001DBC60
0000000CB48A
0000002A0C3E
00000013F220
0000003C86DB
FFFFFFD65352
FFFFFFD9ABCF
FFFFFFBEBB18
FFFFFFC865D1
FFFFFFD88284
FFFFFFDB8A91
FFFFFFC84F70
FFFFFFEDE887
FFFFFFFBD000
00000005C0EC
00000002F484
000000140932
00000011966A
00000007F805
FFFFFFEFD4C1
FFFFFFC56772
FFFFFFB8A32E
FFFFFFC38676
FFFFFFCA2FB6
FFFFFFCDA4B2
FFFFFFF9C2F3
000000072CA9
FFFFFFF24E0A
00000003628E
00000002987C
FFFFFFF7AAE5
0000000BBC8F
FFFFFFFBBB16
FFFFFFE42928
FFFFFFDB4C2B
FFFFFFD2E4C2
FFFFFFCAEE91
FFFFFFB5BFD6
FFFFFFC0A0B1
FFFFFFC71957
FFFFFFF8DD1F
00000008D598
000000191A51
0000000CFC71
FFFFFFF25438
000000074C26
00000013886A
000000054183
FFFFFFD797EF
FFFFFFB3C1C1
FFFFFFB5759F
FFFFFF9D1B1C
FFFFFFB00DAC
FFFFFFB3413A
FFFFFFE67701
000000048B8C
FFFFFFF98FDD
FFFFFFFA5F6F
00000013A856
000000175E73
000000017ABE
00000015EF9C
FFFFFFF44433
FFFFFFA63EFD
FFFFFFC45D61
FFFFFFC91555
FFFFFFB6FA6D
FFFFFFBAA53C
FFFFFFC90C87
0000000CEC72
FFFFFFFC99B6
FFFFFFF769BB
00000001E6BD
FFFFFFF16145
0000000E1892
00000021069E
000000146FBC
FFFFFFD96CFE
FFFFFFAA8581
FFFFFFC69535
FFFFFFC347B9
FFFFFFBA5023
FFFFFFB1E5B0
FFFFFFD38227
FFFFFFDD30BD
FFFFFFD9BCD2
FFFFFFF9AC11
FFFFFFE75B03
FFFFFFDCA34E
FFFFFFF3FE24
FFFFFFE9AC62
00000003D9CE
FFFFFFD418D7
FFFFFFCA21AF
FFFFFFBD38D4
FFFFFFAC81C1
FFFFFFACA071
FFFFFFC62AE0
FFFFFFB73B90
FFFFFFC12FE6
FFFFFFE44781
000000097EFA
FFFFFFBCA565
FFFFFFFCD2F7
FFFFFFE0288C
FFFFFFF16D6B
FFFFFFFF79B1
FFFFFFF7E625
FFFFFFDC8F5D
FFFFFFA3D583
FFFFFFE633DC
FFFFFFE34D21
FFFFFFF08C84
FFFFFFB9BE80
FFFFFFE9C4EA
FFFFFFEF21B0
00000000C89A
0000001C1C4A
000000013C42
00000008DB5E
0000000426A3
FFFFFFF9C2F0
00000023F78A
00000009A41B
00000023467B
0000001B0D64
0000000C1857
000000155A7B
0000000A1E98
0000003702AB
000000445516
FFFFFFA33AAD
FFFFFFA36C69
FFFFFF906E5A
FFFFFFC83781
FFFFFFD9FF1D
FFFFFFCEF7BF
FFFFFFC8FDF2
000000238203
FFFFFF9B2FFD
FFFFFFCE2633
FFFFFFAA6996
FFFFFFB80BD3
FFFFFF985D53
FFFFFFA6E95C
FFFFFF832D74
FFFFFFA979FA
FFFFFFD71C44
FFFFFFC76520
FFFFFFC43F90
FFFFFFAD2ABA
FFFFFFDE461C
FFFFFFCB8351
FFFFFFB0899A
FFFFFFC74950
FFFFFF86036B
FFFFFFBB4E29
FFFFFF900CF9
FFFFFF8EF699
FFFFFF93044E
FFFFFFD18ADE
00000032F4F3
00000002D63C
FFFFFFCA4A0C
FFFFFFB2BFDF
FFFFFFB6B77D
FFFFFFC7955F
FFFFFFDE092E
FFFFFFD7CE44
FFFFFFBE95CC
FFFFFFB43507
FFFFFFB09358
FFFFFFBC9AB2
FFFFFFAD37B3
FFFFFFBC1A11
0000002A8373
00000071B8B2
00000042B5F9
FFFFFFEDF8CB
FFFFFF9D8041
FFFFFFDA91F7
FFFFFFD6FC50
FFFFFFEB4EA5
00000002124F
0000000A61FB
000000067DC2
FFFFFFFB92B5
FFFFFFF5DC20
000000124B5D
0000001EC0C7
000000611240
0000007FE3C8
0000000EAE1F
FFFFFFB516B8
FFFFFFF2BC7B
FFFFFFDFE769
FFFFFFE738B0
00000006646C
FFFFFFFFE0BB
FFFFFFF2D722
FFFFFFB9053B
00000012F7A1
000000752648
000000687402
0000006E844A
00000077734D
0000004951E1
FFFFFFEB0FC0
FFFFFFE42C9C
FFFFFFDF2827
FFFFFFD6E764
FFFFFFFC05A7
FFFFFFD925C9
FFFFFFE36BE8
FFFFFFDCF5E9
00000011B003
0000006D4433
000000721AC2
000000600B93
0000006CC1A3
000000604E1D
000000280017
FFFFFFB13BD7
FFFFFFAF9EED
FFFFFFCBCA2B
FFFFFFC95487
FFFFFFD49D44
FFFFFFC7873D
FFFFFFE48E98
00000013E062
0000005BD620
00000054FA43
0000006BB3D1
0000007616C4
0000006A4145
0000005CA02E
000000114B44
FFFFFFACC777
FFFFFFC6CEC3
FFFFFFD4D312
FFFFFFEE03B5
FFFFFFDBEDE7
FFFFFFB20463
FFFFFFFE141F
0000004024B9
0000006B0C54
00000074F0F3
0000006A413B
00000051509B
0000005D1322
00000034BD7C
FFFFFFDD0D2F
FFFFFFB3586C
FFFFFFC936A7
FFFFFFD82246
FFFFFFCACC29
FFFFFFC3FF9C
FFFFFFBE2A6B
FFFFFFFC9528
000000690D3F
00000063E6A4
0000004FC48E
00000060EBCE
00000055EEF4
0000005D0027
000000068A07
000000069B23
FFFFFFE25211
FFFFFFF1C834
FFFFFFDF11FB
FFFFFFCFE732
FFFFFFB9B647
FFFFFF9F9941
0000004C5459
00000063952F
00000041FB4C
000000550EF0
000000504163
00000040B9A2
0000003B8666
00000040C399
0000003A5576
00000034C93C
0000002B0903
FFFFFFF25B57
FFFFFFE3F50F
FFFFFFCA5684
00000024D95E
0000006583F5
0000003DC5CF
0000005ED7A7
0000005E953F
0000006A9A14
000000526D25
0000005391CA
000000577FDF
000000474FDA
0000002FD39A
0000004301D6
FFFFFFAB3614
FFFFFFDDEA8F
FFFFFFF69146
FFFFFFBA6CB5
FFFFFFC12FD7
0000000C8B23
0000004629A9
0000005EF8E6
000000490C1D
0000003453DA
000000281788
000000064B0D
FFFFFFFC5393
00000004DB81
FFFFFF9B6635
FFFFFFBB907F
FFFFFFB03922
FFFFFFBFBD5A
FFFFFFCCB465
FFFFFFCC6D24
FFFFFFD5E8D2
FFFFFFD41A76
FFFFFFC28D70
FFFFFFAC3166
FFFFFFC8465A
FFFFFFB1CC72
FFFFFF9A6AD3
FFFFFFA39A86
000000095C1B
FFFFFFEBB712
FFFFFFC822FB
FFFFFFD0E3B9
FFFFFFFAB5EB
0000001F4CE1
FFFFFFD3B807
FFFFFFD2F4EE
FFFFFFFF0962
FFFFFFD704FD
FFFFFFE2CE69
FFFFFFE5FBA7
FFFFFFF9C059
FFFFFFE9BAF9
FFFFFFEF6122
FFFFFFE739F1
FFFFFFD59879
FFFFFFC18005
0000000037D0
00000014B7FC
FFFFFFDEFD1F
00000001FE59
000000066355
FFFFFFF459B5
FFFFFFF9A9DF
00000002E697
00000014A2E4
FFFFFFD2A94D
FFFFFFFF1774
00000018F9E6
000000140E90
FFFFFFDCA2EC
00000009FBC9
FFFFFFDEECD6
FFFFFFC6CC98
FFFFFFF853A7
000000290A90
0000001AA386
00000006CDF9
000000034ADA
000000510434
0000004249C3
FFFFFFD366CF
FFFFFFCF16F8
FFFFFFF004F9
FFFFFFFC9CFA
FFFFFFF74035
FFFFFFEDB16D
FFFFFFD550F9
FFFFFFF230FD
0000002122AB
000000070E81
FFFFFFFB8E17
00000033DB51
00000052C272
0000003FF559
0000000240EE
000000340F22
000000656AFB
00000020D245
FFFFFFE58B1B
FFFFFFB27776
FFFFFFE6E867
000000028AEB
FFFFFFFD253B
000000243EA6
00000042459B
0000001249CF
00000054E7F4
0000005B2BA2
00000003844F
FFFFFFF73133
0000001C3B27
000000129012
FFFFFFFBE001
FFFFFFDDA8FA
000000176FBD
0000001FBA35
000000474D14
000000445A6A
000000423CB1
0000000BD5F0
FFFFFFDC7C21
FFFFFFA51BDD
FFFFFFD9F854
0000001D2FD1
00000012A0C9
FFFFFFFED64F
FFFFFFEBDE81
FFFFFFF77057
FFFFFFEBF060
FFFFFFB7B9D6
FFFFFFCCD061
FFFFFFE5559C
FFFFFFF60680
FFFFFFEA447B
00000003B245
FFFFFFBAB3C4
FFFFFFB97657
FFFFFFACC62F
FFFFFFFCAB74
00000007D1BC
0000000A614C
FFFFFFF0E21B
FFFFFFCC6B5A
FFFFFFA8961D
FFFFFFE6EDE6
FFFFFFE11B92
FFFFFFF8EA02
FFFFFFF65694
FFFFFFEBC547
FFFFFFC6CAFC
FFFFFFD96450
FFFFFFF4867A
FFFFFFF3DAA3
FFFFFFFDF416
FFFFFFE1795C
FFFFFFC545E6
FFFFFFE8A5A5
FFFFFFC43BE4
FFFFFFCC9E52
FFFFFFE1837D
0000000A51F6
00000002DEFA
FFFFFFE9862D
FFFFFFE35EB0
FFFFFFCED860
FFFFFFD603CA
FFFFFFF0A6DD
00000008ED38
FFFFFFE0F486
FFFFFFCEFE12
FFFFFFEE8403
FFFFFFF0F4BE
FFFFFFC94106
FFFFFFF7A2BF
FFFFFFE53E76
0000001C344A
00000046CFE7
000000016EF8
FFFFFFEC3AFF
FFFFFFB3D40A
FFFFFFA50566
FFFFFFE8CE4C
FFFFFFF9D403
00000047028C
000000684691
00000030DD72
000000039448
FFFFFFD98F2A
0000000C872B
00000004E80B
000000328654
00000036147F
FFFFFFF139C0
FFFFFFD39820
FFFFFFAA547F
FFFFFFC2F2FD
FFFFFFCC878B
FFFFFFCC0815
FFFFFFF16BF1
FFFFFFFDE6B0
FFFFFFE63E55
FFFFFFDDA3DE
FFFFFFF84A9F
FFFFFFEB8A36
FFFFFFF35EAA
FFFFFFFF1362
FFFFFFF5FEF9
0000003A4D7D
000000338B6F
000000098725
FFFFFFF53199
0000004E1324
FFFFFFE50583
FFFFFFFE7333
0000004758D8
000000515D54
0000004BFF3D
000000317265
0000003B9EA3
0000001F3EF2
FFFFFFF13CFD
FFFFFFE9FFAA
FFFFFFFE6527
FFFFFFDAE522
FFFFFFE6647F
000000098D1E
000000036E64
0000002C130D
0000000DBF47
00000006A336
00000011DA3F
FFFFFFF9CF4A
0000000C59A6
FFFFFFDE4307
00000044D771
0000001C2F05
0000006A5379
0000005C0E2E
00000039FE4D
00000037B4DB
000000693F22
0000001465B7
0000005261EC
0000002DD926
0000005E7EC7
000000597A62
000000714504
00000060BB1E
00000006E38B
00000038844D
FFFFFFEB6E1D
0000002E48E3
000000092644
000000366C5A
00000059182A
0000005A16BA
0000002F27E0
00000031BD03
000000370A7A
0000004ACFAB
0000003656E7
00000002308B
0000001E07A6
0000004E0034
0000001C7E0F
FFFFFFE02C88
FFFFFFF9CE01
00000034694B
0000003DDBC9
000000420F91
0000001CB130
000000158806
0000000D0A40
000000364613
FFFFFFF9F33A
0000004F6879
0000003AAD31
0000006E635C
00000037E62E
FFFFFFD49902
FFFFFFF14D3A
00000025F55F
000000494477
000000487137
000000383E1C
00000020FE25
0000000B265A
FFFFFFF5B3F5
FFFFFFBAFF8F
00000025CD97
00000065D605
00000033F2DE
00000005F5D0
FFFFFFC7DFE7
FFFFFFBF91E2
FFFFFFFFF46F
0000004D6E3A
000000249A1D
0000001761CD
000000191CDA
000000010402
000000261931
FFFFFFFD72BE
FFFFFFE6972B
00000061BA86
FFFFFFDC9B7A
FFFFFFBA610E
FFFFFFC64151
FFFFFFCF5335
FFFFFFC81962
0000001F4036
0000001D6069
FFFFFFCC510F
FFFFFFD2B33E
FFFFFFE6202B
000000099319
0000000AC1D9
FFFFFFFEC3A2
0000007F8DCA
FFFFFFD08D68
FFFFFFB7E8FB
FFFFFFB17A87
FFFFFFD321BD
FFFFFFD4E608
FFFFFFCCB9DB
00000027D7D4
0000001F76A5
00000005B32D
FFFFFFEC61CB
FFFFFFE0F3C3
FFFFFFF2AEA8
0000000458EB
0000005C9B8E
FFFFFFBC1A59
00000001F1B5
FFFFFFCF5883
FFFFFFDF20B4
FFFFFFD81BBF
FFFFFFD6A6B8
FFFFFFD54F4F
000000349420
00000011AEE0
FFFFFFD030A3
FFFFFFE9C4F6
00000008D0BE
0000000C957A
000000418753
FFFFFFD77AA1
FFFFFFE5EE77
FFFFFFCA92ED
FFFFFFE34323
FFFFFFDA249F
FFFFFFC573C7
FFFFFFBCEE42
0000002879BB
000000302A05
FFFFFFF33BAC
FFFFFFF19DD0
FFFFFFE38753
0000001A9DC1
0000001337E8
000000219102
FFFFFFF9A60C
FFFFFFF69D1A
FFFFFFC23E8F
FFFFFFAB516A
FFFFFF97E6CB
FFFFFF931395
FFFFFFD4EEEF
00000012ECDA
0000005D33F1
0000002C7016
FFFFFFF4F7C1
0000001A6B27
FFFFFFF24CD7
00000003BFB1
FFFFFFF935E5
0000000DAA9D
FFFFFFE805EC
FFFFFFBB6FAB
FFFFFFD9AAD3
FFFFFFB627CE
FFFFFFBBB4BE
FFFFFFD68BCA
FFFFFFDC8151
FFFFFFCEEDF9
FFFFFFC62035
0000002CFDDA
FFFFFFF3C827
0000001557E9
00000017299F
0000002A7B57
000000278504
FFFFFFEFF831
FFFFFFE0FCDF
FFFFFFB1E06D
FFFFFFCDFEBE
FFFFFFF671FB
FFFFFFD816DE
FFFFFFBF50EE
FFFFFFD862B8
0000001A3A83
00000017A1A7
FFFFFFF4237E
0000000E2943
0000000FEA18
00000028AC50
0000004D28F1
00000027EB28
000000016BA7
FFFFFFD79C45
FFFFFFDBE6CC
FFFFFFECBF05
FFFFFFFA78B4
FFFFFFFFF4E8
000000300A8D
00000011B3BC
00000019BB1D
000000005BE3
0000001F1618
0000001F0FCA
00000033C4AD
000000487394
00000029BCD0
0000000EF130
000000145B8C
00000025053F
0000002B5CE0
00000015FE98
000000370434
000000184570
000000149E76
000000250ABE
0000001D7BE9
00000000CD07
0000003AC23B
FFFFFFF34216
FFFFFFC25CD6
FFFFFFF8FA13
0000001C8438
00000007829E
0000002DBC8A
0000002CA29A
00000016C77F
000000071B34
0000002249DA
0000003BD020
FFFFFFF8CC40
0000002A7F43
0000002A8637
0000000E98FF
FFFFFFF5CC1B
00000025897B
00000002693D
00000003297F
0000002B640C
000000069C4C
FFFFFFD73D24
0000001AE0C1
0000004A7B80
00000025ED1B
FFFFFFF73AD8
00000039ACC6
0000001C6EE5
000000265C55
FFFFFFFFC7BD
0000002DF5BA
00000010F541
0000000E122C
FFFFFFFCCFBF
FFFFFFF63DC1
FFFFFFFBC09B
00000042D17C
0000005B1387
FFFFFFF4A4BB
FFFFFFF129DB
FFFFFFDB05CB
000000106630
0000002A9CF1
00000022AE4F
0000002BB85B
0000001CD317
FFFFFFCFEA49
FFFFFFB3D308
FFFFFFB12FB8
FFFFFF9BD983
000000339D98
FFFFFFE47325
FFFFFFCB355F
00000003107D
FFFFFFDC67A4
0000000F0271
FFFFFFFE582E
000000102C17
0000001ECA7D
FFFFFFE94994
FFFFFFD622E7
FFFFFFEEFE9C
FFFFFFE887D3
0000001226CA
0000002773DA
FFFFFFFB7F35
0000000C1981
FFFFFFFF00D9
FFFFFFDAAFE6
FFFFFFDC9F62
FFFFFFEEEA32
FFFFFFE0DF74
FFFFFFF51B76
FFFFFFE95AE5
FFFFFFD49A78
FFFFFFF4DFD9
00000008112D
FFFFFFF3DC85
00000029FC97
FFFFFFEB8041
FFFFFFE980C9
FFFFFFF91B50
FFFFFFE0F68E
FFFFFFC0005E
FFFFFFF49F44
00000013BBA3
0000000952C5
00000034A59F
00000018618F
0000000EF1CF
0000002C3603
000000031A81
0000001A846F
FFFFFFF41292
000000096EB4
FFFFFFE28452
FFFFFFD152C8
FFFFFFFBA817
FFFFFFFB502D
0000000C2F29
000000299399
00000025A871
0000000F3DC1
0000001EBAA4
0000000B9CD5
000000264D4B
0000000EABB4
FFFFFFB8B6B0
FFFFFFC2D20A
FFFFFFD8F20D
000000157C0F
FFFFFFFFA665
FFFFFFEF634E
FFFFFFFC23FB
000000127694
000000207443
000000117141
000000254E7F
000000012C93
0000002532BC
00000011DC09
FFFFFFCCDC56
FFFFFFE49D34
FFFFFFE6C42B
000000128C0F
FFFFFFFC8170
0000000150DA
FFFFFFF76B26
FFFFFFFAF4A3
0000001E7180
0000003FAEB5
0000005A9D2D
00000045E884
0000000B66C3
000000337607
0000000F4939
0000000DB4E1
FFFFFFCEEBF2
FFFFFFFA6C8A
00000007E670
FFFFFFEDC3A2
FFFFFFDD9701
FFFFFFF12E58
FFFFFFF2ED6A
000000167FEE
FFFFFFECFDBD
000000373F6B
0000003D9CDC
000000112952
FFFFFFEA43A5
000000101258
00000002C6B9
FFFFFFF6AA05
000000218C2E
FFFFFFE8C6A7
FFFFFFE0D0B5
00000009AB2B
00000010FED0
FFFFFFF7C4CE
FFFFFFEBA3A5
0000001D82D6
0000004B13EF
0000004134C6
0000002FD0E0
FFFFFFFFAB45
000000184107
0000000AF5BF
00000028E24D
FFFFFFCC62EB
00000020A6F1
0000002581AE
0000002CCADF
FFFFFFF5EC40
FFFFFFEC9237
0000002F88AD
00000050B790
00000014C8D4
FFFFFFF4FC3A
FFFFFFF4B13C
0000001A135F
FFFFFFF30C33
00000036F0BE
0000001A8359
0000001E3799
000000245AA1
000000035C90
000000276913
000000273B2D
00000038F789
00000028EE38
0000003F1F38
0000007601F5
0000002567D6
0000004A189D
0000003EC620
FFFFFFEBB606
000000023603
FFFFFFE533B6
00000029DE9D
00000053D1CA
0000004F0915
0000005B6DA9
0000005F992E
0000005E6C3B
0000002C9974
00000043A8C9
000000383C9B
0000004DB214
0000005A8300
0000004434C2
0000000C5215
FFFFFFEB3D47
0000003BC589
00000040978B
00000052B476
0000006526E3
000000410F0F
0000003D0C7A
0000003CFB38
0000008932DF
0000009368FA
0000004CBF91
0000003427F9
00000037A686
0000004D1737
000000213EFE
0000001605FA
0000004CFA16
000000589EA3
0000004A7E5B
00000039A396
000000171966
0000003CB17E
00000051E14B
0000006A9229
000000579898
0000001802D2
00000038D8D1
0000005825E2
0000005B864E
000000372467
0000004201FB
000000274B32
0000000124BB
0000002C8DE7
0000000B37AE
00000043AD91
0000001A2691
00000011567B
0000004140C9
0000003BBA34
000000597E37
000000677CED
0000002ADF2A
000000018100
00000004FBBD
000000047C51
FFFFFFFEBDD0
FFFFFFE3A5D0
FFFFFFBFDE3E
0000003564B0
FFFFFFF81D6E
0000002203BB
00000039969D
00000018B427
0000002A1160
000000430768
00000008AE5F
0000001A24B4
000000205F24
0000000A871A
00000024602B
00000012825C
FFFFFFFBFFA3
0000002FDD72
000000149915
00000030594F
00000050AE0E
0000003684D2
0000001CB378
0000000B4BB0
0000002AC243
00000038394E
0000003022E7
000000506B2C
00000058262A
0000002A7B49
00000010E313
00000041C12E
000000531ABA
0000003C59F4
00000039418A
0000000565DA
00000012D9BF
000000397568
0000004ACEE6
0000001C65D1
00000027EEF7
0000004396E4
000000511824
0000002FAA9B
0000003E05EE
FFFFFFF85EE9
0000001D73FD
000000172830
0000002949F4
0000003F9957
0000006DDFB7
0000003DEC7D
0000004A5CFB
0000000D0874
0000002E4AB9
0000004A3B9A
0000004DEC2C
0000004C6536
00000030401E
0000002C9E79
00000028A5C1
FFFFFFEECB3E
00000004906A
00000048A956
0000004DC547
0000003BDDE2
0000003D9C28
000000448A3F
00000021AC0B
00000044C5C9
00000026A5E2
000000481E5D
000000170A8E
0000002B0B86
0000005B44D6
000000050FC7
000000315640
0000002B7732
0000001EB58B
0000001BDA64
0000003231B7
000000440669
0000003848AF
00000022A51A
0000001CB1FD
0000003A2DF0
00000023084D
000000268572
00000029DB2C
FFFFFFDCBEDA
000000400FC7
0000001FFE31
0000004F2C30
0000007DD496
000000570AE3
0000003B1725
000000467AC6
0000004C75C9
00000067D167
0000004E12B5
0000001D76FA
00000048152F
0000005CEEBB
000000314EA6
000000587FAC
0000001808FF
0000002E051D
0000001D3B7C
000000592C80
0000004F2983
0000002A49AF
00000053CF86
00000054E4FF
00000030AA2C
0000001480B9
0000001EA89A
000000441480
0000002D17B1
000000268DDB
000000405AFD
0000002068E2
0000001A9601
FFFFFFF9FA54
0000003A0B54
0000004D0CB6
00000030B5FE
00000036F819
FFFFFFF86961
FFFFFFF4CEE9
FFFFFF92A3FA
FFFFFFA3F7A4
00000024F7CF
FFFFFFE8E60D
FFFFFF970C6F
FFFFFFA4B80E
0000000E29EC
FFFFFFC3A7A6
FFFFFF8C07AC
FFFFFF7D1A05
FFFFFFD9EEDC
FFFFFFE21090
FFFFFFD8C529
FFFFFFE7EC50
FFFFFF6A1831
FFFFFFE4C82F
00000009F136
0000003E3FA2
000000575F8A
FFFFFFF01086
FFFFFFDBB038
FFFFFFBCE472
FFFFFF9F78D9
FFFFFFB5A185
FFFFFFE48430
FFFFFFF966C6
0000000B016F
FFFFFFA7F460
FFFFFFBB7856
FFFFFFE9D266
FFFFFFB1B8E2
000000020F70
0000004DDC0D
FFFFFFF6C0A7
FFFFFF9B34ED
FFFFFF8CF4C5
FFFFFF6DB49C
FFFFFFB1AEDC
FFFFFFCF90D8
00000015BA07
00000001B8D3
FFFFFFEB4338
FFFFFFBD869C
00000041330C
000000025F36
000000056264
FFFFFFD0EE42
FFFFFFEFC2D1
FFFFFF8D05FB
FFFFFFCA9879
FFFFFFB286A5
FFFFFFA6FADC
FFFFFFB2E274
FFFFFFCB59C2
FFFFFFB22E7B
FFFFFFFF5371
000000198C4D
000000A98EAC
00000064DC26
FFFFFFF9C856
FFFFFFBF86E1
00000042C548
0000002C4BD7
FFFFFFBD2A7E
000000079B06
FFFFFFF14828
FFFFFFE06BEF
FFFFFFBC53AB
FFFFFFD5B183
00000010FE3B
FFFFFFB477F9
FFFFFFA59EE6
FFFFFFD6482C
FFFFFFB882D8
FFFFFFBC153E
FFFFFFCA0CFF
0000003B0493
0000001B7A99
FFFFFFB68F86
FFFFFFDE7271
FFFFFF8E03D1
FFFFFFBA8BB4
FFFFFFAED7B5
FFFFFFA81436
00000016DF04
FFFFFFFAA213
FFFFFFC2C32F
FFFFFFC8EDB0
FFFFFFAD3B76
FFFFFFA1B560
FFFFFFA4D9B9
0000007069DE
FFFFFFFE3A2E
FFFFFFB5BF27
FFFFFFBC6D7B
FFFFFFA4F3CF
FFFFFFA274AE
FFFFFF9C3222
0000003AB0AF
FFFFFFF493BB
FFFFFFEBB173
FFFFFFDCBE06
FFFFFFD08011
FFFFFFAAE49D
FFFFFFAC3FAF
FFFFFFEE1547
0000003879DE
FFFFFFA7F0D6
FFFFFFA12A0B
FFFFFFAE5E79
FFFFFFB2B090
FFFFFFBC7B4E
FFFFFFFC925C
0000003107AC
FFFFFFEBAF62
FFFFFFC425D6
FFFFFFD453BC
FFFFFFE87B13
FFFFFFACD762
FFFFFFD85484
00000021EEEA
FFFFFFFFE306
FFFFFF887469
FFFFFFA0CADD
FFFFFF9B0BE8
FFFFFFABE474
FFFFFFB9F9DD
0000001D5976
FFFFFFC5CD36
FFFFFFF0179F
FFFFFFFF3B48
FFFFFFE4B167
FFFFFFEB6345
FFFFFFCE3341
FFFFFFC2F49B
000000214606
FFFFFFFF596E
0000001D52BD
0000000C0CE5
FFFFFFC967F0
FFFFFFB3B0CE
0000000345C1
FFFFFFFC8DB9
00000003CAC0
0000001F15F1
000000229362
00000024EC7A
FFFFFFEDBE41
FFFFFFBB7FF2
FFFFFFD86038
000000158792
FFFFFFF2F9B6
FFFFFFD9988A
FFFFFFC7C6AB
FFFFFF89B710
00000009351A
0000001E1FD0
000000039146
FFFFFFDAB494
FFFFFFD8C32D
FFFFFFF62611
FFFFFFE465E6
FFFFFFB950FC
FFFFFFEF3721
FFFFFFE07578
00000010616E
FFFFFFBD1105
FFFFFFBF9CED
FFFFFFA1D68B
FFFFFFA90286
FFFFFFE40E09
FFFFFFC19D11
FFFFFFB38CF9
00000019D453
00000013365F
FFFFFFFDDC8C
0000001A513D
000000255EEB
0000001CBE56
0000002266AA
FFFFFFEEAF01
0000002A9252
FFFFFFC3F172
FFFFFFA1B80C
FFFFFF8BD994
FFFFFF69ADBD
FFFFFF93DE9C
FFFFFFD6FEB4
FFFFFFAB190F
FFFFFFCDEA12
FFFFFFEF584D
FFFFFFF1F576
FFFFFFA1F688
FFFFFFA7B635
FFFFFFBBB1B0
FFFFFFDBB23A
FFFFFFEC5BD7
000000324678
FFFFFFCF8D98
0000000D1B07
00000021F104
0000000378CF
FFFFFFCAAA3B
FFFFFFD4B10A
00000002F84B
FFFFFFD604F6
FFFFFFDF1B07
FFFFFFB85BCB
FFFFFFFB957A
0000000B6919
00000004B5FF
FFFFFFF9ECE2
0000004FF272
000000612F19
FFFFFFFE9032
FFFFFFE21754
FFFFFFDAF954
FFFFFFD48CA9
FFFFFFEC916B
FFFFFFE4DACB
FFFFFFF4406A
FFFFFFBF5B07
FFFFFFC7AA1E
000000134C3E
FFFFFFC8855C
000000740FE0
000000C831B5
000000991AF9
000000A062EF
00000026D0C9
FFFFFFF4225B
FFFFFFCFABBA
FFFFFFC5D0D2
FFFFFFD4D564
FFFFFFCE7F5B
0000001101D4
FFFFFFE385BE
FFFFFFCC198F
FFFFFFCC64D3
0000005F1A4F
000000AD3E06
0000005952FF
0000006CA2FC
0000003A153B
FFFFFFFA09BF
FFFFFFFF7409
FFFFFFFA1213
0000001317ED
FFFFFFC61298
FFFFFFED18DF
FFFFFFE2D737
FFFFFFF2EC99
0000000C0DA1
00000057EB57
0000003AC5FC
0000003CF25D
0000000F1DE1
000000607055
0000005001B0
FFFFFFFA2261
FFFFFFE9D651
FFFFFFEC6477
FFFFFFE2EA65
FFFFFFFB0217
FFFFFFB43C41
FFFFFFBF6C10
000000AA44A4
0000008A6600
000000558232
0000003BCA01
000000119ADE
0000003E61DD
000000835075
000000416BFA
FFFFFFBB867B
FFFFFFC8D08F
FFFFFFECAAF8
FFFFFFC4285D
FFFFFFBCF749
FFFFFFBB6C5F
0000004F7B85
000000665E00
0000003A3993
000000356BA6
00000029F7FA
0000003593C2
0000005C0D34
0000004DDD7E
FFFFFFF5A49E
FFFFFFD0DF4C
FFFFFFEB59AE
FFFFFFD4F973
FFFFFFF5D9A1
FFFFFFD6D600
000000897BFC
00000099C4D9
000000468276
000000375A71
000000170555
00000035D460
0000002D9FFA
000000516A7A
000000399828
0000001CBD88
FFFFFFC2FB08
FFFFFFDE7721
FFFFFFDD13CC
FFFFFFDCC4B1
00000047613C
0000009118B9
0000004EFC3A
0000004D8981
0000002BE32D
0000004DDD95
0000002218B0
0000003B9E43
0000008DE09C
00000027A729
FFFFFFDD63F9
FFFFFFF258CA
FFFFFFF6E944
FFFFFFCFE9DC
FFFFFFF7030D
0000005A1F38
00000084BC0E
00000052BAB8
00000052C3D1
00000027BC35
000000072DB1
000000161E70
0000004373D5
0000000BD85C
FFFFFFF4BE09
000000473249
00000081D0B5
FFFFFFDEA675
FFFFFFC853E1
FFFFFFD57886
000000499A3A
000000312476
0000005D26E1
00000040CF92
0000000207A5
FFFFFFF915B5
00000026E4D7
00000014EC1B
FFFFFFEFC755
0000004EF244
00000097166F
00000058ABF5
FFFFFFCCC6FB
FFFFFFD730B5
00000033A72B
00000001F29F
000000AA7D32
000000925CCE
0000004337BE
000000296B35
00000020F96B
0000003EE58B
000000547470
000000489775
00000062882D
0000005857D0
FFFFFFB093B4
FFFFFFE0A026
FFFFFFE502C1
FFFFFFD59B41
0000004E9050
00000052859F
00000036E221
000000580910
FFFFFFED74E9
FFFFFFE7C49F
00000018A0E3
0000000AF4B0
00000025C1E2
0000000821B8
FFFFFF98C245
0000000F9FDD
FFFFFFF2E01C
0000000A7BCE
FFFFFFEC1C8E
FFFFFFD470A0
0000001A1C42
FFFFFFFEE786
FFFFFFD3080A
FFFFFFB8CA5E
FFFFFFCAF801
FFFFFFFD7220
FFFFFFEA2919
FFFFFFF66591
FFFFFFFE7FD8
00000006FCDE
FFFFFFE5FC40
FFFFFFF7EC77
00000038AFA5
0000001380E3
0000004D5E25
FFFFFFE6BD04
0000000CE8B9
0000002F2640
0000002BDFD1
000000297DF8
000000179BEA
00000045632C
00000005EB26
00000002FC38
FFFFFF934D9D
FFFFFFB03EFC
FFFFFFE12195
0000001BB2C4
00000045B2A5
0000004503C5
0000001803B8
00000034E6BF
000000136707
0000001A0574
0000000F21D9
0000003E4D09
00000060FC62
FFFFFFF795E1
FFFFFFD72B96
FFFFFFF08120
FFFFFFC25038
FFFFFFF448F8
0000003D943E
0000005AD0E1
0000002FEF9E
0000004023EF
00000069B3E5
0000001BDD62
0000004D3519
0000006533A9
000000429EB9
FFFFFFD4B962
FFFFFFF993DC
00000026505E
000000210BAB
000000297DA1
000000511E2E
0000003053C4
000000363D06
0000004D5EDB
0000005BD1BE
0000004EEA78
000000477BB4
000000419053
FFFFFFEA6D05
FFFFFFE1653B
00000012AC31
0000001C43FC
0000004EC57B
00000023ACB8
00000033862D
00000016713C
0000000F9471
00000024AF88
0000003DD0BF
000000639E0B
0000004BBAF8
00000016FDBC
0000000A0648
0000001B75B0
0000002B8D41
00000037DD5B
00000044897D
0000003315AC
0000001C11D7
0000004821E2
0000006766E5
0000007736D4
000000856A8C
0000007C2E61
0000006B6B1B
0000007DCBBE
FFFFFFE859B7
000000222371
000000348496
0000002A9569
000000155E3F
0000001DC712
0000002C4224
00000028A28F
000000513C38
0000006A7FFF
0000007F50CB
00000084E774
00000077444A
000000887CD9
0000002053A0
000000491658
0000004419C4
0000004B93D2
000000284482
0000001F7365
000000396F05
00000027236E
0000003C3E48
000000674A3F
000000999967
00000083A4EB
000000632C19
0000008E0D3A
0000006C51B1
00000048272B
0000002462BA
0000004B816C
0000004074C5
00000040F188
0000003CCA2B
000000443146
000000284E6B
000000506A68
00000082E9BB
000000614C49
0000007FD5AE
00000098B50C
000000A97E4A
000000940EF8
0000002E7C2A
000000440506
0000006039EA
0000002A07AB
00000006B198
000000458FE4
000000251686
00000028CAC7
000000199B6D
FFFFFFE5030B
00000026C6A1
000000621919
0000008CC9C8
0000007DF07A
FFFFFFD47169
FFFFFFFFCB56
0000001F81FF
00000020178A
00000004C010
00000034FFB0
000000209E03
0000001B9330
000000217CF5
0000001629DF
0000002D52E9
0000004E56BC
000000731BC0
0000003DF2A2
FFFFFFD91847
0000001BE6A5
0000001A512A
0000001629E0
0000003585CA
0000005FBB6C
000000231ABF
000000146867
00000014D998
0000004BB09E
00000030A6A4
0000003FE9A2
00000085032C
000000524BF9
00000043E764
0000006DED01
0000007FE4C4
FFFFFFEC2DCE
00000025FECD
00000024B220
00000018CF19
0000002B64EF
00000022B6E1
000000402384
0000003C423A
000000486099
0000008E45EA
00000092005E
000000943AA2
00000084BA4B
0000007AEDE1
000000759CAD
000000997091
00000062808B
0000007B1D4F
0000008D8B63
0000008232D4
00000091F267
00000073FB9D
00000098F3B9
FFFFFFBC8577
FFFFFFE6676C
000000352F16
000000011E3F
FFFFFFF52430
00000007B3A1
000000100E08
FFFFFFF0ADF5
FFFFFFF4778E
FFFFFFCFFC99
0000000DA024
FFFFFFFEFFF4
FFFFFFFCB130
FFFFFFF53B9E
FFFFFFEF2C76
0000003007D8
000000777741
0000004C9B99
000000192063
0000001B438B
FFFFFFFB69BB
FFFFFFF9EE0F
00000006F6B0
000000179AC3
0000002099A4
00000038C146
0000001B9067
0000000749D7
FFFFFFD16AEB
00000074B45A
00000081DB4F
00000076ECF3
00000074B343
0000001B99A6
00000008AEA4
0000001EB6ED
FFFFFFE165A6
0000000AB276
000000103441
0000000A5A42
FFFFFFFBFA63
000000031ADE
FFFFFFC7DB11
00000063E2C6
0000006E9F25
00000055A179
000000514FA0
0000002411C8
0000000D5D93
FFFFFFE79887
0000001F9A1E
FFFFFFF8E371
000000066250
0000000C580C
FFFFFFFDE187
FFFFFFF7B477
000000277FBF
000000591974
00000045A6DB
00000038BA57
000000362B34
0000005B14F9
0000001D1F80
00000001A0E7
FFFFFFFB93E2
000000002CCB
FFFFFFFD6FB7
FFFFFFF252FD
FFFFFFD1B1AF
FFFFFF9C428A
00000019B39E
000000284C07
0000003C2504
00000036EB6F
0000003CD225
0000003F3E1F
0000004A568F
0000002227F0
FFFFFFC669D8
FFFFFFD831A9
FFFFFFCD6F6C
FFFFFFCD72B7
FFFFFFA893FA
FFFFFFB8F9F9
000000028BF9
00000026F7C1
0000002868D4
00000035CE31
0000002EA64C
000000261540
00000038BA37
0000002C2EEC
FFFFFFD0A498
FFFFFFCA2C80
FFFFFFB79980
FFFFFFD09327
FFFFFFBE527E
FFFFFFB4C722
00000024DBB5
000000317C2B
000000438DDD
000000482396
00000016A985
0000001E5B76
000000329416
0000004383E1
00000012BD3A
FFFFFFC65868
FFFFFFC629C9
FFFFFFDB6F45
FFFFFFE46513
FFFFFFD32454
FFFFFFDA66B9
00000010CC04
000000320F37
000000255D2A
0000002720B4
0000001B4696
0000002C0878
0000003C9B1E
0000003B315D
FFFFFFE46EAF
FFFFFFC1486D
FFFFFFD83E57
FFFFFFD3105B
FFFFFFD14800
FFFFFFA0BE50
FFFFFFEDECDE
000000352409
000000422A18
0000002B8983
00000021FF90
0000002836CD
00000038DECE
000000336153
0000002D7D50
0000001E9BEA
000000409CD3
000000002487
FFFFFFC64262
FFFFFFA83224
FFFFFFE21598
00000041E3C7
0000004E5A96
00000037CB16
0000002D15D2
00000020B246
0000002F2505
0000002B74FA
00000034F05B
00000031B337
000000388341
0000003BBF9E
000000004354
FFFFFFC34704
FFFFFFE09A3E
0000003E7911
000000414722
00000027D866
0000003A62AE
00000047A700
0000004FBF5E
000000328AFA
0000003C5775
000000390BEF
00000044444E
00000049FBF5
0000002BFC6D
FFFFFFD1BCB4
FFFFFFE489A3
0000000A6536
FFFFFFE44FB5
FFFFFFDF316F
000000151DFD
00000033BA2A
00000051A2B7
000000313EBD
0000002CC07B
0000003E4C67
00000032A643
000000242CCA
0000002D547B
FFFFFF9C5868
FFFFFFC9EED8
FFFFFFBCFFCE
FFFFFFB9575B
FFFFFFE260E8
FFFFFFD4C5DA
FFFFFFDC1565
FFFFFFEA4D12
00000007D07A
FFFFFFE4B594
FFFFFFD4E752
FFFFFFC3FF9F
FFFFFFA0D89E
FFFFFFB548E4
FFFFFFFBE43A
FFFFFFEA44DD
000000915B2A
00000055922B
0000001A9CB7
FFFFFFF36D36
FFFFFFF540D7
FFFFFFEAC51D
00000013AD47
0000001E6C5E
00000036597E
00000024206B
0000000D0177
0000003DC272
FFFFFFF3E556
0000003A4C1E
000000521376
00000069BFFF
00000032CD6A
000000195541
00000008CC11
00000006AF9D
FFFFFFFC11EB
00000042C945
000000159A7D
0000001773C5
00000014785E
000000120777
000000213E0B
0000002528F7
FFFFFFF79846
000000209732
FFFFFFFCB520
FFFFFFFC4E72
FFFFFFEABEB1
FFFFFFFEB733
FFFFFFE204BC
000000090D8B
0000001258B7
00000019EA65
FFFFFFEF5150
000000010843
FFFFFFFD40F6
0000002C1B63
FFFFFFFEDB63
FFFFFFEE5ADB
FFFFFFDEED6D
0000007DFC44
00000036319B
FFFFFFF9E048
00000002793D
000000284221
FFFFFFF63B0D
000000003C00
FFFFFFBB6858
FFFFFFFDC648
0000005E7BCE
0000005A128C
FFFFFFF23465
FFFFFFEA3DC2
FFFFFFD7B27A
00000045F50A
000000735E14
00000021338A
000000063929
0000000EFB98
FFFFFFF64EF0
FFFFFFDF83B5
FFFFFFE00869
FFFFFFCDE045
00000031C77B
0000000B05C3
FFFFFFF92D76
FFFFFFCE16B7
FFFFFFC3B6C4
FFFFFFE446F2
000000650754
0000002F0C33
FFFFFFDC119E
FFFFFFE65584
FFFFFFE5E78D
FFFFFFF368C7
FFFFFFC3635A
0000001CC7CF
0000003BF7B8
00000013D4D4
FFFFFFCCE20D
FFFFFFBC5839
FFFFFFD25042
FFFFFFC89AC0
FFFFFFEB8EC6
0000009A0BA2
00000024BFB8
FFFFFFD55862
FFFFFFCB181B
FFFFFFF10200
FFFFFFD42AA0
FFFFFFF3BB22
0000004959F3
0000000C91B6
FFFFFFDA0F6D
FFFFFFDE91AE
0000000E344F
FFFFFFE72EC2
FFFFFFBC2729
0000000C40CF
0000006E9C9C
0000000755F7
FFFFFFCBAD66
FFFFFFCCB199
FFFFFFF4A07B
FFFFFFF14892
0000006DBF24
000000386C80
FFFFFFD6919E
FFFFFFEC187D
0000000620D4
FFFFFFDF95CB
FFFFFFBCC2AC
FFFFFFF2C728
0000002D8852
000000217FBD
FFFFFFBB1E64
FFFFFFD6F764
FFFFFFD975DE
FFFFFFEE6739
FFFFFFE178A1
0000004809EE
000000227F20
000000016F38
FFFFFFD65FE2
FFFFFFB8942F
FFFFFFB93E11
FFFFFFBB363B
FFFFFFD6C6DA
0000006C4E86
00000022FE30
000000474BFC
00000026CEFB
00000014566D
FFFFFFF183BA
FFFFFFCFE241
FFFFFFF07779
FFFFFFE04AE6
00000023EB82
FFFFFFF6EFAC
FFFFFFC4C53D
FFFFFFAF5DD5
FFFFFFBCE524
FFFFFFEF64F0
00000001E657
00000003EC9D
000000056769
00000030883F
FFFFFFE7E2D4
FFFFFFC99F81
00000014AF43
0000000DDDE9
0000005097A3
0000000EE827
FFFFFFF18A33
FFFFFFD660A8
FFFFFFD566C9
FFFFFFDE34F9
FFFFFFD096DD
FFFFFFE8D352
FFFFFFD4C49C
00000054E9C8
FFFFFFEA5AD8
FFFFFFD814B3
000000274AB0
00000011483C
00000040CE66
0000001E52C8
FFFFFFEA152B
0000000043B9
FFFFFFE5F70D
0000000FA2D9
00000003F918
0000000EF284
FFFFFFF6CE50
0000002CBAFD
FFFFFFF94847
00000007961E
00000003FB33
0000001A029F
FFFFFFF50080
FFFFFFF5E238
000000151138
0000000B55C2
000000081740
00000038DDBA
FFFFFFE85ECE
FFFFFFE767E0
FFFFFFF0A1FF
00000012F541
FFFFFFE4A42F
FFFFFFA084E1
FFFFFFE78AE2
FFFFFFC53420
00000008D76A
0000003E8BE6
FFFFFFD0A586
FFFFFFC2F205
0000000E1FAD
FFFFFFBCB74F
FFFFFFF76281
FFFFFFD59441
FFFFFFBD094A
0000001EABCC
0000000DE20A
0000000E4184
FFFFFFA8F815
FFFFFFC1DC4A
0000000C7E1F
0000003D71AA
00000009C9AC
FFFFFFDCED8F
0000002462F0
FFFFFFF07A66
FFFFFFFB1849
FFFFFFE50A5A
00000040B164
0000001A3B47
0000002E90E2
0000006216B7
00000027E993
FFFFFFEC1E93
FFFFFFE3B367
0000002B9D8B
FFFFFFC03CDF
FFFFFFFACF0D
0000000E9D0A
00000022A5FE
00000026837D
0000001F9C81
0000004F2769
00000004E045
000000139323
00000032970C
000000200077
00000023118E
0000001E2F1C
0000006C11A9
0000000E0B69
FFFFFFDFECFE
000000099279
00000042CBBE
00000023E084
000000415020
0000005DF061
00000044FC82
00000026BCB2
0000001D00EC
0000005CC84D
00000005602A
FFFFFF766C59
FFFFFFCBDFA6
0000005A95BC
0000000E1451
FFFFFFEC8C45
0000003099AC
0000001A11BE
00000019C0BA
000000118283
00000002A5DB
0000009C6F39
0000005CE5C0
00000022465D
FFFFFFADC44B
FFFFFF855F4B
FFFFFFBC31AA
0000002CDD49
0000000EDFD7
FFFFFFFC3191
00000017D7BE
0000003F9BE5
00000024211B
00000020819E
000000045D30
00000050DF70
0000002BB60C
FFFFFFCA2262
FFFFFF90A054
FFFFFF872C67
FFFFFFBD038C
FFFFFFE3AA64
FFFFFFE4AEEB
FFFFFFFAC1CB
FFFFFFE5F671
FFFFFFDE4D2D
FFFFFFDD0EC1
FFFFFFEF8C7C
FFFFFFC93D27
FFFFFFF359D3
FFFFFFAAC00A
FFFFFF9B9AC5
FFFFFFB62A25
FFFFFFFA3888
FFFFFFA6468B
FFFFFF6CE2DE
FFFFFFA382AD
0000002763B4
FFFFFFD9D210
FFFFFFCD1CC7
FFFFFFDCD6BE
0000000CB4D1
FFFFFFC4FF6F
FFFFFFF2BFB2
0000000544BB
FFFFFFE13D36
FFFFFFD85474
FFFFFF903329
FFFFFF759CE7
FFFFFF8BE8DD
FFFFFFB8322D
FFFFFFDEB695
0000000C4155
0000000445AA
FFFFFFDF2426
FFFFFFE5873D
FFFFFFE3EF3B
FFFFFFEB68FE
0000001D6657
FFFFFFC22825
FFFFFF98EBD1
FFFFFF87E679
FFFFFF6EBCB8
FFFFFF94FD89
FFFFFFB38B94
FFFFFF922F7B
000000223D92
FFFFFFD14176
FFFFFFE61681
00000041C930
0000001FCBA1
FFFFFFE6E6B9
0000003C0C05
FFFFFF89169E
FFFFFF5738E5
0000000750C6
00000026A337
FFFFFFD1996F
0000000047E6
FFFFFFF3BF59
FFFFFFE689AC
FFFFFFC946C3
FFFFFFD7B8FF
00000040BA29
000000E2C976
FFFFFFE4E2FA
000000255F8D
FFFFFFAC64DD
FFFFFF927A23
FFFFFFC3CD08
FFFFFF9ABC31
FFFFFFB03A44
FFFFFFBF1EDD
FFFFFFAE378E
0000000837AE
FFFFFFE0A014
FFFFFFD890A4
FFFFFFF1F11F
000000D961FF
FFFFFFCE1572
FFFFFFECC90D
0000000F798F
0000004CB504
00000051CE42
FFFFFFFE8D2D
FFFFFFE50BE1
FFFFFF621A03
FFFFFFF55576
000000209BC7
0000004763BB
FFFFFFEFB3B3
00000030EE19
0000005CF026
000000273F94
0000002DB428
0000003C8B4D
000000479AE0
FFFFFFFD29FF
FFFFFFE500C4
0000001C7F74
FFFFFFEC89AB
000000179A01
0000004351DE
FFFFFFE55E42
000000304333
00000018EC5C
FFFFFFE0DE2D
FFFFFFDDAC44
FFFFFFCC3341
FFFFFFC97175
0000001A34B6
0000001830AE
00000011DEC3
00000039D124
FFFFFFEB6AE3
FFFFFFF9BAB5
0000002CEE6B
FFFFFFFB85E1
0000002D74BF
0000000D03DA
FFFFFFC03040
FFFFFFB88EF4
FFFFFFA14770
FFFFFF3B63ED
FFFFFFD8E306
FFFFFFE7FB71
0000001566E1
000000097EB4
000000124C5D
0000001A394C
00000011F6CC
000000090BD7
000000087F2E
FFFFFFEDFD07
FFFFFFB0130D
00000002B657
FFFFFF7642FB
FFFFFFB850B0
FFFFFFCE2215
FFFFFF5AF898
FFFFFFE3B7A8
00000000273F
0000001B4322
00000037DED8
000000310E6D
00000011B825
FFFFFFF438B1
FFFFFFEFA060
000000053A5B
FFFFFFC965D8
FFFFFF3B83AF
FFFFFFD6647F
FFFFFFB26B90
FFFFFFDB80DE
FFFFFFDFE70A
FFFFFFF25C51
0000000E118F
FFFFFFF8A4F7
FFFFFFF4B175
FFFFFFFC8876
FFFFFFC9380C
FFFFFFA19DD9
FFFFFFC2FD87
FFFFFFA00199
FFFFFF86B82D
FFFFFFC39676
FFFFFFA3AB7D
FFFFFFDAC52F
FFFFFFC3654E
FFFFFFD653C8
FFFFFFFD3F40
000000052F64
FFFFFFF0C41B
FFFFFFF6AADA
FFFFFFF71E51
00000001D33D
0000003B9E8D
FFFFFFA9359F
FFFFFFAA075B
FFFFFFA4B5BA
FFFFFFC6D1F6
FFFFFFD268D7
FFFFFFFE20D3
FFFFFFC5C5B0
00000026B5A8
00000055ECB8
0000005327EA
00000050BA63
0000003E8D23
00000054A8E6
0000005C18A4
FFFFFFE4F4A9
FFFFFFAC3269
FFFFFFBBBA1D
FFFFFFCD0671
FFFFFFF3B41E
FFFFFFFEA5DD
FFFFFFE41D0B
00000002EEB6
00000049D79A
0000004FD7B2
0000004E0074
000000507840
00000049D6D1
0000005EDB27
FFFFFFB63503
FFFFFFAE05D4
FFFFFFCBDE75
FFFFFFD84800
FFFFFFD65E69
FFFFFFBE3052
FFFFFFCFF7BB
FFFFFFDD389C
0000002854CB
0000005AA0D0
0000005EA780
0000003BB46C
0000004BC059
0000005240A8
FFFFFFD797CE
FFFFFFCD5917
FFFFFFE3170D
FFFFFFC7BB6A
FFFFFF9A5FD4
FFFFFFBF0C77
FFFFFFC875DD
FFFFFFEACE28
FFFFFFE76BC0
0000003E1613
0000006E8A97
00000045E129
0000004C3B1F
000000520A1F
0000003FC323
00000001A393
FFFFFFD013EB
FFFFFFD03589
FFFFFFA2533F
FFFFFFCFE32C
FFFFFFD88509
FFFFFFE22B8C
FFFFFFF01DD1
00000005A5E7
000000483B71
0000000177E2
FFFFFFFB3D66
00000059AE9B
000000440410
00000038746B
FFFFFFC6BF73
FFFFFFFB47C5
FFFFFFD32BFC
FFFFFFBA45D5
FFFFFFC4C9BA
FFFFFFE2411A
FFFFFFF0E7F8
FFFFFFED7B43
FFFFFFC9128F
FFFFFFEE2DC7
FFFFFF9836FD
FFFFFFEBA880
000000586FE1
00000039B2F5
FFFFFFAC476B
FFFFFFC37D97
FFFFFFC50DFA
FFFFFF99979F
FFFFFFDB324B
FFFFFFCF5AD2
FFFFFFCF91CB
FFFFFF9ACC1C
FFFFFFC3647A
FFFFFFCDC588
FFFFFFCB0A09
FFFFFFA99FE5
00000025AEFB
0000001E1B41
FFFFFFF98589
0000002A10FF
0000000B0A81
FFFFFFA058D6
FFFFFFE4188B
FFFFFF9B862D
FFFFFF882745
FFFFFF8F4241
FFFFFFB30FC4
FFFFFFDA0ED0
FFFFFFD4BCB4
FFFFFFD97325
00000072BE7F
000000671E53
000000704783
0000007DFC4D
00000091C4C8
0000004C3136
0000001C72DB
00000017D94E
0000001E6705
0000004C71F8
0000005A5A03
00000064972D
00000077A2C2
000000750E05
FFFFFFA491CA
FFFFFFB58025
FFFFFF91F417
FFFFFFD4D493
FFFFFFE95249
FFFFFFA26528
FFFFFFFE4155
FFFFFFC48A48
FFFFFF7F755F
FFFFFFBE0644
FFFFFFDEDC4B
000000163E65
FFFFFFE32F7E
FFFFFF9FFF40
FFFFFF7F2E2D
FFFFFF8984B5
FFFFFFA63C29
FFFFFFA5A3B8
FFFFFF9BB34C
FFFFFFD69F58
0000000731F6
FFFFFFDE42D5
FFFFFFC8B8DF
FFFFFFF6373E
FFFFFFDE53D0
0000003D1329
FFFFFFE5676D
FFFFFF885688
FFFFFF98AFC5
FFFFFF6D47F0
FFFFFFB75B91
FFFFFFBAFE7F
FFFFFF8082AE
FFFFFFA21360
FFFFFFEE8431
FFFFFFF591F7
FFFFFFC0A37C
FFFFFFF98D91
00000013A30A
FFFFFFD661E5
FFFFFFCD5C4F
FFFFFFD57598
FFFFFF962E02
FFFFFF7E8858
FFFFFF9AAC32
FFFFFF96E5EE
FFFFFFBE8A19
FFFFFFC889A3
FFFFFFCA11B9
FFFFFFDFCDF1
FFFFFFAFE427
FFFFFFD5B2C4
FFFFFFEF1A68
FFFFFFEF4D4F
FFFFFFDCD722
FFFFFFEF6AA5
FFFFFFBAFB4F
FFFFFFA6C93A
FFFFFF6E1309
FFFFFFBAC291
0000004A5B1D
0000002562D7
FFFFFFADE4CA
FFFFFFBAF297
FFFFFFCCDA6D
FFFFFF99A03F
FFFFFFC6F46F
FFFFFFC7664A
FFFFFFDE699B
FFFFFFC6F91E
FFFFFFF5C339
000000144618
000000239D07
0000003DC261
0000002D1559
0000002166FC
FFFFFFD17A4D
FFFFFF9719DF
FFFFFFE56297
FFFFFFF572D4
FFFFFFE062C2
000000000453
00000027D165
FFFFFFFF2FB5
0000002C7EC0
0000006400EF
00000059D1A3
0000005CC165
0000006B4668
00000044A483
000000162FFF
0000000EFA58
00000008093D
000000153B2C
000000199C85
0000003CEE27
00000021BF64
000000262DD2
000000382870
000000A5AD0B
00000090D819
0000005D0C84
0000003D1195
0000005A4F43
000000866C84
00000052906C
FFFFFFF469BD
00000000454B
0000001E9ECA
0000002D5E7E
00000021D31D
00000034958E
FFFFFFE6BC81
0000004A5D1A
00000039BA37
00000046E6AA
00000060FDDB
00000078787D
0000003CF54A
000000590EB3
0000001C09F3
000000037515
00000013DEE1
00000009B092
00000006723D
0000002373C1
00000000862C
FFFFFFE496A7
FFFFFFBE871C
00000002C1CB
000000412AF8
0000006BA9A2
00000051BCAC
0000002F5943
0000004AD999
000000126D12
0000002016FC
0000001BC463
0000002A6D6F
FFFFFFF69E07
FFFFFFF72BFB
FFFFFFF2ED38
FFFFFFCE7BA0
000000085370
00000041C800
00000045BEEB
00000040B56D
000000353AF9
000000444D96
00000043C5E0
0000001DA15C
000000359A49
00000025A706
FFFFFFDA4D07
FFFFFFC4AAB7
FFFFFFCA0EFE
FFFFFFC21A4E
00000026B193
000000335CD0
000000400D69
00000014C799
00000054F6C3
000000537874
0000005DF1FF
0000004F38DE
00000088820F
00000028C6D5
FFFFFFF648B8
0000000909CE
FFFFFFEA009C
FFFFFFE5B622
FFFFFFD99DEB
FFFFFFB36F0B
FFFFFFC05127
00000000996D
0000004C1A12
00000039C68F
FFFFFFF806B1
00000007F5BD
0000002BFB8A
FFFFFFF6E557
FFFFFFD9502A
000000109C34
0000001909CB
FFFFFFFA3FA2
000000007B9E
00000011A3FA
0000000C6DD3
FFFFFFE3C512
FFFFFFE67918
FFFFFFDFE6B3
0000002A8020
00000009A1CD
0000001C2B05
0000000AD6F5
FFFFFFF9AC32
0000001C3277
FFFFFFE74710
FFFFFFEE82BC
FFFFFFE3FFF8
0000001B419A
FFFFFFF0393D
00000019FC61
000000448C7D
00000020F2C6
FFFFFFF5B3E9
FFFFFFFA5E73
FFFFFFFC8251
FFFFFFEEC727
FFFFFFDC7C78
000000223ADC
FFFFFFEEBE78
FFFFFFEB1DFC
FFFFFFDF7E5F
FFFFFFDE28F3
000000060AD8
000000235631
00000048A122
000000313C0F
FFFFFFE24906
0000001C8EBB
FFFFFFDEA9D5
FFFFFFEC3B69
FFFFFFF27279
00000002A475
FFFFFFE46E5D
FFFFFFB98B6E
FFFFFFC4C9FE
00000006CE4F
000000544687
0000000E2DC6
FFFFFFFA648E
0000002287A5
0000000AE8A4
FFFFFFF5CCD6
FFFFFFF99D1A
000000016F66
FFFFFFFB32D5
000000282CA4
0000003856F8
FFFFFFBA3A40
FFFFFFD105B7
000000040527
FFFFFFDFDF47
FFFFFFD52B94
00000010ACFC
000000269134
FFFFFFF70B01
FFFFFFFD3165
0000000BC607
FFFFFFEBE0E4
000000045C67
00000008783E
FFFFFFC8516E
FFFFFFB4C904
FFFFFFED495E
FFFFFFFCC389
FFFFFFB9BD8A
FFFFFFCC8482
00000008F49C
0000000C0FDA
00000006689E
FFFFFFF1FEB0
000000128C35
0000001AC068
000000175DC4
FFFFFFBCB972
FFFFFFC1BD5C
FFFFFFF7DE72
0000001876A9
0000000FA333
FFFFFFDEA838
FFFFFFC5A0DC
FFFFFFE25C30
FFFFFFFE30A4
00000016AC17
FFFFFFF767C4
FFFFFFF3196E
00000052DDDC
000000123722
FFFFFFF171CD
FFFFFFCD7E14
0000000E968B
0000001AF360
00000016D9BF
00000015872F
FFFFFFED2DE4
FFFFFFAFBD2D
FFFFFFF0D1D6
000000057C9B
000000108958
FFFFFFF32F61
00000015E742
0000002317E9
0000000934EC
FFFFFFCDC946
000000210497
0000000101C5
00000012D43C
00000019EA0F
0000003062A7
FFFFFFC6E514
FFFFFFC86D48
FFFFFFF3EF54
FFFFFFFDD31D
000000119805
0000000EA8BD
0000001A3BA7
00000004D3CE
FFFFFFCD1CC1
000000392C7E
FFFFFFFEA33D
00000004F580
0000000638B8
0000001B967A
FFFFFFD5C7A3
FFFFFFF34A74
00000019A733
0000001C6CBB
0000001A4ED1
0000001030EA
0000001CFACC
0000002FC69F
FFFFFFE6BC16
FFFFFFF24277
FFFFFFFA6229
000000007280
0000000AD722
000000006C5A
FFFFFFE061A8
FFFFFFF1AFDF
FFFFFFE2621C
00000015FB9A
00000000665E
FFFFFFD5223D
FFFFFFD4E88E
00000026AD41
00000029C336
00000055D448
FFFFFFF05037
0000000E57E5
FFFFFFE329BA
FFFFFFE9F1B8
FFFFFFFF0A4B
FFFFFFE4D49C
FFFFFFEA3CDD
FFFFFFF53438
FFFFFFF94A59
FFFFFFB71A27
FFFFFFBBD62E
000000260C3D
0000002D68C0
0000006AB4D5
FFFFFFE8D393
0000000A7F42
FFFFFFF809DE
FFFFFFD731F7
FFFFFFF82B55
FFFFFFE90D4B
000000331C2B
000000286C61
FFFFFFDF93FC
FFFFFFD32CBC
FFFFFFB4C549
00000019C82C
00000006763F
0000000C89B5
00000001F624
0000000AD32C
FFFFFFE34A0F
FFFFFFF31982
FFFFFFED9C7A
FFFFFFD814BD
FFFFFFC458FC
FFFFFFCB772E
FFFFFFC7EF81
FFFFFFD7E6D4
FFFFFFBE0F6B
0000003BA020
0000002758B1
00000000A062
000000001BEB
000000268B0E
00000007903E
0000000F6D67
FFFFFFFAD22C
FFFFFFF9D363
FFFFFFDD69F3
00000020BFA5
00000038096E
000000382B69
00000009BD58
FFFFFFFCC0F8
FFFFFFE7C1AA
0000007DEB01
0000005033B3
0000002E43C5
0000003F18AE
0000006F279A
000000078B8F
0000003E3855
FFFFFFF8D159
000000106656
00000026F9FD
0000000BED9C
0000003C1C9A
FFFFFFBF1BE9
0000003F3C7D
0000009F7690
0000007C53D1
0000005BD6BE
000000559C2C
0000003C0CFE
00000079FA96
000000590492
0000002A1199
0000002E5628
00000047E723
0000002B80C4
FFFFFFF3EA31
0000000D78D5
000000413DF5
000000226374
0000002EFA0B
0000006C6A5A
000000496C13
0000000EF560
00000017F537
0000000F93B3
000000236578
0000001B1D0C
00000049DB6B
0000001BFFD1
0000004A6CCB
00000028BD02
00000068A17F
00000019E7F8
0000004146F9
0000001C7C99
0000002A03B0
00000013DDF0
00000028D695
00000033F576
00000045FA1A
FFFFFFFB25E4
00000052BE00
FFFFFFFC4154
0000004CA9BB
000000B34A57
000000B1A565
0000007A184B
FFFFFFF4B19A
FFFFFFB6C61A
FFFFFFF6D931
00000057D608
00000044A9FF
0000006A8ED2
0000002C7123
000000257E0E
00000000DE7D
000000216331
0000006102AE
00000005EF27
FFFFFFB8616A
FFFFFFDC319B
FFFFFFD0E7D4
FFFFFFABCBFC
FFFFFFB9DDF0
0000006B6353
0000005473A9
0000002241C8
00000004F82C
FFFFFFEC29F5
FFFFFFFE9732
FFFFFFDD4FFA
FFFFFFF4146C
FFFFFFED2854
FFFFFFCEFA5C
FFFFFFCA0B14
FFFFFFDE2B41
FFFFFFC2349B
FFFFFF9BC2D5
FFFFFFD0092D
00000082155C
00000023CDDB
FFFFFFDE3503
FFFFFFF07467
FFFFFFD758F3
FFFFFFF816A9
FFFFFFFAD252
000000344E50
FFFFFFBCA838
FFFFFFEC82FA
FFFFFFE582F3
FFFFFFEEBBF2
FFFFFFDB6FAB
FFFFFFBEE968
FFFFFFEED4E0
0000005FC843
00000009F802
FFFFFFFD3C1C
FFFFFFE1CB70
FFFFFFF750D8
000000029042
0000004C9206
FFFFFFD3C43E
FFFFFFD0F59F
FFFFFFCDFBC9
FFFFFFFAC4B5
FFFFFFCF2F82
FFFFFFABB70C
FFFFFFA64E8F
000000284F74
00000022B6AB
FFFFFFF9C6C0
FFFFFFEEFD47
000000020C22
FFFFFFDFC20F
000000162F42
00000030A1E8
FFFFFFAFDCF1
FFFFFFF26AD0
FFFFFFF41374
FFFFFFC1105B
FFFFFFABA5A0
FFFFFFA1AA7B
FFFFFFE234A4
00000037C934
000000431044
000000565BD9
0000002FCAA4
000000151649
0000002866E9
00000003DA9A
FFFFFFE1C8A8
FFFFFFCE7726
FFFFFFDECE3E
FFFFFFF3BD02
FFFFFFE1FE5E
FFFFFFE0F2D1
FFFFFFBBAB85
FFFFFFC60F25
0000003845B7
FFFFFFF04267
FFFFFFE2CE7F
0000000F051F
FFFFFFF42E30
0000002CE867
000000412ACE
FFFFFFDCFA29
FFFFFFF8B81A
FFFFFFE59FF4
FFFFFFC3AC14
FFFFFFD6EE25
FFFFFFBECB9B
FFFFFFF11527
FFFFFFD865BA
FFFFFFDADAF7
FFFFFFAFE9A5
FFFFFFFEFE94
00000021C97B
00000061571E
00000081767C
000000352581
00000053AEAD
00000037658E
000000397A51
000000010796
FFFFFFFC3865
0000001E87FF
0000002CE5EF
000000338859
0000002FE15B
0000005D8502
0000003831CC
00000027E759
000000155270
00000024909D
0000002994B2
00000071CC46
00000053A2D4
0000004AB106
00000094AD99
0000005F36A6
0000003C10A6
0000004516A3
00000046B6AB
0000004C8C11
FFFFFFF7AD9F
0000003BDA46
FFFFFFF61839
0000003A1725
FFFFFFDFC86E
FFFFFFCECD4D
FFFFFFEAF984
0000003C1BDA
00000000FDB3
000000449452
0000005EC62D
0000003BB965
00000035B0AA
000000632459
FFFFFFEBDEE9
FFFFFFF40707
FFFFFFE9985E
000000280E80
0000003EB429
00000034D7DE
FFFFFFFC7CB4
FFFFFFB79FEA
FFFFFFF09330
0000002DB67C
000000304F5C
0000002B6CAB
00000000A339
0000005678D2
FFFFFFF5FD22
FFFFFFFEC1BB
0000000B4E5D
FFFFFFFCE2AA
FFFFFFF21794
000000283227
0000002E5C52
FFFFFFF13588
FFFFFFF7CDC9
000000054E30
00000028CD82
0000003CCF67
000000126FD3
FFFFFFE77889
00000036FB34
FFFFFFC3BE60
FFFFFFB917F8
FFFFFFE91DB5
FFFFFFF3B66C
FFFFFFE8EBDC
000000139AA1
0000002A3E00
00000024C047
0000002E3D67
00000017EA99
0000002E61DC
0000002A09A7
FFFFFFDB0D7B
00000010B07C
000000281FDC
FFFFFFC6DFE7
00000012D08F
00000022A2DC
FFFFFFEE0E80
0000000CA839
FFFFFFECEB01
FFFFFFE8A110
0000000A1B7E
FFFFFFECFB81
FFFFFFF7ED29
FFFFFFF52002
000000038484
0000000B029F
00000005DBBD
FFFFFFFA1675
000000152F5C
0000001BAB9E
FFFFFFF5B8EB
FFFFFFE9DB69
00000005FE05
000000056A8B
0000000246D8
FFFFFFE6E4B5
FFFFFFDA476E
FFFFFFE26B75
FFFFFFCF6D4F
0000001C9F53
FFFFFFFA8880
000000200D72
0000002C14CA
0000002D4712
FFFFFFFAE121
00000002597C
FFFFFFE1B0DF
FFFFFFEC7380
0000003358B1
0000001B6A32
0000000AAB0A
FFFFFFDFE981
FFFFFFF62933
FFFFFFDC145B
00000015BB10
FFFFFFE68D81
FFFFFFFBAC58
FFFFFFFF55AD
FFFFFFEFB487
FFFFFFFA0F4E
FFFFFFF30BEF
FFFFFFE67B18
FFFFFFF67776
FFFFFFF0BB56
FFFFFFF7AD4F
FFFFFFE6E07E
000000098A0B
FFFFFFC72867
0000000E7A85
FFFFFFFDC6DC
FFFFFFEDBB41
FFFFFFD3C4F9
0000000F2A78
0000000DF005
FFFFFFFAC6A1
FFFFFFEA37D7
FFFFFFD92078
FFFFFFC64446
FFFFFFE90D44
FFFFFFE40ACE
FFFFFFC8300D
FFFFFFDC4878
FFFFFFF3A13C
FFFFFFF8BED2
FFFFFFEB825A
00000001283A
0000002D5F77
000000588C52
0000001B2FF3
FFFFFFE4E7EC
FFFFFFDDBA94
FFFFFFFF1C46
FFFFFFF9C4A7
FFFFFFE62761
FFFFFFD33F26
00000003134A
0000000DBFD0
FFFFFFF07CE9
00000001F85B
FFFFFFD15C7C
FFFFFFCAB03C
FFFFFFF6496F
FFFFFFFF4BFE
FFFFFFF2C8B5
0000001C51A8
0000001C0D29
FFFFFFEB07AD
FFFFFFDF65C0
FFFFFFB30571
0000000CB486
00000035C898
FFFFFFF90F2D
FFFFFFFA25FD
FFFFFFD86ED3
FFFFFFF4FBE0
000000076D45
FFFFFFF0C876
FFFFFFF16EAF
FFFFFFCB4974
00000004D97E
000000030E09
FFFFFFF56152
FFFFFFAB79C9
FFFFFFF5D362
FFFFFFF01369
FFFFFFA662F7
FFFFFFC76F3A
FFFFFFB8DAC2
FFFFFFC09CA8
FFFFFFA67D5D
FFFFFFCAC323
000000062345
FFFFFFC4EE01
FFFFFFE13BF5
FFFFFFFB3EDC
FFFFFFC09A1C
FFFFFFD74FC9
FFFFFFB9ADB1
FFFFFFB122C7
FFFFFFCE56DF
FFFFFFC87170
FFFFFFF4B484
FFFFFFF91B0D
FFFFFFA958E1
FFFFFFC9B229
FFFFFFE1CD4A
FFFFFFC51CF4
FFFFFFE7452D
FFFFFFBF9F87
FFFFFFDACBB8
FFFFFFCA51AD
0000000373D2
000000009B49
FFFFFF0845BE
FFFFFF6EDB42
FFFFFFF8C1AC
FFFFFFE35333
FFFFFFB474E1
FFFFFFD8F97D
FFFFFF8BABD8
0000000341B8
FFFFFFBF83F2
FFFFFFCBAD8E
FFFFFFA8D15D
FFFFFF9E37B4
00000046C2D9
FFFFFF8939CA
FFFFFF314ED0
FFFFFF092F7E
FFFFFF53BBEB
FFFFFFD0FB96
0000001351D9
FFFFFFE39A4A
FFFFFFF32D97
FFFFFFF974E6
FFFFFFE4A59F
FFFFFFFE8B36
FFFFFFF98786
FFFFFFEA9806
FFFFFFF0632C
FFFFFF0C6E29
FFFFFF6F2D86
FFFFFF9A8834
FFFFFEEFE516
FFFFFF8A46B6
0000000EC4EC
000000191AEB
00000048ADA5
0000002766B7
0000001F99CD
FFFFFF9F833D
0000000ED1E7
FFFFFFD128AF
FFFFFFD2645B
FFFFFEAF1A66
FFFFFF4124D2
FFFFFFB72759
FFFFFFAD26A0
FFFFFF957798
FFFFFFBC1A3E
FFFFFFED772B
FFFFFFCE6AA2
0000000368DB
00000035E736
00000027B2A1
0000005F0D6E
FFFFFFF39AA0
FFFFFF48355E
FFFFFF04A3E0
FFFFFF503251
FFFFFFFF77F9
00000060B0CC
FFFFFFD54C2A
FFFFFF605923
FFFFFFD2B5C5
FFFFFFB00334
FFFFFFC749E2
000000255C3C
0000002520EF
0000002D749F
0000000F0B66
FFFFFFC8AC5C
0000004870AE
000000350174
00000057A720
000000504417
0000003D2A1E
FFFFFF8939CB
FFFFFF9E2FFA
0000005A1348
000000581455
00000075BC43
0000005655C6
0000007E31A3
00000047999A
FFFFFFAF6600
000000479128
000000715624
00000074DAD5
00000064B7EE
000000714AA8
00000058B8CD
FFFFFF9B5FED
FFFFFFF3C96F
0000005C7814
0000006D4F40
00000081A711
00000072E1DD
00000067C3DD
FFFFFFC6184C
0000006E9D44
00000052D6A0
00000064CEA4
0000004648A5
000000509F4A
0000007097A4
0000002C73F4
FFFFFFA87706
0000002DB6E0
00000099527A
00000088D6A7
00000044CA5A
00000059A33F
FFFFFFEE09F0
00000053630B
0000006FEB8C
00000064BF49
00000038CD50
00000058392D
0000008475A7
000000716498
FFFFFFC8EE4A
FFFFFFE1ADD2
0000005C748D
0000003FA61C
0000004F23BA
00000047C580
00000038740A
FFFFFFF4411B
FFFFFFFEE33C
000000157FCD
00000066C384
00000087C3B0
000000592BD1
000000764D2A
00000059271A
FFFFFFCA47CE
FFFFFF8A2A5A
FFFFFF9067D3
FFFFFFF53B6C
0000000F6BEB
00000072000F
00000026A1B9
FFFFFFB37972
FFFFFFDD8391
0000003C448C
0000003948CE
0000003CC8DE
000000822C26
000000861A61
00000038342D
0000002661B6
0000003B81F7
00000045A11C
FFFFFFEAD4B8
0000004DCE29
FFFFFFD1E584
FFFFFF9A5725
FFFFFFF6A26D
FFFFFFE83BE4
FFFFFFFC6CED
000000384A72
0000007FE1C8
000000700891
000000213EFC
0000005E1EA2
00000060C38C
000000659319
FFFFFFF11DBC
0000003DEF98
000000168C7F
FFFFFFEAB29E
FFFFFFFD997F
FFFFFFDC283F
FFFFFF9CB832
FFFFFFBFB0A4
FFFFFFFDAF82
00000029A12E
0000001E6A97
00000004B40C
00000001B277
000000239DED
FFFFFFB5D5F1
0000004097DE
000000098AED
000000134ACA
FFFFFFFA0845
FFFFFFF7ACE5
FFFFFFE3D918
FFFFFFDE5A1C
000000021476
FFFFFFDB3DE3
FFFFFFDD07FA
FFFFFFF751E5
FFFFFFE7497F
000000235928
FFFFFFD58776
FFFFFFEF18D4
0000001C9B19
FFFFFFD4AC60
FFFFFFF157EE
FFFFFFDBF291
00000019DB2A
FFFFFFDE852B
FFFFFFF72AC0
FFFFFFD8B80A
0000002BB270
000000035BCF
0000000227AF
0000002EF121
000000104E62
000000303380
000000077175
000000227EFA
0000000EB313
FFFFFFF6BDA5
FFFFFFD8A655
FFFFFFF59EFF
FFFFFFF44DCB
FFFFFFEE0751
00000019517A
0000000D9FAE
FFFFFFF6EBBA
000000120A0B
0000000EBC14
000000118337
00000019663D
0000001C2E70
0000003E45DD
00000042BB53
000000101C2B
0000001836A9
000000073CA3
00000024DBCC
FFFFFFFB1BD1
0000000095F4
00000004F7A8
FFFFFFFB0647
FFFFFFF66742
000000098427
FFFFFFFCC379
0000005221F0
00000021C585
000000389405
0000002CF34C
0000001CB558
0000002131CB
0000000F6835
0000000157FB
00000011313F
FFFFFFC7A3FC
FFFFFFE91FDF
FFFFFFDA4F44
FFFFFFFE8425
00000020E314
FFFFFFF4E7E7
00000029326F
000000108B00
0000002CA866
00000017198F
FFFFFFFC600F
0000000F5E8D
0000002A19F1
00000001BFAB
00000021EBDA
000000002CCF
FFFFFFF57960
00000028C0BC
00000037D6F8
000000039447
0000000C915F
00000017636C
0000001FED35
000000197CE0
000000027F9A
FFFFFFE19EA8
FFFFFFDC99B1
FFFFFFF74566
FFFFFFF65931
FFFFFFE82A90
FFFFFFE3FD84
00000026950A
FFFFFFF83539
FFFFFFEC5F5D
FFFFFFE6F02D
0000000A99D9
000000105260
00000013A5B8
00000009926D
FFFFFFDC1212
FFFFFFF8BE99
FFFFFFE5AA30
FFFFFFE844A2
FFFFFFCBF092
FFFFFFCDADF3
0000002824C9
FFFFFFE342C2
FFFFFFE47C32
FFFFFFE8295D
FFFFFFE4F2C7
FFFFFFEF24DB
FFFFFFEDD66B
FFFFFFFF56D5
FFFFFFFEE3B0
FFFFFFD9C9DF
FFFFFFC0A482
FFFFFFDF57CF
FFFFFFD8B485
FFFFFFC0B4E9
000000087BC7
000000185685
00000002C499
FFFFFFE397E4
FFFFFFC97F0B
FFFFFFF38EFB
000000030BF8
00000006E21E
000000175424
FFFFFFE033F5
FFFFFFCA8189
FFFFFFF1A705
FFFFFFCBD961
FFFFFFC52376
FFFFFFD1C601
0000001DEB66
0000005E4980
000000353CAD
FFFFFFE7C89F
FFFFFFF4531D
0000000E9138
00000001B117
00000000B206
000000170ECC
00000024D95E
00000008DFD1
FFFFFFED5CAC
00000004F7CC
FFFFFFA76C8A
FFFFFFD2B953
0000002B990C
00000058E6FF
FFFFFFFEFB59
FFFFFFD06E07
00000001506F
FFFFFFF75569
000000071FCF
0000001DFDE5
00000021E944
00000016BA5C
0000001CB368
0000001D1BA8
FFFFFFD91259
FFFFFFDC6E21
0000000B8080
000000525DB9
FFFFFFFD6DA4
0000000EE1C6
00000038E028
FFFFFFEF363C
00000018523E
FFFFFFEC2C8E
00000002D857
FFFFFFF66D5D
0000002A40B1
000000248D4E
FFFFFFB61EDE
FFFFFFBE20CB
FFFFFFC76ED4
FFFFFFDE2BF5
FFFFFFC6529A
0000000E9B62
FFFFFFD9C80E
FFFFFFFFC0A2
0000002B2115
00000027E7C7
00000011D540
000000082A4E
0000000729E9
00000034D913
FFFFFFAFBF31
FFFFFFB778E5
FFFFFFB8DB46
FFFFFFCCB8E6
FFFFFFA7193C
FFFFFFC84DC0
FFFFFFDBC1C7
FFFFFFF51DEB
FFFFFFF063F9
FFFFFFB6C1F6
FFFFFFE766D8
FFFFFFB96E6C
FFFFFFDAEEEA
FFFFFFF3BF11
0000003E7CA9
000000079D00
000000613DAA
FFFFFF9F158D
FFFFFFDE21BB
FFFFFFB35593
FFFFFFE3F1ED
000000248E8A
0000001548CD
0000003E4122
000000780034
000000573DA0
0000002A3381
FFFFFFFE3A6B
0000003EC4BD
000000713810
000000664B9C
FFFFFFAF724D
000000101637
FFFFFFF16712
FFFFFFC6D4AF
00000012D145
00000010D349
FFFFFFF7FE1A
0000003D1D71
0000003311B1
0000001F4CC9
000000148366
000000237EAD
0000001AEFD6
FFFFFFDDA8F4
FFFFFFB4244C
FFFFFFE14891
FFFFFFD99DE5
00000030B5EC
0000003012FA
0000003DA757
FFFFFFF4434C
00000033F370
FFFFFFF66D31
0000000E78F6
FFFFFFFB84F2
00000056CA36
000000435DBD
FFFFFFFEA02B
FFFFFFF307DD
FFFFFFF5AB00
FFFFFFBD3F33
000000272668
00000041C667
000000300324
FFFFFFE54CB1
00000060EFDC
00000033AC21
00000008663F
0000001EF128
0000008CBC39
FFFFFFE48FF9
FFFFFFD7EE91
0000001AEF26
00000034E0B1
FFFFFFAAC7CF
FFFFFFB90883
0000001B2EA7
00000001D87E
00000038847D
00000021C037
0000000578E6
0000001D8769
FFFFFFF6689D
FFFFFFE6E140
FFFFFFCEB27D
000000101E50
0000001EF784
0000004CA2BB
000000002D36
FFFFFF79980A
FFFFFF9B2482
000000280E32
000000028ACC
FFFFFFE0E694
0000000D3A7B
00000028CF98
00000033FAB3
FFFFFFFD843C
FFFFFFD19669
0000000E38F2
000000452771
00000046D6D4
000000154876
FFFFFFE48F94
FFFFFF8FDC65
FFFFFFE12DD1
000000180ED1
0000001629CA
00000024024D
FFFFFFFCF7FA
000000283690
FFFFFFE64D64
FFFFFFFC7237
000000294C8C
000000472976
00000080FF8A
000000244917
000000137116
FFFFFFD55163
FFFFFF74FB59
FFFFFFB5E145
0000002742B0
0000000FF4AF
00000021CE02
0000002CB84F
FFFFFFADBF55
FFFFFFAB9D5A
000000283BB8
000000285F0C
00000044FDF3
00000036BE0F
0000004B2C9F
FFFFFFF7C98B
FFFFFF5B26E2
FFFFFF8A48CB
0000000CCFD0
0000000AE2EE
FFFFFFFBE739
0000000D08CF
FFFFFFFFA42F
FFFFFF84DBA0
FFFFFF8B0307
FFFFFFC2947F
0000000563C2
00000048D377
0000002D25E7
0000001C2F16
FFFFFFE755C3
FFFFFFCD20DB
FFFFFFDAE3F2
0000001E047E
FFFFFF9B44DF
FFFFFFF19D6E
00000053E986
FFFFFFFDB8AB
FFFFFF89CBF4
FFFFFFB0D35A
FFFFFFE2A0F5
FFFFFFF31F93
FFFFFFC20CBD
FFFFFFE966DD
FFFFFFF3A622
FFFFFFFED47F
00000019FE7B
FFFFFFFA2E96
FFFFFF9AB782
FFFFFFA1D5C9
000000156988
FFFFFFF9661D
FFFFFFEABAC8
00000055F393
FFFFFFC82BB9
00000002F0E6
000000554975
0000000DADFA
FFFFFFDC48BF
0000001D4875
FFFFFFFD5CC7
00000003E274
FFFFFFF555CC
FFFFFFBEA419
0000001E1D7D
FFFFFFF9C5C1
0000006B1D93
00000067260A
FFFFFFC7BFCE
FFFFFFE2F5AE
FFFFFFB50838
FFFFFFF8016D
0000002F9225
00000074E38E
000000147B65
00000021595E
0000001BC7D9
FFFFFFF47E3F
000000591659
FFFFFFE3F505
FFFFFFF23D42
FFFFFFE4F46A
000000031266
00000015E31C
FFFFFFE22FE8
FFFFFFFF7AFD
00000030D500
00000072DA76
0000001D4296
00000008A6FE
00000011D00C
FFFFFFDDF8EF
FFFFFFDA6E21
FFFFFFD75A58
FFFFFFDCFC32
FFFFFFEEB0ED
FFFFFFE0D1CD
FFFFFFCB038D
000000083BD3
00000029BDB4
FFFFFFF89D2C
FFFFFFE825DF
FFFFFFFAD03E
FFFFFFD276B7
FFFFFFD63B90
FFFFFFD67C61
FFFFFFB833E5
FFFFFFC0CBEB
FFFFFFF6B778
00000019C3AC
FFFFFFCFB116
FFFFFFCAC31B
FFFFFFDA11D7
FFFFFFFBA40D
FFFFFFB35CFF
FFFFFFE64102
FFFFFFE80A36
FFFFFFB45460
FFFFFFD1F721
FFFFFFF87BE3
FFFFFFC0326C
FFFFFFD52181
0000002413AA
0000002A77EB
0000002A4183
FFFFFFDEB3C1
FFFFFFC7017D
FFFFFFFC1243
FFFFFFC36BF6
FFFFFFDAD8E5
FFFFFFED4441
FFFFFFEF0A86
FFFFFFF04656
FFFFFFFC117B
FFFFFF9F1D0F
FFFFFFD817B6
000000467E79
00000014BE06
0000003C2DF0
FFFFFFF7489D
FFFFFFDAA216
FFFFFFD2A25A
FFFFFFC5CC23
FFFFFFCAA531
FFFFFFFF6F2A
00000026CC0B
00000017BD87
00000041DCFB
FFFFFFBFAF79
0000000C2B08
0000001C0A5E
FFFFFFD40E15
00000006BCD3
FFFFFFE0DA98
FFFFFFFFAA43
FFFFFFCBC9C5
FFFFFFCC0F9F
FFFFFFFC32F8
0000000E4251
FFFFFFF631EC
FFFFFFFDAD28
FFFFFFFA641C
FFFFFFC0A664
FFFFFFE17AB3
FFFFFFC0A0BB
FFFFFFE4E3AA
000000062C27
0000000EFBEC
00000009E66C
0000000E59CF
0000000347F6
000000026F8A
0000001BC453
FFFFFFFA4D02
FFFFFFF9C6AE
00000001CB35
FFFFFFB14966
FFFFFFE47D6E
FFFFFFE2C4CE
FFFFFFE43F24
0000000DE8ED
000000206DBA
0000000475D3
FFFFFFDE73FC
FFFFFFFD497D
FFFFFFD12AE4
FFFFFFDBDD3C
FFFFFFEF402E
FFFFFFDF9F06
FFFFFFF3B532
FFFFFFC31AA6
FFFFFFE06DC4
FFFFFFDD746B
FFFFFFF87B90
000000006E9F
FFFFFFE46F3A
FFFFFFF99C34
FFFFFFE99158
FFFFFFD505BA
FFFFFFF44051
FFFFFFEE7ACB
FFFFFFD38BC0
000000005315
FFFFFFDE5B69
FFFFFFC720F6
FFFFFFEBCB34
FFFFFFF191EF
FFFFFFEDA9BE
FFFFFFBA7F9A
FFFFFFDD35F8
FFFFFFE68127
FFFFFFF50F74
FFFFFFDDD6DC
FFFFFFDDB3A0
FFFFFFED4087
FFFFFFE6FD32
000000069F12
FFFFFFE2A6A5
FFFFFFF7EA58
FFFFFFFD76B1
FFFFFFE0BD9C
FFFFFFD5B237
FFFFFFB04B00
FFFFFFCE558D
FFFFFFDDDB5A
FFFFFFEC34E6
000000044C90
FFFFFFF637E4
FFFFFFE0D48A
FFFFFFBBF4B1
FFFFFFBD1233
FFFFFFF25B03
FFFFFFEC2D54
FFFFFFD481F7
FFFFFFBE8ED9
FFFFFFE8EFBB
FFFFFFB1ED27
FFFFFFB645FD
FFFFFFF3A5A0
FFFFFFFADA1D
FFFFFFF22F6C
000000096AE1
FFFFFFD6C9A2
000000091EB1
FFFFFFBCD252
FFFFFFAD59C9
FFFFFFE091A8
FFFFFFF4074A
FFFFFFE312AB
FFFFFFD35693
FFFFFFD3E34E
FFFFFFC0EC58
FFFFFFE2C7DF
FFFFFFE55B20
FFFFFFE518EC
FFFFFFDAC409
FFFFFFD9DFCF
FFFFFFF16911
FFFFFFD8D626
FFFFFF974D2A
FFFFFFC9EFF6
FFFFFFE11252
0000000E6140
FFFFFFE373D7
FFFFFFE4CFEE
FFFFFFC8F6E1
FFFFFFED4956
FFFFFFC4BC7B
FFFFFFBFCEC2
FFFFFFA64EEF
FFFFFFC98E17
FFFFFFE4E32E
FFFFFFC05C01
FFFFFF986A18
00000000DB44
0000002009D9
0000003B4250
000000141BDA
000000358ED3
FFFFFFF5CCF4
FFFFFFEE8C83
FFFFFFEAFCF1
FFFFFFEE9D74
0000001CEF59
FFFFFFFD0947
FFFFFFF24FBC
FFFFFFEE4A92
FFFFFFF68000
0000001D88F6
0000002E045F
FFFFFFA8E9BF
FFFFFFB03972
00000002AE53
00000023905A
FFFFFFAF310A
FFFFFFC2EA9B
FFFFFFF2BD8B
FFFFFFF73316
FFFFFFE021C6
FFFFFFFA0E15
0000000C2BC6
FFFFFFE2DD03
0000003515E3
FFFFFFE4F943
FFFFFF454CE2
FFFFFF7C9E90
FFFFFFC974EC
FFFFFFCD318A
FFFFFFCF707B
FFFFFFF17EB3
00000010A5D4
FFFFFFFB9B1D
FFFFFFF269AB
FFFFFFF8B0B5
0000001AD1DC
0000001B6217
FFFFFFFDBD35
FFFFFFAC278D
FFFFFFCB9692
FFFFFF9F1CA1
FFFFFF5095D3
FFFFFFCE8E51
00000015868C
0000001C48E1
0000004122F6
000000109EC6
0000001033AB
FFFFFFF0D28C
0000002BC3CD
FFFFFFFD3CDD
000000092EBC
FFFFFF52D830
FFFFFFB352A5
FFFFFFA5BD75
FFFFFFE01F3F
FFFFFFCCA1BB
0000000CE9D5
FFFFFFFC4EC6
00000009690C
00000017DDF1
0000001E1DBB
00000035AB92
000000880823
00000001408A
FFFFFFC0E7EC
FFFFFF99B6BF
FFFFFFEFE4A0
FFFFFFCB5EBD
0000002BC8DE
FFFFFFC76FBC
FFFFFFC2A7E7
FFFFFFE2A6DD
FFFFFFD98616
000000020106
00000017A98F
0000000E42ED
00000041B279
0000003CA2E3
00000008A52F
000000342A20
00000015CC20
000000098B15
00000028A4C8
00000018F717
FFFFFFE99262
FFFFFFD056BD
00000046E235
0000003F0CD7
0000006A6FC9
00000022433F
000000184B1F
FFFFFFEEB9BA
FFFFFFB36734
000000245F3A
0000003F9CC0
000000255F87
000000241183
000000237134
0000004C1313
FFFFFFAB348C
FFFFFFF40759
000000330D11
00000040C531
00000033C94F
0000005B9F15
0000000825AD
FFFFFF88AA11
000000023736
FFFFFFF3E983
000000086574
FFFFFFF44218
FFFFFFF1A5F5
0000002EA8AC
0000003A5CDE
FFFFFFCF013C
000000134EFF
00000041E448
0000004BD7B7
0000001DB69A
000000161E11
FFFFFF94FFDD
FFFFFFD30C57
FFFFFFDF5507
00000007AA3D
FFFFFFD1E5B0
0000000AF48D
00000028CA62
0000004BA347
FFFFFFF5EE62
FFFFFFE17D86
00000050C048
000000460713
00000034DF2A
00000026EF2F
00000009E3E7
FFFFFFA740F2
FFFFFFAA63C9
FFFFFFAB3FBC
FFFFFFFD96C1
000000339B3A
0000005541B8
000000576E64
00000044CD37
FFFFFFCDA22D
FFFFFF9016C2
FFFFFFB7C371
0000002C17CD
00000042A9DE
00000025F52B
FFFFFFE6DDE5
FFFFFF48776A
FFFFFFA3376B
FFFFFFC3D45A
000000388960
0000005AC41A
000000495B2D
0000007241DC
00000046683F
FFFFFFE1C6DF
0000002BA9EB
0000005C25A3
0000004CE8D8
00000013DF4C
FFFFFFE12E74
FFFFFF6A5ACB
FFFFFF91BCF6
FFFFFF7C5BA4
FFFFFFA83EA8
FFFFFFE94C3F
FFFFFFFBD4DC
0000001786AD
FFFFFFDBFF10
FFFFFFCA9285
00000012D6B6
00000060D4DB
0000000120F8
00000026A163
0000003B5CA1
FFFFFFCDDE96
FFFFFFC71FF6
FFFFFFB96245
FFFFFFC56F10
FFFFFF72F7D2
FFFFFF9FAECB
0000001AB40C
FFFFFFFBD71E
FFFFFFF63AE9
FFFFFFE27624
000000196A44
FFFFFFF90ED5
000000168F83
FFFFFFF0A2CF
00000012F909
0000001B0203
000000177F96
0000001243FE
FFFFFFEA85A5
FFFFFFD0A106
FFFFFFBFAAA9
FFFFFFBA2764
FFFFFFEBD1F3
0000001242CA
0000001D0341
FFFFFFDB47BE
FFFFFFE66F28
000000037BF2
00000025D45E
000000014885
FFFFFFD1CA28
FFFFFFD3116C
FFFFFFBEE230
0000002D3FB3
FFFFFFFDEF4E
FFFFFFCA86B6
FFFFFFE2F02E
FFFFFFD60105
FFFFFFE50620
000000294BA4
000000012439
00000040FC92
000000EF4062
000000673425
0000001F0494
FFFFFFE96DCF
FFFFFFE115C9
FFFFFFE2C01E
FFFFFFE982A5
FFFFFFE14C96
FFFFFFE0D3A3
FFFFFFDBD91D
FFFFFFE6C61B
000000277533
FFFFFFD55C64
0000009F8C0C
00000077F937
00000030F082
000000C5E851
000000398AA4
FFFFFFDC95A0
FFFFFFD32E71
FFFFFFCF29FD
FFFFFFCF3A6C
FFFFFFE40599
FFFFFFFE704B
FFFFFFEEA5FA
FFFFFFD970B1
00000012BDB8
000000DE2B3C
0000004DCB98
000000598220
0000003E700B
000000322EA9
FFFFFFF54698
FFFFFFEC425F
FFFFFFF26185
00000006C769
FFFFFFFD5F21
00000021B718
000000520A1E
0000003BB8F4
0000006F6A64
0000007B6B28
000000391038
000000673869
0000002C9C38
0000002A54B2
00000019E7B2
FFFFFFF720C5
FFFFFFECC339
FFFFFFFF9CCE
FFFFFFF7D9FA
FFFFFFEF5876
FFFFFFFD5B47
FFFFFFDAB8B8
00000065CE1C
00000052EF08
000000623150
00000036D915
0000002550DB
FFFFFFFA3BFE
0000002B82ED
FFFFFFE3B6D5
FFFFFFB7BB9B
FFFFFFA84727
FFFFFFB087A1
FFFFFFBC7153
FFFFFFB0EC81
FFFFFFA8C8DB
00000035D8CF
00000052C792
0000004885F2
00000032784C
0000001F20AA
000000157C4C
FFFFFFFDB550
FFFFFFF9CD12
FFFFFFC777CD
FFFFFFA3D640
FFFFFFA2517A
FFFFFFA6073C
FFFFFF8EFFC3
FFFFFF9B1C36
00000046413B
0000004726EE
000000186316
0000001C6411
0000003C9898
0000004C4994
0000002784E2
0000000E2A7A
FFFFFFDCCE29
FFFFFF9F9A1C
FFFFFF82B63C
FFFFFFB011D0
FFFFFFAD7A65
FFFFFF94F47E
000000148CA9
0000002CDFF3
0000001FFCA0
00000033B7FB
0000005BDCF5
00000036A57A
000000356D3E
0000000654CD
00000002679E
FFFFFFD0A8E7
FFFFFF9758D5
FFFFFFBC2519
FFFFFFA5CEE6
FFFFFF9C2810
FFFFFF9A9C20
FFFFFFF2356E
0000002AB414
0000002131AF
000000310761
00000032A0D0
0000003A40CF
000000195C44
FFFFFFFA8152
00000011FDA8
FFFFFFECC695
00000012C095
00000002741A
FFFFFFB2FE87
FFFFFF968EAF
FFFFFFADA1E3
000000463450
000000221705
0000001CB324
0000003C4943
000000498479
0000002A280D
0000001D01F2
000000240703
0000003303F2
00000009505D
00000046006F
0000001D947E
FFFFFF9B6CD6
FFFFFFD067E6
0000005F03E1
0000004461E8
000000302647
0000004E4FA0
0000002B5D43
00000032387A
0000003652EE
0000005EC246
00000049738A
0000002A604D
0000001762F4
0000005D10F9
FFFFFFB87C01
FFFFFFD64633
FFFFFFFFFC13
FFFFFFC84189
FFFFFFCA12CF
00000057ADC6
000000345885
000000567C34
0000007C993A
0000006A4A83
00000063FDC9
00000034B360
00000020B1B2
0000002EDE2C
FFFFFF9E38BD
FFFFFFAB8E90
FFFFFFA4C7A7
FFFFFF9BE91F
FFFFFF8BF3A2
FFFFFFB44F03
FFFFFFE6B1B7
FFFFFFE67159
FFFFFFE8704D
FFFFFFCB3DE6
FFFFFFB37BD5
FFFFFFA82D4F
FFFFFF9B6E8D
FFFFFF9A302B
FFFFFFE45670
00000000551B
FFFFFFAACE96
0000001109C1
FFFFFFE5298A
FFFFFFBEFAEC
0000002D7E2F
FFFFFFEEA5EF
FFFFFFFE614B
FFFFFFFBDB0F
000000154C2A
00000036A2A7
0000002260FD
0000003525F2
FFFFFFBC8E9B
FFFFFFD716DA
FFFFFF8FA1A6
FFFFFFE9E7F5
FFFFFFD05E61
0000002C63CF
0000001BEB64
FFFFFFF6B221
00000029F7EF
00000037533C
0000002F27F0
00000054883B
000000042D39
0000002C008B
00000001A7BA
FFFFFFA3B40B
FFFFFFC7FCB8
FFFFFFBF8EA9
FFFFFF801B8C
000000092A0C
00000039E072
00000020AD17
00000019594F
00000020B49C
0000003C62F3
0000000ECDBC
FFFFFFEFC70B
0000001494CD
000000084BE3
FFFFFF407E51
FFFFFF529D7D
FFFFFF9E18E8
FFFFFFB949FB
FFFFFFCFE73D
0000001FBCAE
0000000A45C2
000000139314
000000181494
000000155B3A
0000002CC901
000000249329
0000002473C4
FFFFFFB9809A
FFFFFF900C9D
FFFFFF8F86ED
FFFFFFD92E7D
0000001564E4
FFFFFFEE28DE
FFFFFFEC33E9
FFFFFFED10D8
FFFFFFF4822B
FFFFFFEA6BB8
FFFFFFF44B9F
00000000D9E0
000000227064
000000158AE2
FFFFFFCD184A
FFFFFFEFF0EE
000000121959
000000344F7D
00000030DC7D
00000004D6E0
00000006406B
0000000E3E06
0000003E7E88
000000339F76
0000000F6C4C
0000000DBA71
000000346696
FFFFFFFE2DF5
FFFFFFE287A7
FFFFFFF1DAE9
0000003C3EF4
0000003394A1
0000003AE18F
0000002360F8
0000002EB919
000000023224
000000280E60
000000598FC6
0000004ABBB3
0000003A2A9D
0000002CF1F8
00000033C42E
FFFFFF97AFCE
000000079EFC
00000025D9BF
00000033FA37
0000002CB2D0
0000002FBA36
0000003D815B
0000001C36F4
0000001C949F
0000001D3A0B
000000462F1F
00000036E99A
0000001BDCD2
0000003C911A
FFFFFFD18CC7
00000001E431
000000094E04
000000105B16
FFFFFFF7FE24
00000019E81A
000000282B72
00000023596B
000000295755
0000000F6E0D
00000028FC72
00000015032A
0000000CB8E0
00000018ECAB
0000000DCCE0
FFFFFFF1E47B
FFFFFFCF8F46
FFFFFFE7F050
0000000266BA
0000001897B1
00000047BFEC
0000003982D1
00000020AF28
00000006C4B5
0000002A9015
FFFFFFE6BAA3
00000012025C
FFFFFFDE6D64
00000024AF18
000000232647
FFFFFFB5B0B2
FFFFFFD59003
FFFFFFE081F4
FFFFFFD125AE
00000009519E
00000036B395
00000018933B
000000255F3F
0000001CC710
FFFFFFEFCCB4
FFFFFFCDB3BA
FFFFFFBC710B
0000003699C2
000000164C07
FFFFFFC985E4
FFFFFFE39448
FFFFFFCCCB8B
FFFFFFC6FFE5
FFFFFFEEE9A6
0000001A6D6A
0000000A2358
FFFFFFF4C794
0000002AA365
00000015B8B0
FFFFFFFD2133
FFFFFF883A6E
00000045BC80
000000137A53
FFFFFFE56624
FFFFFFFD426F
FFFFFFE099A6
FFFFFF9A47F5
FFFFFFA372FD
FFFFFFAFD305
FFFFFFFBA116
FFFFFFCC3A93
FFFFFFE20068
00000016ACFA
00000003853D
FFFFFFED56ED
0000001DA501
FFFFFFFAB308
000000306A3D
00000014A490
000000306269
0000002553AF
0000000928A7
0000001C4643
000000290DD1
000000234873
000000331323
000000270D3B
0000003BB203
000000201391
0000008E55D9
0000008E075D
0000009C575B
000000A9344A
000000650118
0000007B9256
000000441043
0000005FA308
000000B99E9F
0000008DF986
00000096E6CF
00000069D5AB
0000008D646B
00000072F0CC
0000008A90F6
0000006F06D7
0000003D9C45
0000006065A2
0000006DF92C
000000707FDA
00000020F528
0000004474E9
000000668C61
0000005F6E3E
0000009532D3
000000517E6C
0000005B5BF2
0000006F0442
0000005DB90A
00000058689C
FFFFFFE905DE
FFFFFFE66FBB
000000141348
0000004C5A85
000000364345
0000003BCB11
0000002A93FA
0000003CF3DB
000000108860
00000048F8F0
00000037766A
0000003E063B
00000015D51F
0000006F4B2E
000000021233
FFFFFFBDC1D0
FFFFFFE19169
00000015D7EC
0000005BEAC6
000000474CDD
0000005FDCB5
0000002DDDEE
00000006DE26
FFFFFFEC2C11
FFFFFFE5782F
000000043A4F
000000616BCE
00000068E927
0000002F0497
FFFFFFE1BC1A
FFFFFFAB7CB2
FFFFFFC9995E
000000635BFC
00000048F70E
0000004BD7A4
0000003F0E67
FFFFFFF2193E
FFFFFFF9AF3C
FFFFFFEBB689
000000011FDD
00000021C79A
FFFFFFBC8F0E
FFFFFFBEB8BD
FFFFFFC86221
FFFFFFB2D384
FFFFFFBE8BDA
FFFFFFE8B226
00000028FABE
FFFFFFEC9DE8
FFFFFFE42C33
FFFFFFE03A1E
FFFFFFE708DB
FFFFFFB94BF3
FFFFFFCFFFA5
000000287226
FFFFFFBAE2DF
FFFFFFA9CCBC
FFFFFFC2FF6A
FFFFFFC4A1F8
FFFFFFC28153
FFFFFFA14AD6
FFFFFFCAC543
FFFFFFFD2F4B
FFFFFFD753BB
FFFFFFEBD182
FFFFFFE8C03C
FFFFFFD01BDE
FFFFFFC28C7E
0000002B6678
FFFFFFAA384C
FFFFFFC24A31
FFFFFFB04494
FFFFFFAF4CD9
FFFFFFB1331F
FFFFFFA41082
FFFFFF8F3A27
FFFFFFFE0D92
FFFFFFFBED9A
FFFFFFC4CE68
FFFFFFCB78F6
FFFFFFE1D480
FFFFFFDD9209
0000000B8254
FFFFFFE86FD2
FFFFFFCAEC03
FFFFFFB034A0
FFFFFFAFC611
FFFFFFA98E63
FFFFFFAE573C
FFFFFF9BCD68
FFFFFFA41916
FFFFFFFEDF25
FFFFFFDFA8D9
FFFFFFF1825C
FFFFFFE76603
FFFFFFD205C5
FFFFFFD5982E
FFFFFFEA5D38
FFFFFFFEE6E4
0000000F5962
FFFFFFC9F658
FFFFFFB43A9A
FFFFFFB43E61
FFFFFF98B44D
FFFFFFA6F90C
FFFFFFDA3DDA
00000033D740
0000003FA2A6
FFFFFFE79975
FFFFFFFE26FE
FFFFFFDC7311
FFFFFFE840A2
000000193869
0000001EE443
00000002BEEA
FFFFFFBF8A76
FFFFFFB20E83
FFFFFFA3AE88
FFFFFFB44FF3
FFFFFFA4DFCD
FFFFFFC56AC6
FFFFFFD8CE3C
FFFFFFD8671D
FFFFFFFC2A48
00000009BD09
00000013285B
00000016B5C7
00000005C088
00000041F2B5
00000000E9CC
FFFFFFD6A0AF
FFFFFFC253F1
FFFFFFBE02AD
FFFFFFA79584
FFFFFFDB8197
FFFFFFCDCC02
FFFFFFD0F2B0
FFFFFFFA9676
FFFFFFF63BD5
00000003F111
00000016FBED
000000457FB6
000000280F05
00000044943D
000000070F3D
00000009606F
FFFFFFD4E1D8
FFFFFFF23DE0
00000027B579
0000002DB01E
000000121302
00000008BF33
FFFFFFEB4560
FFFFFFEB646F
FFFFFFD46EA7
FFFFFFF2519E
00000006519D
00000003A9AE
FFFFFFFA453B
0000003178B0
0000003A8870
0000002BD0B8
00000019D686
FFFFFFEE830B
FFFFFFF47575
FFFFFFFBE7E7
0000000CB2BB
FFFFFFCD000F
FFFFFFF8163B
00000029B906
FFFFFFFD205B
FFFFFFF2F3D3
000000094539
000000006ECA
FFFFFFF656B4
FFFFFFCC447D
FFFFFFDC3F1F
FFFFFFCF41E5
FFFFFFDB010B
FFFFFFDFDF35
00000027955E
00000000585C
00000003780A
0000006A0E45
FFFFFFF44EA3
0000000419D4
00000001F4F4
00000019B419
00000002FF84
FFFFFFFF6100
0000000D8815
FFFFFFEC45F2
00000011154B
FFFFFFE31728
FFFFFFF9DA5D
000000153829
FFFFFFF51486
000000160666
FFFFFFF0AFD9
000000459E28
FFFFFFE47C0E
0000001EE347
FFFFFFFDC212
FFFFFFE45F00
FFFFFFCE5CBA
0000001260AF
FFFFFFF326AC
FFFFFFF1E953
0000000900B0
00000019C72F
FFFFFFCD17AF
00000009CE5C
00000022EE2A
00000046948C
00000017931F
00000007F0FA
FFFFFFEEC615
000000024726
FFFFFFE09162
0000000B4490
FFFFFFCA3EAE
0000000E2B24
000000313E41
0000002E6FC4
FFFFFFDFD5A1
0000000B58D2
0000000E0657
0000003391F1
0000008CFE5F
FFFFFFEBB4AF
000000354CD5
0000000F8FF9
FFFFFFFABDCF
FFFFFFE8BABC
FFFFFFE4C9DD
FFFFFFD1A81D
00000036329D
0000001C6354
00000001D6FA
FFFFFFFD585C
FFFFFFDCC11E
0000000EF9BE
0000008F3EE5
FFFFFFE51DE7
FFFFFFD30A62
FFFFFFD09845
FFFFFFE09236
FFFFFFD38618
FFFFFFDC87FF
FFFFFFDD5D97
000000309806
FFFFFFFD8EDF
FFFFFFF2F27E
FFFFFFE94F09
FFFFFFEA2943
000000197B5C
00000020041C
000000306B3A
00000026086D
FFFFFFCD8462
FFFFFFD93FEC
FFFFFFD6FA87
0000000B51FA
FFFFFFDC17C3
00000015EC5F
FFFFFFD7CEA3
FFFFFFF960DE
FFFFFFDE2969
FFFFFFEA5DC6
FFFFFFDEB040
FFFFFFFBFB63
000000035A03
0000009DBDFA
FFFFFFEEF6D6
FFFFFFEAE2EC
FFFFFFEBBA9F
FFFFFFF1CDE6
FFFFFFE216F7
000000883194
FFFFFFF97D34
FFFFFFF56E94
FFFFFFEA9027
FFFFFFF31AB3
FFFFFFE68E66
FFFFFFEE6491
FFFFFFE73B7B
00000073976E
0000005BFAE1
FFFFFFD5E134
FFFFFFD98E72
FFFFFFBFF338
FFFFFFD1CDD5
0000000A79ED
00000016D83A
00000033E5C2
FFFFFFDCF036
0000000ACC1D
FFFFFFF41500
FFFFFFF205AE
FFFFFFDDE2F4
0000002AC16C
0000004A1233
00000020E8D0
FFFFFFF150F1
FFFFFFFA6F74
00000007AF54
FFFFFFFE8FE0
FFFFFFE79C8C
00000078FC92
FFFFFFEA99F3
000000751CA2
000000098B53
FFFFFFF2C6CF
FFFFFFDA88A9
FFFFFFE17985
FFFFFFDE6CCF
00000052C559
0000001E6EBE
00000011E988
000000119C6B
000000046DA3
FFFFFFE7BD85
00000054AFB7
FFFFFFF09C03
0000000A8EB3
FFFFFFE67C62
FFFFFFBF6120
FFFFFFE4CB05
FFFFFFD97523
0000000B7E03
FFFFFFF52DA8
FFFFFFFA821D
FFFFFFF00EBA
0000002B47C0
FFFFFFF8CE83
FFFFFFEF6652
000000124727
FFFFFFC8EC57
0000000AD5CA
0000003DFF35
FFFFFFBF08D7
0000001E6F2F
00000005EF58
FFFFFFF48C39
0000000494B5
00000003BEAE
FFFFFFDE472C
FFFFFFCB1C42
FFFFFFE5525C
FFFFFFDD92C5
FFFFFFACA446
FFFFFFE5224A
FFFFFFCD511C
FFFFFFE42426
FFFFFFDE96DA
FFFFFFEEB7CF
FFFFFFCA6BFD
FFFFFFA6AE28
FFFFFFBDCABE
FFFFFFB873D8
FFFFFFD615BE
FFFFFFB1EE26
FFFFFFE16D61
00000027EB43
0000004C51FA
0000000F3E6B
00000020547A
0000003D81A6
FFFFFFE62E7F
FFFFFFDECEDD
0000002DDCF5
0000001153BC
0000001BE518
000000138479
0000002DB97F
FFFFFFE50B4E
000000409F86
0000005E506D
00000076FF0D
000000456FC5
0000001FCFC6
0000000C464C
FFFFFFE32CA2
00000007E722
00000031AEC2
000000303BF6
00000045DA80
0000002DA658
000000398F5F
00000022016D
000000125B42
0000004B1EF5
0000003F01EC
000000412E68
000000751771
00000011F80E
0000001206A7
000000387C5A
FFFFFFF4CCCB
000000152FC7
FFFFFFED5A35
00000001FA34
FFFFFFEDE2EF
000000071856
FFFFFFEB450F
00000059A2BE
00000038BF42
FFFFFFE209E6
0000004681D5
00000031C0CB
0000003E1052
FFFFFFFC42E9
0000001A5958
FFFFFFF04B04
FFFFFFF44BF5
FFFFFFB55B2C
FFFFFFC2F750
FFFFFFDF2959
0000002876F3
000000256B86
0000004559E1
0000000AD6E5
FFFFFFF372DA
0000002B3F7E
000000251057
0000001A4846
000000045F34
000000077732
FFFFFFD3BF37
FFFFFFC4F979
FFFFFFB15204
FFFFFFA2A183
0000000DECFF
0000002890C1
0000002C97AE
0000000EA3D0
FFFFFFF6353C
000000203FF5
0000004BFD96
FFFFFFD60CE8
FFFFFFAD55AE
FFFFFFA96517
FFFFFFAD1D13
FFFFFFBEFE0F
FFFFFFA6EEE4
FFFFFFC9E9C8
FFFFFFE1ADC8
0000001DCC50
FFFFFFECF2D2
00000015678F
000000135FFA
FFFFFFFC078F
00000006F601
000000256EC0
FFFFFFD0F71D
FFFFFFC421DE
FFFFFFC358CF
FFFFFFDC0E7B
FFFFFFCAE979
FFFFFFB63325
000000016204
0000000043D3
00000009F100
FFFFFFFE236E
FFFFFFE177A0
FFFFFFF0EBD5
FFFFFFFFC50F
00000019BD6E
0000002CF16F
FFFFFFD0B497
FFFFFFC562A2
FFFFFFC6C9F7
FFFFFFEC3905
FFFFFFC3A49A
FFFFFFBA2896
FFFFFFF21E74
FFFFFFEFBD4C
FFFFFFEF7C16
FFFFFFF68304
FFFFFFF5CF6D
FFFFFFE1B7F8
0000000D4AFE
00000026B64F
FFFFFFE00D1B
FFFFFFEB636A
FFFFFFEFCD55
FFFFFFE602B1
FFFFFFCB3B33
FFFFFF9DFDFE
FFFFFFC9C261
000000041325
000000160B4A
FFFFFFFE4644
FFFFFFF8997E
FFFFFFF18D54
FFFFFFF6109D
0000001E6242
00000018234D
00000029006D
0000004E22AB
0000002CFB46
00000008050C
FFFFFF79E4BA
FFFFFFD192EE
00000014C566
00000051E76E
0000001DFD1D
FFFFFFF9B208
FFFFFFED6281
FFFFFFF10705
FFFFFFFE9D58
00000021489B
FFFFFFFC9BB4
00000025B8B0
0000003857DF
000000300B9F
FFFFFFBB08AC
FFFFFFEA3775
0000000A5DB6
0000002100DB
00000010EF19
0000002994E6
0000001246FF
000000006D43
00000013D3E1
00000015B765
000000083DA7
0000002E4636
00000028B5EC
00000039558E
FFFFFFC3417B
FFFFFFE012E3
FFFFFFE591DD
FFFFFFFB5DA3
FFFFFFF6FAD1
FFFFFFFF721C
0000001548C9
000000429606
0000001A8DDE
0000000F4146
0000002465FC
0000002138BF
000000261DB0
0000000FBE91
FFFFFFAA45D5
FFFFFFD8F1AF
FFFFFFA19112
FFFFFFEF0A9C
FFFFFFD5A498
FFFFFFC00D68
FFFFFFC4B451
FFFFFFF1C8BE
FFFFFFEECE0F
FFFFFFDBA906
FFFFFFD04CA5
FFFFFFE6CD58
FFFFFFDBA43F
FFFFFFE2C1D7
000000B16A69
00000079E25B
00000070C931
000000356BE2
0000003F506A
00000030376C
00000014D581
0000004101C0
000000994ABD
000000547E6A
0000002E80B3
FFFFFFEB7220
000000029054
0000006EBF5A
000001091716
0000008E9A53
0000005D6F66
00000046375A
0000003BFB0A
000000A3087F
0000003E3462
00000017E7AC
000000503AB4
00000005E5E3
000000209848
FFFFFFE731F1
00000006B964
0000009015D7
000000763363
00000027CEE1
FFFFFFC3906E
0000005327D5
FFFFFFF3C522
000000645AFD
000000690741
0000004A85D6
0000008DCFED
0000003A0B9D
FFFFFFEAB5D3
FFFFFFE66075
00000018A169
000000477CAB
0000007B0BA0
FFFFFFE1EAE3
FFFFFFA56057
FFFFFFBDA519
FFFFFFEA0C24
FFFFFFE8A27C
0000004BA4AD
000000555188
000000721D36
00000042F422
0000002D10A6
0000005E6686
000000365D65
00000045182A
0000004FB21B
0000002D1B77
000000343454
00000041AC02
0000003D8D27
0000000A5CB9
00000004076A
000000491DDE
0000002A995D
0000001E2B02
000000263D0C
000000749C0F
0000004B6055
00000066BEEF
00000010FCFA
00000086B133
00000026F2D1
0000006109D7
00000053DDA1
0000006903AC
FFFFFFE6D40D
000000414103
0000006BEFE7
00000046887E
0000007460FC
0000004CA486
0000003BCEE7
00000053BD40
FFFFFFF13159
FFFFFFEC2384
0000001EC0EF
000000317F1C
000000290A52
00000058EB8D
000000B03162
00000004956D
0000002EC9DD
0000002CABF7
0000005FD7E1
000000215931
0000003E88CF
00000081E0B7
FFFFFFCC825F
FFFFFFC32391
FFFFFFEAA9F7
00000011D72F
00000017B4D1
00000025B035
00000055D0CB
000000472D17
FFFFFFFA980B
00000062918D
0000005A7D0E
000000350A88
0000001AE0C0
000000792921
00000067280B
FFFFFFF2F03A
00000033A073
0000001494F2
0000003926F2
0000001D313B
000000808ED9
00000046A00F
0000002E9910
0000001EF72F
00000051C090
0000001A34CB
000000566141
00000050CE0C
00000044932B
0000001E0FCE
0000005E94E4
0000005C1808
0000004F094B
000000328AAF
00000013AC13
0000002580FF
0000006B65E7
FFFFFFF3CF46
FFFFFFD36030
FFFFFFD705E6
FFFFFFCAC8BC
0000006429BA
000000539B8D
0000003E8069
00000034DBFC
00000004EBAE
FFFFFFDA1BAF
FFFFFFCFA3AE
FFFFFFEFD873
000000139FFA
0000005037A2
000000197015
0000001AFAD7
0000001FF40F
00000030E2E4
000000395C05
0000005DBAF1
000000079442
0000005F15BA
0000000E9B16
0000001574B3
000000183FC5
000000097033
000000126D4A
0000006382D1
00000028395B
00000039AE81
FFFFFFD545AB
000000402B81
000000269848
000000799995
0000000DA89B
0000003C4F2B
0000007B4B39
0000009EB3E2
00000042D771
00000036702F
FFFFFFF3E995
FFFFFFEE1D7F
000000573EEC
000000425B10
FFFFFFFB8632
00000064FCC4
0000004CB1AC
0000003DB878
0000001C9983
FFFFFFFD275B
000000267169
0000005804F3
000000605882
000000765122
0000008E481A
0000004F2E88
00000020DFE5
0000005A4D77
0000004773F9
0000006EE5D2
0000005CD89C
FFFFFF78682D
FFFFFF89FFD4
FFFFFF8DA17B
FFFFFFB47462
FFFFFFA90B3B
FFFFFFA8E233
FFFFFFAFF429
FFFFFFB5673C
FFFFFF71B479
FFFFFF9153CD
FFFFFF71AFCC
FFFFFF9359B1
FFFFFF71F047
FFFFFF5BFCEF
FFFFFFA398CC
FFFFFFA7F894
FFFFFF9FCA0B
FFFFFFA83519
FFFFFFB32A87
FFFFFFBFB9A3
FFFFFFBB95C2
FFFFFF91671B
FFFFFFB08566
FFFFFF80044C
FFFFFF9B9322
FFFFFFA9D2E2
FFFFFFA370C9
FFFFFF7DC2BA
FFFFFF8F9932
FFFFFFA783CF
FFFFFFC8C885
FFFFFFE71046
FFFFFF66144F
FFFFFFB8E39C
FFFFFFB65935
FFFFFFB40926
FFFFFFE82D6A
FFFFFFD77C47
FFFFFFA7D250
FFFFFFB8B2BE
FFFFFFBD4A96
FFFFFFA67056
FFFFFFA583D4
FFFFFF7FB49D
FFFFFF9D30EB
FFFFFFFBD4BF
0000000B3991
FFFFFFC2CE6D
FFFFFF97F821
FFFFFFBAC8AD
FFFFFFB39670
FFFFFFBE710D
FFFFFFC88EC3
FFFFFFC4ACF7
FFFFFFCF3C8B
FFFFFFB6AB3D
FFFFFF9BDBEE
FFFFFF8B55B5
FFFFFF83A36A
00000045053E
0000008BD9DA
00000027669E
FFFFFFB19CA8
FFFFFFC1BB8E
FFFFFFD228AB
FFFFFFB69C79
FFFFFFBE18C5
FFFFFFEB66E1
FFFFFFDC913D
FFFFFFB27F7A
FFFFFFBEA20B
0000004B387D
00000052ABB3
0000008D61CC
000000858A9C
000000794F06
FFFFFFF657F9
00000000E800
FFFFFFF81A53
000000061565
0000000AA9D6
000000128F24
0000003358AF
000000196C73
FFFFFFFBE6CC
000000642246
0000007E2EF8
00000085532D
0000007823CC
000000990FD8
0000006BA467
FFFFFFE783F6
00000002B94A
00000020378F
0000002682EF
0000002345A1
0000003A1F35
00000027F36B
FFFFFFF0778A
0000005C5C7D
0000007B7B5A
000000770D24
00000056C827
00000081F1CB
000000A3B649
0000005E1327
FFFFFFDAC5E5
00000018A814
00000023FA63
00000047DC8C
00000024EBE7
00000013481A
FFFFFFFAFE18
0000004F57BD
0000007B4C85
0000007A9C5B
0000006E357A
0000008CA307
0000009A133D
00000095E510
0000000EBD43
0000002B92B0
00000020020B
0000001C4DD7
0000000E0F37
0000003B062D
FFFFFFEB7310
FFFFFFE0666B
00000053381A
000000577978
000000720F74
0000007C5851
00000082305C
000000880CAA
0000006CBB30
000000167B83
FFFFFFEB913A
00000015FEB8
0000001B24B3
FFFFFFFB6275
FFFFFFFE9B59
00000008EDF4
0000002FC5CB
0000003D4D9A
00000078EF8D
00000074B840
00000077E0DA
000000867161
00000097CA64
00000072BBE9
00000051E39F
00000063D4E1
00000050A8E3
FFFFFFFE9712
FFFFFFF0C347
FFFFFFEA4E1F
0000001B603B
0000001F44DA
000000205E1D
000000450659
000000583074
000000849DB4
0000008483F3
0000009492CC
0000007E4C5F
000000593350
0000005C03E4
000000114939
FFFFFFF201CE
FFFFFFF61461
FFFFFFE934ED
FFFFFFCEBD1C
FFFFFFD807FB
0000000EF50C
0000002945E3
0000004F7E8E
0000005570FB
0000002966DD
000000178232
FFFFFFF69D88
000000101FDE
FFFFFFF22BA4
FFFFFFF7B4D1
FFFFFFFD6D50
FFFFFFE3AF1D
FFFFFFEB7F01
FFFFFFEA7856
FFFFFFC7DA70
FFFFFFE2E523
FFFFFFEE7EA6
FFFFFFB26046
FFFFFFA1D9D5
FFFFFFC32A95
FFFFFFD13D42
FFFFFFCA2995
FFFFFFB86615
000000264EEA
FFFFFFF9876E
0000005400CC
0000001D6C37
FFFFFFF1D9CC
FFFFFFAF416F
0000000D6B19
0000000BA50D
FFFFFFFBB5A4
0000001E7052
0000004141A3
00000023A02F
0000000FF381
00000016B4D0
000000279683
00000025115F
00000013518B
0000002F5A4D
FFFFFFEC73F6
0000000660B7
FFFFFFEA3273
FFFFFFF0531B
FFFFFFCE5EF4
FFFFFFFAE66D
0000001412D3
00000010FD70
FFFFFFF47F3C
000000100265
0000002A3B16
000000312BE8
FFFFFFFBEFE6
0000000E9609
00000015707C
0000002846F5
00000010982A
000000057C68
FFFFFFF8B871
FFFFFFE055DF
0000001C3A73
FFFFFFD35208
FFFFFFCB7F01
000000053C2D
000000713F09
0000002924C2
0000000CB0C1
FFFFFFF91A23
000000188454
00000058AA66
000000275B19
00000038DAEA
00000009D2F5
FFFFFFDEDEE0
000000152FB4
FFFFFFFA7019
FFFFFFC1F285
FFFFFFE481F0
000000577680
FFFFFFFBF568
FFFFFFDBBB5E
0000001A5839
0000003EAA3A
0000005D47F1
0000004C1DCA
FFFFFFE4139F
FFFFFFDAEF0C
FFFFFFFFE19F
FFFFFFE1AC62
FFFFFFF98DB6
FFFFFFEE72E6
FFFFFFACDA0B
00000079361D
000000404205
0000001430EF
00000008A322
0000003CEC47
0000004D2585
FFFFFFFD8128
FFFFFFD5B01C
FFFFFFEE1404
FFFFFFE305DE
FFFFFFDD73D5
FFFFFFFC1F0D
FFFFFFF5D78B
00000015A512
00000072025D
0000002B0FDF
000000096EE3
0000000EF9BD
000000224137
00000024DAE1
0000000B8F52
000000321BB4
000000106C5E
FFFFFFFAC2CA
000000071347
000000206CF0
FFFFFFFCA62B
0000001B33DD
00000055511C
0000000FF89E
FFFFFFFA7130
000000040AE7
000000273101
00000001E600
0000001AAAE0
0000004A7867
0000004200D8
FFFFFFFB5B59
0000000D7330
00000019C1CA
0000001B6741
000000304697
000000249CC4
FFFFFFD85A65
FFFFFFE51226
0000002A174C
0000003E244E
00000023EE48
0000002550B5
000000250969
0000005EE7A1
FFFFFFF13B08
FFFFFFCF272A
FFFFFFECEA37
FFFFFFDCDD82
0000000FBED7
000000268E7F
FFFFFFFAD2E3
00000018C474
FFFFFFEC3388
0000000A406F
000000084004
00000005D859
0000000F7E7A
000000371C9A
FFFFFFF3C0AE
FFFFFFF440EE
FFFFFFE9E564
FFFFFF980D56
FFFFFFE68421
0000001C8767
00000020DDB4
0000001DA6EE
0000000C21E3
000000142880
FFFFFFE13739
FFFFFFBDD8EB
FFFFFFCE590E
FFFFFFEF8BA2
FFFFFFFC5D13
0000000057DE
0000000AE531
FFFFFFF26C6C
FFFFFFF0D518
000000198254
00000004B40B
0000000895AC
0000002FFA82
FFFFFFEAC19B
FFFFFFF84E5B
00000019D7D6
00000000DEA2
FFFFFFED41DA
FFFFFFF9896D
FFFFFFF2644E
0000000E65FE
00000007EF9B
0000002DFFB8
00000029DF41
FFFFFFCD48FF
FFFFFFEBADFF
00000003B312
FFFFFFCF35F1
FFFFFFBE5FDA
FFFFFF9559A2
FFFFFFF992FB
FFFFFFEA0151
0000001F9CC1
FFFFFFE05FB4
FFFFFFDD5F4E
FFFFFF908FA0
FFFFFFDF271F
FFFFFFFB178C
FFFFFFCE6B46
FFFFFFCF2043
FFFFFFCF3944
FFFFFFE5DA1E
FFFFFFF6A8F5
FFFFFFCA8B59
FFFFFF98934D
FFFFFFDBFF09
00000010AD1C
FFFFFFE4C89F
FFFFFFD1C6CC
FFFFFFD29289
FFFFFFE9DBAA
0000001BEA2A
00000005E4A7
FFFFFFE37B15
0000005FFA33
00000065855E
0000002B277D
0000003C6504
00000020BDED
0000006D737E
00000069EDF7
0000006E68A2
0000007B2672
0000005E7EFE
0000005463A4
FFFFFFDD3000
FFFFFFF4C45B
FFFFFFC5680A
00000004A91B
00000021C723
000000686F9D
0000006A0A7B
000000420BED
0000008547E8
0000008097D8
000000578EE7
0000006DDD85
000000393108
000000129050
0000004D86A1
0000003C74AF
FFFFFFFE65EA
FFFFFF8A6756
FFFFFFC8AD69
00000053C74E
0000004F480F
00000055F46D
000000583EA7
00000071235E
000000759512
00000062B43E
0000004E0F1D
000000650BE1
00000059B87C
00000047D681
FFFFFFD84E03
FFFFFFE73848
FFFFFFED04D0
0000004174BC
00000084F003
000000593BD4
00000052991F
0000007044FD
00000037CFA1
000000371535
0000001F3E6B
0000002DB6AD
0000004E0FE1
FFFFFFF6147F
FFFFFFE4B380
FFFFFFECE1B9
FFFFFFD94DD8
FFFFFFBF68BE
00000062DE55
0000004991E0
0000003340C0
0000002C1B2D
000000377D48
000000193A94
000000177CD2
00000007EE31
0000005144A3
FFFFFFBD81B0
FFFFFFF2957C
FFFFFFF76BDE
FFFFFFCA6742
FFFFFFA6C1B8
FFFFFFF3EDD3
0000000392C6
0000002A069F
00000031F217
0000002C43F5
0000003F0553
000000515D41
0000003F2C92
0000005EA1B9
FFFFFFEB0511
FFFFFFEE5DA7
FFFFFFEC8701
FFFFFFE47240
FFFFFFD0EE97
FFFFFF8B9F8F
FFFFFFCC8908
00000051FB8A
00000046FAB3
000000362D7F
0000004E07F8
000000480B57
000000481E2E
000000100DA8
FFFFFFC29F35
FFFFFFF45EF7
FFFFFFE709C3
0000000E11D7
FFFFFFFDAF90
FFFFFFC98ACC
FFFFFF98940C
000000237D94
0000004F67BF
000000346497
0000003F68E3
00000064C297
0000005F7A79
00000031EEB8
FFFFFFE5C9D7
FFFFFFE59FFB
FFFFFFE2C724
FFFFFFFFCD11
FFFFFFDC3DEF
FFFFFFC87474
FFFFFFA3DBD3
FFFFFFCF4E83
000000532C41
00000059C606
0000003F6D46
000000483246
00000056F677
00000067D5E3
00000033658B
FFFFFFC123A1
FFFFFFDCF720
FFFFFFD2CC3E
FFFFFFC679BD
FFFFFFC5EC6B
FFFFFFA8CF22
FFFFFFA05521
0000001716F0
000000692657
00000036DAD0
00000048A6CB
0000005342D2
0000005DFE49
0000004B52F2
FFFFFFEEF0A6
FFFFFFF5C1C5
00000015FF1F
FFFFFFEE3A84
FFFFFFD8737D
FFFFFFD00599
FFFFFFBBF806
FFFFFFC7D3DB
FFFFFFE415B6
FFFFFFAB8A20
FFFFFFC26529
0000005AF96C
0000005F7639
0000005D57DB
FFFFFFCA839C
FFFFFFF97CC4
0000002A55DE
FFFFFFF8BA24
FFFFFFCC60F2
FFFFFFD4DE20
FFFFFFC41A3F
FFFFFFF94884
FFFFFFF8CC5B
FFFFFFD46C40
FFFFFF937B15
00000022E901
00000066F566
00000071E7A5
0000005F9565
0000007740D0
000000670193
00000014DC4C
000000041E7C
FFFFFFF20993
FFFFFFED45C2
FFFFFFC72C43
000000044B6E
000000197B42
FFFFFFF8C11A
FFFFFFF8B9B4
000000662380
0000007C2864
0000007CB14E
00000098170D
0000008862AA
0000006BC654
00000065610C
00000046A41C
0000004F967E
0000008A00D1
0000008898DD
00000088C51A
0000005CFD6E
00000059D79A
0000004F8950
0000004AAE28
0000000F7F5F
00000038ABE6
0000005F57A0
00000064AE05
00000047223F
0000004BE581
00000044E3A7
0000008F1592
0000009828AF
0000005BD5FD
0000005BB18C
0000007C8BA5
000000347650
000000149501
FFFFFF7F195F
FFFFFFB046EA
0000002588EC
00000037EB66
0000004EAD76
0000004C7DD2
00000017FEE6
0000004298FC
0000003B553D
00000037B310
0000002E0059
000000355A8C
0000003D9F9D
FFFFFFF2F526
FFFFFF7FE8F3
FFFFFF8A8394
FFFFFFB88594
00000003FF95
00000057268A
0000004C965D
00000030D49D
000000224072
000000308A57
0000002E8E59
00000025318A
0000002C36D2
000000498BB3
0000000C4E6B
FFFFFFC8FA55
FFFFFFA59980
FFFFFF772608
FFFFFFCB330E
000000378D3B
0000005E0C71
00000045FBC1
0000004F8841
000000301F8B
0000001F96B5
00000017D65D
00000037825F
FFFFFFF0AB86
FFFFFFC408BC
FFFFFFD4B285
FFFFFFAA03EC
FFFFFF8150D0
FFFFFF868E8E
0000000924ED
000000274766
00000019961F
00000028BCEB
000000182C89
00000033B32D
000000372844
0000005BA8D9
000000203B24
FFFFFFAFFE18
FFFFFFA405F1
FFFFFFA2EC01
FFFFFFA60824
FFFFFF7FE37D
FFFFFF891E5F
FFFFFFFF4FAF
0000001EA5F3
00000016E42E
000000171198
0000001DDAB6
0000002B7433
000000291FEF
000000162CBD
FFFFFFBD108E
FFFFFFAE36E2
FFFFFFB470E5
FFFFFFB8B4EC
FFFFFFB507C4
FFFFFF66DF72
FFFFFF7D9A37
00000011ADA6
0000002F4AD7
000000186AA5
0000000F2010
0000000DFDAF
0000003A50F4
00000024C72B
00000003894A
FFFFFFDE4212
FFFFFFE511A3
FFFFFFE6C6B4
FFFFFFB5F4D4
FFFFFFA64235
FFFFFF5CE326
FFFFFFBBFA77
000000347817
0000000A1312
0000000D429B
0000000F66FF
0000003BF3E6
0000003E4BD1
000000165700
00000017DC80
FFFFFFF981FF
FFFFFFD2F63E
FFFFFFD0E402
FFFFFFC60FE2
FFFFFF857FEF
FFFFFF6326D6
FFFFFFEA5ACE
FFFFFFF9A30A
000000049A51
FFFFFFF80947
0000001A8FD5
0000005006B6
000000510E86
000000105D65
000000055FB1
FFFFFFEAC1A4
FFFFFFE16DC3
FFFFFFAFECEA
FFFFFF97F107
FFFFFF609640
FFFFFF87DADB
FFFFFFBB1AD9
FFFFFFA16C27
FFFFFFA42FF3
FFFFFFF04244
00000053646C
000000532477
FFFFFFF9B7E0
000000009E25
0000000BE4C8
FFFFFFE7D6A1
FFFFFFC0A91A
FFFFFFB72B8A
FFFFFFA2F7D7
FFFFFF9B7B55
FFFFFF96973F
FFFFFF831206
FFFFFF72266F
FFFFFFD07B13
0000003517D1
0000003620B4
000000040358
000000445B5B
0000005ECC6B
0000002F5C25
000000110A51
FFFFFFE97EED
FFFFFFCC45F1
FFFFFFCEE0B3
FFFFFFF056D8
FFFFFFF158AA
FFFFFFC2E59A
FFFFFFDB39A2
0000001DA6C1
00000019AF61
0000002149E6
000000466696
00000047C39F
0000003C79F3
0000003DFE8F
FFFFFFFF4B95
FFFFFFCBA7DE
FFFFFFE745A3
000000215214
000000410471
0000001E80D4
000000191140
00000008938B
0000001979BB
0000002983ED
00000012056B
0000002DB38A
000000434D11
000000335003
0000002B844C
00000035D91E
00000020BD19
0000002E5CD8
000000070A9C
00000028A067
000000361A72
FFFFFFF0A460
0000000DDC04
0000009040F3
0000001810BE
0000001B2201
00000022B5D9
FFFFFFFA77FE
FFFFFFE668C8
FFFFFFF9DB8A
FFFFFFF9C68E
0000000B83BA
FFFFFFE14F1F
00000016F28B
00000001CD85
000000258209
0000003F48B8
0000008E248F
000000760E07
00000033A876
FFFFFFF536F9
FFFFFFDE17DF
0000002C9B84
FFFFFFE54F1F
FFFFFFDB33F7
0000001091C2
FFFFFFF432D9
FFFFFFF7AF52
FFFFFFF47DBE
FFFFFFD66A23
0000002A4269
0000002D9D34
00000074ADC7
0000007B7CAD
00000002A846
FFFFFFFF951B
FFFFFFFC797D
FFFFFFDE3396
FFFFFFD74E46
FFFFFFC64638
0000000657F1
FFFFFFD8A602
FFFFFFEEDE82
FFFFFFF8C3AF
0000008F991E
00000079EA2C
00000016F553
0000000FB1BA
00000005FECC
FFFFFFECB9CC
0000001AAB6C
FFFFFFFA4758
FFFFFFF77E50
FFFFFFD601D0
FFFFFFCF4C67
FFFFFFAA79C1
000000090CCA
00000038D4DD
000000493153
0000001707FD
FFFFFFE41620
FFFFFFE42694
000000285715
000000222B5E
000000149CEF
00000006D6EF
FFFFFFFCD7EA
FFFFFFD2CABB
FFFFFFF08F74
FFFFFFC91095
FFFFFFEF675B
FFFFFFFF035B
000000022B23
FFFFFFD784CB
FFFFFFD84F37
FFFFFFDBD0FA
0000000BC570
000000288E52
FFFFFFF5072D
FFFFFFD3DA84
FFFFFFC12925
FFFFFFD91951
FFFFFFD84870
FFFFFFC0E684
FFFFFFFD7576
FFFFFFE369F6
FFFFFFF0F3BC
FFFFFFD32EE7
FFFFFFF92545
FFFFFFFB69BB
FFFFFFF559F1
000000097895
000000581B9F
000000059692
FFFFFFD01C58
FFFFFFDDCF8D
FFFFFFD6BE42
FFFFFFE24C7C
FFFFFFF2C805
00000059E8A2
0000003FFB47
0000000F8FB6
000000067A12
FFFFFFE3CA4F
FFFFFFD02456
FFFFFFFDBE87
00000034C319
0000001124CE
FFFFFFFAEF36
FFFFFFD83CAD
FFFFFFDE334E
FFFFFFEDD1D1
FFFFFFF67DE6
000000520889
00000021B5E4
0000000C85ED
000000061116
000000126D21
0000001C1DB1
FFFFFFF9E2D1
000000125BC2
00000018AA3F
FFFFFFFBA210
FFFFFFDDEFA5
FFFFFFF3B732
FFFFFFEAAB6A
FFFFFFFAC078
FFFFFFE43933
00000010C99F
000000078B90
0000001E9066
000000219FD0
0000001F65EB
FFFFFFD8B55D
FFFFFFDE277C
0000002EBE14
FFFFFFF866BF
FFFFFFDE4A6C
00000017C42A
FFFFFFD038AD
FFFFFFF21150
FFFFFFE225C3
FFFFFFED37AC
FFFFFFF5E760
00000012AE8C
00000013BC08
FFFFFFF1348C
FFFFFFC311A0
FFFFFFD6EC27
0000000B02EA
FFFFFFFF550F
FFFFFFF72450
00000030D4FA
0000000B3BCF
FFFFFFED5638
FFFFFFBF7290
FFFFFFF79F02
0000004FA789
00000031026E
0000004F9C3E
0000003AD50D
0000002F0D08
000000146DC9
0000001BAC31
0000001A2E46
00000017207C
000000350F8C
0000002F59FA
0000001E09DE
FFFFFFCB7789
FFFFFFF485BF
00000020F515
00000002F4CF
00000034A42B
0000005D8AF3
0000005441F5
000000516D1E
FFFFFFF8D373
00000012339B
00000026843C
000000258047
0000001438ED
0000001F95A4
000000016822
0000000A3F6B
FFFFFFEB9F06
FFFFFFFC01E0
FFFFFFFBC2A1
0000001EF6D7
0000002142CF
0000001D3E3A
0000002264CB
000000005205
FFFFFFE13E30
FFFFFFE2B4C2
FFFFFFFAD124
000000194EC4
FFFFFFE1638A
FFFFFFF1AD9B
FFFFFFD79AE3
FFFFFFD018A3
FFFFFFE37B81
FFFFFFE19F8C
FFFFFFD22E0C
FFFFFFF67FB4
FFFFFFCA3BCD
FFFFFF99C2A0
FFFFFFB77E71
FFFFFFBB9DE0
FFFFFFAFC15F
FFFFFFE545C1
FFFFFFF29A32
000000069C68
000000456551
FFFFFFFEE1AA
FFFFFFD701B9
FFFFFFD6CDD8
FFFFFFD2FEA4
FFFFFFC7C3FE
FFFFFFC62156
FFFFFFC7A7CF
FFFFFFBC23D2
FFFFFFD38A97
FFFFFFE1D874
FFFFFFF5E85D
FFFFFFCB7A3E
0000002996FA
000000543C68
0000001FC248
0000001DD264
FFFFFFD292CD
FFFFFFC3FE28
FFFFFFD3192D
FFFFFFB69C44
FFFFFFCB6713
FFFFFFBA474F
FFFFFFC92FDC
FFFFFFC68D98
FFFFFFD12A07
FFFFFFDBA074
0000002153D7
0000003B88A3
0000006B445A
000000499D0E
00000008AC8B
FFFFFFC13CA7
FFFFFFC2C8F7
FFFFFFE998E3
FFFFFFCDE0A3
FFFFFFEF4D9A
000000055A14
0000002043A9
00000017946B
FFFFFFF98250
00000031B4D6
000000517171
000000699939
00000043DE92
0000002C95C3
FFFFFFEB6553
FFFFFFE38C81
FFFFFFEA47B7
FFFFFFEA0FD7
FFFFFFF7056C
FFFFFFEEC0F4
FFFFFFCF97D1
FFFFFF923F05
000000334D2B
000000760742
00000071D2B0
00000055368E
0000004A9CF4
000000392A01
00000022A4A8
FFFFFFD5161D
FFFFFFB4F87D
FFFFFFB71E89
FFFFFFC749BD
FFFFFFCEFBEB
FFFFFFBAB425
FFFFFFB3A3D1
FFFFFFF7214B
000000833F73
000000662ADC
000000585DE3
00000039F85B
00000046F9BE
0000002C952E
FFFFFFDD1C32
FFFFFFB669D8
FFFFFFB69257
FFFFFFC61E45
FFFFFFD52466
FFFFFFC7F38C
FFFFFFC06561
0000000F7740
00000057A932
0000003D3FAD
0000003C88DC
000000386261
00000063AC76
0000004EC6A5
0000002A6579
FFFFFFCDF615
FFFFFFA68FDF
FFFFFFD749B8
FFFFFFD9604C
FFFFFFCBC9E1
FFFFFFAE06B8
FFFFFFD5BAD7
00000024A2E7
000000358410
000000615477
00000077CCC8
0000004FA2A6
00000049D78E
0000003D6F7B
FFFFFFFF67E9
FFFFFFBA3285
FFFFFFBDFC6B
FFFFFFBE4F54
FFFFFFC0343B
FFFFFFB66AA5
FFFFFFC6F322
FFFFFFBC94E9
0000002236BA
00000028CFD9
0000006B751F
0000005180BC
000000490C28
0000005132D5
0000001E1DB6
FFFFFFE3DEE5
FFFFFFAD5A8F
FFFFFFD606BD
FFFFFFF231D4
FFFFFFBE5ADE
FFFFFFA86437
FFFFFFAD431D
00000004ECD1
0000000C3834
0000002E3CDC
00000028281A
0000003471C9
000000516155
0000003AF741
0000001F4C6F
0000002B2DD8
000000265F83
0000005C2992
0000000431FF
FFFFFFD55125
FFFFFFBA9E1F
0000001BFF58
000000080D08
FFFFFFF89E84
0000002B5E9D
000000287868
000000585391
000000390CA4
0000005BF35C
00000050EA11
0000004AA7D0
000000498AFE
0000005545B7
FFFFFFBFA511
FFFFFFAFE78E
FFFFFFB59522
FFFFFFB8B015
FFFFFFB81A1A
FFFFFFE66F56
0000000DD784
00000043BCE0
0000004F354D
0000003F66D9
000000201F45
FFFFFFE90101
FFFFFFFCD63A
FFFFFFDF1B74
FFFFFFA012DC
FFFFFF9F1E30
FFFFFF9D90B0
FFFFFF9E06D4
FFFFFF832A7E
FFFFFF813163
FFFFFFA42110
FFFFFF8ECEFA
FFFFFF9D80C1
FFFFFF98E57C
FFFFFF7D5817
FFFFFF9FDC04
FFFFFF8D173B
FFFFFF74DE51
000000068FEE
FFFFFFE72324
0000007CE082
0000005B97A6
FFFFFFFCA25F
00000032A839
00000049E924
0000006133B3
000000328142
FFFFFFDC3441
FFFFFFFBB549
0000000402C2
FFFFFFF3AAEF
000000075477
FFFFFFB81AD5
00000024B5F3
000000561B8F
0000004D9C63
00000063DE86
000000147981
FFFFFFE298FC
0000000FC1B1
FFFFFFEFB706
FFFFFFD7296E
FFFFFFEB5DFD
FFFFFFD8A50D
FFFFFFCD0212
FFFFFFC741A9
FFFFFFBE7BFF
0000000AEEC0
FFFFFFED54FC
FFFFFFFE23A3
0000004B1C9C
FFFFFFE90398
FFFFFFC9EA79
FFFFFFD8A7FE
FFFFFFD5457A
FFFFFFC41DFF
FFFFFF9E962C
FFFFFFF90D65
FFFFFFD4B0D2
FFFFFFFF560D
FFFFFFE1F5A6
0000001E8097
FFFFFFE18479
FFFFFFE1F7A9
FFFFFFF25A50
FFFFFFCB5B54
FFFFFFB9E963
FFFFFFEAAC0D
FFFFFFE6251D
FFFFFFCE5953
FFFFFFC08506
FFFFFFE0D8D2
FFFFFFAFC936
0000002E033E
00000073261B
0000006BA8AE
00000063B355
FFFFFFF6229B
FFFFFFB6E36D
FFFFFFB94D93
FFFFFFFA35FA
00000004BB1F
00000038EECE
000000084190
FFFFFFEF2561
FFFFFFD52F5F
FFFFFFE5DE6A
0000003457AA
0000001C5384
FFFFFFDD0CB6
FFFFFFEEF714
FFFFFFF8BBF2
FFFFFFD011F2
FFFFFFC14356
000000029C56
000000279A81
FFFFFFC987BA
FFFFFFAA0E0F
FFFFFFAAEA4F
FFFFFFAA9915
FFFFFFAE9031
FFFFFFB5B54C
0000002955EC
FFFFFFFD030D
FFFFFFE41985
FFFFFFED6C89
FFFFFFF430B5
FFFFFFF2CB12
FFFFFFBF4AC7
FFFFFFF28483
FFFFFFD93D3A
FFFFFF9D8207
FFFFFFA07162
FFFFFF936CCB
FFFFFF98025D
FFFFFFBFBCE1
00000011F607
FFFFFFE369BC
00000003B4A3
FFFFFFFCEB33
00000015F0E2
0000000B6A0F
FFFFFFCF49BA
FFFFFF8EDA3B
FFFFFFEDD3FB
FFFFFFB70147
FFFFFF9B686A
FFFFFF9C4DCB
FFFFFFBA0B5A
FFFFFF950193
00000014C894
000000005285
000000107650
00000002994D
FFFFFFEDD24C
FFFFFFCE04D3
FFFFFFBA679F
FFFFFF902A6B
FFFFFFC515A7
FFFFFFC522C4
FFFFFF9CD755
FFFFFFAC6073
FFFFFF9398F7
FFFFFF8DBED4
FFFFFFAC3AA9
FFFFFFD93404
0000000EF677
FFFFFFFEFDEE
FFFFFFEC0439
FFFFFFD6101D
FFFFFFDBDE49
FFFFFFAD27EE
FFFFFFA405AB
FFFFFFE128FD
00000016073D
0000003AA391
00000006AFEC
FFFFFFE8B8B8
FFFFFFB210DA
FFFFFFAC4714
000000273230
0000000E28BF
00000015B08D
0000001B2E0F
000000033EB6
FFFFFFC5671D
FFFFFFA4BB34
FFFFFFA92739
FFFFFFFF1080
FFFFFFCD70B4
FFFFFFB74636
FFFFFFC78C64
FFFFFFBD0235
FFFFFFF9ACDE
000000492FFF
00000009CA3B
00000015CC06
0000001F6357
FFFFFFD33292
FFFFFFD71430
FFFFFFBF8968
FFFFFFF92FC1
FFFFFFF6AFA4
FFFFFFC1EF34
FFFFFFA3F515
FFFFFFD200E7
FFFFFFA38EF7
FFFFFFD15344
0000000F87F1
FFFFFFD388DD
FFFFFFE18797
00000047535B
0000004273DF
00000016F669
FFFFFFED565B
0000001BA893
00000023BE43
0000001B5954
FFFFFFFC2896
0000001079F4
FFFFFFD8BD7B
FFFFFFE3A01C
FFFFFFBAB3DE
FFFFFFC0101D
FFFFFFD0A150
FFFFFFE2A640
FFFFFFD794E0
0000000B8712
0000000A77F4
FFFFFFF0F6BD
FFFFFFD51ED9
FFFFFFC7664E
FFFFFFEC6F15
FFFFFFF2D361
FFFFFFAB94A5
FFFFFFDD818B
FFFFFFF80AF3
0000002806B0
FFFFFFE8EBBD
0000001495CC
00000001BA44
0000001A05D8
00000025808C
0000000079A9
00000019E7E5
0000000F7EAE
000000320956
FFFFFFFC78AC
FFFFFFC5BBCF
FFFFFFDE9BB0
000000209C11
0000002F78A3
FFFFFFF988E3
0000001B28F9
000000064123
FFFFFFE72496
00000007B9CB
FFFFFFFDF173
0000001BBB30
00000006C808
00000011A71A
FFFFFFEFBC03
FFFFFFCFE465
00000011A9D0
FFFFFFEF2DDB
FFFFFFE22B0A
00000033EFA6
0000002C80F0
00000015BD8F
0000002AE311
000000179D73
00000004B118
00000008EF79
0000002BB11B
FFFFFFEFBDE8
FFFFFFFED909
0000001264FB
00000049D29B
FFFFFFE5B9B4
FFFFFFEF1E76
00000022CAD5
000000018827
0000001149A5
00000027223E
FFFFFFFE7A5C
0000001DFC18
0000001ABF12
00000005158C
000000037C5A
000000172817
00000012282F
0000001DD53A
FFFFFFEB2800
000000093761
FFFFFFF3AB13
FFFFFFCF4C60
0000000F9118
FFFFFFE478FF
FFFFFFE6B42C
0000000CD90E
00000003B979
FFFFFFFD297C
FFFFFFFB2FB7
00000014E681
000000388BFA
0000000A89A1
000000088CE3
FFFFFFF3A29A
FFFFFFEB525D
FFFFFFF4FAAA
000000124882
0000000CF995
FFFFFFF2A759
FFFFFFD79B98
FFFFFFF6BE57
000000017665
FFFFFFFF02FA
FFFFFFF8000B
00000047B9DA
00000015ECA3
FFFFFFFEFEE1
FFFFFFFA0937
0000000E97CE
000000113BA5
FFFFFFE55779
00000000791D
00000007AF6D
00000009484B
FFFFFFE6FBD6
FFFFFFFD646A
FFFFFFE54EB3
FFFFFFF519CB
000000098FED
FFFFFFDC5EAC
FFFFFFE68892
FFFFFFE204A4
00000009C89A
FFFFFFEA2179
FFFFFFE96FAC
FFFFFFEDEBE0
0000001B983B
0000001DC46B
FFFFFFD146A1
FFFFFFEEE280
000000190AA0
FFFFFFF13011
FFFFFFECA888
FFFFFFE14F49
FFFFFFF8CA32
FFFFFFEF3013
FFFFFFCC86F0
FFFFFFE6D90F
FFFFFFEEDA3E
FFFFFFF20BDD
FFFFFFF9BBD9
000000164B15
FFFFFFF5226D
00000008184B
FFFFFFECB24C
FFFFFFE86400
FFFFFFC9EB0F
000000026D57
00000005E5B1
FFFFFFDB6478
FFFFFFB0FDD8
FFFFFFE41E25
000000055221
FFFFFFEC8156
FFFFFFE9F786
0000000B556D
00000022F3BD
0000001DCE87
FFFFFFF8D2A5
0000001931AE
FFFFFFC4FC9A
FFFFFFF23BE2
FFFFFFF7EEF1
000000388D02
FFFFFFFF2871
FFFFFFF39CA3
00000016052F
000000132AC1
000000146E16
0000002689B2
000000066B32
000000022A8B
FFFFFFDFB588
00000025D3A4
FFFFFFC80123
0000001604B0
FFFFFFF06DFC
0000000D8133
FFFFFFE638F1
FFFFFFE71E80
FFFFFFF18121
FFFFFFE2C4A6
000000132A9D
00000008335B
FFFFFFF646B3
FFFFFFE111DC
FFFFFFE6031A
FFFFFFF76490
FFFFFFE30C92
0000000C699C
FFFFFFF3DB4A
FFFFFFC6370B
FFFFFFCF489F
FFFFFFF72C60
0000000C0AFD
FFFFFFD8A3ED
FFFFFFFA5876
FFFFFFCBF93C
00000004327D
FFFFFFF96A61
FFFFFFD99AA6
000000025659
FFFFFFED439D
000000053AB1
000000011148
0000001D5717
FFFFFFFF027C
FFFFFFF8ECE5
FFFFFFF8752E
FFFFFFEF64D6
FFFFFFFBB04E
FFFFFFE61931
FFFFFFFADB42
FFFFFFEC3F36
00000008BF0F
FFFFFFF750AC
00000005D249
FFFFFFDDF4D9
FFFFFFF5D4B1
FFFFFFE8AC5B
FFFFFFD0357B
FFFFFF8FC98C
FFFFFFBC2517
FFFFFFE3D61D
FFFFFFEEE685
FFFFFFCE51ED
FFFFFFFA739D
FFFFFFD76911
FFFFFFC50DB4
FFFFFFDFAB2E
FFFFFFE45ABF
0000002FF271
0000003D1443
FFFFFFE3DC61
000000179BC2
0000000A914B
FFFFFFE425B2
FFFFFFE023A6
FFFFFFD2BE2A
FFFFFFF6550B
0000000D5AEA
FFFFFFEEE6CF
FFFFFFE53D9E
000000025D7D
FFFFFFDAC936
00000036B789
0000002C041B
00000007876D
000000393FC7
FFFFFFE59E4D
FFFFFFD60A5A
FFFFFFF06DA4
0000000AD242
FFFFFFD80841
0000000109C3
FFFFFFFC089A
FFFFFFF05F8E
FFFFFFFC7E35
FFFFFFEA279F
FFFFFFDE6376
FFFFFFBE20C5
FFFFFFF78B68
0000000C5B0A
FFFFFFDD1237
000000048A06
000000018AC1
FFFFFFFF0386
FFFFFFF10992
FFFFFFFA2DC9
00000034860A
FFFFFFE56712
0000001244BF
000000517CA0
FFFFFFFA8F44
FFFFFFFDFC59
0000000F8168
0000000D333F
FFFFFFED359C
000000383533
000000020B37
FFFFFFEEFE6C
0000003056F7
0000001BE0F6
FFFFFFE6A680
0000000A430E
FFFFFFD7A596
0000003B19D5
00000024CE7B
00000039E525
0000000819C4
00000014E266
0000000A2499
00000000F491
FFFFFFFF3348
0000003327B8
0000000F542E
00000001C58F
FFFFFFED5123
FFFFFFF5E0B0
FFFFFFDA9F4D
000000556AE3
0000001C5A00
0000001D8429
00000011809B
0000001BC6DC
000000220DCF
0000002AC477
FFFFFFC15C01
FFFFFFC291B4
FFFFFFEC8A6A
FFFFFFEBA751
FFFFFFF06950
FFFFFFE808EA
FFFFFFE91AA3
000000050718
FFFFFFE84B5A
FFFFFFF1AADF
000000254B61
0000005A507D
000000187C30
FFFFFFEE805D
FFFFFFE74DC7
FFFFFFFB499B
FFFFFFED5569
FFFFFFFA8EDE
FFFFFFF2CB96
0000000A6080
FFFFFFE256F6
FFFFFFF847BF
FFFFFFCDD82A
0000000EFF78
0000002528F1
0000001A5208
FFFFFFEEB785
0000000489FC
FFFFFFF1C783
FFFFFFF2613A
FFFFFFD59DFE
FFFFFFD6A422
FFFFFFE71F02
FFFFFFE893BB
FFFFFFE2C88C
FFFFFFC03C5F
FFFFFFCDAECA
FFFFFFEE6A7C
FFFFFFAB48A3
FFFFFFCE794B
FFFFFFF88E12
000000049123
0000000ACE64
FFFFFFFD2EC6
FFFFFFF3B2B5
000000189937
00000034C556
000000124918
FFFFFFEB6D13
00000012D97E
FFFFFFBB3716
FFFFFFE40F9A
FFFFFFA67A77
000000339371
000000666259
FFFFFFFE92DC
FFFFFFDAA361
FFFFFFDB77F1
FFFFFFE6C8B2
0000003D7259
00000023E2B8
FFFFFFFE246D
FFFFFFDD73B4
FFFFFFD9BE9A
FFFFFFBBACF8
FFFFFFF0EC96
0000000077DC
FFFFFFE08BB2
0000000A5C0A
FFFFFFE5BFBC
FFFFFFD2AFD8
FFFFFFC7F029
FFFFFFF2DF16
FFFFFFDA3020
FFFFFFB95C7D
FFFFFFE3EE31
FFFFFFBF687E
FFFFFFEEA6EA
00000012F6E2
00000073B601
000000236582
FFFFFFEE8DFC
000000231FA2
FFFFFF838589
FFFFFFCBEB00
FFFFFFF86AD8
0000004581E1
FFFFFFFE4566
FFFFFFF294E1
FFFFFFC54002
FFFFFFA52ABA
FFFFFFCA127F
FFFFFFF563CA
0000000240D8
FFFFFFEDD915
FFFFFFFE0E3A
FFFFFFF0416B
FFFFFFE0D50C
FFFFFFEFA4CC
00000002D03E
0000001E98A0
FFFFFFEC7314
FFFFFFDEC07F
FFFFFFDDE80B
FFFFFFB52E73
FFFFFFB7BDEF
FFFFFFAA7935
FFFFFFB26540
0000001828A4
00000034FFFA
0000005926AF
000000831460
FFFFFFE52FE9
0000000AAD12
000000674224
0000002AC1C7
0000007216E2
0000004FB749
FFFFFFE41052
FFFFFFAD8691
FFFFFFBDE972
FFFFFF6CE5CC
FFFFFFDF2789
000000170CF6
00000065AF18
000000650AFD
0000005AF4E9
0000006EAB72
00000042521E
00000035763C
0000004327E4
00000021D006
FFFFFFC8A2FD
0000006BEC77
FFFFFFC41AE3
FFFFFFB79D6F
FFFFFFBD71E4
FFFFFF970EF4
000000455D23
0000005B434F
0000006D79D5
000000AE6F9B
00000087F3D1
000000888F21
000000492E40
0000005ACA0D
0000006BA1F3
0000004DCC15
FFFFFFB2501D
FFFFFFC1B7DE
FFFFFFB6CBD5
FFFFFFD875AF
00000001B31A
000000562AB4
000000661A1D
0000003C3980
000000553D72
0000005857A3
0000000F4A39
FFFFFFD61767
FFFFFFFD27DB
FFFFFFFB613F
FFFFFFBE1B50
FFFFFFD303A6
FFFFFFD741C3
FFFFFFE0739D
FFFFFFB24BC5
0000001BA0EB
00000028F008
0000002C2A31
000000230977
000000560305
00000073CADA
000000654B6C
000000CAF60A
0000000AE550
FFFFFFBAB618
FFFFFFD28E15
FFFFFFD598DB
FFFFFFCF0D9D
FFFFFFD930DB
FFFFFFD605EB
0000009AE442
000000B52DD9
000000ADACDC
000000A478D3
000000AE060F
000000B631BD
000000CD4DA7
0000005A8BA8
FFFFFFB37483
FFFFFFC20D88
FFFFFFC9F2CA
FFFFFFD4FDC6
FFFFFFD14FC5
FFFFFFB3DE65
0000003034DF
000000B40EB4
000000AB1332
000000B2996D
000000A98691
000000B6E3A9
000000DAA233
000000168AA3
FFFFFFB794AE
FFFFFFDD4029
FFFFFFDC8CEE
FFFFFFD75F7B
FFFFFFB16CFB
FFFFFFBB73DB
FFFFFFC30C83
000000867B08
000000DD614B
000000B1A2F2
0000009BD723
000000A452B9
000000DADBE4
0000006D90AE
000000008B57
FFFFFFEDF1E4
FFFFFFD13308
FFFFFFAD6803
FFFFFFC90AC8
FFFFFFCCFB85
FFFFFFD68384
FFFFFFF72260
000000CA7C16
000000DCEABE
000000BE2A5A
000000B177D9
000000DB8823
000000B58B23
0000009E7305
0000000C009E
FFFFFFE7EA0C
FFFFFFB7DC0C
FFFFFFC85318
FFFFFFBFB464
FFFFFFC9F979
FFFFFFC4F049
000000409EB8
000000A32138
0000004E8A07
000000647917
000000D23918
000000C05254
000000C06114
FFFFFFF02AB1
0000001DBEB3
FFFFFFF707B6
FFFFFFD89A54
FFFFFFC93F8D
FFFFFFD3EC48
FFFFFFD59AC5
FFFFFFE273CD
FFFFFFD5D590
FFFFFFD35046
FFFFFFB51A7A
000000A0A8D8
000000A4421D
0000007D9FBD
FFFFFFE226BD
FFFFFFFEB4D2
FFFFFFF86544
FFFFFFC9DEFD
FFFFFFF72B13
FFFFFFCD896D
FFFFFFD6A411
FFFFFFAEDAE4
FFFFFFB26ED3
FFFFFFAE2AC8
FFFFFFB33545
FFFFFFF4D634
000000A8E5AB
0000009516B1
0000006BCB5B
0000008AD439
00000082A888
00000005F352
000000288C40
FFFFFFD48182
FFFFFFA3A202
FFFFFFB98DB6
FFFFFFF11CCB
00000020A175
00000031AECD
00000047B46D
000000FBFCCF
000000EADA8C
000000E3FDE3
000000FC8FDD
000000F2FB6D
000000D4F6C1
000000C004B6
000000B12567
000000B59D3C
000000C7CF28
000000F4D44B
000000DFF362
0000010076D5
000001228EE5
0000000682B1
000000235E20
FFFFFFB9B937
FFFFFFCB39E6
FFFFFFFE971F
FFFFFFDA5D72
FFFFFFEBADED
FFFFFFF250AB
FFFFFFE9F085
FFFFFFF35D76
00000002CEAE
FFFFFFF68A3D
FFFFFFDF80F1
FFFFFFF05575
000000324CB9
00000009E20E
FFFFFF8756A4
FFFFFFAF958D
FFFFFF9E26C0
FFFFFFC34CC0
FFFFFFE3ABE4
FFFFFFD0F531
FFFFFFE569F7
FFFFFFEE02E9
FFFFFFE7F015
FFFFFFD0C154
FFFFFFD65C83
0000002F29F6
00000001C89E
FFFFFFF7657A
FFFFFFEB4707
FFFFFFCD39E3
FFFFFFAF49D3
000000043742
00000019C03E
000000219B09
FFFFFFF0A1AD
FFFFFFE0732B
00000013361B
FFFFFFDB3A1B
FFFFFFE117D4
FFFFFFD09CBD
0000001E3422
FFFFFFAFCEED
FFFFFFDC123E
FFFFFFC9D2F3
0000003241D9
00000015FF4C
00000021401E
0000000825A6
FFFFFFDDAD89
000000027835
00000026A306
0000001C631F
0000002403F4
FFFFFFDE2598
FFFFFFE58B03
FFFFFF7E3A8A
FFFFFFAE48AB
FFFFFFDD9DDD
00000036AB79
00000036FC13
000000013E1E
FFFFFFCB2746
FFFFFFB56D98
FFFFFFD0A9CC
FFFFFFDA4542
0000000BAF3F
FFFFFFEB87A2
FFFFFFCD921E
0000008B57B5
000000845513
0000002E77CD
000000151C4E
00000030DDCB
00000045BAA7
00000008FDD0
FFFFFFE569EC
FFFFFFEEF23B
FFFFFFF034CB
0000002719BD
00000018E376
0000004E7DC7
00000046A232
0000002E9221
0000002DB319
00000037513C
0000001F9583
000000265D40
0000003A8024
000000496CBA
FFFFFFD6E79E
00000011D443
000000302B74
0000003890DD
00000040D304
00000059F45C
0000004BC9D9
00000021A2F0
0000006BCED1
0000002C13B4
0000001D88C7
0000000DB7E4
00000019C618
00000048B1E0
000000504125
0000001475A0
0000002E1EEC
00000034129A
0000004D9AF8
0000003529B3
00000056E6CB
FFFFFFF2599B
0000002B5340
000000295D9B
00000038B2A6
000000085631
000000402335
0000003FCD1A
0000004FD83A
00000060E563
0000001EAB45
000000349F70
00000025BF1E
000000372387
000000427DA8
000000543D89
0000002A9804
00000008B7CA
FFFFFFD31A01
00000028EA50
0000003E064E
0000002E903A
000000424247
0000004DC469
FFFFFFC24415
FFFFFFC0A5AE
FFFFFFCABB93
0000001D76C8
00000020F0C0
0000004C282F
0000005C5BCE
FFFFFFDBD616
FFFFFFC76291
0000000F4DD4
00000000DEE2
FFFFFFCA13F1
FFFFFFF17222
000000319ED4
0000001A9F58
FFFFFFC3E1C5
FFFFFFFEA403
000000492FAD
000000513986
0000000DE0CB
0000002173F5
FFFFFFB3BEA0
FFFFFFE592E6
000000186052
00000013CD5E
000000018830
0000000F52F1
0000000C3BAE
00000019ECD5
FFFFFFFDE09E
000000316CC8
000000593B74
0000005A47E4
000000212AF5
FFFFFFE52B3E
FFFFFFB9018C
FFFFFFFC6A73
0000001E4986
FFFFFFA88CDD
FFFFFFBEA861
FFFFFFC46C6F
FFFFFFC11BA3
FFFFFFCD7327
FFFFFFCFD73D
FFFFFFD98198
FFFFFFED7BCB
FFFFFFDE6522
00000013B9D0
000000234439
00000024733B
00000049F196
00000028129A
FFFFFFE959BE
00000006E9E5
FFFFFFD6F896
FFFFFFC1940B
FFFFFFEE4B46
FFFFFFFAAEFE
0000003BB852
000000260B56
00000010A23D
FFFFFFF0767D
FFFFFFD927A8
FFFFFF604AF2
FFFFFFBD5951
FFFFFFCE341B
0000003C63AE
FFFFFFFFE7A3
0000000A617E
FFFFFFEB720C
FFFFFFC26189
FFFFFFA2FE3E
FFFFFFAE860E
FFFFFFB8D7BE
FFFFFFC38B63
FFFFFFD39548
FFFFFFA27EEF
FFFFFF9B2D6F
FFFFFFA634E0
FFFFFFC3B166
FFFFFFEB3F0D
000000115C93
FFFFFFE1985E
0000001F12E5
FFFFFFB80D05
FFFFFFBADDA0
FFFFFFC91A55
FFFFFFEE7A85
FFFFFFB860C3
FFFFFFE03664
FFFFFFB17AF9
FFFFFFC722CA
FFFFFFBB1266
FFFFFFD19229
000000021B9B
FFFFFFD07327
FFFFFFBECBBF
FFFFFFF8642B
FFFFFFDC894A
FFFFFFB377BB
FFFFFFCBBFFD
00000003351C
00000005B03C
FFFFFFDFE2D3
FFFFFFBC897B
FFFFFFCD19CC
FFFFFFF138A3
FFFFFFF4AD2B
FFFFFFAC3CE1
FFFFFFBCE270
FFFFFFD7D1A3
FFFFFFE65825
FFFFFFC886AA
FFFFFFD777E8
FFFFFFD4C893
00000024E062
000000135262
FFFFFFA82A3A
FFFFFFBDAEDE
00000034FC56
000000096F86
FFFFFFC00F60
FFFFFFB51651
FFFFFFD75C42
FFFFFFEE07F5
FFFFFFFD2021
FFFFFFE7219F
00000008CFF8
FFFFFFEB83B7
0000000DBD13
0000005B37ED
FFFFFFCDFBD8
FFFFFFE96C5C
FFFFFFF02181
FFFFFFE5F360
FFFFFFD18213
FFFFFFB6ADC5
FFFFFFB572CE
FFFFFFCAE3A9
FFFFFFF206C6
FFFFFFF17F85
FFFFFFF0DD81
FFFFFFDDAE7B
000000094A9B
FFFFFFDD3E37
FFFFFFA5C7C0
FFFFFFD6AE9E
FFFFFFCEA2C4
FFFFFFD01058
FFFFFFC1369B
FFFFFFD26C12
FFFFFFBE4561
FFFFFF87C42C
FFFFFFFB0B1C
FFFFFFCCA090
FFFFFFD58ED6
FFFFFFB09FF7
FFFFFFF13752
FFFFFFCD8AEB
FFFFFFADA644
FFFFFFA42585
FFFFFFBB6152
FFFFFFCB408E
FFFFFFC787CA
FFFFFFCCA9B4
FFFFFFCA5FC5
FFFFFFB31452
FFFFFFE43DE8
FFFFFFC5D95A
FFFFFFDA2B57
FFFFFFE379E4
FFFFFFD4662F
FFFFFFC3E0B2
FFFFFFA47E2B
FFFFFFD16EA8
FFFFFFF4327B
FFFFFFB91097
FFFFFFB5A945
FFFFFFB1DDE5
FFFFFFD07B00
FFFFFFC38137
FFFFFFCC8EC4
FFFFFFD66F99
FFFFFFE30C0B
FFFFFFB16D1C
FFFFFFBEC5BA
FFFFFFCAB1E8
FFFFFFE634CF
FFFFFFBEE2D7
FFFFFFD6C224
FFFFFFDB16BC
FFFFFFFA7441
FFFFFFCCE8E8
FFFFFFC5AF38
FFFFFFD77C9D
FFFFFFC7C336
FFFFFFBD6D70
FFFFFFC664C0
FFFFFF91E403
FFFFFFA6E19F
FFFFFFDEE9C2
FFFFFFD1B979
0000000642C7
00000031120B
000000028287
FFFFFFFC9A31
FFFFFFD4C6E1
0000000CAC80
0000000B0399
FFFFFFF08137
FFFFFFC8EFBE
FFFFFFDB44BF
FFFFFFDBDABA
FFFFFFE18DC1
FFFFFFF8B996
FFFFFFF58FB7
000000228F69
00000019B616
FFFFFFD5E4B6
FFFFFF9D0AD3
FFFFFF8EBA51
FFFFFFBEE845
FFFFFFD7AAFA
FFFFFFE7594C
FFFFFFF81AF6
000000007D5B
FFFFFFDD6543
FFFFFFD6CB0F
FFFFFFE142E3
FFFFFFC3D798
FFFFFFDDF51C
FFFFFFBB97CB
FFFFFFDEE715
FFFFFFC2D71E
FFFFFFCFAFD5
000000177852
FFFFFFC21B9E
FFFFFFE83009
FFFFFFC9D6C9
FFFFFFF39D1D
FFFFFFB7D5F5
0000000205C0
FFFFFFD4A0EE
FFFFFFDB2F17
FFFFFF9C45E9
FFFFFF94CE74
FFFFFF992769
FFFFFFAE1972
FFFFFFE94675
FFFFFFC1EFD3
FFFFFFF9B45A
FFFFFFCF4C34
FFFFFF9F5266
FFFFFFD8ED25
FFFFFFC6A5AE
FFFFFFE9AE6D
FFFFFFDA7AF5
00000031D8FD
000000535C21
FFFFFFBCD195
FFFFFFEDF188
00000009A188
0000003BB8F7
00000013B1AB
0000002F6238
000000744D40
0000001B433A
00000042253E
000000117B03
00000041C447
000000433023
000000322B04
FFFFFFFCBB5F
FFFFFFE0C56E
FFFFFFCFCA78
00000011E4B7
00000011A57A
000000058F18
FFFFFFF04148
000000123C39
000000285D32
0000002EE947
00000013C4E4
0000000EC201
000000545725
000000397A02
00000028E5FC
0000000B3117
FFFFFFCE8E0D
0000001D89E3
FFFFFFE49772
000000165411
0000000BF7A6
FFFFFFD2850C
FFFFFFE5FA21
0000000A7D8C
00000020F59C
00000027A4B6
00000032B921
0000001C0C27
0000004C58DB
00000033E1D1
0000000C194F
0000000EA821
FFFFFFBB3FDD
0000001D5FCA
000000006972
FFFFFFFFA78D
FFFFFFFC8E81
000000128808
00000003DBD0
0000002DD8B8
000000087C07
FFFFFFD90E45
000000331BDA
000000A31031
000000201884
FFFFFFE8F829
FFFFFFA66A64
FFFFFFEE173A
FFFFFFEA627A
FFFFFFE39B8E
0000001F8EB7
00000022F0DC
0000001004DF
FFFFFFF9B9A4
0000004730EE
0000002661D6
FFFFFFCEA3E0
FFFFFFFACF36
FFFFFFCD646D
FFFFFFEEDAB4
FFFFFFE3D14B
FFFFFFB82B6E
0000000E0FA9
FFFFFFFD5464
00000006FDFE
FFFFFFFDEC52
FFFFFFF0CB41
FFFFFFD18EAE
FFFFFFEA0AE3
FFFFFFED428F
FFFFFFF59866
FFFFFFE553C7
FFFFFFF2E954
FFFFFFB9741A
FFFFFFC6D271
FFFFFFB54687
FFFFFF8A5D86
FFFFFFE91BFF
FFFFFFFBA5B0
000000069F50
FFFFFFEBCD0D
00000004EA39
FFFFFFEE7C8E
FFFFFFD71A24
FFFFFFE371F4
FFFFFFADA294
FFFFFFC86B8B
FFFFFFB9FD30
FFFFFFCE230C
FFFFFFC516C3
FFFFFFBB27DC
FFFFFFC4BF33
0000000A3905
FFFFFFFCD902
FFFFFFD41D5B
FFFFFFEDC699
FFFFFFFA27F1
FFFFFFBAD5CA
FFFFFFBDDC7D
FFFFFFEF5AC8
FFFFFFD83E49
FFFFFFE3816F
FFFFFFD3C613
FFFFFFEE21C0
FFFFFFD73969
FFFFFF9248CC
FFFFFFB5ECBB
0000000C07D9
FFFFFFE25C6D
00000007CDE6
FFFFFFF5F8A7
00000005EF9C
FFFFFFE4E19C
FFFFFFFA418A
FFFFFFCE9E75
00000019A417
0000000C68CE
FFFFFFFDA82F
000000090108
FFFFFFA62C43
FFFFFF979FA3
FFFFFFDAFB40
FFFFFFD44CEE
FFFFFFD7A3B5
FFFFFFF714F4
00000030ABB5
0000000AB29C
FFFFFFBB27E9
0000001FA40A
FFFFFFD3B317
000000161DFA
000000193CFC
FFFFFFFBDE8C
FFFFFFC53FF3
FFFFFFC5CF80
FFFFFFB93C55
FFFFFFB5DECC
00000003DD74
0000002AB537
00000015510F
0000001FAF63
FFFFFFAD2FAC
FFFFFFC103F1
FFFFFFCAF179
FFFFFFE1C446
FFFFFFDF193B
FFFFFFF5BC98
FFFFFFC249FA
FFFFFFA3C3D2
FFFFFFAD4FCF
FFFFFFC0C3F5
FFFFFFC54760
FFFFFFF6F670
FFFFFFF6E549
0000000B0C6C
FFFFFFCE36C6
FFFFFFEA6010
000000079CF2
FFFFFFD24AF1
FFFFFFFDA7BE
FFFFFFE2C171
FFFFFF897C3F
FFFFFF9D947B
FFFFFFDF5959
FFFFFFDAF2EA
FFFFFFDBD8EF
FFFFFF993754
FFFFFFBC62FF
FFFFFFBF0DC0
FFFFFFE23837
FFFFFFD544F1
FFFFFFF78C77
FFFFFFDFF32F
FFFFFFCCA7EC
FFFFFFC5A03F
FFFFFFB6DC53
FFFFFFB629CD
FFFFFFC8EAEF
FFFFFFC2426C
FFFFFFD6A50B
00000004AA50
0000005FFC90
0000006A132D
000000554EA2
000000506805
0000002951C5
FFFFFFECEBB3
FFFFFFE3A398
0000002E86D4
00000053E47C
0000006884CB
00000010DCA1
00000004F099
FFFFFFEA3729
0000002A20F8
000000550A83
000000424ED7
000000087FA6
000000439A44
0000003878A4
0000000F2EA6
FFFFFFC3607C
FFFFFFCD7A85
000000119167
FFFFFFF30BA4
00000005B83B
FFFFFFCF8E00
FFFFFFCF409E
000000477D74
000000312036
00000012DCD3
FFFFFFFF1812
0000001FB9D3
FFFFFFB4ED7F
0000001E7B41
FFFFFFF7E908
FFFFFFD5D204
00000010E595
0000001FFFC4
FFFFFFF22D1B
FFFFFFFC90AE
00000004918B
FFFFFFED3F48
00000012DD67
FFFFFFC83F5F
FFFFFFA9D632
000000016C1A
FFFFFFCE0417
00000014743B
FFFFFFF3D3C1
00000025CACE
FFFFFFF3AA45
0000001512FB
FFFFFFE01A8C
00000006C42A
00000035DAD2
FFFFFFFCB1F5
0000002620A3
FFFFFFC55805
FFFFFFCB8DB1
0000002A1DA1
0000001D4C79
0000001A70EB
00000027863C
000000139C40
FFFFFFD1C8F8
FFFFFFCDEDFF
FFFFFFE5F3D0
FFFFFFD9CB1B
0000000C9319
000000285357
FFFFFFCC3E32
000000044EFC
FFFFFFDF2625
00000008CEE5
FFFFFFF049F7
000000134EDD
0000001EA834
0000002F159C
000000476DE6
00000019E9A0
0000003745C4
0000000D3365
00000030BB71
00000048D9A5
FFFFFF8F4CF7
FFFFFFD5115C
0000000317A8
00000015D8D5
00000011FC52
0000000C69B9
0000000B240A
FFFFFFFB1DE6
0000003F0E3E
0000000E5643
0000004F7C9F
0000003C2D15
0000003F2531
000000406BD6
FFFFFFD5C2FB
00000001031E
FFFFFFE31C89
FFFFFFE6F061
FFFFFFC8EDF9
FFFFFFE1CF82
00000033120A
0000001EAC02
00000003FFA8
000000507E9F
00000041CC06
00000040B85E
0000001CC39C
0000002CCCB4
00000022CFA3
FFFFFFF76041
FFFFFFE56C86
00000001AE5A
00000013230F
00000022817D
0000001BE97C
00000022A840
FFFFFFE19B77
00000041F91F
0000004551FE
0000004AD295
00000042D6CD
0000003DA842
000000291F39
00000020E1B3
00000009F312
FFFFFFD647C1
000000137EB3
0000002551E0
0000001C1F47
0000000CA8CE
00000033D783
FFFFFFE0D2D6
FFFFFFE3244A
FFFFFFE08A58
FFFFFFE7B3B1
00000022C59C
0000004EAAFE
00000047EBF3
0000001A74E6
FFFFFFF91FBE
FFFFFFE48AB9
FFFFFFB632B7
FFFFFFE2D2E6
FFFFFFF79903
0000002B3DF7
0000000D5652
FFFFFFE031AB
0000000CA22E
00000013D8DC
FFFFFFF70E61
0000003D4737
00000038A9B5
0000000A5BD9
FFFFFFF2EA29
FFFFFFFB9830
FFFFFFF98737
0000001E0D57
0000000AE139
0000003498B6
000000122A72
0000001FE8EC
00000018B820
0000002602AF
000000053FEC
000000354946
00000054B1C6
0000002D103E
0000005C060D
0000004DFA57
000000215B13
000000003915
FFFFFFFD29F7
FFFFFFF23531
FFFFFFF2092A
00000023DF28
00000010BDC2
00000008EA6E
FFFFFFE8E001
000000443CD1
000000375DC0
00000040F1BE
000000354CA3
0000005FB452
000000216149
0000001C7995
0000002393EC
0000001BB327
00000041D76B
0000003D7254
000000251A52
000000103ACF
00000011FDFA
FFFFFFFA239E
FFFFFFFF5602
00000040F5E2
0000003FD7C9
000000060939
FFFFFFE6FC66
0000000D7722
FFFFFFDEC618
000000258C6E
000000191A54
0000001536C7
0000000FE61F
0000001791F6
FFFFFFFA5F72
FFFFFFE40B13
0000000C8692
00000019BDA2
00000062407C
FFFFFFF29063
0000001A0DB8
FFFFFFFD3EDE
0000000BC3A7
0000000DD315
0000001EB3BA
0000001AB53D
00000008F07C
FFFFFFF908C6
FFFFFFDA7C10
000000038F27
0000002F4C11
00000031250B
0000003ACFB6
0000001E47EC
00000025D6DA
0000000D189B
00000026F4B4
00000013E5EE
0000001CCA87
00000003740C
0000000F9F2A
FFFFFFE7FE09
0000000C5528
FFFFFFFCD6C4
FFFFFFEA73EA
0000002CAC3F
00000016C330
0000003AF1DC
0000005766F8
00000022FDEE
0000001EAFF9
00000011E59B
000000093B67
FFFFFFFD300E
FFFFFFEF41C7
FFFFFFB68663
FFFFFFDF2C5B
00000015C88F
FFFFFFFF1C37
FFFFFFF07B20
FFFFFFF1B826
00000009D6DF
00000030BA6D
0000003E51EF
0000000409AD
FFFFFFF1745F
FFFFFFFDB96F
00000000537A
FFFFFFF1E8A8
FFFFFFDE199E
FFFFFFD61143
FFFFFFE9B8CA
FFFFFFC51A14
FFFFFFB7679E
FFFFFFEFBAAD
FFFFFFF4D41B
000000289D35
0000006B59E1
0000003A5481
000000153149
00000013F8DB
0000001677C9
00000018EEB8
000000011395
000000129383
FFFFFFF43549
FFFFFFB86EF8
FFFFFFCBF783
FFFFFFE9FB4D
000000000916
0000000DE0DA
0000000BFCAD
0000005FF9D9
000000362E54
0000001CB2C3
0000000A6204
0000002DC33D
0000002245C8
00000011C988
FFFFFFEEA351
FFFFFFA3769B
FFFFFFEDF09A
FFFFFFE91958
FFFFFFE98B2F
FFFFFFE08F76
FFFFFFE8072F
0000000F472C
00000059D6CD
0000002F7D58
000000207F04
000000119C11
000000232996
0000001E7721
00000010D90D
FFFFFFCA0413
FFFFFFE413EC
FFFFFFD67849
FFFFFFDA7652
FFFFFFEF4982
FFFFFFFEB46E
FFFFFFF94898
000000473196
0000003BE1AB
0000002309E4
0000001E234B
00000028D434
0000002041A2
000000133AD4
0000001FF2A7
0000000990E0
000000049DE8
FFFFFFD02124
FFFFFFD047EE
FFFFFFDB8183
FFFFFFED71FF
0000001D4B32
000000231403
0000003E0EB0
0000001B7A82
FFFFFFF9924F
00000021A69B
00000017BFAB
00000010C24F
FFFFFFF2BC23
0000001DEA9C
FFFFFFF03D9C
FFFFFFB8F4E3
FFFFFFD8294F
FFFFFFEB7E8E
FFFFFFECE4B1
FFFFFFFC2422
00000009B288
000000034B1B
FFFFFFD17484
FFFFFFFC788D
00000011E8DB
000000168F4D
FFFFFFDAAB16
FFFFFFEBD62C
00000000ECF5
FFFFFFE4FFF7
000000062A4F
FFFFFFE5C7A2
FFFFFFE966E0
FFFFFFCC398C
FFFFFFD8E5BE
FFFFFFD22CCC
FFFFFFE5AD4B
FFFFFFE43E70
0000001A418D
0000001F3F24
0000002207D6
0000000D601D
00000022DF78
FFFFFFF80453
FFFFFFF35C1B
FFFFFFE9BBC8
FFFFFFC6D859
FFFFFFB6F784
FFFFFFBFD65B
FFFFFFE194F8
FFFFFFD83E72
FFFFFFE4E68B
0000001A5999
0000003461B6
0000003C936A
0000004378D1
00000039B5D6
0000000A9E1A
000000123284
000000086756
00000002A408
0000001CCEC1
00000021A5D1
0000001B777C
0000001CEA7D
000000233934
0000000DCF33
00000007297F
FFFFFFDB499C
FFFFFFA186D2
FFFFFFFCD680
FFFFFFF5CAC0
FFFFFFC01F91
FFFFFFCB44A7
FFFFFFAB4C6E
FFFFFFF22365
FFFFFFF40674
FFFFFFEA202C
000000040773
00000003A4CD
0000001D2380
FFFFFFC41AB9
FFFFFF7719F4
FFFFFF99355E
FFFFFFD45A0A
FFFFFFCC7B81
FFFFFFDDAFC1
FFFFFFC91C9B
FFFFFFB7AFBF
FFFFFFF3BD6A
FFFFFFDC1247
FFFFFFF72BE1
FFFFFFFA731F
FFFFFFF4E8DE
00000008D1B5
FFFFFF64278D
FFFFFF66B699
FFFFFFB17ED1
FFFFFF7208A8
FFFFFF97EF6C
FFFFFFEC0F7D
FFFFFFE96D13
0000000059AD
000000060B05
00000015C5DF
FFFFFFE727CD
000000109B80
FFFFFFF6252D
00000005281F
FFFFFF578442
FFFFFF865259
FFFFFF97B070
FFFFFF99D520
FFFFFFD43747
FFFFFFBB83C2
FFFFFFE675A3
FFFFFFE0EF01
0000000E3155
00000001E382
0000000FB0DE
0000003ECBAB
0000000E2622
FFFFFFBB332A
FFFFFFB325C3
FFFFFFBB353C
FFFFFFBBA6DD
0000000C29AD
FFFFFFF433FE
FFFFFFA9B94A
FFFFFFE08EDC
FFFFFFBDBE6A
FFFFFFE04BEF
00000009779E
0000000953E8
0000002563B9
00000031EA2F
FFFFFFCCF7A9
FFFFFFFC6404
00000006283D
FFFFFFF47308
0000000FF6D4
000000092A76
FFFFFFD8A8C7
FFFFFFDA85BC
00000040E8D4
0000004DA220
0000004F2B01
0000001CF0C8
0000000DCA72
00000012DAFA
FFFFFFD8815C
0000001E0242
0000002B797D
00000018D6D4
0000000FFDB8
0000000059E3
0000001F0C06
FFFFFFFDE484
FFFFFFD54F2E
00000036D121
0000003BAE6E
00000031ADE1
00000034DE3F
0000002B6186
FFFFFFE01075
00000033A4D1
0000000CD7B0
0000001F36D2
0000001AA68F
FFFFFFED9954
0000000E974A
000000220E3F
FFFFFFD5C16A
0000000DCA6F
0000003E300E
00000030DEED
0000000F5BBA
0000002A50DA
0000001A50A4
00000029BC69
0000000B1A9A
00000025C7AD
0000000ACE1A
00000015A03E
00000028FB6C
0000003D876C
FFFFFFF7A1F3
FFFFFFE2BEBD
000000227502
000000281460
00000025D394
0000002D1F01
00000007CA39
0000000E0E72
FFFFFFEFB71D
000000049AA9
0000000C5201
0000003E9B1E
000000393704
00000045A289
0000000B3EB5
FFFFFFEBE9A6
FFFFFFA9C9DC
FFFFFFC8659C
000000178CB6
FFFFFFF9AEA2
000000394BD4
0000000FD630
FFFFFF90D32A
FFFFFFDFD4BA
FFFFFFF435F7
0000003C32CD
0000002473BA
0000002A8427
0000003EDA43
0000001CEF21
FFFFFFF4F023
0000000AB1B6
0000002665E1
000000044547
0000000EDD98
FFFFFFE7415F
FFFFFF90C743
FFFFFFDE299A
FFFFFFE54E7B
FFFFFFF0BD27
00000003E19C
000000240D48
0000002AC1C1
FFFFFFDE37B5
FFFFFFF489CB
00000027198F
000000262484
FFFFFFF1AA7B
00000017E32D
0000001E3640
FFFFFFEFA555
FFFFFFDDB387
FFFFFFF35454
FFFFFFDC400D
FFFFFFCCC619
FFFFFFC6662A
0000000D4640
0000000D36BA
FFFFFFFEE81F
000000025D26
FFFFFFFD6182
FFFFFFFDB646
000000163081
FFFFFFF8B4E9
000000238810
FFFFFFF97B70
FFFFFFFE61F8
0000000D5D67
000000032C22
FFFFFFF58629
FFFFFFE6202A
FFFFFFE155DB
FFFFFFFB1E07
FFFFFFF36CBD
000000122D82
FFFFFFFE8151
0000004A7ED5
0000004805C8
000000238509
000000520A88
0000004CF66C
0000006B9E33
00000017C6BE
FFFFFFF30726
00000031D107
000000565D5B
0000003E6548
0000005CBA06
0000004C6CB2
000000630508
0000003F1C8E
000000526991
FFFFFFC621C7
FFFFFFD55A63
00000057E4B4
00000066B2C3
000000565886
000000276569
0000005CDFDE
00000047DA20
00000039FB2F
00000062D231
0000003D66AA
00000016582C
00000066A169
0000002EB0AE
FFFFFFCDB3C6
FFFFFFA647C8
FFFFFFAD0D66
0000002D4B87
000000555E35
0000002557A3
0000005B4000
0000004BD074
000000394AD2
00000031B5A3
00000024968F
0000003D9E16
0000008DA718
0000000F6439
FFFFFFAC1235
FFFFFFD73225
FFFFFF9FF1F9
0000001764D9
000000573678
0000005A3ADD
00000062F655
00000068B7D6
000000094990
FFFFFFE14369
FFFFFFD90E64
FFFFFFD8E102
0000003D2783
FFFFFFC183FE
FFFFFFBEDE06
FFFFFFF907FD
FFFFFFBB0EA3
FFFFFFE755E3
0000002D7EB3
000000517742
0000004890F8
0000001655E4
0000000AB644
00000024488E
0000001AB682
00000024D087
00000026308D
FFFFFFE9FC03
000000078847
FFFFFFEBB251
FFFFFFC68A70
FFFFFFB14D1C
FFFFFFE07CD4
0000001C049E
0000001DE25A
0000001A64EA
0000000517BE
000000287F79
000000287E47
0000001F3A16
000000359711
FFFFFFE9C21C
FFFFFFE97CA0
FFFFFFE1341F
FFFFFFC796DD
FFFFFFB5D67B
FFFFFFBE9DDB
FFFFFFE7788C
0000001DE4D4
00000054D947
0000003DB7AC
0000002FCF21
000000491EE3
00000038975A
000000249E30
FFFFFFD56680
FFFFFFE99225
FFFFFFCF6350
FFFFFFE00E0A
FFFFFFF965F9
FFFFFFDA8B20
FFFFFFD102F7
0000001E9EB1
00000040CD0B
0000002997B2
00000041895C
0000002B643F
00000046F1A9
000000374572
FFFFFFDEBCDC
FFFFFFDBF55E
FFFFFFF4F110
000000193B0C
FFFFFFE9FB07
FFFFFFE208CD
FFFFFFD765F0
FFFFFFE7D010
00000038792C
000000284EDB
000000353512
000000193B75
0000004EEC03
0000003EA083
0000000B1CB8
0000000DF963
FFFFFFFAD814
000000074441
FFFFFFEB0706
FFFFFFE4FACE
FFFFFFD5D85E
FFFFFFBBD97D
00000002636A
0000002AE6BE
0000002B1D1E
0000003D7FD2
00000025D951
0000005D96C7
0000004862CF
00000012D980
FFFFFFE96C7C
0000000AA696
00000001C785
FFFFFFE7673A
FFFFFFE007EA
FFFFFFDBA935
FFFFFFCF10FC
FFFFFFF89F97
FFFFFFB99800
00000005B521
000000559F82
000000548B56
000000377576
000000113CAB
000000146DE1
00000016DC2A
00000016AD3D
FFFFFFE2DBA9
FFFFFFE33A0A
FFFFFFF71850
FFFFFFF3FB14
FFFFFFEC5E71
FFFFFFCAE6F1
FFFFFFF9CE12
000000545530
0000006B3763
000000614BE7
0000001596D7
00000049624C
0000004DFB2C
0000003C1AF7
FFFFFFF5E285
FFFFFFFE6E78
00000010E6E7
0000002EAE96
00000011246B
FFFFFFFEF76C
0000002CEFE2
00000052862A
00000019C86D
0000000896A3
000000152184
0000002B3AC4
000000052051
00000036F1BD
00000038A7BC
0000002137B6
00000027B823
FFFFFFFEB798
000000341C06
00000032ED10
000000352D0B
0000002E9EFB
FFFFFFD9A591
FFFFFFCD3215
FFFFFFC169EC
FFFFFFE5DB96
FFFFFFFCB0F0
FFFFFFDAD4D7
000000033450
0000000CF777
FFFFFFE4885B
FFFFFFDAE560
FFFFFFED9093
00000007C69C
FFFFFFF29E22
FFFFFFD7372C
0000000428D5
FFFFFFF651C5
FFFFFFF47648
0000000AF30C
FFFFFFD3622A
FFFFFFEFD7C7
000000247DA9
000000333C2A
0000004D6973
0000001A9963
00000035BAD2
0000000D34C5
0000000B5F57
FFFFFFF430C2
FFFFFFE327C4
FFFFFFDB28C8
FFFFFFA0338F
FFFFFF96E86B
FFFFFFDFA633
00000056C83C
0000001573DD
0000001B0789
00000026E826
00000007FB1A
FFFFFFFEE230
0000002349C4
FFFFFFED07D2
FFFFFFDC2507
0000000DCD35
0000002F5AB1
FFFFFFC54098
FFFFFFBD6862
00000004C456
FFFFFFFA57ED
0000000898E7
0000001E8F40
00000011F6F3
000000026A38
000000041162
FFFFFFFF9BF7
FFFFFFD586E7
FFFFFFF93027
0000001A4633
FFFFFFC1D6AE
FFFFFF99DA81
FFFFFFBDAC96
FFFFFFD89F6D
FFFFFFD54D49
000000037090
00000017801D
000000295F89
000000066DA4
FFFFFFD6C881
FFFFFFEF7EDD
FFFFFFDF9160
FFFFFFD70EA3
FFFFFFE01742
FFFFFFDB8D82
FFFFFFFD4189
FFFFFFE4022E
FFFFFFD50DEA
FFFFFFC2FCFB
FFFFFFE41BCC
FFFFFF9FF44D
FFFFFFCF888F
FFFFFFDD6E0B
FFFFFFD3A966
FFFFFFDF3491
00000050A012
00000018BFAF
000000191DCD
FFFFFFC06177
FFFFFFF079ED
FFFFFFFA245A
FFFFFFFB0B11
FFFFFFFA5AB4
FFFFFFC5434D
FFFFFFC946CB
00000021C8EE
00000005BAB2
FFFFFFFC2D6A
FFFFFFE918BD
000000021C02
0000000219D4
000000104850
FFFFFFD7372A
0000000B2A7D
FFFFFFF1ED68
000000112EB7
FFFFFFF90A10
FFFFFFF5E003
FFFFFFC3A72D
00000004EBF6
FFFFFFDB6CEB
FFFFFFEC629D
0000000658F2
00000014B87E
00000003ED5E
00000017BE4D
FFFFFFE03C9A
00000037A607
FFFFFFD6BB0F
FFFFFFE53FA8
FFFFFFF3E480
FFFFFFEE9527
FFFFFFC136A7
FFFFFFF20CFA
00000025C3E1
0000001431BE
0000000E051C
FFFFFFFBC282
FFFFFFF2D620
00000016D735
FFFFFFE6AC90
FFFFFFBFAE41
FFFFFFCD7B1D
FFFFFFE63EBD
0000000DCE0C
000000012F56
FFFFFFD51E2C
FFFFFFDF3246
000000031DF7
00000048F431
0000001855A1
FFFFFFF66880
FFFFFFF0BA03
0000000BD2AD
000000180E59
000000463063
FFFFFFDB1F79
00000031C577
FFFFFFE4A3E5
FFFFFFBDF5BB
FFFFFFDC4D58
FFFFFFD98BE1
FFFFFFE0F0D4
00000008DDA5
FFFFFFE10B72
FFFFFFA04FAB
FFFFFFD7CC07
000000050417
00000025D370
000000566064
000000085117
0000001354BE
FFFFFFEC1C12
FFFFFFDEEBB2
FFFFFFE1305D
FFFFFFC74CF7
00000015CF95
000000228661
FFFFFFEED6D9
FFFFFFCBC9B6
FFFFFFDD8A97
FFFFFFF3AB01
FFFFFFE62D60
000000091579
000000100682
FFFFFFFC3D15
FFFFFFDD82EE
FFFFFFE03F84
FFFFFFD91772
FFFFFFD53B20
FFFFFFBEBA20
FFFFFFDE59A9
FFFFFFF85290
FFFFFFE662BA
FFFFFFCD5413
0000003AD6BE
0000001779FD
FFFFFFF400D0
0000002481E3
0000001D02EB
000000023BAD
000000109DDA
FFFFFFF8B68D
000000043323
FFFFFFFA0FFA
00000002D181
0000002DDA86
0000003F6E5E
000000062CED
0000002105D4
FFFFFFE4628E
0000008FCF1D
FFFFFFFD4648
FFFFFFF7F66B
FFFFFFA754AD
FFFFFFCD182E
00000037B89F
0000002AA5E4
000000224EAE
0000005B52E5
00000034874F
FFFFFFF22C8F
FFFFFFCC09BA
FFFFFFD7AE3C
00000029A54F
0000005CF72E
FFFFFFC83E40
FFFFFFFCD716
FFFFFFEC88E5
FFFFFFCC6584
FFFFFFCA4DA5
FFFFFFC6FAFC
FFFFFFD7D210
FFFFFFFB104B
FFFFFFEEF62E
FFFFFFDE1EF1
0000001DD40C
FFFFFFCCFC42
0000003B5885
000000177A83
FFFFFFCA7547
00000018DBAD
FFFFFFD84EB7
FFFFFFFED0FD
FFFFFFE2FFA0
000000091A6E
FFFFFFD9D194
FFFFFFF497CF
0000001597B3
0000000FC048
FFFFFFD9327A
0000001926F1
0000003E206B
FFFFFFB659E3
FFFFFF96022C
FFFFFFD2751A
FFFFFFBDABE2
FFFFFFFF6A11
0000001BFAED
0000001BD5B7
FFFFFFBC8C79
0000002FC995
000000437F95
FFFFFFEEDD0F
0000002BB577
000000A64E47
FFFFFFED3136
FFFFFFC44DBA
0000001850CC
00000015AD06
FFFFFF9AE939
FFFFFFF59D1D
00000023023D
FFFFFFEFE1BF
FFFFFFFA39D9
000000368B95
FFFFFFE1D232
0000000A1ACB
FFFFFFBAF55D
0000001D603E
FFFFFFB1B8AD
00000018CBD5
FFFFFFFE3CE4
00000031EBFD
FFFFFFE276C4
FFFFFF7FC6D9
FFFFFFE50BBF
00000021A52D
FFFFFFFCD982
FFFFFFC0A676
FFFFFFD0C143
FFFFFFE570DE
0000000FF9BC
000000475524
0000001AD018
000000232D06
00000039672C
0000003EBB0F
00000002B8D4
FFFFFFC43708
FFFFFFBF278B
FFFFFFFE4C04
FFFFFFF4EADF
FFFFFFFE0B3C
000000289DCF
00000007172B
0000004313BC
0000005DCF9C
0000001DA74B
000000304378
000000277A64
0000007DB6A5
0000003464E0
0000000CBB49
FFFFFFAEA45D
FFFFFFA26D70
FFFFFFE1317A
00000001DAF8
FFFFFFDD3DC3
000000208435
000000353231
FFFFFFC0E29C
FFFFFFEE6EF1
0000001DE08E
00000053C736
000000B02C1F
000000416AFC
000000225072
FFFFFFD8BAFF
FFFFFF7E8009
FFFFFFCCAF68
FFFFFFF6B69B
000000124B8E
FFFFFFF98925
00000008A429
FFFFFFDE57F7
FFFFFF9BD01C
FFFFFFF3D1DD
FFFFFFF0FE6C
0000000AD76A
000000409C36
000000134163
FFFFFFF13799
FFFFFFB0B057
FFFFFF7F65AF
FFFFFFF8D750
0000002E6BBC
FFFFFFB4FA0D
FFFFFFF35A64
0000000734C5
FFFFFF9F55F8
FFFFFFB63D67
FFFFFF996AAA
000000009192
0000001DB098
FFFFFFCC539A
FFFFFFDA3301
FFFFFFD28CAD
FFFFFFCD5FC6
FFFFFFF820DE
000000171C8E
FFFFFFC86A41
FFFFFFCB308E
FFFFFFFD86D5
FFFFFFC407D6
0000000C5F8B
0000000DEAB4
00000031ED4F
00000053F9EE
0000002E15D2
FFFFFFCF622E
FFFFFFC3BFC1
FFFFFFFD010D
FFFFFFED79FB
FFFFFFD8320D
FFFFFFD84DB5
FFFFFF82F4A7
FFFFFFF68C29
FFFFFFE56AE9
000000339129
00000027082E
FFFFFFBA8897
000000138913
FFFFFFE76969
FFFFFFFB33EC
FFFFFFEE7047
0000001D61DA
FFFFFFE6FEF1
FFFFFFF163F3
FFFFFFFECCE5
FFFFFFC0A288
000000079A78
00000010A9B7
000000121414
FFFFFFF4FB9A
000000197174
FFFFFFCE23CF
FFFFFFC1F949
FFFFFFCA2485
FFFFFFEA2950
0000005A95EB
0000000F7AC2
00000003E921
FFFFFFB76D45
FFFFFF8A08D4
FFFFFFFB6EC6
0000000C36E0
0000000EC637
FFFFFFD41ED9
0000002D16C2
00000007C150
FFFFFFC30BCA
FFFFFFBD6FE4
FFFFFFF12826
FFFFFFD7E089
000000201B5F
000000179FAA
0000000963CD
0000003D4715
000000022439
000000228029
00000000FC71
FFFFFFF33A0F
0000000DB350
000000017E13
FFFFFFD84113
FFFFFFDB9FC3
FFFFFFE8B66D
00000038CD6B
00000013107F
00000019D498
0000001E3B65
00000025AB13
0000000937E1
000000753910
0000009D13A7
00000023BFA4
00000036A4D9
FFFFFFD3ACC8
FFFFFFCB51FB
0000000BABDE
FFFFFFE83DC7
FFFFFFF79F07
0000002C5539
0000002505E5
0000001BFDE1
FFFFFFF95F91
FFFFFFD3D409
0000002DCF1E
0000009C45C4
00000032F2D3
0000002ED394
0000004EECD8
0000000076DE
000000052CB1
000000191C94
00000038449A
0000000E0C63
00000041091B
00000027CBC1
000000089412
000000307FD2
0000006D8DED
000000776206
FFFFFFE47A6D
FFFFFF9F57F5
000000115792
00000012439B
0000000CA43D
FFFFFFF5D20A
0000001F5D83
FFFFFFF406C2
FFFFFFF8AD7A
FFFFFFF682EB
FFFFFFE24311
0000009BC768
000000648715
0000002A70AB
FFFFFFA5FD84
FFFFFFA8A5F6
FFFFFFD0E481
0000001F2183
FFFFFFDFD254
FFFFFFE8B746
FFFFFFE42703
00000005BF50
FFFFFFE4C1B8
FFFFFFBEF860
FFFFFFC4D5C4
0000004A7AEE
000000422D61
FFFFFFE4EB89
FFFFFFA49E21
FFFFFFC377C8
FFFFFFCD6F8A
FFFFFFF42A59
FFFFFFEC35FB
FFFFFF98FD13
FFFFFFC949B8
FFFFFFD6ED26
FFFFFFD38D87
FFFFFFB9F621
FFFFFFB3B3B9
0000001CBE4D
000000023D13
FFFFFFB36150
FFFFFFB9676B
FFFFFFF200BD
FFFFFFCD30FA
FFFFFFA2AC63
FFFFFFE38AC1
FFFFFFF6BD6D
FFFFFFBD655A
FFFFFFB49A74
FFFFFFB40897
FFFFFFDDBF1C
FFFFFFB14A18
FFFFFFCC619A
FFFFFFE1CAB9
FFFFFFBFE4BD
FFFFFFD65B53
FFFFFFCF7696
FFFFFFB7D85A
FFFFFF948B78
FFFFFFC034F5
FFFFFFF1BE71
FFFFFFA44BB9
FFFFFFD5632B
FFFFFFD67CE5
FFFFFFCB49B2
FFFFFFAD5D16
FFFFFFCD8938
FFFFFFEC2A38
FFFFFFB8356A
FFFFFF9F745E
FFFFFF869395
FFFFFFBD11AC
FFFFFFE1C7F2
FFFFFFD1F23A
FFFFFFB57570
FFFFFFEFF208
FFFFFFEC754E
000000418FC3
0000004C04B3
FFFFFFED1EA0
FFFFFFC2C67B
FFFFFFACA3A8
FFFFFF699578
FFFFFF8D360B
FFFFFFB7208B
00000023231F
FFFFFFF6974F
FFFFFFE125EA
FFFFFFDF4E17
FFFFFFEBB1DC
FFFFFFD416A4
FFFFFFF716E9
0000004C1AB5
0000005877B8
FFFFFFC1C91E
FFFFFFC44CF1
FFFFFF6ED46D
FFFFFFAC93FD
FFFFFFC9CCF8
FFFFFFC8FB4C
FFFFFFDEB656
FFFFFFB6F829
FFFFFFA2D339
FFFFFFB60413
FFFFFFBE18B3
FFFFFFF12EE8
0000001E57C9
0000009379F4
FFFFFFB32461
FFFFFFD8EF28
FFFFFFD58A38
0000001A86F7
00000008B2F7
FFFFFFE6CC78
FFFFFFB09C25
FFFFFF9B5AD3
FFFFFFEDA14C
00000036D106
0000004254EB
0000002A69AD
0000000EC6CE
0000003D430B
FFFFFFBAE9A2
FFFFFFE7FB28
000000108E40
000000215B4B
FFFFFFFBE94B
FFFFFFDEF169
FFFFFFF42E36
FFFFFFAE3157
FFFFFFF96377
0000002EB8BE
FFFFFFCB4DF5
0000001CE049
0000000972C6
FFFFFFE71B5D
0000008DA3D7
0000007E0CC5
0000005998E0
00000035C584
000000026CA2
FFFFFFF6D7A2
000000026FEE
FFFFFFF537C6
00000076A267
0000002CDDEA
0000003CD8FD
0000000F9624
000000475517
000000344FD3
00000099AABB
000000556CA7
FFFFFFB28846
00000002ABDE
000000190227
0000002CCBDA
00000002BEAF
0000001D1764
0000001F0251
00000017DF55
0000006D9365
000000370A0E
000000449A3C
0000007EA14D
0000002E2494
FFFFFFAC1A7B
FFFFFF607651
FFFFFFB13D8E
FFFFFF5D1EEE
000000057A05
0000003B9D1F
0000001AEB30
00000001B986
000000145960
00000019254B
0000001F1762
0000000B5B8C
0000000B0C24
FFFFFFFB63D9
FFFFFF91B4E5
FFFFFF8B122B
FFFFFF91405D
FFFFFF625029
FFFFFFE0A10E
00000038E507
00000012FE5D
FFFFFFFB862D
000000073F28
FFFFFFE1977B
0000000A4CAC
000000165C94
0000000139F0
FFFFFFC1DCF0
FFFFFFB42D92
FFFFFF99F2A6
FFFFFF79B18E
FFFFFFAEE99B
FFFFFFE6C5FB
0000000FAD57
FFFFFFF7C116
FFFFFFFED3A4
000000012AF5
FFFFFFF24D84
FFFFFFFEC99B
00000012FB35
0000003595AE
FFFFFF828D15
FFFFFFB534FD
FFFFFF804945
FFFFFF7CB0B7
FFFFFF9C4C18
FFFFFFDA3CC3
000000002769
000000362A6E
000000287C75
000000186930
0000002DE57A
00000020A6DD
00000035E2DB
00000028DE60
FFFFFFA746E2
FFFFFF8D9C4C
FFFFFFAD528D
FFFFFFAAC71C
FFFFFFA5F58C
FFFFFFB44159
FFFFFFFD1700
000000269AC3
00000056A9E4
000000448D33
00000037897C
00000021C8F5
0000003FCF0C
0000000F7546
FFFFFFB27908
FFFFFFA20C39
FFFFFFD08DBF
FFFFFFB16C1C
FFFFFF8FF808
FFFFFF8A18B6
FFFFFFD193F8
000000043802
000000194EEA
0000006221FF
000000337B62
0000001A5D9C
000000107039
0000001A03C8
FFFFFFFB02F6
FFFFFFA5C5E2
FFFFFFA18CEF
FFFFFFA73DD7
FFFFFF90FFC1
FFFFFFADFF7C
FFFFFFC5252E
FFFFFFF26DC2
FFFFFFE595B4
0000003F34D9
000000299564
0000002F3BD4
00000043FA3B
0000003D9FC0
000000160FDD
FFFFFFF490AF
FFFFFFB64AA0
FFFFFF9DC74F
FFFFFFA32CBA
FFFFFFB0BBD9
FFFFFFBDC25E
FFFFFFCD3614
00000004EB1A
FFFFFFE5E00A
FFFFFFDD92FB
FFFFFFECE77D
FFFFFFF38908
0000001E1BA2
00000058F8E5
00000027C789
FFFFFFA261CF
FFFFFFA65AFD
FFFFFFAD35AF
FFFFFFA89D61
FFFFFFC1FA6E
FFFFFFC00954
FFFFFFDFC319
FFFFFFDFB534
FFFFFFABC53D
FFFFFFC490A9
FFFFFFBB9531
FFFFFFC40D3A
FFFFFFFD387F
0000000DF72B
FFFFFFE1757D
FFFFFFC545BD
FFFFFFEA8E6A
FFFFFF9F2280
FFFFFFA1FE6A
FFFFFF950183
FFFFFFD09E22
FFFFFF9C203E
FFFFFF8939F7
FFFFFF989079
FFFFFFDF2048
FFFFFF8FC0A9
0000004A612F
000000300000
0000003B1B17
000000320D6E
00000048EF01
00000012F03C
FFFFFFAA676F
FFFFFF9334D1
FFFFFF9415F4
FFFFFFBA1C13
FFFFFFB48FB6
FFFFFFDBD8E3
FFFFFFE64C68
FFFFFFC6019C
00000026FE18
0000001002B7
0000004C19A2
0000002241BF
0000003B41C6
000000429074
0000002E6F0D
0000002AA303
0000000B1BC7
0000004DED8A
00000021B274
000000165EBB
00000034FC71
0000002A1623
0000005A8798
000000658AC5
000000313DB1
FFFFFFFFCCD2
FFFFFFF37AEF
0000002F00E3
FFFFFFCACB4B
0000001A1E9D
0000002FC127
FFFFFFE45592
FFFFFFF55600
FFFFFFE611EC
0000002A8DFC
000000173D41
000000706C94
00000028DE8C
0000001BDE5E
000000103239
00000045DBF5
FFFFFFF3E4BE
FFFFFFB74BE4
FFFFFFC48B49
FFFFFFEF3B22
FFFFFFD7F1E4
00000006EB4C
FFFFFFECB3B8
000000213D80
000000127B76
FFFFFFE82CEF
FFFFFFB5A2C6
FFFFFFFCB489
00000007435F
FFFFFFE8F00E
FFFFFFBF162E
FFFFFFE71EA5
FFFFFFCF6A8B
FFFFFFDB6810
FFFFFFD66669
FFFFFFAFEFFA
FFFFFFE6ADBA
FFFFFFE102F0
FFFFFFC98941
FFFFFFE89D4F
FFFFFFEECC31
0000001F4A83
00000024272D
FFFFFFEAF1FE
FFFFFFAB0DD5
FFFFFFBC0107
FFFFFFDF84E6
FFFFFFDF6EA8
FFFFFFDF9153
FFFFFFDF8DAA
FFFFFFC3BFF7
FFFFFFFEF1AF
FFFFFFF5AD0B
FFFFFFE952A2
00000023EB77
0000005969BD
0000000AAD14
FFFFFFD29452
FFFFFFC196C9
FFFFFFC397C9
FFFFFFF3D4BC
FFFFFFFB0581
0000000E22D1
000000055CC8
FFFFFFD127EC
FFFFFFCADD1A
FFFFFFF37F9F
FFFFFFC89D3B
FFFFFFE3B7EB
FFFFFFE311A4
FFFFFFCCE91D
FFFFFFD7F257
FFFFFFF50469
FFFFFFDE4273
FFFFFFE16F64
FFFFFFD26C8F
FFFFFFC9C08E
FFFFFFD9CD5B
FFFFFFBDD0DF
FFFFFFA04702
FFFFFFA16B43
FFFFFFAB9C69
FFFFFFDFAE06
FFFFFFE689BF
FFFFFFF26F42
FFFFFFE3D3A8
FFFFFFE7E8F2
0000000F1849
FFFFFFD495A7
FFFFFFAD1849
FFFFFFD45874
FFFFFFCC505B
FFFFFFBD23CC
FFFFFFB9B5C4
FFFFFF9CFFE1
FFFFFFB0FAD6
FFFFFFD7355F
FFFFFFC03655
FFFFFFD3C98F
FFFFFFD79C13
FFFFFFC6BF49
FFFFFFC8CD75
FFFFFFEE443D
FFFFFFA1C5DE
FFFFFFAC3D65
FFFFFFCC3178
FFFFFFB7E29E
FFFFFFB6229C
FFFFFF9AAB9C
FFFFFFA3B655
FFFFFFD77234
FFFFFFE91625
FFFFFFDD6939
FFFFFFB9B8EB
FFFFFFC6DBE3
FFFFFFECEFEA
0000000304FC
FFFFFFAFD89D
FFFFFF9C2974
FFFFFFCABECC
FFFFFFC26850
FFFFFFC90EAD
FFFFFF943C8D
FFFFFF7EF27E
FFFFFF82ACC2
FFFFFFD4E67F
FFFFFFCBD848
FFFFFFF06F46
0000000F0A02
0000000E8C5E
00000011BDDA
FFFFFFF220E2
FFFFFFCEBB67
FFFFFFA6D265
FFFFFFCB8402
FFFFFFD967CC
FFFFFFDB6FAB
FFFFFFBC9613
FFFFFF9E35B2
FFFFFFAFAFCE
FFFFFFDCFBE0
FFFFFFC851C8
FFFFFFDD07A1
FFFFFFE486AF
0000000396CA
00000018C185
FFFFFFEEB670
FFFFFFEA3B4B
FFFFFFFFF125
000000012DCB
FFFFFFC844D8
FFFFFFCD8B34
FFFFFFDB9177
FFFFFFD96E07
FFFFFFCA168B
FFFFFFA9CA27
FFFFFFBCE739
FFFFFFDBF4A5
FFFFFFE07428
FFFFFFFB5A2E
FFFFFFCBABE5
FFFFFFD3E6E8
FFFFFFDE65C6
000000170FFD
FFFFFFD6862A
FFFFFFA894AA
FFFFFFCD31FC
FFFFFFCA6FA5
FFFFFFAD65D8
FFFFFFB3FF97
FFFFFFF0DE12
FFFFFFD4D4A7
FFFFFFB7EDE7
FFFFFFEF6E5E
0000000C3BEE
FFFFFFF4813E
FFFFFFC33E77
FFFFFFF2987D
FFFFFFD2489C
FFFFFFBA60D9
FFFFFF8CF587
FFFFFFA06B59
FFFFFF97D7C7
FFFFFF93232A
FFFFFF9C5826
FFFFFF89F6AF
FFFFFFB43667
FFFFFFA3E93D
FFFFFF83B167
FFFFFF7FD7F3
FFFFFF912C6D
FFFFFFB5395A
FFFFFF7D5E14
00000001EDB7
000000049D0F
0000002EBA36
FFFFFFD659BD
FFFFFFFEC6FD
00000007837E
0000000198D6
000000536FAC
000000228B4C
0000000580BB
0000001FD9CC
0000000BB614
FFFFFFEA6C0D
FFFFFFD569A2
FFFFFFE2C927
0000005490B8
0000005D75C6
FFFFFFC5F4EA
000000236C4D
FFFFFFFB551B
FFFFFFE82FC9
FFFFFFE7F80A
FFFFFFF9FAF9
FFFFFFD73DBE
FFFFFFFA4761
FFFFFFD9123C
FFFFFFF75E59
00000017139C
FFFFFFEED974
0000004BC0E3
0000000EC8CA
FFFFFFD3BA9D
0000004FDFDA
FFFFFFF9C34F
FFFFFFF2A2A1
00000002C77C
00000010B971
FFFFFFD9620C
FFFFFFD93135
000000263D5B
0000001DDED6
0000001812DF
0000003C19F0
00000015D220
FFFFFFB75A67
FFFFFFD90241
0000003746B8
FFFFFFB2C4B7
FFFFFFFF7F6C
0000002B88B7
00000017C642
FFFFFFDD3560
00000029BB47
000000375BD1
00000016DC71
0000004ED687
000000A60D7F
000000130564
0000003A0422
0000001E08B0
FFFFFFF56E8A
FFFFFFA1FFC0
00000011816E
000000325257
000000168815
0000001358DC
0000003A21EC
FFFFFFFEEAA2
0000000DD9F3
0000001C0E66
00000029C3FE
000000007C83
00000048C764
0000001EC368
0000000EA140
FFFFFFD11C01
FFFFFFDB546A
FFFFFFEC3E17
0000000FF647
FFFFFFD8D1A5
FFFFFFD84A71
FFFFFFDB8BA8
FFFFFFF99C3F
00000001001E
0000002B9B19
0000001B5A2B
0000001D435F
0000002C2418
00000036E9B1
0000000A739D
FFFFFFE8FC85
FFFFFF7FA6EC
FFFFFFBF4E8E
FFFFFFD15842
FFFFFFE80BB4
FFFFFFE1D4A3
FFFFFFEE0294
0000002873A1
00000014F667
FFFFFFE7CC79
00000013F4C1
0000001451E0
0000005C32F6
000000234654
FFFFFFF668D1
FFFFFFA20347
FFFFFFC8770F
FFFFFFC83B8C
FFFFFFED5458
FFFFFFD4B327
0000000DABED
FFFFFFE802AE
FFFFFFA533B9
FFFFFFDC0BEE
00000015B726
0000002CC9E4
00000032242F
00000004DADB
FFFFFFEAECF0
FFFFFFB8C55B
FFFFFFA4D14B
FFFFFFC3D17D
FFFFFFEB1F08
FFFFFFEEA016
FFFFFFEFEF10
FFFFFFCDA4F0
FFFFFFD25BF2
FFFFFFCBF223
FFFFFFE01E7F
FFFFFFC99A9F
FFFFFFDC989D
00000011FB05
FFFFFFF3C8C0
FFFFFFEABF0B
FFFFFFC532C0
FFFFFFA1D8F2
000000016A7B
0000002800E0
FFFFFFFCB79F
000000134789
FFFFFFD81F9E
FFFFFFEDD207
0000001C84C5
FFFFFFD696F2
00000004F46E
0000001BE007
FFFFFFF4AF22
FFFFFFE304DB
FFFFFFD40742
FFFFFFCF6F4D
0000001A01EE
00000003CA7A
FFFFFFE2FF05
FFFFFFF559D8
FFFFFFCE94C2
00000030D4FF
0000000BFF5C
FFFFFFF73438
FFFFFFD89FED
00000017CC32
FFFFFFE51F23
FFFFFFB8B5E3
FFFFFFC63492
00000015E333
FFFFFFDFC476
FFFFFFC99EB9
FFFFFFDE0610
FFFFFFAD3318
FFFFFFC5BF51
00000016A9CC
0000002E6560
0000002550D9
FFFFFFD63EAB
FFFFFFFD3959
0000001338B5
FFFFFFD6A92E
FFFFFFF791DB
000000293557
FFFFFFFBE2E7
FFFFFFF3C3E9
FFFFFFF3B35A
FFFFFFC76239
FFFFFFCE40D1
FFFFFFF910CF
FFFFFFD0BDEE
FFFFFFEB096B
FFFFFFE1386A
FFFFFFCC97E1
FFFFFFC6F3B3
FFFFFFED3783
0000001B533F
0000000CD4C0
0000000BABBF
00000007E301
FFFFFFE69C3F
FFFFFFAE919A
00000002818A
FFFFFFE85045
FFFFFFDBA0DF
FFFFFFDF4967
FFFFFFFB2B67
0000000CA4A5
00000002EB18
FFFFFFCEECE7
FFFFFFF2EE45
00000004F61E
FFFFFFFD1823
000000051536
0000000B19CA
FFFFFFDC18F7
0000000ACB80
FFFFFFDA06CF
FFFFFFDBA954
FFFFFFCE52FC
FFFFFFE29810
0000001AA226
00000005BBAB
0000000C42C8
FFFFFFFF424A
FFFFFFEC90B0
00000009DE98
0000000683E2
00000012700A
FFFFFFE077FE
00000017B1A5
FFFFFFD9DFBD
FFFFFFDEB3FE
FFFFFFDCB557
FFFFFFE21574
FFFFFFF8931F
0000000C436A
0000001166B8
00000026A1FF
0000000BA373
000000096C37
FFFFFFF32316
FFFFFFF232F3
FFFFFFF696D0
000000085313
0000000AE8D6
FFFFFFCF440B
FFFFFFD2DE8F
FFFFFFC96DB2
FFFFFFCC3FFA
FFFFFFFC5267
FFFFFFFE5B3C
FFFFFFFE2F64
FFFFFFF00D3B
FFFFFFD8FB5A
FFFFFFE2C9F1
FFFFFFD5CF8E
FFFFFFBFBCF3
FFFFFFC03D2E
FFFFFFC7255E
FFFFFFCA0642
FFFFFFCFB687
FFFFFFD5E818
FFFFFFD395EB
FFFFFFD18E8F
FFFFFFDC5ACF
FFFFFFF6491C
FFFFFFFAE087
FFFFFFE6F98B
00000002DF29
FFFFFFFFFCE8
0000003576C7
FFFFFFCD4BA1
FFFFFFD5CB21
FFFFFFD0ADAF
FFFFFFD69948
FFFFFFD5B18B
FFFFFFF34E1B
FFFFFFBD350D
FFFFFFD6E352
00000024F4DA
0000001F762B
000000166B1F
0000002CF99D
0000003AE162
00000026C72B
FFFFFFFA3758
FFFFFFD649FB
FFFFFFD96B32
FFFFFFE0446A
FFFFFFD7C1D8
FFFFFFE6588F
FFFFFFF8AB87
FFFFFFE66513
000000139390
0000003E7FAE
000000399678
0000003160D4
00000045F5F7
0000002ED05C
FFFFFFC02841
FFFFFFC22E11
FFFFFFD62A0D
FFFFFFC4D5A6
FFFFFFB88A8D
FFFFFFD00BE9
FFFFFFEECCD1
000000033B5F
FFFFFFF945B0
00000048D8DD
0000004381E0
00000028CF6A
00000030E095
000000455D85
FFFFFFEA5557
FFFFFF93FAA9
FFFFFFBAD68D
FFFFFFC1032E
FFFFFFD0DB60
FFFFFFD7BD34
FFFFFFDF9E40
FFFFFFFCA8FD
FFFFFFD16238
00000018B53E
0000003A5DD3
0000002DFEC5
0000002DEE56
000000400FF3
0000003676F3
FFFFFFCC734E
FFFFFF9B1FE7
FFFFFFA68D65
FFFFFFD09890
FFFFFFDF61F6
FFFFFFED261B
FFFFFFE83504
0000000C4BAB
FFFFFFEB787E
FFFFFFFA80B3
FFFFFFF44FF7
FFFFFFE784EC
00000012246E
0000004DED53
0000003309EA
FFFFFFB8C5A6
FFFFFFB5D04E
FFFFFFD27A12
FFFFFFD87B1B
FFFFFFDD0CB2
FFFFFFE9E66B
FFFFFFFCBF39
FFFFFFF592D1
FFFFFFEA7958
FFFFFFF61AC3
FFFFFFED8746
FFFFFFF3830B
0000002AF925
FFFFFFF46DD7
FFFFFFC2892A
FFFFFFADBD8A
FFFFFFA72F2C
FFFFFFB87647
FFFFFFB4C371
FFFFFFCB80CA
FFFFFFF07872
FFFFFFE96C1B
FFFFFFD8CE1A
FFFFFFD3A222
FFFFFFF35C56
FFFFFFD5216F
0000003C61F7
00000016E064
FFFFFFF287A0
000000126E31
000000047E8E
FFFFFFCB0951
FFFFFF99EC74
FFFFFFC3BFBC
FFFFFFCEBC38
FFFFFFCE8AEE
FFFFFFB37C9B
FFFFFFB6B6E7
FFFFFFD2CB35
FFFFFFCFCDB0
000000401A2E
00000018DEE8
00000027F7B6
00000035F1D2
000000304D7D
00000029DEB5
000000004EF2
FFFFFFF738AB
00000004D432
0000000B4B8D
000000196CA8
00000022F72B
00000047AB14
0000002C6707
0000006166F2
00000019B407
0000007D23C7
FFFFFFDFD537
000000234FEB
FFFFFFC2776D
FFFFFFE7EB41
00000050D1DD
000000246686
000000204173
0000004864EA
0000001DB59A
0000000402D2
FFFFFFEB8958
000000134114
00000035E56E
00000064070B
FFFFFFE0814C
000000006E09
FFFFFFE6F5D7
FFFFFFD23395
FFFFFFF70BC5
FFFFFFD0835C
FFFFFFDF9449
FFFFFFF5A744
FFFFFFE5671D
FFFFFFE1A4A3
0000000268A0
0000000DECD6
000000529B9D
0000004D7EA2
000000071038
0000000A38C5
FFFFFFD3BB1B
0000000437FC
00000005DFF1
0000000C8135
FFFFFFCC8A8B
00000003AD27
0000000381A1
00000009872B
FFFFFFF491F1
00000040656F
000000321D88
FFFFFFF409BF
000000119DA7
000000179A44
FFFFFFEF7C52
000000026B6D
0000001B2650
00000029A03A
FFFFFFF6C334
0000001ACE3D
0000004CDC80
FFFFFFF6363B
000000062E4C
00000098A309
000000242198
FFFFFFCD770E
00000013A0DE
0000003E2CA9
FFFFFFEBE9B5
000000008D72
000000186E63
FFFFFFF71D68
00000019E594
0000002ABE5E
000000068776
000000058B10
FFFFFFF77AC2
0000005451B3
FFFFFFF0EAFC
00000022CCE7
000000191F76
00000026AEB6
FFFFFFF55342
FFFFFFEBEA9D
FFFFFFF97508
000000185F14
000000003F8C
FFFFFFF3AC30
FFFFFFF6B569
FFFFFFF3097E
00000028D436
00000070718B
0000001D4D0B
00000027CBD9
000000265BD7
0000003DE396
000000116E99
00000014BEBB
FFFFFFC7748B
FFFFFFB96E2B
FFFFFFEE5252
FFFFFFFECC27
0000000F6232
00000011F702
0000004740F8
00000043E364
000000256250
00000033A156
0000001EFC92
000000562FE4
00000033A499
0000001F9DE9
FFFFFFE9E4F1
FFFFFFC92D2D
000000008E7D
000000126162
000000009569
000000119122
0000002674D0
FFFFFFFC6B1E
FFFFFFA76289
FFFFFFFBF393
0000002944D3
0000005E3F1D
000000398F7D
000000150898
FFFFFFE0CED5
FFFFFFCA141C
FFFFFFDCD7DC
FFFFFFE6A768
00000005CCD3
00000002A06B
0000001E99B0
0000001D1F47
FFFFFFDA95F1
FFFFFFFBD7BB
FFFFFFBE36BB
FFFFFFE08A85
00000014CF1D
0000000589E0
FFFFFFF30EE9
FFFFFFE5902C
FFFFFFD1C947
FFFFFFE64164
0000005C7458
FFFFFFF7E810
FFFFFFFB0C03
0000004BEE95
FFFFFFE01D3A
0000001AE6F9
FFFFFFD1414C
00000013F80C
000000243FA9
FFFFFFF075FE
FFFFFFB1932B
FFFFFFB08B94
FFFFFFD5890D
0000000D73C8
00000020C5EA
FFFFFFEA63F9
FFFFFFB87EBE
000000176CEB
FFFFFFD2ADF2
00000016F4EA
FFFFFFFB65BA
00000008602E
0000002F28F5
00000001EAAD
FFFFFFB76948
FFFFFFAEF12B
0000000795C0
FFFFFFA99E43
FFFFFF9D5155
FFFFFFCDC7BA
FFFFFFB5C826
0000001FFF97
0000001EA12A
000000427E6B
FFFFFFFD2F77
FFFFFFEFC20A
FFFFFFF7A0E1
FFFFFFB18CEB
00000003FAAF
FFFFFFCA71EA
FFFFFFEF9074
FFFFFFB45065
FFFFFFB0F0C4
FFFFFFA4249D
FFFFFF83A1AA
00000003061A
00000022A116
00000007C9E2
00000000AEB8
000000162939
FFFFFFFC1D54
FFFFFFE3F561
FFFFFFCF59E0
FFFFFFE821C4
0000000F1959
0000000438E9
FFFFFFFE8B80
FFFFFFE3E585
FFFFFFC09BFC
FFFFFFED0C5C
0000003AFD51
FFFFFFF79BAE
0000003936B4
FFFFFFFCFE9A
0000001723D7
FFFFFFDB3948
000000516708
00000034BB72
0000005D74B9
000000491A03
000000258692
00000042C948
000000480938
FFFFFFEA4671
0000000E0116
FFFFFFE30CD4
0000000F7E98
0000003957CF
000000327019
00000006A2A6
FFFFFFE4AB3A
000000291783
0000001AF95C
0000001EBD20
00000006B6E5
FFFFFFFE91D9
0000003FA930
000000037342
0000003B7C7E
0000002D990A
FFFFFFF31187
0000001AA237
0000004F2571
00000045A9F5
0000000789E4
000000471318
000000183A4F
0000000CFF20
0000003475C3
00000024FB59
0000000A1B01
0000005D7CFF
FFFFFFF82AB0
FFFFFFE42C0D
FFFFFFDA7605
00000012D02D
FFFFFFEA5146
000000438C88
0000003EF794
00000047B809
0000003F4918
00000017A82D
00000018AC6D
0000003C9123
FFFFFFFDCD0F
000000310958
FFFFFFF96CA8
FFFFFFCD9D68
000000178DC6
00000025982D
FFFFFFE25A76
00000025DC69
0000000A762E
FFFFFFFB4423
0000002AE588
000000024E74
0000000D85FE
00000008FC17
000000129B51
00000010B98D
000000110945
00000006E195
000000368C5F
000000322851
FFFFFFF3F7E8
FFFFFFE7E542
FFFFFFFF256C
00000012536F
00000004F9F2
00000001F24E
FFFFFFEDF554
FFFFFFF000E9
FFFFFFDC7BE6
0000000FF0DB
00000000D3FE
0000001DA840
0000002863E7
0000003CF2BE
00000020B7EF
FFFFFFFDD686
FFFFFFC5E2B8
0000000A1DC2
0000002D7988
00000008129A
00000000C9E2
FFFFFFDF8334
FFFFFFF0F020
FFFFFFBE4A82
FFFFFFEA66E3
FFFFFFE2CCDF
000000053360
0000001BB0E2
00000005243B
FFFFFFFFE460
FFFFFFE87E57
FFFFFFD53D7D
00000001404C
FFFFFFE066E4
0000000804AD
00000002961E
FFFFFFF44E8E
FFFFFFC11366
FFFFFFFCDD05
FFFFFFFC90FD
FFFFFFF864E8
FFFFFFD02229
000000080F3B
0000001247D3
FFFFFFF8CDBD
FFFFFFDEB4CB
FFFFFFD77F18
FFFFFFD0E36F
FFFFFFF83455
FFFFFFDF53B6
FFFFFFDB95C0
FFFFFFEC6A7B
FFFFFFFC7BEB
00000008ABF4
0000001031D9
FFFFFFED6CD1
00000006474C
00000034A90A
000000071C3F
FFFFFFF62834
FFFFFFD2C6BA
FFFFFFD5D52C
FFFFFFDBF61D
FFFFFFBF762A
FFFFFFF4A847
FFFFFFCEEC37
0000000D7757
000000157F82
000000488386
FFFFFFE2E13C
FFFFFFDF0A6A
0000002AD65C
00000015CF27
00000015F537
00000032BF0D
000000085F73
FFFFFFFF4E06
FFFFFFDE327C
FFFFFFDF7117
0000001EDDEA
000000589619
FFFFFFFBA45F
00000014311A
FFFFFFD8E35B
FFFFFFF91F98
000000282AB0
FFFFFFF62FEA
00000016820F
FFFFFFF0171B
0000001B2C53
FFFFFFF0C44B
FFFFFFFC7F64
FFFFFFB148C1
FFFFFFEE2BD0
0000000932DC
FFFFFFB90E51
FFFFFFD15124
FFFFFFBE1422
FFFFFFF1FCA7
FFFFFFD0B66D
FFFFFFD7ADCB
0000002E19AB
FFFFFFE7C99B
FFFFFFF8AE80
FFFFFFF26426
FFFFFFDEBC2D
0000000595AE
FFFFFFC3616C
FFFFFFCED855
FFFFFFDBB259
FFFFFFDE55F8
0000000165CC
0000000D605B
FFFFFFD3C794
00000000BFEF
FFFFFFF9993B
FFFFFFD04E38
000000044FAC
FFFFFFD9E676
FFFFFFED0222
FFFFFFEC2B28
FFFFFFE27A46
FFFFFF9BFAFB
000000374CA6
000000045D3C
000000147032
FFFFFF9EBEE0
FFFFFFE4D70B
FFFFFFB2D627
FFFFFFC3E4E6
FFFFFFADDEA8
FFFFFF94C7D5
FFFFFFCD831A
FFFFFF77CAC4
FFFFFFBB2643
00000039CBE3
0000000B00CD
000000776A78
0000002A1CD6
000000181E09
FFFFFFF71547
0000000D8560
FFFFFFEF3534
FFFFFFD32B0E
000000131B3A
FFFFFFB76EB2
FFFFFFF512CD
FFFFFFE901CD
FFFFFFC9E338
FFFFFFEAF2E4
FFFFFFCCA58D
FFFFFFAF74F8
000000294F30
0000001EA6D2
FFFFFFEC7267
FFFFFFBFF1E5
FFFFFFF0726B
FFFFFFD477BF
000000049452
FFFFFFF58A4C
FFFFFFCC6809
FFFFFFE3E6D1
FFFFFFF32466
FFFFFFCA649F
FFFFFFE82C03
FFFFFF9BBEB4
FFFFFFF80ABC
FFFFFFD642F0
0000004FBA02
FFFFFFE825A3
FFFFFFCA20AE
FFFFFFAF429D
FFFFFFCB4FC1
FFFFFFD451CF
FFFFFFFA093F
FFFFFFCFE283
FFFFFFFE67E2
FFFFFFF2B413
FFFFFFBE3864
FFFFFFF7BE00
FFFFFFE1A1C0
000000227BE4
00000040DCB8
FFFFFFDB7222
000000294A6E
000000443211
FFFFFFD5E961
00000009A49F
FFFFFFDD288C
000000183F4B
0000000CCD6D
FFFFFFD3B62D
0000001D9FAA
00000033907A
0000004EB68E
FFFFFFF19CF5
00000038B08E
00000003102D
FFFFFFBC31AD
0000000AF680
0000002F667B
000000382B7E
00000018DAEA
0000001329EB
0000004D4692
FFFFFFEE6824
00000014749B
0000003FD3AE
FFFFFFFEA3AE
0000000D4AD8
0000003BACAF
000000439956
0000004A02EA
FFFFFFFAD5E6
FFFFFFC88AD0
FFFFFFD71148
0000000F036E
000000351612
0000004F5498
FFFFFFCF7283
0000000ADAC7
0000001A01F7
00000015EA60
00000017EE9A
000000537C75
00000041C898
00000051C267
00000027F628
FFFFFFF9931D
0000000F4B43
FFFFFFE736FF
000000169374
000000289EF1
000000153325
00000004CBA0
00000009EB79
000000354F0C
0000005985B6
FFFFFFEF3EB1
0000000D8FB6
00000011D6B7
00000052E132
000000272DF9
000000423DA1
FFFFFFEA9D87
00000016714F
0000002C8162
FFFFFFE04845
FFFFFFF6C272
FFFFFFF79FA4
000000014062
FFFFFFF095E5
00000017B2A1
00000020CB81
FFFFFFE8785C
000000299AF2
000000479040
0000004B1975
FFFFFFF96A89
000000686CD5
0000004ACCB8
FFFFFFE812BA
FFFFFFE95EC6
00000016B154
FFFFFF907854
00000040EB13
0000005E470E
FFFFFFF51A13
FFFFFFC818A8
FFFFFFF87C4A
FFFFFFD687DF
0000003186ED
FFFFFFE720E3
0000000B906B
00000019B00C
FFFFFF9FF357
FFFFFFA2850E
FFFFFFF796F9
FFFFFFCD194C
000000480022
000000200DA0
FFFFFF7F7857
FFFFFFFCDCD2
00000026F46A
00000046DA2F
00000012C4D2
FFFFFFFA7257
FFFFFFC115A7
00000043E720
FFFFFFE0C171
FFFFFFE01E46
000000489D5A
0000004BA3E0
0000004C3778
FFFFFFFD2888
FFFFFFF97CD1
FFFFFFDF12AC
FFFFFFDF8CD5
0000002DCE6B
00000001FD73
FFFFFFF67543
FFFFFFC3EE67
FFFFFFEDD325
FFFFFFD3F8FE
00000039F451
FFFFFFF7A851
0000003B71BB
0000001C20A5
FFFFFFA83788
FFFFFFECE4A9
FFFFFFC9B57F
FFFFFFBE6FFC
000000086C3A
000000108E36
0000001D2DC8
00000015A384
FFFFFFF46E5F
000000533682
0000004D949C
FFFFFFFEA904
00000030B98D
FFFFFFE01CAB
FFFFFFCFDCEA
000000533212
0000004CD22D
0000005F94B8
000000224084
00000035862B
0000002E9972
0000000B206F
00000023C676
FFFFFFDD8466
0000002A65F2
FFFFFFF15DEE
FFFFFFA592B5
000000122E13
FFFFFFBC943F
FFFFFFA57578
FFFFFFE73729
FFFFFFE20D97
FFFFFFC82098
000000341DFA
FFFFFFF00FF9
FFFFFFB527A0
000000574E0F
FFFFFFEC08AE
FFFFFFE712A7
0000001F8512
FFFFFFD27221
0000004AD1BC
FFFFFFDC87E8
00000038BE68
0000000A5E83
00000013F6AB
FFFFFFA02120
0000001281D2
FFFFFFCCB875
FFFFFFB55D40
00000026FC96
0000005B2B94
FFFFFFC9A9A4
FFFFFFB4A1B7
FFFFFFE51F8B
000000471B91
FFFFFF85D535
000000344733
00000053D809
FFFFFFF44602
FFFFFFBEB186
0000000CC4FD
00000001E13D
FFFFFFD999CA
0000003FA8D6
000000625F21
FFFFFF65D7F9
0000000FC529
0000002A4B46
0000004C0452
FFFFFFCCB83B
000000536CE0
FFFFFFDDA520
00000020AA0A
000000464A68
FFFFFFF6328D
FFFFFFC8C579
00000021C698
FFFFFFDD6875
000000965967
0000001C74A5
0000002ECAC0
0000001ADD38
00000078A9C0
000000530CDF
FFFFFF6AB871
FFFFFFE5CDCF
0000005FFD4E
FFFFFFF20CB5
FFFFFFC56D95
FFFFFFC9350D
00000015A6BF
FFFFFFF18F6A
000000455121
0000000FCD40
00000032F666
00000057AC8B
000000526C8B
00000042E712
FFFFFFF2B51D
FFFFFF4ABD63
FFFFFFD16842
0000002A0AA5
000000521770
0000003BA4A4
0000002D465D
00000028B835
0000002BE353
00000012F4D4
FFFFFFEE450D
000000447BEA
0000005D7E13
0000002C3E2C
00000048D0DE
0000000BA7E2
FFFFFFAE3A49
FFFFFFFE99B4
0000004A6B7B
00000042BD44
00000044E833
00000039022A
FFFFFFB21C26
FFFFFF6CF5E7
FFFFFFFCB452
000000729151
00000051F652
0000002F4EE6
0000003F5254
0000000D0A58
0000001459A3
FFFFFFA899BF
00000028AC43
0000001574BA
FFFFFFF8EAFF
0000000C17F0
000000301C22
FFFFFF6D7FB3
FFFFFFDCCE64
FFFFFF9164C7
0000001F6987
0000003FDB28
00000042871B
00000044741A
0000003DAD74
FFFFFF471BAE
000000209184
FFFFFFD0ECB4
FFFFFF9C527E
FFFFFFD95B83
000000593BEA
000000024AFC
FFFFFFAED3CD
FFFFFFEABC25
FFFFFFF98692
000000418D2E
FFFFFFAC69E4
FFFFFFCE5132
FFFFFFEA365F
FFFFFFD09F70
FFFFFFFD5180
0000002A4EA8
FFFFFFBF9144
FFFFFF930CD9
00000043A654
0000001DF853
FFFFFFD07ADB
0000006E4AA0
FFFFFF99A393
0000002D7D2C
000000117F6D
FFFFFFF14A1C
FFFFFFC71400
FFFFFFFE6181
FFFFFFF05EAD
00000009709C
000000015CF6
FFFFFF80346B
0000003703B4
000000267687
0000007A0F11
00000054A847
FFFFFF9F400F
FFFFFFAD8868
FFFFFF4EE618
FFFFFFC141F6
00000003CA90
00000043117B
000000197064
00000006A6E3
FFFFFF94ACC6
FFFFFFB18E5C
0000001E1EEE
FFFFFFEFDDC0
00000022A838
0000000A4E3D
0000002F75E3
0000003AA80E
FFFFFFD93E17
FFFFFFB80972
0000002FDA86
000000448C9C
0000003835FD
00000032C5C3
FFFFFFE0EC0C
0000001546FF
0000000BF77A
FFFFFFDA65B9
000000297571
FFFFFF9C4B9D
FFFFFFD15CB4
000000143FB9
FFFFFFB18F54
FFFFFFC82E85
FFFFFFE3E23C
FFFFFFB8BF2B
FFFFFF7D0A95
FFFFFF8678DB
FFFFFF8A6131
FFFFFF6F0966
0000003E239B
000000039EC6
FFFFFFDE2D1D
000000100B6D
FFFFFFCD1562
FFFFFF91C296
FFFFFFBCF254
FFFFFFE5E1B8
FFFFFFF0C242
FFFFFF9F435F
FFFFFFBB6067
FFFFFF8B9775
FFFFFFCE2C53
FFFFFFBCCA99
FFFFFFD9B33D
FFFFFF7E03BA
FFFFFF671FC9
000000178764
FFFFFFA03D33
FFFFFFC80320
FFFFFFB95C65
FFFFFFB53D58
FFFFFFE9CE9B
FFFFFFBFE967
FFFFFF85B236
FFFFFFB1686B
FFFFFFC72E14
FFFFFFB1D138
FFFFFFD3E215
FFFFFF9AD2B6
FFFFFFABC015
FFFFFFD2B397
FFFFFFA7D0FA
FFFFFFE040FC
FFFFFF876FF3
FFFFFFC31C7A
FFFFFFA8D4CB
FFFFFFA772AB
FFFFFFAA3C49
FFFFFFBEF532
FFFFFFEC43F6
FFFFFFCB1749
FFFFFFBBF9FB
FFFFFFB85250
FFFFFFF36FA0
FFFFFFDC9A85
FFFFFFD68EF7
000000350E65
FFFFFFA10793
FFFFFFDE7E2F
FFFFFFDCD08E
FFFFFFB46A70
FFFFFFCE1D15
FFFFFFB85BD9
FFFFFFEC7B31
00000021565A
FFFFFF552488
00000009D6AB
FFFFFFCDD11C
FFFFFFB49E48
FFFFFFD3036D
000000184B8D
00000010124B
FFFFFF9F9D39
FFFFFFD39B98
FFFFFFB105F0
FFFFFFD8FFE2
FFFFFFC06BFE
FFFFFFF31446
00000001C183
FFFFFF45EAE2
FFFFFFC6C685
FFFFFFBF46D5
FFFFFFCC037E
FFFFFFD54D70
FFFFFFF2C4F9
0000003392E3
0000003C32A2
FFFFFFFC4D7D
FFFFFF968618
FFFFFFC7825C
FFFFFFB6AD7C
FFFFFFEC2B7E
FFFFFFCD175A
FFFFFFA3691C
FFFFFFC520D1
FFFFFFBB19DC
FFFFFFB766BF
FFFFFFBCDFB1
FFFFFFB4F7BE
0000001874B4
0000006CF7B7
00000023E400
FFFFFFD05549
FFFFFFDEF962
FFFFFFF119E2
FFFFFFD027C1
FFFFFFB177C5
FFFFFFF95899
FFFFFFB1B671
FFFFFFC6CE47
FFFFFFC5BE5A
FFFFFFD79205
FFFFFFE1A0BA
FFFFFFF2269A
0000003F3868
00000048479E
FFFFFFDB9A0B
FFFFFFE01996
FFFFFFF7B56F
FFFFFFE0445B
FFFFFFD0EFBB
FFFFFFE501A7
FFFFFFC1634E
FFFFFFD6F19B
FFFFFFAE087F
FFFFFFF1EDB6
FFFFFFF41BE7
FFFFFFF7DDA9
00000013C76D
000000786CD8
00000000FFCB
FFFFFF7675DC
FFFFFFBD4336
FFFFFFA4D588
FFFFFFF83E1D
FFFFFFD1AE78
FFFFFFF18F9D
0000002ABBE4
FFFFFFE03423
FFFFFFF0681B
FFFFFFE452D8
FFFFFFF9D948
FFFFFFFD0C03
0000004650C1
0000002B86FE
FFFFFFDC63D9
0000003FB39C
0000001AEFEA
FFFFFFECD971
FFFFFFD332DF
FFFFFFE27250
0000003B166F
FFFFFFE3F587
FFFFFF979563
FFFFFFB35ACD
FFFFFFE293C5
FFFFFFDE9278
0000002484B4
00000005FE76
FFFFFFEBE2AD
00000011CD3F
00000058AE10
0000001E4293
FFFFFFD42818
FFFFFFEAD6A7
FFFFFFCB1168
FFFFFFCB3CE0
FFFFFFDED1B0
FFFFFFE31BE2
FFFFFFF8E2F1
FFFFFFE73746
FFFFFFEE8F07
FFFFFFFC2BB5
FFFFFFFA52DF
FFFFFFCB6FE5
0000001358CE
0000000F7969
0000000FCAD6
FFFFFFADECC5
FFFFFFA53133
FFFFFFA9752A
FFFFFFAF0545
FFFFFFE0CCAD
FFFFFFD79311
FFFFFFDA64AE
FFFFFFB77CD5
FFFFFFABD91E
FFFFFFB4B3C6
FFFFFFC429E2
FFFFFFE41F2A
FFFFFFE9D630
000000150C9B
000000014AA5
FFFFFFFAA058
0000001EB26E
FFFFFFF7D00E
FFFFFFF1F03A
0000003B0A77
000000375DA2
0000001B51B3
00000021D273
0000001C8F4C
0000000EBE8D
FFFFFFF301B9
0000000EA617
FFFFFFCC390C
FFFFFFCC19CB
000000174C61
FFFFFFE0FCBC
FFFFFFC7103E
0000000786C7
000000106DBB
000000113CA1
FFFFFFD7CC95
FFFFFFE0B8AC
FFFFFFDEA9E0
FFFFFFEC00C6
FFFFFFD347C6
FFFFFFDD5A90
FFFFFFF8DEC2
00000035CC5B
FFFFFFF2019C
0000000B7A6E
0000005C8C53
0000001B5E39
FFFFFFF20180
FFFFFFE3185B
FFFFFFC445A4
FFFFFFE6D371
FFFFFFF5C5E1
FFFFFFCB9D1A
FFFFFFC41AA9
000000005ACF
FFFFFFF5EC57
0000002D75D3
000000051A08
000000072F3F
000000291BB5
0000001F8F76
FFFFFFE09EBB
00000008B266
000000042F0B
FFFFFFE3E55A
FFFFFFEEACE8
000000074B2D
FFFFFFE75BCA
FFFFFFD39696
000000235FB5
00000047D590
000000224E2C
0000002001D2
0000000BD58B
FFFFFFFC607D
FFFFFFEDA9CD
FFFFFFD23391
FFFFFFD71EFE
FFFFFFC567F2
FFFFFFEB6BAF
FFFFFFE1EEEF
0000000C7B09
0000001EDBF5
0000004E8297
000000016F6F
FFFFFFFBD622
0000001858E5
0000000FDA6E
0000000A896F
FFFFFFFC3426
0000001AC8CA
FFFFFFF2FA3D
FFFFFFE89388
FFFFFFE62C90
FFFFFFFD742E
FFFFFFF75134
FFFFFFF6F78F
0000000F8F8B
00000035119A
00000007C836
0000000F7410
0000001A9719
000000048F0F
FFFFFFFD85BD
00000006B103
FFFFFFE44A6F
FFFFFFE522E2
FFFFFFECA844
FFFFFFFA4364
FFFFFFF32DC1
0000001AEF26
0000005FE7E1
0000001A12A2
0000001B59D7
FFFFFFF1E075
FFFFFFFA6909
00000031BA74
0000003055D5
0000000049C4
FFFFFFF9D8BD
00000013AE62
FFFFFFE48C2B
FFFFFFE93B38
FFFFFFF20B37
0000000E42C0
FFFFFFF017D3
FFFFFFE76E4F
FFFFFFFF217E
0000001A93B1
0000003E0E2A
00000026063A
000000074D14
FFFFFFF948CC
00000002218D
FFFFFFE7F680
FFFFFFC0AD6B
FFFFFFD2CC6B
FFFFFFE221B5
FFFFFFF7A54E
0000002720C0
000000103DD1
00000032D5C5
000000135C06
0000001B6AFD
FFFFFFFFC624
FFFFFFE833B3
FFFFFFE01D22
FFFFFFFD67B7
FFFFFFE03599
FFFFFFFB5C2E
FFFFFFFD834A
FFFFFFC91A98
FFFFFFDC6857
00000008D6DC
FFFFFFE640BC
000000390340
0000002BC42A
FFFFFFF12693
FFFFFFEDB80C
00000025B642
0000000842AF
FFFFFFEAB299
00000003820D
0000000473CE
0000000AFA66
0000001C1C88
FFFFFFF3492A
FFFFFFF2CEA1
FFFFFFE0266E
000000023C1B
FFFFFFDA6889
00000001DEA4
00000023F370
FFFFFFF080C2
00000004D6D5
0000000FB9E9
0000001CD54E
FFFFFFFB9663
FFFFFFF76499
FFFFFFE9D928
00000000C6BB
0000000E3E34
FFFFFFF8D64A
FFFFFFE1B07C
FFFFFFD56E6C
FFFFFFDCADBF
FFFFFFC8DEBA
0000000B879D
0000000FE010
FFFFFFBB119C
FFFFFFD1581C
FFFFFFBE631D
FFFFFFBE8535
FFFFFFC14EE1
FFFFFFD913E0
FFFFFFC99E13
FFFFFFE48C48
FFFFFFD76D45
FFFFFFD638E7
FFFFFFF6B761
FFFFFFF85B43
FFFFFFE0BBF8
FFFFFFABBC9E
FFFFFFE19A65
FFFFFFEB95EC
00000005FB15
FFFFFFF167D7
FFFFFFE666A5
FFFFFFF878CA
0000004E650B
0000003238E5
000000523BB7
0000002C3CEA
000000273EFE
0000004CEE3A
0000002E19F7
FFFFFFF058DD
000000480806
0000002B853B
000000203047
00000027D196
00000026382D
000000288D9F
0000005D664F
00000038E186
0000004EC10D
0000001CCA61
0000001DDA30
000000357BA8
0000001135A9
0000001F87FE
0000002A1BAF
0000000686DF
000000287926
000000091C8F
00000022D7B4
00000020528E
0000002BE566
0000003F4EC1
0000002D9C1D
0000002549BA
0000003F159E
000000278757
000000220736
0000001EA8DB
00000027129E
0000001ED219
0000000D5EBA
FFFFFFFC7715
FFFFFFFFA2DE
FFFFFFFE3B99
0000001FF34F
000000409802
0000000B379F
000000012C3C
FFFFFFF260E3
00000008C972
0000001266E3
0000000442F5
0000000287C2
FFFFFFF95134
FFFFFFCE14CA
FFFFFFDADEB1
FFFFFFDC92FA
FFFFFFC2CB36
000000256545
FFFFFFE855E6
FFFFFFEDE45A
FFFFFFEF9313
FFFFFFE2C371
0000000966CE
0000000483B1
FFFFFFE59885
FFFFFFFA05AE
FFFFFFEDBC57
FFFFFFE80190
FFFFFFEEC9E2
FFFFFFF2AFF4
00000034F060
000000238382
FFFFFFF71242
FFFFFFE5B5CB
FFFFFFF1B6CD
FFFFFFCC5564
00000006353C
0000000739F9
000000162AF2
000000132FF4
00000003763F
00000014D09F
0000001542E8
00000026ECC4
0000001C0F7D
000000121EED
FFFFFFDF556B
FFFFFFEA3E5E
FFFFFFFE76F0
FFFFFFE71D47
FFFFFFE8302F
000000247ACA
00000040A4BA
0000002C0988
0000002E7879
00000026B9EF
00000025D309
0000002F6AA8
00000026B3EC
00000008954A
FFFFFFF13731
FFFFFFFBB54F
FFFFFFD98E19
FFFFFFB7B110
FFFFFFE2CA83
0000000B8814
0000002B69D2
00000041F53D
000000576EAE
00000033D79C
00000018379F
00000013E115
0000003B5D01
00000001552F
FFFFFFBED2D1
FFFFFFD224DC
FFFFFFDEEB4F
FFFFFFE4945E
FFFFFFE660A5
FFFFFFEEB600
0000001644AB
0000002B53D5
0000004C6B34
0000003D6190
0000002B617C
00000028D1BF
0000002F63A4
0000002F4CBA
FFFFFFEFAA42
FFFFFFD45BA7
FFFFFFC14AC8
FFFFFFF7D478
FFFFFFED8425
FFFFFFEE11AF
FFFFFFE78736
0000002D5122
0000001F1ABF
0000003988F2
0000003532DB
000000402DEC
0000003C71C2
000000457C2B
000000349C5B
FFFFFFDA64DE
FFFFFFB0FF63
FFFFFFE7CAEA
FFFFFFEB19A1
FFFFFFDCA4FA
FFFFFFED2510
0000000D2BBF
FFFFFFF596BC
FFFFFFFBDC2A
000000033EA4
00000035A931
0000003A1056
0000001CB60A
0000000062B6
FFFFFFFD2A7C
FFFFFFBE48EF
FFFFFFD9D438
FFFFFFED3B77
FFFFFFC3DED1
FFFFFFEBFC38
0000001257BC
00000006E7E3
FFFFFFF724CC
FFFFFFF6A80C
00000021A838
0000002921D5
00000044022B
000000150B55
FFFFFFF700AD
0000001C76AF
0000001F8964
FFFFFFF41FFF
FFFFFFC08697
FFFFFFE801C9
FFFFFFE22437
FFFFFFF881AF
FFFFFFDD874C
FFFFFFD4C08B
0000001185B6
0000001C813D
0000004FAB5D
0000003330CE
0000001E93A8
0000003741D1
0000002EE18B
0000001A787E
0000000C053B
00000017BA4C
0000002201D8
0000001C06AD
0000002F1DB8
0000003A5394
000000588B96
0000003FD893
00000030569E
000000848765
00000054E2AA
00000052CF63
000000742B7B
00000066FA58
FFFFFFE62F19
0000002DFFAA
0000004A3703
00000077024D
0000001F17F9
000000453E1E
0000007FE2EC
00000057E97A
0000002CA3E1
0000000BB629
FFFFFFFA33B0
FFFFFFE6FF5E
0000002F1A37
FFFFFFFBD3E5
FFFFFFC28E3C
000000054DC5
00000040DE53
00000047277E
0000001113CA
0000002F7CD3
0000001B9FB6
0000004ECACA
00000026750D
FFFFFFDE41FD
00000044EE6C
0000000C7131
FFFFFFDA36E9
FFFFFFCA8332
00000066B652
0000003F399D
0000005D51C1
0000002ADD89
000000257100
000000371982
0000001B645E
0000001B9E59
0000001B2202
FFFFFFA579F0
0000001F1BDC
FFFFFFAA1DEB
FFFFFFED9DE4
FFFFFFDC6029
0000007B6177
000000403F79
000000430545
000000577869
00000023D480
FFFFFFF847E4
00000043CD38
00000037B3EA
FFFFFFDB7843
FFFFFF7736F9
FFFFFFB4F7C6
FFFFFFA67D54
0000000F1706
FFFFFFE23664
000000025FAD
000000694619
000000620482
000000459981
FFFFFFF6A634
00000016EFAD
000000368B62
000000472B69
FFFFFFCC8121
FFFFFFF2722C
0000001932D7
00000004A169
0000000AC0D3
FFFFFFF0A6B0
FFFFFFC7DB87
FFFFFFC7C027
0000005E43BB
000000346BB5
00000059E5E9
0000001E6085
FFFFFFFFBD4D
000000437485
FFFFFFB3B660
FFFFFFED7222
000000207653
FFFFFFF29E24
0000002F5534
0000001BD37B
00000016FEB2
FFFFFFE6EE6D
00000024DE56
0000004AA26C
000000368531
0000004462C6
00000037AF42
0000002A84BE
FFFFFFA71C9E
0000002611DA
000000031A9B
000000157BEA
FFFFFFF1B7C4
0000000AE920
0000001EB27A
0000001B897C
FFFFFFBDC5C4
000000266D3C
000000329A55
0000002A686D
0000003BA483
000000136ECE
FFFFFFC2A773
FFFFFFD1BECF
FFFFFFC2BA27
FFFFFFEF7EDE
FFFFFFF846CA
0000000C9F71
FFFFFFF40F79
00000010DC2F
FFFFFFB10931
FFFFFFC7CF18
00000059DAFE
0000004942AF
0000002B2F5E
0000002D610C
FFFFFFFD0610
FFFFFFBE2458
FFFFFFDCF8AC
FFFFFFFD6CCB
FFFFFFD8A1BA
0000002390AE
0000004305AE
0000002B3090
0000000824E3
FFFFFFD4198D
0000000BB8CA
FFFFFFE8AC43
FFFFFFED7777
00000035C622
FFFFFFD1FF21
FFFFFFAB6A88
FFFFFF74980D
000000167B22
FFFFFFA37800
FFFFFFE914BA
000000287731
00000015B66A
000000388368
000000277F4B
FFFFFFF00310
FFFFFFFE8BAD
FFFFFFE5D8E4
FFFFFFC88851
000000262894
FFFFFFD7285A
FFFFFF6F5636
000000076A37
FFFFFFF8F784
FFFFFFF02DE9
00000018D821
FFFFFFF53851
0000003BF2F7
FFFFFFEA89F6
FFFFFFE69132
FFFFFFEBE278
0000000C4C92
FFFFFFB6A6DC
00000003A330
0000003E1C02
FFFFFFE0738C
0000002A467A
00000006530E
FFFFFFFEA8B8
FFFFFFE5C144
FFFFFFCF64AF
0000001B58B7
FFFFFFF444CD
00000026C094
000000267DC4
0000000E0DA6
000000090D5E
00000004B0D1
000000423F74
0000005D2E3C
000000883CA2
0000006401EC
000000489072
000000365DEE
0000002A7214
0000002B33D1
000000354514
0000004A9608
00000051C216
000000512D82
000000317167
000000336335
0000003EC52E
FFFFFFFDCD8B
FFFFFFDF4C5F
000000134085
0000000830C1
FFFFFFD4BA79
FFFFFFE762FB
0000002BBEFA
0000000AD7C2
FFFFFFFEE285
FFFFFFE73A00
000000050A55
FFFFFFEB6413
0000007D404A
00000032BF9B
FFFFFFF6C0E1
FFFFFFDD761F
FFFFFFD6D0C2
FFFFFFE335D9
FFFFFFE2A818
FFFFFFCE337B
00000011E2E4
0000001154A6
0000002EF299
FFFFFFF96AB2
0000001DC7A7
0000003B63AE
000000356A11
00000008EF91
0000000B6D74
0000000A60E6
FFFFFFCCFCE2
FFFFFFE139F1
000000092829
0000001A7EBA
0000000CAD3D
0000000D23A7
FFFFFFFBCE3D
00000005598E
0000001B7A6D
FFFFFFFAC6AE
FFFFFFFA0368
FFFFFFDFE05E
00000004A5D8
000000070C98
0000003149A6
00000012978C
000000191AB5
FFFFFFF94730
FFFFFFEA8B42
FFFFFFEDF902
00000013856C
FFFFFFD980E1
FFFFFFEF449D
FFFFFFDDBDD4
FFFFFFE1D644
FFFFFFC360F4
FFFFFFF8D851
000000403E34
00000039DDE8
00000042A77B
00000008636A
00000007811C
FFFFFFFE908B
0000000A9FBD
00000003FDC3
000000091F6F
FFFFFFDAC8C3
FFFFFFA178FE
FFFFFFFA7114
00000023134C
0000003A3BFF
0000002BCD2C
000000370E9B
0000005D6D78
0000002088F7
0000000AD3E4
FFFFFFF7A598
FFFFFFFC20F1
00000005899F
0000000EED9B
FFFFFFFFE0D9
00000013CA5E
000000121FEC
00000011DC5A
0000002097DE
0000002BABFF
00000011DB9A
0000003A73B9
00000041350A
0000001AACFA
FFFFFFF3E7D1
000000196288
000000268D74
0000002EFDB7
0000002DDABB
FFFFFFFC875B
00000016A1CC
00000000A2F6
0000002052BA
00000014447B
000000108344
0000002850AF
000000250854
0000002DEDF7
0000001AF242
0000000A9C57
00000027B02E
00000013A834
00000018CF5A
00000002E111
0000001002FC
000000288E47
00000028F828
00000020DC67
000000303F21
00000023E846
000000461D99
0000003FFF98
0000003FB628
0000001BF511
0000003C3C6F
000000278F60
00000030E571
000000198C45
FFFFFFF634C3
FFFFFFFC6327
0000004A656A
0000003FAF34
000000366220
000000316413
00000028582A
000000516511
0000003AD155
000000082A82
00000028A146
0000003BA6E9
000000422FE3
000000102587
0000000097DA
00000000EDE2
00000006C7E2
000000342D56
0000003860AD
0000002F4A66
0000000C8914
0000002F605F
0000003A602E
00000010A9EB
000000204DD0
00000022FAA3
000000583FA5
0000003BB7D8
000000179915
FFFFFFF2C064
FFFFFFBB13F0
000000161922
000000315E02
0000002EDAC1
0000002BFD50
00000033E719
000000275FC0
00000005CDDA
000000203A90
000000155602
0000004353B1
0000003B0370
00000009A380
FFFFFFF7F6C3
FFFFFFF63AA6
00000026E4B9
0000002E3489
00000017FEA1
000000157040
0000002759DD
00000014E499
0000002B35DE
0000001595F3
00000018F25A
00000036C7EF
FFFFFFFCE947
FFFFFFE8F138
FFFFFFF26BCF
FFFFFFEDA053
00000005C0BB
FFFFFFD06137
FFFFFFA59E4C
FFFFFFEB493C
00000012ECBD
FFFFFFD4D62F
FFFFFFE2BCCD
FFFFFFE27E36
FFFFFFF2123D
FFFFFFDF49B7
FFFFFFDC7E7F
FFFFFFEB57AD
0000001F513E
00000007C500
0000001CC7AA
00000025EE21
00000043453E
FFFFFFF5754C
FFFFFFEDDAC0
00000013F142
000000293F1B
00000028CBFD
0000002C64DF
0000003A2A57
0000004AC78B
0000002E189A
0000000090CE
FFFFFFD62BEF
FFFFFFF4EBC4
00000032261F
0000004DBF29
000000263949
FFFFFFE5979C
0000001E8665
0000003EA339
0000001137F6
0000002416CA
000000420A95
00000006E087
0000003BE526
FFFFFFDE25B7
FFFFFFE6902A
00000016B058
FFFFFFC06D4B
FFFFFFD80C84
FFFFFFFE4A70
000000124831
FFFFFFE6196E
0000005B2734
000000263630
000000309E24
0000002A91AC
0000000489AE
FFFFFFD267B9
000000038B11
00000012CFF6
00000018A3C3
FFFFFFEA0687
0000001CD0D3
000000139BA3
FFFFFFE4805C
000000052EE1
000000556391
00000028A983
FFFFFFECA035
0000002292B1
FFFFFFED876B
FFFFFF959DA9
000000341E1B
0000002F18A9
0000000D49FC
FFFFFFDA8744
FFFFFFE49C82
FFFFFFCAF8DE
00000010314F
FFFFFFDFE873
FFFFFFFD0CCF
FFFFFFF5B3A1
00000024D4D2
FFFFFFF22E1E
FFFFFFF9DF6D
FFFFFF92380F
00000009563C
000000065F27
00000013F726
FFFFFFE57F1C
FFFFFFFB4F1F
000000294273
0000001E234F
FFFFFFD52E11
0000001AE7A4
00000034BA28
0000003BDB07
0000000C7B03
0000000C5B43
FFFFFFAF3F64
000000096314
FFFFFFF99986
FFFFFFEA08BF
FFFFFFEF17F8
FFFFFFFF244E
00000027780D
00000031309E
00000000AD02
000000115946
FFFFFFFDC265
000000093AE9
FFFFFFEC29F5
FFFFFFDEEF44
FFFFFFAA475A
0000000F4D32
0000000BA1AF
FFFFFFFBE32F
FFFFFFE5711B
FFFFFFFC3E52
FFFFFFF0E71D
FFFFFFF8CA65
FFFFFFECC8E8
000000033656
FFFFFFE971F8
FFFFFFEB7439
FFFFFFFFD866
FFFFFFDAFC52
FFFFFFFD01BF
0000006E8F7D
000000181C3D
FFFFFFE84714
FFFFFFAAF30B
FFFFFFE4DBD2
FFFFFFF61A05
0000003040D3
FFFFFFAAD4DB
FFFFFFF83D33
00000011EEB1
0000000327F1
00000026AECE
FFFFFFF03B37
FFFFFFC7ABB2
0000003F4D56
0000001A8531
0000003320B1
00000000ECA5
FFFFFFE52905
FFFFFFFB1EC7
000000187A14
FFFFFFE6AA60
0000007B5E15
00000009C8DC
FFFFFFFFD1B6
000000454A70
0000001154E4
FFFFFFD1B8B7
0000000E547A
FFFFFFC6F1AA
000000075179
FFFFFFE72989
FFFFFFDFB803
0000001DBE69
0000004672D3
0000003D526D
000000566C8D
000000033BC7
FFFFFFE7DD31
0000002EFA6D
000000440A0D
FFFFFFDA7EAD
FFFFFFF9025A
FFFFFFB314E2
FFFFFFD59F5F
00000024C7E7
FFFFFFFC5555
000000038383
0000003F0477
0000005A588E
0000002CC730
0000002DFCBD
0000003A0429
0000002FD8B0
000000676C72
FFFFFFDF91B4
FFFFFFF2D2B1
FFFFFFCF004F
0000000E2720
0000005A5A02
0000000369C7
0000005CCFB5
000000106333
0000001D6AFD
00000003120A
0000001FF492
00000026009C
0000004D2D98
000000437DF2
FFFFFFF7A6AA
000000230A5A
00000017BF45
0000002DA1D6
FFFFFFFEE6AA
FFFFFFD50F31
0000001B2198
000000240569
FFFFFFF1DB3E
FFFFFFF9C3C6
FFFFFFF10576
0000000DEB7C
00000025A93B
000000086BBA
000000126080
00000003386C
FFFFFFC33330
FFFFFFE84E25
FFFFFFF834AC
FFFFFFF56749
0000001781A1
FFFFFFF38F67
0000000EFC6B
FFFFFFE2AF09
00000001FC46
FFFFFFFB531A
00000022435E
0000001D1EC5
0000002BE9C6
0000000FA8AF
0000006163E7
000000549578
FFFFFFF9747A
FFFFFFF9D6C1
0000000DD307
000000263BFD
0000002BF905
00000026579C
0000003EF46E
0000002721CA
0000001914A8
000000081660
0000000FBA0A
00000011C8AF
FFFFFFBEF316
FFFFFFD3DF63
0000002B8E2F
00000057DD75
000000199B16
00000020026A
FFFFFFE170BC
FFFFFFF8E978
00000006AB7E
0000000869F1
FFFFFFD82C54
000000185B3B
0000003484A4
0000006155D8
0000002730D9
000000514394
000000541BEB
0000002BC588
000000077324
0000002018C3
00000018F064
00000001B446
0000000C17AF
000000154CCE
00000008F761
000000183D41
00000056EDFF
00000085E5FC
0000005FCA70
000000136AA7
00000018F700
FFFFFFF51985
0000002C3C45
0000001A3428
000000211AE6
0000000F48FA
0000002175CA
FFFFFFFB4054
FFFFFFE216FB
00000003C56D
0000002B06E7
00000007B24E
00000020814E
0000001CF080
0000001D4C04
00000009CA27
00000046E09D
FFFFFFF14DE3
FFFFFFE2E652
FFFFFFD43C2B
FFFFFFFD3826
FFFFFFFD0397
0000000CC5F2
0000000AA483
FFFFFFD280B6
FFFFFFF8F9EA
00000019372B
00000025592A
0000000F95CB
00000014D8A1
00000000B0F2
FFFFFFE9F712
FFFFFFF2F5C8
FFFFFFF39563
FFFFFFFA871C
FFFFFFF5DBBF
0000000899BE
00000015F844
00000015217D
FFFFFFDE3ADE
FFFFFFE50348
FFFFFFF410EB
FFFFFFFFD296
00000010595D
000000118411
00000011806F
000000090A68
FFFFFFDBA37D
FFFFFFFE5430
FFFFFFFE409F
000000154CF5
000000067D16
0000001A908E
FFFFFFC74086
0000001678CD
000000015A71
000000075AD0
00000005E701
0000001CB60B
000000020BFA
000000010152
FFFFFFF735F4
FFFFFFFA14D6
FFFFFFEA1C34
0000000A9E35
FFFFFFF4CA5F
000000182EC5
FFFFFFE87243
FFFFFFBEEB3B
FFFFFFC6E9D0
000000134F3D
00000020E59D
0000001098E7
0000000DF96A
00000013B74C
00000013D0AF
FFFFFFF8255F
FFFFFFFCE605
FFFFFFF1E6B9
00000002762C
0000002CEA84
00000002C7E3
00000011B1A9
FFFFFFF431D7
FFFFFFE9C211
FFFFFFB8EC4D
FFFFFFB4B886
FFFFFFE2E8CA
00000007D68D
000000047C27
000000215192
FFFFFFEF0C51
FFFFFFEEE183
0000001F4E8C
FFFFFFFA1B9B
000000273917
0000001B5627
FFFFFFB57B2E
FFFFFFB1266B
FFFFFFA86F97
FFFFFFC2B7AA
FFFFFFFE7552
FFFFFFDAA0CB
000000024F11
FFFFFFF974EA
FFFFFFF590CD
FFFFFFD74C8B
0000000B4518
000000012311
000000298ECF
0000001FFD35
FFFFFFF7FE17
0000001A5C34
FFFFFFD415E2
FFFFFFD27112
FFFFFFC7D33C
FFFFFFAAC5DB
FFFFFFB7D614
FFFFFFB6579C
FFFFFFB72878
FFFFFF9E9773
FFFFFF8ABD31
000000166FFA
FFFFFFC9123C
FFFFFFCC3EEB
FFFFFFFE9EC4
0000000C8623
0000000D4FEE
000000046AA7
FFFFFFD20E6E
FFFFFFE2F752
FFFFFFD8624A
FFFFFFEAF0A0
00000002D4CC
FFFFFFFCF1E2
FFFFFFFDDBFA
FFFFFFDD70AC
FFFFFFDE4F54
FFFFFFFD8655
FFFFFF998394
FFFFFFA0D89D
FFFFFFC2AA87
FFFFFFDD354C
0000000E9F8F
FFFFFFB17715
FFFFFF935022
FFFFFFD8BA36
FFFFFFAFCF1E
FFFFFFC8AB39
FFFFFFDABB6D
000000075112
FFFFFFEE9CBF
000000C28E30
0000001CD1DB
FFFFFFC4E0C4
FFFFFFAB6D07
FFFFFFD94DA2
FFFFFFE8C158
FFFFFF957C87
FFFFFFB5E71C
FFFFFFC9E125
FFFFFFBD517D
FFFFFFFDE458
0000001DC63F
FFFFFFB3FC0C
0000001F41F5
00000040EA05
00000034E6BB
000000CD377A
FFFFFFE4A1D0
FFFFFFBE1765
FFFFFFD4091C
FFFFFF9ED75A
FFFFFFA5B003
FFFFFFD5A8CB
FFFFFFE12F85
FFFFFFF462C7
FFFFFFD96FBE
FFFFFFCD8E9B
000000B9E712
000000461FD5
0000003F4995
000000375CA6
FFFFFFD505F2
FFFFFFB2DA3F
FFFFFFACF528
FFFFFFCAFD1B
FFFFFF99FC26
FFFFFFED2577
0000002A64A8
00000055A3DC
00000021DCFE
FFFFFFE8EC58
0000007BA503
0000005FF75E
0000002D2243
0000000FB3CD
0000000631AF
FFFFFFB67B35
FFFFFFB502BB
FFFFFFBFB18C
FFFFFFFB8F2C
00000003DB4C
00000001044E
FFFFFFFC5D08
FFFFFFEA0A85
FFFFFFFBB954
0000002801A4
00000022EF3E
0000000D973F
000000233350
000000012096
FFFFFFE4DF2B
FFFFFFA7C79A
FFFFFF9ECFA4
FFFFFFAF9D66
FFFFFFB19910
FFFFFFBE3105
FFFFFFAD2768
FFFFFF9D8398
FFFFFFEC5E48
000000298D65
00000021C6F2
0000000F9782
FFFFFFFA34AF
FFFFFFFE603F
000000028C30
FFFFFFDB8D4C
FFFFFF938D5A
FFFFFF8704DD
FFFFFF948B7A
FFFFFF986B48
FFFFFF9F95AB
FFFFFF882F1A
FFFFFFFFA0B4
00000026069C
0000000CA62E
00000005B131
FFFFFFF3354A
000000047D51
000000055064
000000139EA8
FFFFFFAD8E20
FFFFFF861C46
FFFFFF9E30DA
FFFFFF9E9940
FFFFFFA73A71
FFFFFF9E0BD7
FFFFFFC3E9C7
FFFFFFF8176A
FFFFFFFA8C4E
FFFFFFFBD53A
000000079265
FFFFFFFD585A
000000098E28
FFFFFFFE3E67
FFFFFFEAAEF4
FFFFFF8F780D
FFFFFF887819
FFFFFFA4A1A8
FFFFFFB2EC10
FFFFFF88E258
FFFFFF9996AB
FFFFFFB111D8
FFFFFFD4746B
FFFFFFE98D7A
000000175310
0000000326EC
0000000B9937
000000092FE3
0000000D64EC
FFFFFFD3E1CE
FFFFFFB0AAD1
FFFFFFC6A047
FFFFFFB73B3B
FFFFFF83AD24
FFFFFF9F13AD
FFFFFFAE5187
000000051665
FFFFFFDC7F2A
FFFFFFE81A76
FFFFFFFCEBAB
0000000ADA0B
FFFFFFFC5D1E
FFFFFFF8D3CA
FFFFFFFA7AFB
0000000EAC59
0000000A43BE
0000001E895D
FFFFFFA63828
FFFFFF7E9FEE
FFFFFF92A52B
000000333720
FFFFFFF7855E
FFFFFFD068A1
FFFFFFF5DBB1
FFFFFFE182A4
FFFFFFF955D6
FFFFFFFF5B33
00000028F9F2
000000160EDE
0000001F1284
0000001767EE
FFFFFFD4741A
FFFFFF970F0D
FFFFFF8660E4
FFFFFFBE9E2D
FFFFFF94F379
FFFFFF8A1D29
FFFFFFEC4C63
FFFFFFE06722
0000002835C0
00000036E6BB
000000187F80
FFFFFFEFE8DE
FFFFFFE230B6
FFFFFFC957F1
FFFFFFB8C3DC
FFFFFF8D3282
FFFFFF7F31E5
FFFFFF751B88
FFFFFF60EE01
FFFFFF6994FD
FFFFFF88CF35
FFFFFF949AE3
FFFFFFA06500
FFFFFFA489D8
FFFFFF8731A3
FFFFFF85E480
FFFFFF6F6E95
FFFFFF870E2D
FFFFFF7843A7
FFFFFFF519A0
0000000E7DC8
FFFFFFB8B64C
FFFFFFE55816
00000001E326
FFFFFFE44AD8
FFFFFFE1DC0B
000000111095
FFFFFFF72859
FFFFFFE3A7C7
FFFFFFC3428A
FFFFFFC84D82
FFFFFFCA2C70
FFFFFFC9F902
0000000B057B
FFFFFFE19B3B
FFFFFF97BADD
FFFFFFA1CC18
FFFFFFDC8526
FFFFFFEE4ABC
FFFFFFFD3E9C
0000001194CA
FFFFFFFA67A1
FFFFFFE978FD
FFFFFFECDF08
FFFFFFF96D2B
FFFFFFEE4AA2
0000002508CC
00000002F1FE
FFFFFF7ECAFF
FFFFFF8FA9AD
FFFFFFB0EE39
FFFFFFACBC0B
FFFFFFE4AFA5
00000010ABC5
000000032F5A
00000007AD74
FFFFFFFD7E04
0000000B5AC4
FFFFFFE40405
000000013430
FFFFFFF63F9B
00000006875A
FFFFFF91D67D
FFFFFF972636
FFFFFFFB556C
FFFFFFCD76B6
FFFFFFB484BD
FFFFFFFC38F1
FFFFFFF7ABBC
0000000573EA
0000000B0153
00000013506F
0000002D1787
00000046919D
0000001A2C57
FFFFFF8373A5
FFFFFF7F2378
FFFFFFD11829
FFFFFFCCE3A9
FFFFFFF746B2
FFFFFFACA9DD
FFFFFFD255F6
00000010529E
00000013E9C8
000000089BEC
0000001B2BFC
0000000E7BE4
00000032CDEF
000000321EA1
FFFFFF6A64DD
FFFFFFDFA347
FFFFFFF58F1C
FFFFFFDA15BF
FFFFFFF1D6AF
FFFFFFED58A5
FFFFFFB1A599
FFFFFFFDEC00
000000586B04
0000004CDA77
000000404A9C
000000287691
00000039B60A
000000451B04
FFFFFF62122B
FFFFFFE3B1BE
0000000DB29B
FFFFFFF586E4
FFFFFFDF8252
FFFFFFE2CD15
FFFFFFDB8FDB
FFFFFFA879DD
000000217CD3
0000003E2CB1
0000004315B9
0000003F12D6
00000051A24E
00000041D67C
FFFFFF921791
FFFFFFF31B36
FFFFFFE3A5DD
FFFFFFFC944D
FFFFFFEB15A0
FFFFFFDF3A76
FFFFFFF220A9
FFFFFFE64603
FFFFFFCAFD16
00000033AAC0
000000680816
00000042ED33
000000268B47
000000324C68
FFFFFFCFBA63
FFFFFFD0DEC1
FFFFFFE8481F
0000000B975F
FFFFFFFC1E0D
FFFFFFE67DE9
FFFFFFF028CD
FFFFFFE1FF45
FFFFFFA1D5D2
FFFFFFF964D3
00000049B499
0000002AC891
0000004A91E3
0000003F2937
000000393370
FFFFFFFED798
FFFFFFE48EB8
FFFFFFE6C087
FFFFFFFC1249
FFFFFFF69EF2
FFFFFFF1DFD9
0000000F2805
FFFFFFE21170
FFFFFF9A9E56
FFFFFFA62BC8
FFFFFF7E9DDF
FFFFFFA76EE6
FFFFFFED0755
000000432B59
000000397D1D
00000000BF12
FFFFFFEB5373
FFFFFFE31183
FFFFFFF473A1
FFFFFFC9A5BA
FFFFFFF54EE9
FFFFFFE23124
FFFFFFD59961
FFFFFFD265C1
FFFFFFE0511A
FFFFFFB2868F
FFFFFF9C7FC5
0000003882C5
0000002F46C6
FFFFFFF5356F
FFFFFFD3EAA1
FFFFFFE344F8
FFFFFFD25BFE
FFFFFFDA337A
FFFFFFFA43FF
FFFFFFE4F103
FFFFFFC98EDD
FFFFFFD1B5A1
FFFFFFE502DD
FFFFFFC9877D
FFFFFF8C640B
00000035B985
0000004788FF
0000001B5B84
0000001DA5E8
000000274B03
FFFFFFAD1F6E
FFFFFFEE7C23
FFFFFFC426D8
FFFFFFB613D4
FFFFFFC4D7F0
FFFFFFBCA1DC
FFFFFFD0F3E0
FFFFFFB78B8E
FFFFFF975939
000000166DA2
00000029B538
0000004A1D8F
0000002A021D
0000003CA7C9
0000002673A5
000000115F98
FFFFFFF75C04
000000182FD2
00000020AA47
0000001FD645
0000002DC078
000000262258
00000016E69A
000000BE63DF
000000C39CBA
000000DB1D7E
000000A97A9B
000000970D16
0000007D09CA
00000029E6DD
00000074EC4C
000000C08A1B
000000AA73A6
000000A59CCE
00000073D727
0000009CBFCB
000000BDEC25
000000BB3F9C
000000CC19D8
0000004E1DB9
000000A9131C
0000009880D7
00000070CF26
00000049DCB2
00000087D797
000000923A68
0000009170B9
000000A3DC7C
00000074F987
000000873B80
000000A748AC
0000008986E9
000000888A76
0000005B0003
00000028A9EC
0000001C5E48
0000007FED05
00000063BAA6
0000004CAD32
000000450E0D
0000004A5DDA
000000426B8A
0000006566BE
0000005D2E8F
00000059001C
000000908987
000000804369
0000006E3FB9
FFFFFFF27EC8
FFFFFFE6569A
00000080576B
000000938011
0000007A63A3
0000007248F6
00000074AE24
00000025193A
FFFFFFFF260C
0000000424F9
00000038185F
000000B29059
0000002CA228
00000021F9DF
FFFFFFC68D23
FFFFFF899E8A
0000002D43D0
000000B02254
000000812F93
0000004EBA48
000000554402
0000001F21AB
000000097A80
FFFFFFE10456
FFFFFFE27101
0000005E1DDA
FFFFFFAF72E8
FFFFFF968CC1
FFFFFF875F51
FFFFFF6568C7
FFFFFF9ADD1B
0000002D8A3B
0000000879D7
FFFFFFE1291A
FFFFFFE5483A
FFFFFFDD330B
FFFFFFE64EFD
FFFFFFA2BD13
FFFFFFD30DE4
000000414841
FFFFFF8860EE
FFFFFF76A05F
FFFFFF91A612
FFFFFF939367
FFFFFF79AE30
FFFFFF945D71
00000028E25F
000000092E22
FFFFFFCDB849
FFFFFFD3EFDD
FFFFFFD5A51E
FFFFFFC55B58
FFFFFFAB8285
000000440FCA
FFFFFFA3DD3A
FFFFFF91EDD5
FFFFFF900237
FFFFFFA5F269
FFFFFF797BCE
FFFFFF557365
FFFFFFBB8B90
000000304144
FFFFFFDD39CA
FFFFFFC6C159
FFFFFFCA0FC3
FFFFFFD737F6
FFFFFFDB0678
0000001FF050
FFFFFFD6E1F8
FFFFFF95117F
FFFFFF8A6B08
FFFFFF98F6BD
FFFFFF8C6B0A
FFFFFF7220F5
FFFFFF832888
0000001E4D63
FFFFFFFD86C6
FFFFFFCFCE3E
FFFFFFE6F1DE
FFFFFFEC16CE
FFFFFFC97A52
FFFFFFE3D5B8
0000001A2259
FFFFFFB7E98A
FFFFFFDBB7C1
FFFFFFA5B772
FFFFFF9233BC
FFFFFF6EB24B
FFFFFF67A90B
FFFFFFC29614
FFFFFFEDD771
000000171504
FFFFFFFEFE88
FFFFFFE679B4
FFFFFFFBD24F
FFFFFFF1BD7B
0000002BE384
00000004CBDA
000000066BA3
FFFFFFDC7B73
FFFFFF8FA340
FFFFFF8472FD
FFFFFF77DC90
FFFFFF8E91AE
FFFFFF7B82DC
FFFFFFA10F3D
FFFFFFB747AA
FFFFFFCED632
00000016F999
000000190415
000000588B6B
0000001153B6
00000038885D
000000428D6D
FFFFFFED876D
FFFFFFDE1300
FFFFFF9C88D1
FFFFFF97A050
FFFFFF7E2F82
FFFFFFAB03A7
FFFFFFB4BE4C
FFFFFFD031ED
00000033D2F6
FFFFFFF9F03C
000000194527
000000276EA2
0000004C4CA6
00000038E4EF
00000040C24D
FFFFFFFB10D3
FFFFFFEE4644
FFFFFFDE4883
FFFFFFFD59E7
0000002610C7
000000266AA0
000000134117
00000035B0E4
FFFFFFDA86AD
FFFFFFF5CBF6
FFFFFFEC0864
FFFFFFEC44B3
FFFFFFDAE232
0000000234B3
000000046A73
0000001B971E
000000437FC9
00000024255D
000000073BCB
FFFFFFF095E1
FFFFFFE85687
FFFFFFEC0E3C
FFFFFFE9DB22
000000153942
FFFFFFFE74DD
FFFFFFE6792D
FFFFFFD29F19
00000013460D
FFFFFFE2D784
FFFFFFDF54F9
FFFFFFFA4763
FFFFFFD4FA2B
0000000A64B9
FFFFFFDD77DB
000000038880
FFFFFFF72328
0000000D8892
00000012F8CE
FFFFFFD63E35
FFFFFFE10C63
FFFFFFC44969
FFFFFFDD7E3A
FFFFFFCB89FD
FFFFFFF7418F
FFFFFFE50478
FFFFFFE8C5A8
000000013CFD
FFFFFFF1CE61
000000049BEA
00000003AB1B
FFFFFFDC6D92
FFFFFFF79450
FFFFFFC26BA8
FFFFFFCB25E7
0000001A905D
FFFFFFE8C5BD
000000029997
000000318021
FFFFFFDD78B2
FFFFFFD57A1B
FFFFFFD0B75B
FFFFFFD09DC9
FFFFFFD525B0
FFFFFFFF81A4
FFFFFFD1B650
FFFFFFFFAC52
FFFFFFF427EC
FFFFFFBA8686
00000022DA7D
FFFFFFF4FF57
0000001B1DB1
FFFFFFDF0B0C
000000325FFF
FFFFFFDD5365
FFFFFFDF1F52
FFFFFFED37B5
FFFFFFF947DB
FFFFFFEBBF04
FFFFFFDE35EC
0000000798C0
00000042A017
FFFFFFD7E1EF
FFFFFFE5F3B2
FFFFFFDAC60E
FFFFFFE6C99D
FFFFFFDFEB28
FFFFFFF1B3E5
FFFFFFFC37CF
FFFFFFD796EB
FFFFFFCE1BAD
FFFFFFDE131B
FFFFFFCFCC3D
FFFFFFF3AB70
FFFFFFFEC68E
FFFFFFF171E5
FFFFFFFD17FA
000000081060
0000000892D0
0000000BACF2
FFFFFFEE9B04
FFFFFFC9C898
FFFFFFDD37FB
FFFFFFDBC629
FFFFFFD2942D
FFFFFFB02F50
FFFFFFB19DE8
FFFFFF969813
FFFFFFF2CD64
FFFFFFE3DB48
FFFFFFF5828E
FFFFFFF33B54
FFFFFFF59F7A
FFFFFFF14216
FFFFFFBBF97F
FFFFFFC412CB
FFFFFFF03F3E
FFFFFFCD3803
FFFFFFD3FE9F
FFFFFFF0C4CA
FFFFFFBD29AA
FFFFFFA46496
FFFFFFCDC99C
00000001A951
00000001149A
FFFFFFF1275D
FFFFFFE9E5A0
FFFFFFD79571
FFFFFFCCA15A
FFFFFFD13DBF
FFFFFFC61DD2
FFFFFFCE64A6
FFFFFFD5261F
FFFFFFDC6193
FFFFFFDEFB56
FFFFFFA0FB0B
FFFFFFCC2316
FFFFFFFD9534
FFFFFFF5BBC6
FFFFFFCB206D
FFFFFFD3E9CE
FFFFFFE9B3A3
FFFFFFD69EE0
FFFFFFDAC98C
FFFFFFBDEB4C
FFFFFFD16CCC
FFFFFFC250E2
FFFFFFD40A11
FFFFFFDD2C2E
FFFFFFC23751
FFFFFFAF99F6
FFFFFFF341D2
00000020F6A1
FFFFFFEE856D
FFFFFFD0A434
FFFFFFD95AAC
FFFFFFE5757C
FFFFFFDEF252
FFFFFFC52EED
FFFFFFC516DB
FFFFFFDE1B12
FFFFFFE5C5F7
FFFFFFDC60F6
FFFFFFBA8675
FFFFFFCDFA56
FFFFFFE9F280
0000002A01EF
FFFFFFFDC1A4
FFFFFFEB34FB
FFFFFFE54840
FFFFFFD819D6
FFFFFFDCC33A
FFFFFFEE9371
FFFFFFD12C3C
FFFFFFF5089E
FFFFFFE32741
FFFFFFDA3F26
FFFFFFCEBEF4
FFFFFFE144A7
FFFFFFE40CB8
FFFFFFE72AF6
FFFFFFF9B9AF
FFFFFFFA96B2
FFFFFFEA2FEE
FFFFFFD7E7DC
FFFFFFD1919B
FFFFFFD7C1C2
FFFFFFD9F383
FFFFFFFB96D7
FFFFFFF4EECF
FFFFFFCD7918
FFFFFFCF154F
FFFFFFC38494
FFFFFFDCF9BB
FFFFFFC5AFBD
FFFFFFE2638F
FFFFFFD6F61F
FFFFFFDF7BA5
FFFFFFEAEC56
FFFFFFD8F72C
FFFFFFC7DCE7
FFFFFFC1BA5B
FFFFFFD240F5
FFFFFFE878B1
FFFFFFEBD441
FFFFFF9DA652
FFFFFFAF0D54
FFFFFFAD49FD
FFFFFFD35BCC
FFFFFFDF2BF7
FFFFFFE13138
FFFFFFD9D37B
FFFFFFDB461B
FFFFFFB3F153
FFFFFFA4B29D
FFFFFFC78AC3
FFFFFFDFDE81
FFFFFFDB019A
FFFFFFDCE18B
FFFFFFD376F3
FFFFFFF02C8B
FFFFFFD09B13
000000000B99
FFFFFFE5454F
FFFFFFB35967
FFFFFFD6774F
00000013BED2
FFFFFF9E9270
FFFFFFE78F99
FFFFFFBBCCAB
FFFFFFCD68E4
FFFFFFA9ACF7
FFFFFFDFE592
FFFFFFE67E18
FFFFFFFE08D6
000000335093
0000002605D4
00000005D39B
00000002419A
FFFFFFDC2607
FFFFFFCD62B7
FFFFFFD1398E
FFFFFFE47A7F
FFFFFFD66BF4
FFFFFFFEE67E
FFFFFFCA3A76
FFFFFFEAE7B3
FFFFFFE66DE4
FFFFFFFC4566
0000002E05BE
0000002DBF7A
FFFFFFEAA9ED
FFFFFFFDD90A
FFFFFFCC9430
FFFFFFC4A92F
FFFFFFE2A193
FFFFFFF7647D
FFFFFFDDC426
FFFFFFDC712B
FFFFFFAAD0D9
FFFFFFB1567F
FFFFFFE11E33
FFFFFFB22588
00000002F868
00000059F9B7
00000021B574
000000138686
FFFFFFB9E734
FFFFFFF82CFD
FFFFFFD9C5B0
00000006CB33
FFFFFFF5163D
FFFFFFF888B4
FFFFFFCC8CC6
FFFFFFD3A590
0000000F402D
00000003EB94
FFFFFFD22B78
000000388E2E
000000315294
0000002A73C4
000000036F56
0000000B7960
FFFFFFF261E2
FFFFFFDD1BA9
FFFFFFE36EEF
FFFFFFEE2D81
FFFFFFCE007A
FFFFFFC22C6D
0000000F280C
0000005079C5
0000002F8514
000000154EEB
0000000BCA6C
0000002FAEF9
0000001CA42D
00000011A7A9
0000000DEBFD
FFFFFFF44985
FFFFFFF27273
FFFFFFFB2348
FFFFFFF42300
000000142466
000000237D15
00000033D427
0000003415CE
000000339F1C
00000022AEE4
00000016635F
00000010EF8E
000000061FF5
FFFFFFE62F9C
0000000AC066
00000012C710
0000000CFC80
FFFFFFF5D5FA
0000001AE64C
00000033C0D1
0000003BC479
0000000ED057
0000001ABA78
0000001B1C46
000000241715
0000001024C5
00000015D480
FFFFFFF79F7B
00000005985F
00000017554F
000000069C2F
FFFFFFF33241
FFFFFFF6627E
00000028AFDF
000000329E5E
000000373BD9
0000003A3347
00000050F506
00000038489B
0000002C0B00
00000014D5C3
FFFFFFECE0EE
000000091B89
FFFFFFE9B099
FFFFFFF3B13E
FFFFFFF91A72
FFFFFFF2830B
FFFFFFE94A38
0000001C4C8A
00000047E2C3
0000002B9858
0000002CF6AA
00000055C4B3
0000003256AB
0000002DCA86
00000005A4C8
FFFFFFF7B2D0
FFFFFFF90B41
FFFFFFFC4553
FFFFFFF66358
FFFFFFCCCCBC
00000011C390
FFFFFFF8CE31
000000338D4D
0000003260C8
000000218CB7
000000067F75
FFFFFFF06588
0000001BDBEB
0000000AC56A
FFFFFFFFD725
0000003DE1E1
0000000BE432
0000001D8DEF
FFFFFFECCFD9
0000001AF95C
FFFFFFFE524A
000000170D1D
00000024D72A
00000034339E
0000003E2535
00000039B3A9
00000040283F
0000002999E8
0000000C6C33
0000002C739C
00000006BB51
FFFFFFFFD89C
0000002FE6D4
FFFFFFF320CA
00000005DF7F
00000006D0D2
FFFFFFFE4350
0000000872EE
0000000161B9
0000001BCC98
0000001D4D5A
FFFFFFF3933E
0000001255F0
00000003643F
FFFFFFF9C225
FFFFFFD23D05
FFFFFFC69230
FFFFFFCDEC1B
FFFFFFDFEDA3
FFFFFFF370BE
FFFFFFF8C605
FFFFFFE2982A
FFFFFFC9C7FD
FFFFFFD5B3EF
FFFFFFCC3471
FFFFFFFA02F2
FFFFFFE06B84
FFFFFFCE66E9
FFFFFFBC9C5A
FFFFFFC4EEE2
FFFFFFBD00CC
FFFFFFE42F87
FFFFFFE54823
FFFFFFC12860
FFFFFFDA6133
FFFFFFD51147
FFFFFFDC89EB
FFFFFFBF77CD
FFFFFFBBC59E
FFFFFFB197FC
FFFFFFDC1617
FFFFFFEF85EC
FFFFFFE6FFE3
FFFFFFF8E28D
FFFFFFCCF88A
FFFFFFE60EFB
FFFFFFBE9F44
FFFFFF7EEA14
FFFFFFA59DF7
FFFFFFBD51F8
FFFFFFDB1D6B
FFFFFFF6CF87
FFFFFFC727C8
FFFFFFC8B5AE
FFFFFFF8BD1D
FFFFFFF54922
000000178EB1
FFFFFFFBF65A
FFFFFFBAC30A
FFFFFFD8E72C
FFFFFF823B83
FFFFFF6ADC98
FFFFFF89C46A
FFFFFF77F0F4
FFFFFFAB3695
FFFFFFD67259
FFFFFFD93A1C
FFFFFFD42DFD
FFFFFFD7429E
FFFFFFD66F14
FFFFFFE28F16
FFFFFFFCAC2C
FFFFFFED7FC6
FFFFFFDB596D
FFFFFF99DB2B
FFFFFF76ABCF
FFFFFF8B8BE9
FFFFFFAF2971
FFFFFFD2EB30
FFFFFFD36372
FFFFFFDD6C4F
FFFFFFE61C2C
FFFFFFD84BE6
FFFFFFCF3B1A
FFFFFFBE0D9D
FFFFFFBF3814
FFFFFFBC9192
FFFFFFCC69F8
FFFFFFD398B2
FFFFFFBF09BE
FFFFFFD766F8
FFFFFFF403CE
FFFFFFEC8ACF
FFFFFFD15291
FFFFFFE5C43E
FFFFFFFBED31
FFFFFFDB0CD3
FFFFFFDC4207
FFFFFFC7E8E9
FFFFFFCA8FF7
FFFFFFB9800E
FFFFFFD030C4
FFFFFFD2D959
FFFFFFED690C
FFFFFFFE050A
FFFFFFFBD9EF
FFFFFFEFE2C0
FFFFFFCAE28D
FFFFFFA7884C
FFFFFFCA1B7B
FFFFFFE5E81C
FFFFFFC5D67E
FFFFFFD41622
FFFFFFC31ADD
FFFFFFB67755
FFFFFFF37F6A
0000000E47E2
FFFFFFF6F8DD
000000061B9A
FFFFFFF930C9
FFFFFFE7BB57
FFFFFFE42B05
FFFFFFE76518
FFFFFFC3925D
FFFFFFFF4042
FFFFFFEF5147
FFFFFFF132F1
FFFFFFF77E30
FFFFFFCDBB97
FFFFFFEAD9E4
FFFFFFFBA916
0000000E002B
FFFFFFFB5254
00000002ABC3
FFFFFFFF4505
FFFFFFE3263D
FFFFFFDB3943
FFFFFFF08A31
FFFFFFC2D5BD
FFFFFFE739A9
FFFFFFE4B1FE
FFFFFFE00185
FFFFFFE1EB34
FFFFFFE5363F
00000018D35C
FFFFFFEEE09B
FFFFFFEE72B1
000000037EA8
FFFFFFF60D75
FFFFFFEC62C7
FFFFFFED3E0A
FFFFFFEFFFE6
FFFFFFC838AE
FFFFFFC7F764
FFFFFFC76B05
FFFFFFC55888
FFFFFFD5BF20
FFFFFFBCC65A
FFFFFFC50DF0
FFFFFFD60107
00000021A043
0000001625B9
000000085BA3
000000012C66
FFFFFFFC9AC8
FFFFFFDE9586
FFFFFFDE48F3
FFFFFFE697FA
0000000D4B0D
FFFFFFFB675F
FFFFFFCFDB3A
FFFFFFCDED60
FFFFFFC56AC4
FFFFFFDBBB7E
FFFFFFF40A8D
0000002C4AED
0000001A2F0D
FFFFFFFB7EA6
FFFFFFE8DB06
FFFFFFEA61C1
FFFFFFD97658
0000000D7E6E
000000012BBB
0000000A2D3F
FFFFFFDA5A23
FFFFFFC9CDF4
FFFFFFE02460
FFFFFFBE73D1
FFFFFFDED0E2
000000055EB1
FFFFFFF24870
FFFFFFD434EC
FFFFFFECF80B
FFFFFFDF8E2D
FFFFFFC3DE72
FFFFFFF2C61A
00000012A719
FFFFFFE767F9
FFFFFFDD75B9
FFFFFFCBD0A8
FFFFFFCD7916
FFFFFFB89839
FFFFFFC0D6F7
FFFFFFC0124A
FFFFFFDC6743
FFFFFFC2903B
FFFFFFFEA72E
00000000F2CD
FFFFFFF2D798
FFFFFFCA0651
FFFFFFEB27CF
FFFFFFE5833F
FFFFFFDE7772
FFFFFFAEC0B5
FFFFFF9844B1
FFFFFF8EAE20
FFFFFF9A5346
FFFFFF950DCB
FFFFFFC90402
FFFFFFA623EB
FFFFFFE7588F
FFFFFFB3ED29
FFFFFFB64353
FFFFFFB38D9F
FFFFFFAE5B45
FFFFFFC52207
FFFFFFB4668B
0000003B592A
000000118371
0000000BB499
0000002F852C
00000013CC1E
FFFFFFD85EB6
000000162988
00000015BEAB
000000024F5D
FFFFFFA68ABC
FFFFFFF2CD8D
FFFFFFEC6C83
0000000FA73C
FFFFFFFB0C2D
00000033419F
FFFFFFC61965
FFFFFF97952F
FFFFFFEF3C45
FFFFFFFD45F1
00000048C509
000000497E5D
FFFFFFF1746A
FFFFFFFEB46F
FFFFFFEB8EAE
00000017384A
000000477A82
00000023E0EC
FFFFFFEAC593
FFFFFFC939EF
FFFFFF64376F
FFFFFF974C90
FFFFFFA89A30
FFFFFF7A894F
FFFFFFD8D114
00000002DFA9
FFFFFFE3FE8C
FFFFFFE3AF54
FFFFFFFD5230
FFFFFFC8FD1C
000000064F9B
FFFFFFF1F289
000000001E7E
FFFFFFEFE57A
FFFFFFE1E335
FFFFFFA63FE8
FFFFFFBF4C28
FFFFFF9CC30E
FFFFFF793F1B
FFFFFFC8B4AC
FFFFFFFF3827
FFFFFFFE564F
FFFFFFDBE370
FFFFFFE03380
FFFFFFE86B3A
FFFFFFDBCD8F
0000001126B4
FFFFFFA2E635
FFFFFFD8B564
FFFFFFCF859C
FFFFFFAE37F6
FFFFFFDCFE21
FFFFFFB7C769
FFFFFFC24287
0000000E4FF5
0000001E098C
FFFFFFE93AB5
FFFFFFE47C5B
FFFFFFF7409B
FFFFFFC7B8DD
FFFFFFA62781
FFFFFF707A39
FFFFFFB14D11
FFFFFFC61843
FFFFFFE7A6FD
FFFFFFE50ADE
FFFFFFDF62C6
FFFFFF6A97D1
FFFFFF885B71
FFFFFFD2E5AE
FFFFFFFA5ABE
FFFFFFE2D5FD
FFFFFFF071C6
00000001095A
FFFFFFE055D1
FFFFFFEEFFCF
FFFFFFE1382B
00000006E558
FFFFFFF79EE0
FFFFFFF2907A
00000014395E
FFFFFFE1871C
FFFFFFB8DAF8
FFFFFFF9294F
000000040BCB
000000098D3C
FFFFFFF9061F
FFFFFFFAAF77
FFFFFFFE5DC5
FFFFFFC8AFBE
FFFFFFD49E1E
00000002FA73
FFFFFFE73434
FFFFFFED0F70
FFFFFFEA1CB6
000000032765
FFFFFFE9118D
FFFFFFAAACFC
FFFFFFC73533
0000000C813B
000000031811
00000003F22E
00000008C0F9
FFFFFFD50990
FFFFFFD72847
0000000C568C
FFFFFFE63FF9
0000000AA933
FFFFFFEA7682
FFFFFFFE8775
FFFFFFE651EB
FFFFFFA88A53
FFFFFFCC2439
FFFFFFFD4E5E
FFFFFFC05C5D
FFFFFFEC398F
FFFFFFFE3C42
FFFFFFDBFCF4
FFFFFF9057B7
FFFFFFA8C02C
FFFFFFF0D50D
000000027DA5
000000073F84
FFFFFFEEA292
FFFFFFDBC091
FFFFFFF23DB2
FFFFFFA06F98
FFFFFFF396AB
FFFFFF9F870C
FFFFFF71A454
FFFFFFB50088
FFFFFFD8933F
FFFFFFFCC5FA
000000012D6D
FFFFFFE391BE
0000000F4C0C
FFFFFFE10255
FFFFFFC41564
FFFFFFF69B9A
FFFFFFFBA4D5
FFFFFFC81743
FFFFFFFE8E9D
FFFFFFE0FF67
FFFFFF999628
FFFFFF599E69
FFFFFFFA7574
0000001E7865
00000007BE41
FFFFFFC8C3AA
FFFFFFDB9A9E
FFFFFFABBE7E
FFFFFFA2536A
FFFFFFF09E8C
FFFFFFF1CE63
FFFFFFF41DD8
0000002325DF
FFFFFFEB468B
FFFFFFC6FD22
FFFFFF787B53
FFFFFFF76887
FFFFFFCD7B27
FFFFFFB98BD0
FFFFFFE567F6
FFFFFFDB34C2
FFFFFFCF2AF5
00000015DDF0
FFFFFFC86FBD
FFFFFFC4A126
FFFFFFB90721
FFFFFFC88CE9
FFFFFFB6C70D
FFFFFF8A3338
FFFFFF678942
FFFFFFEC7F49
FFFFFFD737E0
FFFFFFB535A1
FFFFFFB190CC
FFFFFFF7445E
FFFFFFDA0825
FFFFFFB96772
FFFFFFB67935
FFFFFFAD541F
FFFFFFC15EC8
FFFFFFBB4A1D
FFFFFFCB4D06
FFFFFFCFF6F4
FFFFFFA03D99
000000023F23
00000002B9FA
00000015751C
0000004E6A3B
00000020C723
0000002D8060
FFFFFFE43B7A
FFFFFFE1693C
00000014D4BB
FFFFFFFBF429
FFFFFFEF9E39
FFFFFFFA615D
0000001333DE
00000025EC75
000000427A69
FFFFFFD6FBC5
FFFFFFA456C2
00000047B9C6
0000000A8CD0
000000064074
FFFFFFFE58BC
FFFFFFFCF45C
0000001ABEA2
0000003346AA
0000001F71B0
00000001243C
00000027C27C
000000280361
FFFFFFF1FCC5
FFFFFF984E60
FFFFFFBCBDB4
FFFFFFEA5F31
FFFFFF65E154
FFFFFFFD7522
FFFFFFE70508
000000026C0D
FFFFFFFD3E4C
0000003042B1
FFFFFFEB1DD3
00000012D9A1
00000005468E
FFFFFFEDCD48
FFFFFFBCC0E9
FFFFFFE1FF1E
000000051F6C
FFFFFFF3880D
FFFFFFE67FE3
000000370436
000000022500
FFFFFFDE3DFE
FFFFFFF2C152
000000211AC1
FFFFFFE6F0E7
FFFFFFE0A7F7
000000013182
FFFFFFF829F5
FFFFFF9D3E24
000000184F1F
FFFFFFEE2B17
FFFFFFEAA1CA
FFFFFFFBA50C
00000009BD7B
00000017C64F
00000006AC90
000000103B40
0000000002EE
FFFFFFDF5B2B
000000003080
FFFFFFE171E5
FFFFFFBA759E
FFFFFF9F42E2
FFFFFFF43188
FFFFFFDED608
FFFFFFF66357
FFFFFFF8DB2F
00000016BB4E
000000377B77
00000010E7C6
FFFFFFDD4BC3
0000000638E3
000000203FB8
FFFFFFF9168D
FFFFFFE9366A
FFFFFFF49F33
FFFFFFB1DB07
FFFFFFF7993F
FFFFFFF8A616
FFFFFFF0590F
FFFFFFE11787
0000000FDA75
0000002426D8
000000366C0C
0000002ABCE1
000000048977
000000051B06
FFFFFFFA4F49
0000000482C8
FFFFFFD1EA35
FFFFFFCF8325
FFFFFFD9705C
FFFFFFDE69FC
FFFFFFE9C5E1
FFFFFFDD65BC
FFFFFFE0449D
FFFFFFF6B494
0000001B1BDC
00000015D2AE
00000003F7AB
FFFFFFFC2BDC
FFFFFFF61CE0
FFFFFFFD18B4
FFFFFFEC30A1
0000004A9ACF
000000552A9C
00000005D486
FFFFFFE4FE67
FFFFFFD85668
FFFFFFE38181
00000009A66A
000000329BDB
00000016C1A4
00000036CB01
000000194CCF
0000000D2A16
00000014D64F
FFFFFFF2820C
FFFFFFDB2873
FFFFFFEEF846
0000001EEE44
0000004817B3
0000001BFABE
FFFFFFFE187D
0000000BFE23
0000001D6311
0000001BA679
000000580DD1
000000115892
FFFFFFE8AA2F
000000186F6E
0000000B197D
FFFFFFFD9A72
FFFFFFCD3396
FFFFFFD9493A
FFFFFFE8C6A5
0000000155B5
FFFFFFEDF839
000000013996
00000043687B
000000567BC0
0000002B1F7D
0000000D877A
000000166411
0000002579CD
00000015E337
000000203213
FFFFFFE91314
FFFFFFF10C3A
FFFFFFD17283
000000217E80
FFFFFFC5EDF8
FFFFFFF4E9FA
000000371A2D
00000021C000
FFFFFFED1914
0000003BF50F
00000042CF13
000000368F08
0000003F3B6F
FFFFFFEEBC00
FFFFFFE43CC0
FFFFFFE88C2C
FFFFFFECEA3E
00000028A30C
0000001E4222
0000000A0C31
0000000013AE
0000002E269A
00000010D750
000000321B60
000000351D22
000000365960
0000003DAFB6
0000001A9A92
FFFFFFF082EF
0000000E50E9
0000001E03A0
000000009C99
FFFFFFEAA4C5
00000017BAEE
00000013EEC2
FFFFFFE808DB
FFFFFFC5BFAA
FFFFFFCDFE17
FFFFFFE0CD25
FFFFFFE961F5
FFFFFFDE5E93
FFFFFFBDFCEE
FFFFFFCEC841
FFFFFFF83E7D
0000002166E1
000000640F35
000000938D21
000000B134CF
0000005E1616
FFFFFFFA8549
0000002FE52B
000000179AF7
00000066785B
000000012CC5
000000250E41
FFFFFF8A2E86
FFFFFFEFBDAC
00000018D627
0000001821F0
0000003670EC
0000002D3D79
000000366698
000000822522
0000005FA076
0000003BC65B
0000000DC84A
00000023C13C
000000309BB4
FFFFFFFEABBB
000000345B58
00000072A7E1
000001374BEB
000000A51B3D
0000005A2243
00000012C450
FFFFFFF2AFF1
000000220136
000000535A1B
0000004EA437
0000002A93C4
0000004A73CE
0000001EC7AE
0000002EB366
00000000EED5
000000454EA2
000000D94CBC
0000010BF038
000000C11E7D
0000001ACF23
FFFFFFF4F408
00000012F5E2
0000005AAD72
00000047A9C7
00000043C7B4
0000003A0C30
FFFFFFE5CCBC
FFFFFFF665AB
000000317410
0000009D3541
0000008DDD46
0000008F24A2
FFFFFFD79258
FFFFFFEA3834
0000002DB29B
0000003AEE7F
0000006271FC
000000638F35
000000374924
000000448B6F
0000000FEDF1
FFFFFFDC65FC
00000032559D
00000018D9FC
000000237155
0000001AAA59
000000050618
FFFFFFE29ECF
0000004AB57B
000000690DB9
00000005B13A
FFFFFFF7EAC2
FFFFFFD8F7C4
00000000686F
FFFFFFDC4DD8
FFFFFFEFEB7E
000000297528
000000203D13
FFFFFFF8928F
FFFFFFF733FA
00000004AA5B
FFFFFFF2F313
FFFFFFF777EF
FFFFFFFE36FC
FFFFFFAE9080
FFFFFFD6CBEE
FFFFFFF72358
FFFFFFDE9ECF
FFFFFFBF06C5
FFFFFFF133B9
0000002E982F
FFFFFFE84E7F
FFFFFFEEA790
FFFFFFF6177A
0000000ECADD
0000001B9947
FFFFFFD0BE13
FFFFFFC5CC46
0000000757CA
FFFFFFD2961C
00000003B8A8
FFFFFFF10CE2
FFFFFFFC31A7
FFFFFFD4F7BC
0000000A3D53
00000023400E
00000008D398
00000007AF53
FFFFFFF2943B
FFFFFFE54DB2
FFFFFFB4A4B2
FFFFFFBEB169
FFFFFFFB5468
FFFFFFF0F25F
FFFFFFDF7EB3
FFFFFFFA07AA
FFFFFFD4A89C
FFFFFFAB1202
0000003C5020
0000002748E7
00000043DDBA
0000002AA968
00000001C182
FFFFFFCCC011
FFFFFFD5904F
FFFFFFDD9291
FFFFFFE01EB9
00000031A3BA
0000004A6B26
0000003B5FEB
0000000BE2B8
FFFFFFD1C423
FFFFFFF1B83B
FFFFFFF614F3
000000409029
000000258225
FFFFFFF69D1B
FFFFFFC72B0F
FFFFFFE8A319
00000042DA95
FFFFFFDC666E
FFFFFFF4D3B9
0000005E669D
0000003A94B6
00000014CC71
FFFFFFE88F2F
000000A81B62
0000003190DB
00000030B244
0000000411C6
FFFFFFBBC718
FFFFFFF57EBE
000000430D3A
000000265F76
FFFFFFCB6AA0
000000185450
000000433B9E
0000001E37AE
00000036E18C
000000383024
FFFFFFF7A824
00000007AFC3
FFFFFFE8A773
00000010F70C
FFFFFFF0166E
FFFFFFCAC664
0000002D9503
0000002FB3ED
00000051C2B1
00000052FDC5
0000004B4FAE
0000003E18C3
000000364D2F
0000006A07B4
000000224B6C
0000001B1E45
00000023B859
0000002A23BF
FFFFFFF18489
FFFFFFE613C0
FFFFFFF11A09
FFFFFFD98F7F
000000827D82
FFFFFFED03F4
00000007DB55
00000013D5B9
FFFFFFF19585
FFFFFFF9D1D0
FFFFFFF4CFCD
FFFFFFFDD1DC
FFFFFFA03589
FFFFFFA0A592
FFFFFFBDB468
FFFFFFF79206
FFFFFFDC4B7E
FFFFFFF066D6
FFFFFFBAAB3C
FFFFFFD48503
FFFFFFE16899
FFFFFFC5DC62
FFFFFFD64D13
FFFFFFD5FAD0
0000003030A0
FFFFFFCC2856
FFFFFFD5DC65
FFFFFFBC7AD3
FFFFFFA1EF7D
FFFFFFB590C4
FFFFFFC820BF
FFFFFFBCE1AE
FFFFFFB0DD09
FFFFFFD400DB
FFFFFFE7E1EC
FFFFFFE0B913
FFFFFFF02AAA
FFFFFFF5DA2E
FFFFFFC7D37C
FFFFFFC3ABF5
FFFFFFDAF9E3
0000000DFDDD
FFFFFFD81D58
FFFFFFA91267
FFFFFFC6CE1F
FFFFFFD15E04
FFFFFFD01DC8
FFFFFFC64755
FFFFFFC9A45C
FFFFFFCEBE03
FFFFFFC9F69E
FFFFFF9F524E
FFFFFF91E1BF
FFFFFFA2EA87
FFFFFFD9A215
00000000B59C
FFFFFFE3F7EF
FFFFFFB0E20E
FFFFFF8BE372
FFFFFFBE297F
FFFFFFB9FAA2
FFFFFFC0DEF7
FFFFFFDC3D84
FFFFFFE6BCAF
000000048CD4
FFFFFFC108D7
FFFFFFAC0981
FFFFFFFA5D46
FFFFFFE0F918
0000001C8963
FFFFFFFAC219
FFFFFFFE863A
FFFFFF9D57CF
FFFFFFA83F22
FFFFFFBA89C8
FFFFFFD8925D
FFFFFFDBF3D7
FFFFFFD8CE64
FFFFFFEA319E
FFFFFFEF1DC8
0000000C4019
0000003576EF
0000000E2751
FFFFFFFC4FF1
0000000F2476
0000002E3E32
FFFFFFE9E0BF
FFFFFFDF2F36
FFFFFFD3DB2B
FFFFFFC731C0
FFFFFFD4369D
FFFFFFC0842E
FFFFFFC47F41
FFFFFFA9CAF0
FFFFFFF44F29
0000001A9E98
00000017B7DD
00000012A26A
0000000B26BB
0000001C6B6D
0000002FAD25
FFFFFFDB2C89
FFFFFF958509
FFFFFFD105F5
FFFFFFD20C24
FFFFFFC47DD5
FFFFFFBD5FED
FFFFFFB2F02E
000000007944
00000031DE06
0000000B2C78
0000000514BF
FFFFFFF530E8
FFFFFFF9AFCB
0000000D777E
000000119C6E
FFFFFFD5BBD5
FFFFFFBEE536
FFFFFFC2991B
FFFFFFC2F3A1
FFFFFFA66D35
FFFFFFABD370
FFFFFFD6135C
0000002F90A0
0000003AACAB
000000181774
FFFFFFECCF08
FFFFFFFE4082
00000024C415
00000028D518
FFFFFFF72A0A
FFFFFFB2977C
FFFFFFA83C3A
FFFFFFB813CF
FFFFFF98869D
FFFFFF8DCB66
FFFFFFA3BE86
FFFFFFEBACA1
00000045C711
000000154586
000000171096
0000003009EB
000000359B86
0000002DC03E
0000001447A2
FFFFFFD3D325
FFFFFFBFA0D5
FFFFFFE2EBD7
FFFFFFCC8F00
FFFFFF937670
FFFFFFB62691
FFFFFFC54947
00000001F9AA
0000001B0231
0000002E4B05
0000001B9875
0000000C0FA9
00000024398C
000000313D60
0000000E228E
00000015A58C
0000002D6BAC
000000430FCD
FFFFFFD70B4D
FFFFFFC899DD
FFFFFFAE82CA
FFFFFFE0529C
000000076B75
00000002C64E
000000157BA1
000000267A43
000000311A63
000000284D85
FFFFFFFB13AB
0000003690B9
0000004112FA
00000056405B
0000000A3F42
FFFFFF968437
FFFFFF9542B8
FFFFFF8ED89C
FFFFFF9ABE0D
FFFFFFA0537E
FFFFFFD19326
FFFFFFD6F782
FFFFFFF46CF8
FFFFFFFCDB7B
000000060FE4
0000000D7F28
0000000003CF
00000005F697
FFFFFFF5A408
FFFFFF84C833
FFFFFF67B567
FFFFFF772D1A
FFFFFF69E2E1
FFFFFF74F4D8
FFFFFF766FC2
FFFFFF7EDCFE
FFFFFFB13593
FFFFFFA081F3
FFFFFF6A8BA5
FFFFFF8B56CB
FFFFFF6599C0
FFFFFF90FD78
FFFFFF83A4A1
00000028C406
00000020C00E
FFFFFF810354
FFFFFFAE7859
FFFFFFFB90A8
000000506555
FFFFFFD6B44E
FFFFFFD32D3B
FFFFFFE057C2
FFFFFFE27EEB
FFFFFFDCCAB9
FFFFFFDF53A8
0000001ABA29
0000000E7C18
0000002DF908
FFFFFFB97DD7
FFFFFF4A8639
FFFFFF9EA0D1
FFFFFFF63B3D
FFFFFFE1B3A5
FFFFFFA8B883
FFFFFFE0605A
FFFFFFFC24BA
FFFFFFEC014F
FFFFFFFDE204
FFFFFFE5A330
00000024D839
FFFFFFF2F77C
0000001A6AA7
FFFFFFB0409F
FFFFFFF5E8F3
FFFFFFE4F1ED
FFFFFF92FD82
FFFFFFBF7439
FFFFFFD2113C
FFFFFFF7F68C
0000000FD5F5
00000003C635
0000000A0E20
0000000266F4
00000055263F
0000000A1470
FFFFFFAAE59B
FFFFFF730574
000000091DBD
FFFFFFE49DDE
FFFFFFDA6E36
FFFFFFD122B1
FFFFFFD24208
FFFFFFD59A0C
000000032035
00000015E1E0
FFFFFFECD3C6
0000000AF619
00000078642D
00000025A08D
FFFFFF7F7F76
FFFFFFEF7740
0000004349B3
FFFFFFE57B95
FFFFFFC7A46B
FFFFFFC1DA92
FFFFFFCED151
FFFFFFD2F73B
0000000C69FD
000000232D1F
FFFFFFFD3A51
0000000C1EB3
00000046CBA5
0000007A6697
FFFFFFF01096
FFFFFFFC4C50
FFFFFFF299E9
FFFFFFD4DA0D
FFFFFFCB9E6D
FFFFFFD401A9
FFFFFFF84EF6
000000035D6A
00000031A303
00000046B728
00000053F7B2
FFFFFFFF886D
FFFFFFE2FA10
FFFFFFA112EF
FFFFFFAA3D9C
FFFFFFEA4453
FFFFFFEAD90D
FFFFFFC63275
FFFFFFC9D137
FFFFFFE56C34
00000003A555
FFFFFF98D727
FFFFFFCA049A
FFFFFFFDA7CB
00000011997E
FFFFFFDD5FF6
000000066ACA
FFFFFF9538EB
FFFFFF8A4A72
FFFFFFDC751A
FFFFFFE25D3F
FFFFFFE8DA71
FFFFFFB91EA6
FFFFFFAEA477
FFFFFFC7C6D4
FFFFFFAF0FBA
FFFFFFD05F9C
FFFFFFD2C673
FFFFFFEDBD8D
FFFFFFF590C9
FFFFFFC70C9F
FFFFFFAEF455
FFFFFFD95553
00000005CCAC
FFFFFFDF03BA
FFFFFFC68E4E
FFFFFF67AE9E
FFFFFFAB49F1
FFFFFFCB482B
FFFFFFDB24BF
FFFFFFC08773
FFFFFFDE9A6A
0000001391A3
00000007BBBE
FFFFFFE0CABB
FFFFFFD021A1
FFFFFFD8FE4B
FFFFFFD5BE29
FFFFFFDDF442
FFFFFFDEE95A
FFFFFFD1C148
FFFFFFE2DE73
0000001AB728
00000010018B
FFFFFFCE510C
FFFFFFFA8CF4
FFFFFFCDBAD0
FFFFFFE0BB71
0000004E9CAC
FFFFFFFF55BA
FFFFFFEA21B8
FFFFFFCC51A6
FFFFFF8FAB84
FFFFFFCF6997
FFFFFFE37586
0000001F8A9A
0000005E74F4
00000035CD4B
00000023146F
FFFFFFFA25CC
FFFFFFDBB0A1
FFFFFFFA6B16
000000368D90
00000020650F
FFFFFFF95326
FFFFFFCD8DE6
FFFFFF8FA59C
FFFFFFB7BD7F
FFFFFFB0EC41
FFFFFFA30F1A
FFFFFFE312FA
FFFFFFEFF326
FFFFFFEAF6B1
FFFFFFC55BCF
FFFFFFDA4087
0000000D4982
00000028C016
0000000B9100
FFFFFFDBA602
000000097180
FFFFFFE3E56D
FFFFFFE7C013
FFFFFFE277CE
00000027DB11
FFFFFFB3EB1A
FFFFFFC901AB
0000003F353D
00000021A6ED
00000060826A
00000046B7FF
000000691697
0000003B1BFB
FFFFFFFC7F28
FFFFFFDE9D36
0000000A2AE0
FFFFFFE6633D
FFFFFFEAE86D
0000001E0CA1
000000040A56
0000002BE00F
0000000077B1
FFFFFFE1578F
FFFFFFF41BC0
FFFFFFFC9368
0000002B5D6D
FFFFFFEE1009
FFFFFFDBF521
FFFFFFF654C1
00000012C69E
00000069F075
FFFFFFDBD4EB
0000000FF1E2
0000003E9CFF
00000002BAE4
0000003318A6
0000001C58F7
FFFFFFF46EB6
FFFFFFFEEB08
FFFFFFCDC634
00000015A18E
FFFFFFD4DA61
0000002F52E4
00000081E62F
00000054811B
00000017D223
00000018E107
00000023E150
FFFFFFC78901
000000049F52
FFFFFFFCB2D3
FFFFFFEA47DB
FFFFFFC74861
FFFFFFED9657
000000084C2E
FFFFFFF82465
000000950004
000000403BEC
0000001DAA38
0000007032E7
0000005362AF
FFFFFFE81213
0000000D108E
FFFFFFE3DC5F
FFFFFFECAF99
FFFFFFE2C31C
00000002B5CF
FFFFFFEE5F4E
FFFFFFFD28E2
0000000A295A
0000005FBC85
0000002CD94B
00000072C9AC
00000077080C
0000007B906E
0000002A4E8F
000000159CDD
FFFFFFEE35AC
FFFFFFFD715B
FFFFFFFB8E9E
FFFFFFE08E46
FFFFFFD14F0C
FFFFFFD01702
0000004A4CFA
000000302DD7
00000046B71D
000000696517
00000006DDD7
0000004ED169
000000654676
0000000B2F7E
0000001FEBE8
FFFFFFE8177D
0000000295DB
FFFFFFE91BE1
FFFFFFCF3FA4
FFFFFFC68CAE
00000098ED68
0000003D9F6A
0000001B0EE1
00000028F692
FFFFFFEB1847
000000152DBD
000000512008
00000043A781
FFFFFFBCA2A5
FFFFFFACD87A
FFFFFFD91094
00000001688B
FFFFFFFD1FD3
0000000775B5
0000004E8706
00000010ACFB
FFFFFFE4569F
FFFFFFE9FA81
FFFFFFF02C9A
0000001640FD
00000000F1EA
000000423B26
00000020CA43
FFFFFFD24138
FFFFFFC28002
FFFFFFE6E380
FFFFFFD1BF15
FFFFFFEB39D4
00000043537F
FFFFFFF47717
FFFFFFE5B148
FFFFFFE4E31C
FFFFFFFAC782
00000028F58C
FFFFFFE99C23
000000042C24
00000088397C
0000001979A3
FFFFFFD1160D
FFFFFFD81EB6
FFFFFFFB732D
FFFFFFD62177
0000000A44D8
000000017AE4
FFFFFFEBDA8D
00000003E16D
FFFFFFF847F9
FFFFFFECF5CB
FFFFFFE7A3EF
FFFFFFFA8057
0000005C7F76
00000047148C
FFFFFFD30ED3
FFFFFFD0EA89
FFFFFFE164AB
FFFFFFB8B30A
FFFFFFF3BAE5
0000003FD20A
00000049E696
0000000A9B07
FFFFFFF15F75
FFFFFFBE71F0
FFFFFFD77192
FFFFFFF15771
000000063F89
00000041A39E
00000045BFB9
0000002AA76C
0000003017EE
000000300744
FFFFFFD93F1D
0000000E955C
0000009B00F5
0000000632E7
00000022289C
FFFFFFEDAC03
FFFFFFFAD210
FFFFFFE850A4
FFFFFFF42A45
FFFFFFED8026
00000027AE1A
FFFFFFF4ADC7
00000013F18B
00000049F0E9
FFFFFFC70EF1
000000188A3F
0000004EE0B6
000000101012
000000055960
000000026E33
FFFFFFF0DF99
FFFFFFE9498A
FFFFFFFBDDE4
000000081253
FFFFFFFC4375
FFFFFFEB9B52
00000001B050
0000006F162E
FFFFFFD33762
FFFFFFDC7543
FFFFFFFC7432
000000119A7B
FFFFFFFE882C
0000000CDD40
000000337721
0000000EFC93
FFFFFFFDF76C
0000001C14CC
0000000E2673
00000001F1E1
0000000EB908
0000005167FB
FFFFFFD0E965
FFFFFFFBB280
FFFFFFD1961B
0000000AADC1
FFFFFFCDDADD
FFFFFFB91E6B
FFFFFFFAC853
FFFFFFF5CC0E
FFFFFFFD511B
00000008AC7D
FFFFFFEEA7D0
FFFFFFF7C830
FFFFFFE5CECC
FFFFFFEFF9E3
0000000BD560
00000031224D
FFFFFFC4A062
0000001EFFDE
00000039EEC9
0000003CA4CD
0000001928CB
000000517E71
00000042C7F8
000000392C01
00000052148D
0000004C001F
0000004409CC
0000003E981F
FFFFFFF13AAB
FFFFFFEF3837
FFFFFF6756AE
FFFFFF6C7AB7
FFFFFFFB1D75
00000041DE46
00000054D367
0000000C9E54
0000002B04F9
00000039F801
0000002F4E51
000000482D3A
00000032CF4D
000000353E69
00000027A2C7
FFFFFFAEEF4D
FFFFFFA1A41E
FFFFFF4A08DC
FFFFFF5D07CC
FFFFFFE5B968
00000053B4EC
000000455B7D
0000004C6285
0000003C357F
0000004EC819
0000003DE7FB
00000055882D
0000006C8635
0000006BF0A5
FFFFFFC832B4
FFFFFF9837D3
FFFFFFF2F6FB
FFFFFFD737B2
FFFFFFBD085D
0000002FF896
00000057D925
00000064FE74
00000050B076
0000006C34F9
00000053A341
000000654CD1
00000054C1CD
FFFFFFE110F3
FFFFFFB3E443
FFFFFFF36DE7
0000000D28EF
000000010484
FFFFFF6C484B
FFFFFFEADFFA
0000003F981A
0000000FCBF5
00000041C4EB
0000006C0023
0000005D1633
00000046040C
0000001BF6E7
FFFFFFE7E21E
FFFFFFDFC949
0000000C60CA
FFFFFFF7D05D
0000000D0161
FFFFFFAC442D
FFFFFF69A8C0
0000000A1646
0000004033C6
000000477996
0000004F2E88
0000004D692A
0000004C3E3C
0000003A5713
FFFFFFEFF2C7
0000000E64CE
00000019BF32
FFFFFFFDAD5C
FFFFFFFA5F81
FFFFFFF0DF8E
FFFFFF852F8E
FFFFFF456751
000000040ABC
000000582567
0000004114D6
00000059A84C
0000003B498F
000000495F13
FFFFFFCC8178
FFFFFFC8FA19
FFFFFFE2F480
FFFFFFEC68A2
0000000E982B
FFFFFFF47605
FFFFFFD49D98
FFFFFF7B9750
FFFFFF8DE180
00000020C2BD
00000043647A
00000048EA09
000000562353
0000003B1154
FFFFFFC326D2
FFFFFFC3BB5F
FFFFFFFA4BC7
0000000AE898
FFFFFFFB5DC2
FFFFFFD9080A
FFFFFFE9E7A0
FFFFFFB65350
FFFFFF4DF225
FFFFFFDF4D26
0000003C83FD
0000002B6964
00000036483E
0000004724E9
000000254D21
FFFFFFE871C1
FFFFFFDB06FC
FFFFFFDDD4FF
FFFFFFDCE5A9
FFFFFFE03556
FFFFFFE9C555
FFFFFFEAC629
FFFFFF7A5BEB
FFFFFF897DD8
FFFFFFD287BE
FFFFFFAE1853
FFFFFF9C847F
0000001C65E8
000000335E3B
0000002F8B97
FFFFFFC4AB0C
00000014431B
FFFFFFCC9154
FFFFFFC0E161
FFFFFFE518CF
FFFFFFFCE907
FFFFFFD19466
FFFFFFC497F2
FFFFFFC35CA6
FFFFFFBE5F9F
FFFFFF9529A0
FFFFFFEB42D3
00000042B6DB
0000005ED7A2
FFFFFFCF5EDE
00000009F1C9
FFFFFFC0E6BC
FFFFFFAF4D65
FFFFFFE1640E
FFFFFFE18AE8
FFFFFFD8A4F0
FFFFFFC3AE5B
FFFFFFD28E7F
FFFFFFBB4CD0
FFFFFFB8DB88
FFFFFFCCBEB0
00000031AAA4
0000003D26BD
FFFFFFF9C634
0000002A9F66
FFFFFFFFE8BF
FFFFFFB48B0F
FFFFFFF59FA9
FFFFFFC20B8D
FFFFFFE4844C
FFFFFFC3199A
FFFFFFD70021
FFFFFFC82B00
FFFFFFA1D5A2
FFFFFFAD488B
00000025935D
0000001DA62D
0000003D414D
0000002565E3
0000002B061A
0000001AD1B6
0000000F510C
FFFFFFEB29F3
FFFFFFF3F860
0000001D490C
000000326D6B
000000333155
0000001A2FBC
00000009BE9D
0000004C962E
000000110F4A
000000BA65B4
0000007422A0
00000086C7C5
00000065B450
0000005A0386
00000059F404
00000085CEE1
00000030B171
0000001FE405
000000233848
000000005A2D
00000030DCB6
FFFFFFF7C480
00000050D69E
000000579DF4
0000006B5A8B
000000723D47
000000540378
00000034E02E
00000077C9D9
0000005C3691
000000114F12
0000000FE18E
00000011791E
0000001AD893
00000014F6D9
0000002AB27E
0000005703F6
0000008C921E
000000353CEF
000000212D17
0000002848C5
0000000EDE74
00000023F9E6
0000002417BD
00000034F55D
0000000B1C6A
00000036FDDF
00000020FF1B
00000034FA39
00000043AF18
0000009D65E9
000000714CBE
000000900E06
00000016A540
00000027867F
0000001DB23A
00000021541B
000000383BE6
000000443726
0000000207E2
0000003AFD9D
0000000479FE
0000003DFF8B
00000069219C
0000004105EC
00000073DB5A
0000000D3471
FFFFFFCF19AF
FFFFFFF4D63F
0000003E27B6
000000606D62
000000548B7C
0000003E17E2
000000276A63
000000161FCF
FFFFFFFA84A3
00000004624D
FFFFFFEDAB8B
FFFFFFD59BDE
FFFFFFE5C4FC
FFFFFFCE9403
FFFFFFAE92A3
FFFFFFCD9905
0000001A8BC9
0000001D19FD
0000000E4533
FFFFFFFE43CD
000000068258
00000010A98C
FFFFFFF451CF
0000001F9034
00000001612D
FFFFFFDCB6D4
FFFFFFD73298
FFFFFFDF1506
FFFFFFBF2564
FFFFFFB96056
FFFFFFC2B9F6
000000305675
0000002B0E6A
FFFFFFD95A89
FFFFFFF0AFF2
FFFFFFF18B69
000000058CD9
FFFFFFFB5161
FFFFFFFCE590
FFFFFFD55AB4
FFFFFFE9598C
FFFFFFE70658
FFFFFFEAB3FA
FFFFFFD7E99A
FFFFFFC3C836
FFFFFFF25DDD
00000022F939
0000002FAFE3
0000002A373B
00000007B94A
0000001CAC6B
000000005C55
0000002E90B7
FFFFFFA17A59
FFFFFFB83B58
FFFFFFE9C205
0000000D7F83
FFFFFFCD9FB4
FFFFFFA9FB3C
FFFFFFB8B9F3
FFFFFFEF0EE0
00000022F494
0000002C10C9
000000231C3D
000000385E08
0000000F88DD
00000040FB5E
FFFFFFFDC684
FFFFFFA6E33F
FFFFFFD027C7
FFFFFFF0069C
FFFFFFB9BD99
FFFFFFA1FDE4
FFFFFFBEC464
FFFFFFEAEA25
000000160AD0
00000001BA53
00000014BC73
00000003379D
00000017D3C8
0000003F8AB0
00000022A663
FFFFFFFCF469
FFFFFFCD3F1A
FFFFFFE0DDE9
FFFFFFF42A82
FFFFFFCB3C31
FFFFFFD37FD5
FFFFFFC5BCF0
FFFFFFB9B856
FFFFFFE15FEB
FFFFFFDACDD9
FFFFFFCD18EA
FFFFFFF49B81
000000509905
000000378EAE
0000003DFDF6
FFFFFFFB703C
0000000EF010
FFFFFFFD6B62
FFFFFFD5B7CF
FFFFFFEB8398
FFFFFFD078E8
00000007A689
FFFFFFE305D0
FFFFFFD4895C
FFFFFFD04BCB
0000002B715C
0000004326B5
00000064C752
0000006571BA
00000051EFE2
0000006AC7FA
000000384B4B
000000556635
0000003AA520
FFFFFFFAF5B8
00000001B753
000000149F31
FFFFFFFD6732
00000004D6D6
0000001D02BF
00000059EC6F
0000006AC0CD
000000544B58
0000005EC68E
000000511684
000000590F08
0000004EA958
0000001C9D4C
0000005C68E8
000000621AD0
0000002F03DC
00000051D867
0000002C48AA
0000002700AE
FFFFFFEEF8A5
FFFFFFF62144
FFFFFFB43DFB
FFFFFFADA268
FFFFFFECEE9D
FFFFFFDBB22C
FFFFFFF8E870
FFFFFFF712BD
FFFFFFCBB1C3
FFFFFFDE9C3A
FFFFFFF4397F
FFFFFFDCE383
FFFFFFDF9FBA
FFFFFFB8EB50
0000001E0D6D
FFFFFFCFCE48
FFFFFFD23650
FFFFFFC09B85
FFFFFF89241B
FFFFFFDB6AEB
0000000A6EAF
0000000C7B1E
FFFFFFCB9751
FFFFFFF1EA18
FFFFFFFE99B2
FFFFFFED9F0C
000000109C2D
000000001C17
FFFFFFE7E64A
FFFFFF778216
FFFFFFB2E376
FFFFFFF11A87
FFFFFFA3BAAD
FFFFFFD0EE34
0000001218FA
00000020F694
FFFFFFF9D295
FFFFFFF4B645
FFFFFFFABE53
FFFFFFDD54D0
FFFFFFDD8815
FFFFFFF1D4AF
FFFFFFE788A8
FFFFFF86FA78
FFFFFFAD5CE7
FFFFFFCAF190
FFFFFFF83E29
FFFFFFC1B20B
FFFFFFDB8308
FFFFFFDDBBCF
FFFFFFF5EB15
FFFFFFD67155
000000067A4A
0000002E6196
00000022AF7D
FFFFFFF17BD5
FFFFFF96ADA7
FFFFFFC5E13C
FFFFFFC4DCB6
FFFFFFDC690B
000000395957
00000002A048
FFFFFFAA9F5D
FFFFFFC1384B
FFFFFFBFEF05
FFFFFFE9D3A9
0000000644B0
0000001420F3
00000006976D
FFFFFFEAE25A
FFFFFFBCFA3F
000000117B40
FFFFFFF20AC0
0000001873F6
00000043802B
0000003CD791
FFFFFFD6CDA4
FFFFFFE12FDE
00000002BB73
000000178916
0000001A780F
00000024078A
000000184A10
0000000B1839
FFFFFFD1DD61
0000001AC8C1
00000027B713
0000002AC9B1
0000003FC946
000000502CCF
00000046A28C
FFFFFFE5F098
FFFFFFD5419D
0000001110EF
0000001286A5
00000025DF95
0000001F3A8D
00000025EE9F
FFFFFFCB924C
0000001011B5
00000014B3B3
0000001383E7
0000000B59D2
0000001E721E
000000469BD7
000000436032
FFFFFFCCEC43
0000000D1F2B
00000026F2F8
0000001579C9
0000001706C3
00000028E05B
FFFFFFD9FA1F
FFFFFFEAB8BC
0000001617EC
0000001C92F7
FFFFFFF872F3
000000191331
000000356A9B
00000042A594
000000102698
FFFFFFE3E0B1
FFFFFFF8D7E6
FFFFFFFBBFE2
00000025935A
0000000D4324
00000003A258
FFFFFFDE0625
FFFFFFDF6567
FFFFFFF19104
FFFFFFFEB808
00000013EBB9
00000017762E
00000021E1BC
0000005BBE71
FFFFFFCFE575
FFFFFFA9A063
FFFFFFA77C90
FFFFFFA914EC
FFFFFFE56E86
00000007534D
0000000F35E6
FFFFFFFBC0DA
0000000F401A
FFFFFFF3EF51
FFFFFFD5281C
FFFFFFFF03C7
0000001BD15A
0000003774B4
00000033FEDD
FFFFFFF71DD5
000000388272
FFFFFFEC83BE
FFFFFFA1BCD8
FFFFFFF410D8
FFFFFFE6B6D5
FFFFFFEE35DE
FFFFFFD62BDC
FFFFFFC83B62
FFFFFFD36BB0
FFFFFFD9B92C
FFFFFFFFBA39
000000239DE2
000000046A1B
FFFFFFFCB49F
00000013AE3C
000000260E2F
FFFFFF98DBD2
00000002E27F
FFFFFFD3268E
FFFFFFCAE46D
FFFFFFB4E6DE
FFFFFFC53151
FFFFFF89CCC7
FFFFFFB4C91D
FFFFFFE3D798
FFFFFFE3E1A0
FFFFFFB8B679
FFFFFF99AAAA
FFFFFFA89E39
FFFFFF93F01D
FFFFFF7C89D2
FFFFFFE2A226
FFFFFFE130BD
FFFFFFE5B6E9
FFFFFFD64380
FFFFFFEFA30F
FFFFFFD2C08F
FFFFFFC3F491
FFFFFFB75F68
FFFFFF9E1D8E
FFFFFFA18697
FFFFFFD0AC50
FFFFFFDDC4FF
FFFFFFE59987
FFFFFFD53A1A
000000BA0713
000000C4E86A
00000078C6B5
0000007188A1
0000006627E9
00000048EDB3
0000001DEBDC
00000053F58B
000000C32F9E
0000004A77BD
000000614AFB
0000004F2D26
000000946496
0000009B2A85
000000D08A38
0000009E30FA
000000198F93
0000004168AF
0000007B90F7
0000004175A4
0000002F231E
0000003BEEF5
00000063A225
0000007CE2DB
000000A152D3
0000006BE563
00000089647B
000000DB6D19
000000846E97
000000238C50
FFFFFFB1B6C5
FFFFFF8A9F29
FFFFFFD5A036
00000033185A
00000043F585
00000027B7C2
FFFFFFFF8729
0000002AC61E
00000023DC14
0000006761CA
000000547675
000000574FAF
000000541318
000000431A00
FFFFFFEADB64
FFFFFFBB0D33
FFFFFFAFF2A5
0000000FF38E
000000652BCA
0000001B5CAF
0000002F134B
00000024DA75
0000001A8941
FFFFFFFD0890
000000328B0E
00000045C1F9
000000246352
00000022A304
0000002444DF
FFFFFFA779E0
FFFFFF8F5A4A
FFFFFFB6E999
00000068DBDA
00000064588C
000000579FE9
000000585FE3
0000002B8A64
0000000B15AF
000000007CD8
FFFFFFF0E8A8
FFFFFFEF82CD
FFFFFFA5F69D
FFFFFFBE134B
FFFFFF848940
FFFFFF93F299
FFFFFF92AF95
FFFFFFE61A83
000000167DBC
FFFFFFEE222E
FFFFFFF46BF3
FFFFFFF2089F
FFFFFFF58CCE
FFFFFFDA7DA0
FFFFFFEF1119
000000016E20
FFFFFFB5EBB3
FFFFFFB71E1C
FFFFFF9DB830
FFFFFF8582DF
FFFFFF9337AB
FFFFFF81C2B9
FFFFFFBECC04
FFFFFFFC89D4
FFFFFFFD1F70
FFFFFFFCDBBE
FFFFFFF498E1
FFFFFFDE206C
FFFFFFD60B30
FFFFFFE43406
FFFFFF8EBB54
FFFFFF7AE153
FFFFFF783293
FFFFFF8C3C99
FFFFFFA6A5BA
FFFFFF865EE7
FFFFFF950A4D
FFFFFFDFF26B
FFFFFFEC00FE
FFFFFFE331F7
FFFFFFC94C34
FFFFFFE35198
FFFFFFC85494
FFFFFFCC6000
FFFFFFB77010
FFFFFF98624E
FFFFFF9B54A1
FFFFFFAB1FC2
FFFFFF8B5DCC
FFFFFF8F3FB9
FFFFFF90146C
FFFFFFAF2CA5
00000002795B
0000000E79F9
FFFFFFF47470
00000006BC53
FFFFFFF1BD8B
FFFFFFE557AC
FFFFFFDA5A2F
FFFFFFBD9D77
FFFFFFAB624B
FFFFFF937B64
FFFFFF9E9C91
FFFFFFBC9332
FFFFFFA03CA4
FFFFFF8291DA
FFFFFFBDAFA0
0000000DA097
FFFFFFF2AD51
000000014138
0000000174C9
FFFFFFD799CC
FFFFFFF8CBD3
FFFFFFC297B1
FFFFFFEB7001
FFFFFFA2256F
FFFFFFABE1DA
FFFFFFA932E2
FFFFFF95D001
FFFFFF89C608
FFFFFF84CF1E
FFFFFF8B3B68
FFFFFF8E6514
FFFFFFB5A863
000000024B09
00000008FB9C
0000003F6590
FFFFFFE62FC1
FFFFFFC06283
FFFFFFEC8625
FFFFFFA90CB9
FFFFFF88BEE9
FFFFFF8C94E1
FFFFFF8AF791
FFFFFF6B9996
FFFFFF80C566
FFFFFF7C82E4
FFFFFF80F953
FFFFFFD3DA89
0000000535F6
0000000CCCA1
FFFFFFE68AB5
0000002B5E2C
0000002E09D1
000000055759
FFFFFFD9033D
FFFFFF9D4239
FFFFFF95AFFD
FFFFFFA5E22D
FFFFFFCFD7B3
FFFFFFD93DB1
FFFFFFAF8339
FFFFFF8C283B
FFFFFFF08B5E
FFFFFFEC4933
00000001D9CA
FFFFFFFD34CE
FFFFFFF00C31
FFFFFFC3D697
FFFFFFE5F8EC
FFFFFFEAC528
FFFFFFE02171
0000000A84FC
FFFFFFE9E292
000000020B74
FFFFFFDDD3FC
FFFFFFF0B88E
FFFFFFBE08A9
FFFFFFBE4B22
FFFFFFFA3E56
FFFFFF822D8A
FFFFFFAEDF14
FFFFFFD78C1F
FFFFFFEECEA3
00000013EF3F
FFFFFFA400CF
FFFFFF894EDB
FFFFFFE73385
FFFFFFAC0918
FFFFFFC43C7C
FFFFFFBB5433
0000001F67A4
0000000B733D
0000008D00AC
000000238CCB
FFFFFFD0C8D8
FFFFFFBC6CFC
FFFFFFF67069
0000000CA850
FFFFFFA32838
FFFFFFD6EC5C
FFFFFFF2BF37
FFFFFFD8474F
0000000F8463
0000002C7F45
FFFFFFC33E59
FFFFFFDA2AF8
FFFFFFD5B592
00000012B055
000000861666
FFFFFFE77440
FFFFFFCD8165
00000006F782
FFFFFFB03914
FFFFFFB38004
FFFFFFE767C2
FFFFFFF2B16A
0000002C9BE8
00000009E13B
FFFFFFD298CD
0000007FC8B8
00000005F68F
FFFFFFEB30E9
0000000A5566
FFFFFFD6FE4E
FFFFFFC0CD28
FFFFFFC41C07
FFFFFFD8C173
FFFFFFAAD89C
0000001C0011
00000053AE3B
000000655A03
0000005D44C3
FFFFFFF46CC2
0000008CDAA1
0000007B0BBB
000000126970
000000088DD5
0000000561E5
FFFFFFBDF7AB
FFFFFFD284D6
FFFFFFE97B99
FFFFFFFCB2C8
0000002B446B
0000002709C7
00000016DA2F
FFFFFFF2F795
FFFFFFF643DF
000000374054
000000241ED4
FFFFFFFF2A3C
000000216B2E
FFFFFFF67C90
FFFFFFCA0603
FFFFFFB5BC4D
FFFFFFA2C9C0
FFFFFFB89C26
FFFFFFBFF825
FFFFFFC3839B
FFFFFF9CF55D
FFFFFFA9DD5A
FFFFFFE1AE1F
0000002B9592
00000012F38A
FFFFFFFEA3DA
FFFFFFF64576
0000000001C4
FFFFFFED9BDC
FFFFFFD25281
FFFFFF982DD4
FFFFFF7312B1
FFFFFF97BD73
FFFFFF9E078F
FFFFFFA3AA80
FFFFFFA1DA4D
0000001633F6
000000353C1C
000000135341
0000000BA9D6
000000070312
FFFFFFF2BC13
FFFFFFF9F41B
FFFFFFEF359F
FFFFFFC37489
FFFFFF70F254
FFFFFF987BCE
FFFFFF9ED3DB
FFFFFFADAE0D
FFFFFFAF400C
00000009A36B
00000042F3A9
0000000FC67B
0000000D96AF
000000051BE3
FFFFFFE914F6
FFFFFFFC16DF
FFFFFFE5202C
FFFFFFF848A0
FFFFFF94247E
FFFFFF894941
FFFFFFA8D634
FFFFFFB8E959
FFFFFF9526F7
FFFFFF8DC6F3
FFFFFFE4E40A
FFFFFFF125BB
00000015B94D
0000001A8A70
0000000C5DFA
FFFFFFFA688F
FFFFFFF37F4B
FFFFFFF90A9F
FFFFFFC7537B
FFFFFFA65F26
FFFFFFCB855A
FFFFFFBB2C80
FFFFFFA9093E
FFFFFF8A5112
FFFFFFBD41B7
000000241387
FFFFFFF533AF
00000009E5C2
00000005412E
FFFFFFF396EF
FFFFFFDE58A2
FFFFFFE73581
FFFFFFE1536E
FFFFFFF35009
00000008FF43
000000141386
FFFFFFD12456
FFFFFF6BA5A6
FFFFFFB536FC
0000005DC7CC
00000022186A
00000006D55C
0000000576D9
FFFFFFD6DF0D
FFFFFFF25104
FFFFFFEEA6B4
FFFFFFFC381C
00000000AAF9
0000003113C4
00000013DFA4
FFFFFFEE79BC
FFFFFF90E619
FFFFFF852076
FFFFFFE640F8
FFFFFFB46A61
FFFFFFB6544D
0000001F5DB4
00000023B8DF
00000047192B
00000034990A
0000003B1D21
0000002F4C93
00000039711A
0000000CEB40
FFFFFFE9322E
FFFFFF9444FB
FFFFFF886A5D
FFFFFF6CADF8
FFFFFF5AFCAC
FFFFFF73E6B0
FFFFFFA6DD42
FFFFFFBF571A
FFFFFFEDCEF7
FFFFFFD10DAF
FFFFFFBDBC9E
FFFFFF9F695D
FFFFFF81CBBF
FFFFFF98C6D5
FFFFFF9CE93B
0000005A19D5
000000236BD1
00000030DA50
0000005AD8F5
0000003FE532
000000262349
0000003AF0B2
0000007DED0F
00000071750D
0000005D87B7
000000564DA2
0000003A8B2B
000000288F38
00000021DBF9
00000026F5CA
00000005A8C8
FFFFFFE204F2
FFFFFFE82D4E
0000000DD60E
00000021699D
0000001F79A7
00000004DD95
00000002315F
0000000A4054
FFFFFFF77182
FFFFFFEA1A22
FFFFFFE2A5B5
00000003EF3F
0000002B9DB1
00000044B796
FFFFFFE8E4E5
FFFFFFCEE71D
0000002AEFE9
0000002D9C01
0000001A4D8A
00000004C100
FFFFFFF0D977
FFFFFFF70320
FFFFFFE408B6
FFFFFFFD3B97
FFFFFFFB1310
0000000A2582
0000004135CD
0000006ADC7E
FFFFFFCEBE18
FFFFFF8F574F
FFFFFFE86CF5
FFFFFFF464BD
000000394E1F
00000018190D
00000001D2DF
FFFFFFE8FB04
FFFFFFEB0729
FFFFFFDAAC7A
FFFFFFCDD070
FFFFFFFAF5C0
0000004353D4
FFFFFFDBC244
FFFFFFDFEB18
FFFFFFE844E9
FFFFFFFCC263
FFFFFFD9CA4C
00000022151E
FFFFFFFC8E86
0000000D456C
FFFFFFE82959
FFFFFFDB4918
FFFFFFEBAB05
FFFFFFEAB6AF
FFFFFFF1A1A6
000000374121
FFFFFFD08EB1
FFFFFFF10D42
00000026004C
0000000CD6C0
FFFFFFF70151
FFFFFFB73E26
FFFFFFC175CD
FFFFFFC838F6
FFFFFFDBFD6F
FFFFFFC82936
FFFFFFDAF9B6
00000001F4B7
000000028604
000000494DE5
FFFFFFFA0F26
FFFFFFF8FF81
000000015A4E
0000000C3579
00000013CC52
FFFFFFD3B3AF
FFFFFFACBB8F
00000018E68A
FFFFFFE6F8C9
FFFFFFEA7B68
FFFFFFF2A53E
000000046699
0000001EF9A6
000000190917
FFFFFFFD7E16
000000151E42
FFFFFFECB02C
00000000765F
000000258405
0000002868B3
FFFFFFC44A1F
FFFFFFE514D1
0000000777C4
FFFFFFDE621D
FFFFFFDB08C3
00000008E0A9
0000001D8B76
FFFFFFFF057C
FFFFFFEC60C7
0000000287B6
0000000AA5EB
0000002F0EBF
00000009D200
FFFFFFFD47C0
FFFFFFD596DF
FFFFFFD91A9E
FFFFFFF6337A
FFFFFFEDFC5D
FFFFFFE0E8B4
FFFFFFDF303D
FFFFFFFB663F
0000003373EF
00000001E281
000000277545
000000141C58
000000168F63
FFFFFFFA295B
FFFFFFEF1E40
FFFFFFC7428F
FFFFFFDDCE95
FFFFFFCBE44C
0000001BBDC9
FFFFFFD2E39D
FFFFFFB6008B
FFFFFFF2662C
FFFFFFF84514
0000001CACE0
000000684035
0000001A3E02
0000001B4F06
FFFFFFFECDD1
FFFFFFFB47BA
FFFFFFC8CD85
FFFFFFCABC63
FFFFFFD29800
FFFFFFD2AD77
FFFFFFC76FAE
FFFFFFDF6B97
FFFFFFF814BD
000000192C76
0000001E6828
00000006493A
FFFFFFFB3904
0000004DBC5B
000000514F60
FFFFFFD68B7E
FFFFFFF5A0B7
00000000C973
0000002F52D7
000000169B88
FFFFFFF9ED04
FFFFFFC4D2F7
FFFFFFF4D81E
00000005820F
FFFFFFDC1E27
FFFFFFCB55BE
000000030E2F
00000008F0C4
FFFFFFFFC553
0000000F0653
0000001C4458
FFFFFFC8AFC2
FFFFFFC89590
FFFFFFD87C25
FFFFFFE00EF2
FFFFFFDBDD30
FFFFFFD38605
FFFFFFD43C9A
0000000A6B69
FFFFFFCE7AA9
FFFFFFF3BC1A
0000001B9D54
FFFFFFDE181B
FFFFFFD4ABC2
FFFFFFE484F1
FFFFFFC99E3C
FFFFFFE9FE77
000000147287
00000006B8FF
FFFFFFE102BD
FFFFFFEBE2FE
0000004864DA
00000011EECE
000000779B4F
00000060C1F9
0000002138F1
FFFFFFE756E0
0000005B1380
0000006AA426
00000072D397
00000025AE4B
000000455328
0000002463D3
00000023B945
0000001D0239
0000004944A7
0000002DC6B9
00000070470F
000000807B41
FFFFFFE37356
00000032D409
0000004F2B75
00000046602C
000000255B5C
000000282D86
000000497B2D
0000001FAEAD
00000002DB6E
0000002E20EC
0000002B5EAD
0000003830EC
FFFFFFC6D64D
FFFFFFD6F8B4
00000037930F
000000774177
000000275A29
0000002D3EED
000000008831
00000004AF66
FFFFFFF293F0
000000046649
FFFFFFDEE946
0000003C9255
00000068C2CA
0000009C62A0
FFFFFFBFF9CD
FFFFFFD55D48
00000020DACE
0000004069E4
0000001FD1D1
000000306745
000000354B0B
FFFFFFE86FDF
00000005FACB
FFFFFFF5758F
FFFFFFABE22A
FFFFFFFEE3E3
00000046CA6C
000000104E05
FFFFFFC61F0E
000000092989
00000005BAAE
00000005CDA4
0000001F57AD
00000023C136
0000000F3D81
FFFFFFF6F0E7
00000002806B
0000000C7B1E
FFFFFFE32D7A
FFFFFFB5095E
FFFFFFF9041C
FFFFFFA153F5
FFFFFFCB605C
000000107750
00000016B157
FFFFFFF4454A
00000000F690
FFFFFFFA8E4C
FFFFFFC3AA5F
FFFFFFC95D85
FFFFFFAE64DD
FFFFFFE653D0
FFFFFFF629C8
00000018721E
000000218098
FFFFFFBA8C83
FFFFFFE1CB1C
FFFFFFFBC674
FFFFFFF8D3EC
0000000AA74F
FFFFFFC33ACE
FFFFFFFB604B
FFFFFFF16F9A
FFFFFFDB848C
FFFFFFDFC235
FFFFFFEDC66B
FFFFFFFB0428
000000230A37
00000035FDC9
FFFFFF9079F3
FFFFFFED6E2D
FFFFFFCB5CB4
FFFFFFEE812E
000000183823
0000000EA295
FFFFFFD98359
00000022B1F3
FFFFFFF2105B
FFFFFFEC1FA9
FFFFFFE82218
0000000FD9BA
000000251A92
00000039716A
FFFFFF9E0B58
FFFFFFEEE212
FFFFFFE343C2
0000003C5E0B
FFFFFFF32D01
000000155085
FFFFFFBEA9C0
0000003BBCC0
00000016E9D1
FFFFFFD641FC
FFFFFFDF2295
FFFFFFEFE7EC
0000000FF67B
000000188FD4
FFFFFFE5A977
0000002A5C58
0000001D69C4
FFFFFFF90276
FFFFFFD77AF0
FFFFFFC89076
FFFFFFBD46CF
FFFFFFF4958B
FFFFFFD02FE4
0000002FD53A
FFFFFFF951E3
FFFFFF780C40
FFFFFFAEC427
0000001EC072
0000001E2EBE
000000A47C8B
000000426915
FFFFFFFDFABA
FFFFFF807B4D
FFFFFFA811CD
FFFFFFBC47C4
FFFFFFA43D8A
FFFFFFAB1597
FFFFFFFCA5A7
FFFFFFBD80AD
FFFFFF8A9552
FFFFFF99132D
0000002AD3AC
000000342F99
00000081314D
00000005570B
0000000F70CE
FFFFFFD8241B
FFFFFFB558AC
FFFFFFD66A50
FFFFFFC7CDCE
FFFFFFE7DBFA
FFFFFFFA1B2D
FFFFFF9DC8B1
FFFFFF9576F5
FFFFFFB79D53
0000002D855D
FFFFFFF594B2
FFFFFFFCCC5B
FFFFFFF03FAC
0000000ABA25
FFFFFFEA1D91
00000012BF5F
0000000E606A
FFFFFFA3253A
FFFFFFA4C40D
FFFFFFA4493B
FFFFFFBB7DE2
FFFFFF865CC5
FFFFFF807C06
FFFFFFE46914
FFFFFFD78946
FFFFFFC324BD
FFFFFFCB48F9
FFFFFFEA39DA
FFFFFFC7A2E5
FFFFFFE480E5
FFFFFFD4775D
FFFFFFC811AB
FFFFFFB1CE73
FFFFFFF0B621
FFFFFFC622FD
FFFFFFC42B97
FFFFFFD9FEE1
FFFFFFAE4C34
FFFFFFB88752
FFFFFFDC46DE
FFFFFFC18BC6
FFFFFFC79817
FFFFFFD34715
FFFFFFFBF52E
0000000D385D
FFFFFFC9459A
FFFFFFBC22B6
FFFFFFD9649F
FFFFFFBD82C6
FFFFFFBB73E7
FFFFFFAE852F
FFFFFFBCF6BF
FFFFFFCE3493
00000007AEFB
0000000D335C
FFFFFFBA9F1D
FFFFFFC06959
FFFFFFD2A4A0
000000005BB9
FFFFFFB13C65
FFFFFFC8E17C
FFFFFFD343E4
FFFFFFB44F86
FFFFFFE106CB
FFFFFFDCE975
FFFFFFBC2A43
FFFFFFC3711A
FFFFFFF18788
00000014DBED
000000103FF1
FFFFFFD96BA3
FFFFFFC096A8
FFFFFFFE92F2
FFFFFFC991C6
FFFFFFCDED6D
FFFFFFCE4F5A
FFFFFFD8A714
FFFFFFDBB1FF
FFFFFFEB0E6E
FFFFFFA398E4
FFFFFFDB6428
0000000B4A96
FFFFFFFF7B60
000000387962
FFFFFFDE873A
FFFFFFC33279
FFFFFFBFBFCE
FFFFFFD350BC
FFFFFFBBE680
FFFFFFFC8680
000000263DBF
0000001AB934
00000028C8C9
FFFFFFCA2E0C
0000002DD81D
000000313F87
FFFFFFF5485C
000000278C90
FFFFFFF600A3
FFFFFFDC5F2F
FFFFFFBA2899
FFFFFFCFDE0B
FFFFFFFFE0F9
000000021D41
FFFFFFF5EBCE
00000006871E
0000000780DF
FFFFFFC1530A
0000000FD8FA
FFFFFFF329F2
00000008E908
0000002E634A
00000027F1DC
0000000F472F
000000037621
FFFFFFF62DA9
FFFFFFF7892C
00000002814A
FFFFFFF5E832
FFFFFFD93F28
FFFFFFEC8012
FFFFFFBC63A9
00000013E3BB
000000093883
000000085193
00000022250D
00000037A694
000000133C46
FFFFFFECABD3
FFFFFFDB50BE
FFFFFFBF8EBD
FFFFFFCE87C6
FFFFFFDC8493
FFFFFFD76E61
FFFFFFE339EE
FFFFFFC83595
FFFFFFF7BF5A
FFFFFFF398B3
0000000D3194
0000001028E3
FFFFFFFD5A7E
000000129DC5
0000000BCAA2
FFFFFFE0E106
FFFFFFD438B5
FFFFFFDB7CC9
FFFFFFD1610C
FFFFFFE7669C
FFFFFFD43FD9
FFFFFFCF9D03
00000000EB92
0000000CD364
0000000A36CC
FFFFFFDBB742
FFFFFFF8759F
0000000E66FD
000000100358
FFFFFFF30CF1
FFFFFFD15EF0
FFFFFFCE4C57
FFFFFFCE77F6
FFFFFFE4F83C
FFFFFFD32F3D
FFFFFFD3CCB4
FFFFFFE977C6
FFFFFFED42BA
FFFFFFFAF744
FFFFFFE67CA9
FFFFFFF9196F
0000000448EA
00000008A0E1
0000001C1475
FFFFFFEBB06A
FFFFFFB45682
FFFFFFBA1EC0
FFFFFFAE4006
FFFFFFE61D5D
FFFFFFC1E1E4
FFFFFFCFC9F3
FFFFFFE0F209
0000001965E0
FFFFFFEE2478
FFFFFFE6E3F6
000000153B98
00000012DB91
000000133A50
000000235596
FFFFFFF9B2A8
00000026CB58
FFFFFFDB7AEF
FFFFFFB747F5
FFFFFFC7BC91
FFFFFFDEE329
FFFFFFFF7123
FFFFFFE7E4BA
FFFFFFCD8D4B
FFFFFFCA3B8A
FFFFFFF0130C
0000000041E5
FFFFFFFFB97C
FFFFFFFA98CA
FFFFFFF0C398
000000124010
FFFFFFF9BD05
FFFFFFAF5CD6
FFFFFFB5FCBD
FFFFFFBAACBD
FFFFFFE6743E
FFFFFFB23C83
FFFFFFBAE8D4
FFFFFFC86349
FFFFFFF6A2A7
FFFFFFEE2DB1
FFFFFFF95125
FFFFFFD99051
FFFFFFE18E30
FFFFFFE718B2
FFFFFFC498A8
FFFFFFB276D6
FFFFFFD2C178
FFFFFFD380B4
FFFFFFD4226F
FFFFFFCC61B4
FFFFFFE8F6B1
FFFFFFD439B3
FFFFFFC4AFFE
FFFFFFD375EC
FFFFFFC1AAFC
FFFFFFC7E8D4
FFFFFFC310D3
FFFFFFBC9429
FFFFFFCF0126
FFFFFFD95BA6
FFFFFF7EE73A
FFFFFFCDEB9D
00000029CE88
000000279245
00000004D36C
00000001FAEC
00000010D25B
FFFFFFC5A7ED
000000105254
FFFFFFEA23E3
FFFFFFBB2797
00000015C302
0000000EA478
FFFFFFE90CB6
FFFFFF80F717
0000000C1E3B
0000005E1BB9
0000006BD2BF
00000010174C
000000104F26
000000381B2F
0000005B080F
000000751106
FFFFFFFB4D56
0000000A8B73
0000000F5840
FFFFFFF50FAE
00000007B861
FFFFFFE61489
000000A5F2BD
0000009CD5C2
000000299EF3
000000BE5502
00000079A21B
0000001976DB
000000360973
0000008181C4
0000003E9946
FFFFFFFD0C21
00000048CEA9
0000002E1F95
000000296D98
0000001DB07E
000000C73075
000000557792
0000008881F9
00000073F2F5
00000020F7A9
0000002552B2
0000004B4C83
000000724904
0000004EE2B3
0000003E7DD3
00000034FAD1
000000186608
0000001F9E64
0000003F02EC
000000793FC6
000000435367
00000052BEDA
FFFFFFE5EBA8
FFFFFFA100A8
000000251F04
0000005548C2
00000039D657
00000031C33C
000000339C26
00000027153E
0000002F4BB9
FFFFFFF9581E
FFFFFFCFC7ED
0000000CE6D2
00000005EDED
000000099126
FFFFFFF2F2DC
FFFFFFBE2987
0000006788DD
00000037AD16
00000035A354
FFFFFFFD011A
000000088137
00000012842C
0000002D40C7
00000018BD3C
FFFFFFB1C43C
FFFFFFF80C54
FFFFFFFC18F7
FFFFFFFD7A0C
000000062529
FFFFFFEA9AE3
FFFFFFD353EF
0000002C7D54
00000030FA0F
00000019F6E1
0000002FAE52
000000127B9D
FFFFFFFAF950
0000001F8297
FFFFFFE3C008
FFFFFFAD2DA0
FFFFFFDFF52C
FFFFFFE20F46
FFFFFFF9EB52
FFFFFFF35B69
FFFFFFEFB86B
FFFFFFCEE584
0000003DA8FF
00000017AF0D
000000140F6E
0000003AD318
0000002384E7
FFFFFFEAB8DF
000000061A95
FFFFFFC7D5D5
FFFFFFDAC1E9
FFFFFFDC2831
000000072E10
00000015B7C5
FFFFFFE2F010
FFFFFFB0B355
FFFFFFE56BC6
0000004E1E33
0000005D5218
000000696CD7
000000228CCA
000000289226
000000334AC4
00000029478D
0000000D3E08
FFFFFFFDE2A5
FFFFFFD2533E
FFFFFFCAFB4E
FFFFFFE08B6E
FFFFFFD8001A
FFFFFFE3331F
00000017F1A0
0000003A9EE8
0000004FF163
000000223670
0000003912F2
FFFFFFB41FA3
FFFFFFE0AE0A
00000025810F
000000204823
FFFFFFD242AE
FFFFFFDF17FC
000000072A93
0000001D8D10
FFFFFFE615F0
0000002FD78B
00000043273E
0000003A2240
FFFFFFDD83EA
0000002DC8B4
0000003626C0
00000030D51B
0000007D24B5
FFFFFFF05F85
FFFFFFA1A5ED
FFFFFFD7C7E8
00000055B5F4
FFFFFFD7CED5
FFFFFFD3EEBA
00000003DFFF
0000001B3907
FFFFFFE49675
FFFFFFF6E099
FFFFFFE14A1B
00000034CE5E
00000073968F
0000003825BA
0000001D95D8
000000148DA6
0000004062B5
000000658641
0000002DB159
0000003707BD
0000000337A3
00000023E422
00000037DE99
000000393BCC
00000056FA04
0000008F7F11
0000008D3E88
00000069056E
000000935042
000000764828
0000006B53F8
00000091BF0F
0000004D93F9
0000009D833E
00000066D15E
00000061A039
0000008DF6D9
000000706AA7
00000087976A
0000001455EB
0000000E5BC8
00000016A886
0000000B945F
FFFFFFF43FDA
FFFFFFEC44A6
FFFFFFFFE420
FFFFFFCA43BD
FFFFFFCE1BD9
FFFFFFEA37CC
FFFFFFEBC6E3
FFFFFFF49E0F
0000000AB170
000000300DC7
0000002C716F
FFFFFFECB97E
FFFFFF94CF80
000000129C2F
0000000235EC
0000003DD8F6
FFFFFFE8CAEE
FFFFFFCAF004
FFFFFFE3E29D
FFFFFFE16EA5
FFFFFFF98A97
000000051734
0000001BB385
0000002F0312
000000488A70
0000000E3CF6
000000187463
000000378D7C
FFFFFFCE8DB0
00000025CE56
FFFFFFE596C6
FFFFFFDD9CD0
0000001AB291
00000025517C
0000002DEBBE
000000133B34
0000002EFFAB
000000114BC0
0000002701FD
FFFFFFA283A1
FFFFFFDE79FF
FFFFFFFA9D69
00000005BCFA
00000035C899
FFFFFFEEF913
FFFFFFFDF097
000000226ACE
0000002FE44A
0000001FCBA0
000000252E50
00000034D0B9
FFFFFFEC8117
FFFFFFE2C594
000000170842
FFFFFFFB0890
000000106960
FFFFFFF18D2F
00000028BB9A
0000003886DA
FFFFFFF08120
FFFFFFD65B20
0000000C15D9
FFFFFFF8D09C
0000003140A8
00000026CF03
FFFFFFFE91CD
0000004697FA
0000004BE8C4
FFFFFFFFD11A
FFFFFFD15826
FFFFFFF356B8
0000001F4CE3
0000003F643C
0000005C083C
00000047CF4A
0000005AA289
0000005B18D6
0000003DAB84
000000020139
FFFFFFFCEF7D
000000385E02
0000001D6F84
00000000FD35
FFFFFFD12997
FFFFFFDA248E
FFFFFFEED660
000000406DD9
000000543951
00000000CDC9
000000340F21
0000004CEBCE
0000002CE2BF
0000001EF40F
FFFFFFFFE451
0000000DDF76
FFFFFFEF1269
FFFFFFD1FDDA
FFFFFFD9003D
FFFFFFC3FC38
FFFFFFB35440
FFFFFFCFA6D0
000000249B6C
000000567009
0000001FF805
00000029F700
0000003C7164
0000000A0325
0000001370FD
0000002924DA
0000002356C3
FFFFFFC8A7F2
FFFFFFEBF93D
FFFFFFBA5A31
FFFFFFDF5606
FFFFFFEFD9B0
00000020F51B
00000055DCF2
000000400D6E
00000011184E
000000278553
000000163FAE
00000029AB55
0000000A221D
0000003BCB08
0000002826AB
FFFFFFF303AD
FFFFFFDAC7D7
FFFFFFDD746E
00000003FD05
0000002599BF
00000017D556
0000000B9F95
FFFFFFEA12B9
FFFFFFEBAC1C
00000018DD17
000000045FAC
FFFFFFFFBCC2
0000002C556E
FFFFFFC916E1
FFFFFFD6D2A7
FFFFFFE07639
FFFFFFDCC4F5
FFFFFFEE8F13
0000001DAF03
000000243A0E
0000000FF6AD
00000003217F
000000177515
0000004EE5B5
0000004DDD4B
000000299AC8
0000000C7DE8
FFFFFFC78121
FFFFFFA2A872
FFFFFFB29E25
FFFFFFA0E08A
FFFFFFF52B8B
FFFFFFE48BBE
FFFFFFFA437F
FFFFFFBF1907
FFFFFFD3A62A
FFFFFFE1A025
0000002CE674
0000002F305F
000000346FD5
0000000C0021
FFFFFFBF024B
FFFFFFF2B2EF
00000005E7B0
FFFFFFED24A5
FFFFFFB63F8E
FFFFFFA0806F
FFFFFFEFC433
FFFFFFFE8A5D
00000000AE7B
FFFFFFE6299B
FFFFFFDF11E3
0000001084DF
0000002A2B6C
00000020C071
00000042E326
0000001AD62A
0000001053B4
00000017C4AF
000000151A03
FFFFFFE8B714
000000141BDD
00000013B159
000000027994
000000102672
00000017DFF0
FFFFFFFE319C
FFFFFFFCEA7C
FFFFFFE678AA
FFFFFFF2D21F
FFFFFFD0EE01
FFFFFFDBFEFE
000000060867
FFFFFFDD98C4
FFFFFFD765FB
FFFFFFE8F9F1
00000007BC63
FFFFFFE3CA77
FFFFFFB7DA5A
FFFFFFD593C3
FFFFFFDF5693
00000009A5B9
FFFFFFFE52CC
FFFFFFDDA699
FFFFFFF5DDE0
FFFFFFE4315A
FFFFFFDE570C
FFFFFFF7C1C0
00000027072E
FFFFFFE3B919
FFFFFFDCFC28
FFFFFFDC0A17
FFFFFFD4599C
FFFFFFE03C8D
FFFFFFF697B9
FFFFFFF37F4A
FFFFFFB531F2
FFFFFFAB4CD6
FFFFFFFEAA62
FFFFFFBF5666
FFFFFFE47ED9
FFFFFFEC56BA
FFFFFFF0C5A4
FFFFFFF4CD29
FFFFFFC44040
FFFFFFCB6C0A
FFFFFFC51276
FFFFFFD6DEDF
FFFFFFF4B31B
FFFFFFF95B70
FFFFFFAF0C92
FFFFFFCCD5B5
FFFFFFEACC10
FFFFFFE05EDA
FFFFFFF01A79
FFFFFFF5C32E
FFFFFFD6635E
0000000A29D3
FFFFFFF9DA39
FFFFFFE1B97F
FFFFFFEA7C1D
FFFFFFCD4CC4
FFFFFFCC78B9
FFFFFFC307E1
FFFFFFE125B2
FFFFFFDB9C9C
FFFFFFCD4CD2
FFFFFFD5AA79
FFFFFFE5DC4A
FFFFFFE1B8A6
00000011A77F
0000001A6C9F
00000010833D
FFFFFFFE7D1F
FFFFFFF1AF56
FFFFFFF9B5A3
0000000F77AF
FFFFFFDBE898
FFFFFFFE7032
FFFFFFBBCCC8
FFFFFFD7B2F4
FFFFFFEAAEE4
FFFFFFF4C724
FFFFFFF3518B
FFFFFFF048D2
FFFFFFFDDF39
FFFFFFEA4F5D
FFFFFFF602E8
FFFFFFE9596B
FFFFFFC4C271
FFFFFFEBA242
FFFFFFA1499D
FFFFFFC064B5
FFFFFFB85D5C
FFFFFFCB9409
FFFFFFD64791
FFFFFFCBA455
0000002CE019
FFFFFFF4315A
FFFFFFB7B180
FFFFFFE7751E
FFFFFFCD04C7
FFFFFFC1EE61
FFFFFFE99FEB
FFFFFFECEFCB
FFFFFFA61BF5
FFFFFFD72EEB
FFFFFFB12DAC
FFFFFFDDE3CC
FFFFFFE61CC8
FFFFFFDA8386
FFFFFFBF0ADD
00000009658A
FFFFFFFA8DAA
FFFFFFF01DAB
FFFFFFEC9737
FFFFFFD973A3
FFFFFFCF2149
FFFFFFE638D0
FFFFFFE3E14D
FFFFFFCFC77D
FFFFFFB1F0B7
FFFFFFD13FD5
FFFFFFB68CDC
FFFFFFBA90BC
FFFFFFD3C9F4
FFFFFFF6B02A
0000002A1240
FFFFFFCDF726
FFFFFFB869BC
FFFFFFC00DE0
FFFFFFD72648
FFFFFFE3D303
FFFFFFEB98A9
FFFFFFD6BF4A
FFFFFFCF492B
FFFFFFF0BC3C
FFFFFFD6DA78
FFFFFFC8C5C1
FFFFFFC4B9AF
FFFFFFE861D3
0000000EAFF3
FFFFFFF11A3B
FFFFFF7E3195
FFFFFFD0427C
FFFFFFC5CA3F
FFFFFFE4EB11
FFFFFFFFF257
FFFFFFD6604B
FFFFFFD7C628
FFFFFFAEB32A
FFFFFFC92633
FFFFFFB1D55C
FFFFFFA0ED83
FFFFFFA9AE11
FFFFFFD7A05F
FFFFFFDC1C83
FFFFFFDB5897
00000006DA7D
FFFFFFE211EB
FFFFFFCA8D62
FFFFFFF7C589
FFFFFFED2C90
000000241949
FFFFFFD21E49
FFFFFFE2C666
FFFFFFC1002C
FFFFFFAFBF9D
FFFFFFB06F63
FFFFFFCA6CAD
FFFFFFA51DB8
FFFFFFA733DC
FFFFFFC462BA
FFFFFFF1216C
FFFFFFD9DC99
FFFFFFE074EB
FFFFFFED9290
FFFFFFF34E4A
FFFFFFD5B2FC
000000070F6F
FFFFFFD73ECC
FFFFFFB8EAA2
FFFFFFBFAB81
FFFFFFBFC7A3
FFFFFFCBD783
FFFFFF9AD497
FFFFFFA3DE52
FFFFFFE3C23C
FFFFFFEFC07D
FFFFFFD56A5E
FFFFFFB09410
FFFFFFD89B7C
FFFFFFDC4B39
FFFFFFBDC54F
0000001C6197
FFFFFFF42811
00000017CC7F
FFFFFFF3B5CC
FFFFFFC1362E
FFFFFFDD6778
FFFFFFCA905F
FFFFFFF017AF
FFFFFFF90A21
0000003D94FB
0000005205EA
00000081FBAB
00000021D922
00000014A32F
0000001C27CC
FFFFFFF0D067
00000019E30A
0000003D6AE9
0000002D294C
0000000D709C
FFFFFFFD08DA
00000005FDDC
0000002193F7
00000043BB9A
00000070AA69
000000881E44
000000319972
0000000A06F4
FFFFFFE1D9E3
FFFFFFD4423D
0000000D6CD9
FFFFFFFFA651
FFFFFFFBBCEF
0000001D67A4
FFFFFFE1476E
0000000C6C4D
0000003CB602
0000001F29A2
000000643281
0000007581A3
0000006731CB
0000006533A2
FFFFFFFBCCEB
FFFFFFEF21F6
0000000E3EBC
FFFFFFF1E4FF
FFFFFFFEECE3
FFFFFFE9EB26
FFFFFFF8412A
FFFFFFF56D40
FFFFFFFDCEA3
FFFFFFD323D8
0000005671CA
0000008706D5
0000003E081D
0000006B5403
0000004DFF95
00000015D515
0000000E3296
0000001F6C39
FFFFFFFF618B
00000005BB04
FFFFFFD24658
FFFFFFD85A03
000000048E24
0000003C4D55
00000017E4FF
0000002E512B
00000030A48E
0000000E7F76
0000003D58E3
00000034638B
0000002B63D0
00000005DEE1
00000019E3F0
FFFFFFE356A8
FFFFFFEC4968
FFFFFFE72ABC
FFFFFFAE47BF
FFFFFFE954E8
0000000B0C60
00000007B419
FFFFFFFB9DFF
FFFFFFFFE794
0000002B7A2B
0000003B0AD5
0000001ABF2D
FFFFFFEDD078
FFFFFFDF2057
FFFFFFDFB460
FFFFFFE4CE3A
FFFFFFCFE3BC
FFFFFFEBAD6D
FFFFFFD284C4
FFFFFFDF2F05
FFFFFFD5E7C9
FFFFFFF37318
FFFFFFFE6578
FFFFFFF94F9E
00000014DEE6
0000001C1800
FFFFFFC96089
FFFFFFCA20FC
FFFFFFE356B2
FFFFFFE2F0AD
FFFFFFCD43A2
FFFFFFB00B99
0000003A2C36
FFFFFFE3FCC3
FFFFFFFA28EE
FFFFFFF4EE5C
FFFFFFE86FE1
FFFFFFEFF89A
00000000E2F9
00000009FB12
00000000A82C
FFFFFFD0DC95
FFFFFFD79C17
FFFFFFC5BBB9
FFFFFFD4E729
FFFFFFAAC934
FFFFFFE26266
FFFFFFD284CC
FFFFFFF011D6
FFFFFFE7B3FF
0000000A1556
000000031D67
FFFFFFFDC409
0000000DD010
0000000B5771
FFFFFFE86D3D
FFFFFFFA8D12
FFFFFFFC386C
FFFFFFFB7471
FFFFFFD11A43
FFFFFFB5FAE7
FFFFFFE10A5A
0000002CB03C
00000022EFDE
FFFFFFF2CFA4
FFFFFFE6CC28
FFFFFFDB7D18
0000000AA654
00000015A70A
0000002313C2
0000004E5E77
0000002FD677
FFFFFFE37CBE
FFFFFFD4DA22
FFFFFFBA6B36
FFFFFFC4D2B3
0000000FC780
00000034BC61
FFFFFFE0FC76
FFFFFFD7547F
FFFFFFE97504
FFFFFFFD8D34
00000001CA8F
0000000DA54B
00000010031F
0000003F7F2F
0000002BAC7B
FFFFFFF432EE
FFFFFFD47369
FFFFFFC4997A
0000001D928C
00000058D0D7
0000001BCD7B
0000002AB274
00000042B03F
0000000DCE48
00000016820A
00000007481C
FFFFFFFE97E6
000000117541
0000003C84A0
0000003C3A16
FFFFFFC62297
FFFFFFE478B7
000000227EB0
0000003632A7
000000069A25
0000001C33A1
000000286E3A
0000003BF24F
000000270C3D
0000003703F4
0000002F1EDC
0000001E0EE2
00000038EA85
0000002E16CE
FFFFFFCEFE84
FFFFFFF337FE
FFFFFFDF0F74
FFFFFFF4BB2E
FFFFFFD3FD0F
FFFFFFC798B0
000000017D15
0000000731F8
000000171B7D
00000008E8F7
FFFFFFF84A2D
00000003E59F
FFFFFFD5B3D9
FFFFFFDE40C7
000000387E73
0000004C3C84
FFFFFFFAA03F
00000021D0CE
0000000EF1F1
00000034981A
FFFFFFA19FA6
000000160462
0000001F12BC
0000000C5258
00000014B48D
FFFFFFE0CB77
0000000C3ABC
0000003B0033
00000015330A
00000003B222
FFFFFFAAF9CB
FFFFFFDE0C1B
FFFFFFD15DF3
FFFFFFE54DC5
FFFFFFCA815D
FFFFFFBE24D4
FFFFFFEB668D
FFFFFFF313C4
FFFFFFF06E59
FFFFFFF4FC80
FFFFFFE7011E
FFFFFFDC9767
FFFFFFDBD1E0
FFFFFFE547EB
FFFFFFEABC38
FFFFFFB4B3AE
FFFFFF8BCC09
FFFFFFB56C19
FFFFFFD6E060
FFFFFFD98CB8
FFFFFFCFBBC5
FFFFFFCD39DD
FFFFFF8454F7
FFFFFFBB03C6
FFFFFF95EBD9
FFFFFFC7F41A
FFFFFFE30EA3
FFFFFFBD89DE
FFFFFFF2F064
FFFFFFEA4509
0000000016BF
00000007400B
FFFFFFDF67CA
FFFFFFEA166D
0000001C0BFB
0000000C49B7
FFFFFFAF393D
FFFFFFAC8F1C
FFFFFFC9B9D0
FFFFFFDE9EA1
00000012A3EE
00000004E5D1
00000008D0A6
0000000A173B
FFFFFFE7663F
FFFFFFDBF4E5
FFFFFFFB8A7B
FFFFFFF8208A
FFFFFFE93797
FFFFFFEB919E
FFFFFFA5555F
FFFFFF970804
FFFFFF8A1EEA
FFFFFF68D56C
0000002D1E59
00000033CCED
00000002E8FC
00000012DD8B
FFFFFFFC9C41
FFFFFFF6D22D
FFFFFFFEF4E6
FFFFFF9AD422
FFFFFF88AC6B
FFFFFF83CC04
FFFFFF96F77A
FFFFFF90C225
FFFFFF725AD6
FFFFFF6DAD15
FFFFFFDF3C9C
0000003F9C93
FFFFFFFC0C5F
0000001596D5
0000001DBD46
0000000D70EC
FFFFFFEAC8C2
FFFFFF9394AF
FFFFFF78E837
FFFFFFC496CE
FFFFFFA5B641
FFFFFFA0AA00
FFFFFF8EC511
FFFFFF803BC9
FFFFFFD2C942
FFFFFFE97666
FFFFFFECCC2B
FFFFFFF672D9
0000002BF85C
0000001F0784
FFFFFFEBC142
FFFFFFBA35C2
FFFFFF95B0A2
FFFFFF848648
FFFFFF82221A
FFFFFF9AA390
FFFFFF9E2497
FFFFFF6C20FD
FFFFFFBFC7E6
FFFFFFEE0ADD
00000009DC43
00000012671A
0000000B224D
FFFFFFFD7E0B
FFFFFFF9A17A
FFFFFFDD34AD
FFFFFFA6196A
FFFFFF6A8F57
FFFFFF70DB77
FFFFFF6E3262
FFFFFF684BF5
FFFFFF72186E
FFFFFF8535CF
FFFFFF8B7C37
00000009B9E0
0000003B710E
0000000784D8
FFFFFFF58DA6
FFFFFFF00DE5
FFFFFFE6278A
FFFFFFC44865
FFFFFFC06F95
FFFFFF9304FC
FFFFFFD594F2
FFFFFFB6275F
FFFFFF9155B2
FFFFFF7193C4
FFFFFF6FD5A8
FFFFFFE22A86
000000461C45
0000001ED8C7
FFFFFFF10AA3
0000000353D1
00000006428A
00000002C86B
000000042494
FFFFFFF3A9AE
0000000D5F29
000000120F4D
FFFFFFDE005D
FFFFFFD7B841
FFFFFFDC157E
FFFFFFCC6788
000000061329
0000000FD83F
00000018F117
00000007C7D5
00000003A2B0
000000031220
FFFFFFFCC316
00000029E738
0000001BF71C
00000004ECEF
00000041F714
FFFFFF891C5B
FFFFFFA7B25D
FFFFFF9D626C
FFFFFF9EF0B0
FFFFFFB8D889
FFFFFFE09447
FFFFFFDE08EB
FFFFFFFD09E7
000000171A2F
FFFFFFF1F783
FFFFFFF07283
FFFFFFC2929B
FFFFFFDBBB72
FFFFFFE44817
FFFFFF54E287
FFFFFF47AFFC
FFFFFF5219E8
FFFFFF7BF6E0
FFFFFF683904
FFFFFF950BD2
FFFFFF861498
FFFFFFA274D1
FFFFFF7D9EBC
FFFFFF55C624
FFFFFF601CD6
FFFFFF71C492
FFFFFF73CCBC
FFFFFF6B76E5
FFFFFFD33D63
FFFFFFEC365F
00000023813F
FFFFFFE8B4C2
FFFFFFA4020C
FFFFFF9FE6BF
FFFFFF9C71A3
FFFFFF933757
FFFFFFE38746
FFFFFFEF3854
FFFFFFF65346
FFFFFFC29DDB
FFFFFFECB3D6
FFFFFFC69FF8
FFFFFFDC0C1A
00000013E2EA
000000369AC2
000000457C40
FFFFFFF251CB
FFFFFFCF7445
FFFFFFB38BA5
FFFFFFB24CC0
FFFFFFB05697
FFFFFFD71667
0000000177B9
FFFFFFD6B76F
FFFFFFCA1B9C
FFFFFFE05F56
FFFFFFB3853E
00000022128A
00000052435F
00000093BA15
0000002A01D2
FFFFFFF81086
FFFFFFF8A103
FFFFFFE68338
FFFFFFBCDE4A
FFFFFFC980F2
FFFFFFF374E2
FFFFFFE5D520
FFFFFFCEC8A0
FFFFFFC8170A
FFFFFFD47841
FFFFFFD977DC
00000037E468
00000000398C
000000135EF6
0000003D87F9
000000061E53
FFFFFFF03D12
FFFFFFB3AD92
FFFFFFE49FBD
FFFFFFBAB0BD
FFFFFFD4C130
FFFFFFC79E5B
FFFFFFBCED4E
0000000732AD
FFFFFFEF9C7C
FFFFFFBD347A
FFFFFFFF40E8
0000005150E0
0000009D3ED4
00000015469B
FFFFFFB19D89
FFFFFF9807AD
FFFFFFB30465
FFFFFFBAA735
FFFFFFC6F50A
FFFFFFC3B41A
FFFFFFC896DB
FFFFFFFF0EEA
0000001A2C0F
FFFFFFE75F07
0000000FAD91
0000002B0AD4
000000751EBC
00000089D269
000000243F7C
FFFFFFE075B3
FFFFFFD4D09F
FFFFFFE7779D
FFFFFFE20222
FFFFFFEC0711
FFFFFFE0A4CE
FFFFFFF4A687
FFFFFFFFB94F
FFFFFFF7C25F
00000026FA6A
0000003EC915
0000002E198A
000000A0F469
000000ACD7F3
0000002537B8
00000010F997
FFFFFFF79341
FFFFFFFB3E27
0000000301D8
FFFFFFDD0496
000000139996
0000002E966B
000000338F69
0000002E096B
0000000FF596
00000002A823
00000055CF05
000000B01D38
0000005FF2C9
000000364464
FFFFFFEE5462
FFFFFFF9F36F
000000011C68
FFFFFFFD950F
0000001B218D
00000000B982
FFFFFFEEC88A
00000005A63C
FFFFFFFC1F69
000000419EAC
00000035C20B
0000008B54FD
000000B057E7
0000002BF14C
FFFFFFE73C70
0000001D8D5D
0000001F73AA
0000000A07DD
FFFFFFCC4B1E
000000137FF3
0000000F5265
FFFFFFFBC792
FFFFFFFDF02A
00000013E0B0
000000225BA3
0000004C6C75
000000B61680
000000755AC4
0000001C8AED
0000005FD4EC
0000004ADD4A
0000001895EC
000000139251
FFFFFFFD0BB7
000000019068
00000002D825
FFFFFFECF92C
00000021A5FC
0000004CCAE5
0000002B51FB
0000006337AC
000000970A91
0000002B9888
00000066F14D
0000005F3F53
0000001EA5D0
FFFFFF9F8554
FFFFFFE8AA55
00000001FBCD
00000025613C
0000000F0597
0000002E2990
00000038FF08
0000000F0B19
0000004C0CBD
00000027D799
FFFFFFF7AAFF
00000034809F
00000070918D
0000000DBEE3
00000006A514
000000294858
0000003DF5BE
FFFFFFDA91A5
000000099213
00000047241B
FFFFFFE2D274
0000003438FF
0000002DDB4A
00000019BA95
00000000E7A9
00000020AF2D
000000378786
000000476EBB
FFFFFFDF400B
00000005B1FF
0000001D35A9
FFFFFFFF0737
000000156DDA
0000003AA990
000000266DE8
00000038247D
0000000284E4
00000018BCB4
FFFFFFFE4779
FFFFFFF8164F
FFFFFFE7B367
00000009D0E4
0000000E5D99
0000001FECD4
00000004B656
FFFFFFE53D3B
000000178EA1
000000672A23
FFFFFFD8E4DC
FFFFFFF18C3D
00000005E6CA
00000005B032
00000003ED8D
FFFFFFF101C1
00000018C105
00000014B0DD
FFFFFFF79BC2
00000028916F
FFFFFFC1F1F9
FFFFFFB6927C
000000576D27
0000001BB4B1
FFFFFFE9C25C
FFFFFFE64CDB
FFFFFFE7F059
FFFFFFD0BBAD
FFFFFFD99D41
FFFFFFF0681D
00000029CC98
FFFFFFF0A872
000000095295
000000526E89
00000058C592
000000099D24
0000001E7574
FFFFFFE71EDC
FFFFFFF56938
FFFFFFE20C0F
0000001A6B8C
FFFFFFFAD6F1
FFFFFFEBA351
000000073E7F
00000035C51B
0000001D31AD
0000001D8049
FFFFFFFB55A2
000000518EB5
FFFFFFFCC9FD
FFFFFFE17720
FFFFFFD88A7D
FFFFFFF4F8B5
FFFFFFF2B6FF
0000000484AB
000000121BBA
FFFFFFF3F92B
FFFFFFF701CA
00000031E3F1
00000021A63E
0000001DF8AD
0000001C4AFB
0000006B1949
FFFFFFFADDBA
FFFFFFC10647
FFFFFFE3B301
00000016D974
FFFFFFFD0CAE
FFFFFFF18F61
000000341EF9
000000276E8F
0000002185F1
0000001A18B7
000000408400
0000007C0CDC
00000031E810
FFFFFFFC4C43
FFFFFFD778AF
FFFFFFE0715B
FFFFFFDFAB66
FFFFFFED1172
000000348FC9
0000000E1755
00000010779B
0000001C3EF8
0000000F2FFB
FFFFFFC4D82B
FFFFFFB0F737
0000006A187F
0000003CD94A
FFFFFFE9D40A
FFFFFFD709E2
FFFFFFD2F750
FFFFFFDB76D8
FFFFFFE7ACC9
FFFFFFC999D2
FFFFFFC7F3AC
FFFFFFF52A00
FFFFFFDCE9E4
FFFFFFD0BB93
FFFFFFD5C9DB
FFFFFFC12C24
0000000049E5
FFFFFFF2560A
FFFFFFCE1670
FFFFFFF1920E
FFFFFFECFE04
FFFFFFD1F37F
FFFFFFAC99A8
FFFFFFD8EB58
FFFFFFBF199D
00000004B36F
FFFFFFC8337F
FFFFFFE27340
FFFFFFE14785
FFFFFFC620CA
FFFFFFB64AC5
000000100425
FFFFFFE29916
00000002E918
FFFFFFB8B741
FFFFFFCF3308
FFFFFFC9C264
FFFFFFE803CF
FFFFFFDE647E
FFFFFFD4B47F
FFFFFFD750C0
FFFFFFE89727
FFFFFFD883F8
FFFFFFE6D141
FFFFFFCD05F4
00000003DDBA
FFFFFFEFA788
FFFFFFF8DEE8
FFFFFFC6B074
FFFFFFC66523
FFFFFFD989E7
FFFFFFDFB7F8
FFFFFFCA166B
FFFFFFC406B0
FFFFFF8A32C5
FFFFFFEA9D86
00000038311E
0000001E2F40
FFFFFFB81CD9
FFFFFFFCB14F
FFFFFF9353AE
0000000D95A0
FFFFFFE34024
0000005BD8ED
000000604933
00000010BD08
0000000F7474
FFFFFFF52126
FFFFFFAE00E9
FFFFFFF00B6E
0000003CE562
00000078CC89
FFFFFFCFB2F7
0000000D49D0
FFFFFFA36210
FFFFFFF8E75F
FFFFFFEBEB34
00000011A4D9
0000001346A2
FFFFFFDB7BB1
0000000107FC
FFFFFFF0E594
FFFFFFCA605E
FFFFFFD4C0F0
0000000E909F
0000003268AC
FFFFFFD23C06
000000086BCE
FFFFFFEBCFEC
FFFFFFE19F35
FFFFFFE20156
0000005F9F9D
00000010CB9F
FFFFFFE839CD
0000003509A0
00000045E28A
0000003A12B3
FFFFFFF795F9
0000002929D1
00000050E408
FFFFFFB93165
FFFFFFE8A929
FFFFFFF64679
FFFFFFD62A31
FFFFFFC7BA9A
FFFFFFF621E4
FFFFFFE40369
000000032A2E
FFFFFFF59EEB
FFFFFFDADBCC
FFFFFFD5A060
FFFFFFDD6871
FFFFFFD62B33
FFFFFFE3AE4E
0000000CDC92
00000018538B
FFFFFFE04CB9
000000276222
00000026D0C8
00000031BEA1
0000003AFDA9
000000583DB9
000000122B7D
000000309F94
0000002A20A8
000000303818
000000204FF2
00000016F630
00000009D022
FFFFFFFB0118
FFFFFFB45A5A
FFFFFFE5AA26
0000000E53DA
0000000280C4
000000198E8D
0000000ECDC6
0000001B075D
00000031E0C8
0000000E12EB
00000025C163
0000001056EA
000000092027
00000017199F
FFFFFFF247E8
FFFFFFB25E2E
FFFFFFAC5953
FFFFFFC869E9
00000008F53F
000000154AA7
000000194818
0000000DB222
000000143A8F
00000000B4D6
000000048737
00000001FBC8
000000116B97
000000058CE4
FFFFFFDFD0D3
FFFFFFED3425
FFFFFFEB82F6
FFFFFFFE20BC
FFFFFFF327CD
0000000D6AB6
00000015573B
0000002685FE
0000000E3E0A
0000003ABC3A
000000084048
0000000F2CCD
0000001A2A64
000000111898
0000001AC0DE
0000002AE21F
0000000B43A8
FFFFFFF719B1
FFFFFFCB8DA6
0000000E1816
0000002AEB1D
0000002914A6
0000001EF36D
0000001E96CD
000000139D51
0000000D07D5
FFFFFFEC412C
00000035692E
FFFFFFFE2E0F
0000001249B5
0000000786B4
000000193746
FFFFFFE2E81E
FFFFFFD96D1C
0000001B4976
FFFFFFE658ED
FFFFFFF06FC2
FFFFFFEC2319
FFFFFFEAC0AE
FFFFFFDFD20B
FFFFFFF05E39
00000027676F
0000000EE0AF
00000007051C
FFFFFFFEB020
000000040839
000000022624
FFFFFFA3E2F8
FFFFFF9C27D8
FFFFFFE2BDB1
FFFFFFDF4734
FFFFFFDE18C7
FFFFFFE2CA7F
FFFFFFCF82D5
FFFFFFF4848D
0000002CF1DC
0000000C91B3
00000006FF92
0000001ABF66
0000001E0591
0000000D9BE0
FFFFFFE23FF6
FFFFFF97785F
FFFFFFD385C7
FFFFFFD2B90E
FFFFFFD674C5
FFFFFFEE9DCB
FFFFFFE5BEA7
FFFFFFE06C43
0000000297D2
00000042EB0D
0000004BF7E8
000000277CE6
00000007A6B0
FFFFFFFA6191
00000003DDFE
FFFFFFC23DF7
FFFFFFB0FAA6
FFFFFFD5DAD1
FFFFFFD21844
FFFFFFDA6C68
FFFFFFCA34A5
FFFFFFCECD65
FFFFFFF104D5
0000002B180A
00000071E20C
00000058EDBB
00000019BA3A
0000000C3503
00000001B6D6
FFFFFFF426D8
FFFFFF940FB5
FFFFFFC55AE4
FFFFFFF17AFC
FFFFFFDE64D4
FFFFFFD11AA8
FFFFFFE10797
FFFFFFCE9B42
FFFFFFF099EC
00000068E5F7
0000007C24D2
0000003F5CC3
00000011941E
FFFFFFFCD5B4
FFFFFFEE8B8A
FFFFFFCD6F37
FFFFFFCB5C7A
FFFFFFDE5D91
FFFFFFC63F94
FFFFFFBCBBE4
FFFFFFEDFB2D
0000001B53A7
0000001384F9
0000002B9AE0
0000004B67C2
0000004E858C
000000342D56
0000003E242E
0000002066C2
FFFFFFE4E234
FFFFFFE6C6E5
0000000BE6A4
FFFFFFFEBB3C
FFFFFFCD04CC
FFFFFFF86A28
FFFFFFDB76A2
FFFFFFE1712B
FFFFFFEBF358
FFFFFFEE4307
FFFFFFE6D257
0000000B0E0C
0000004FE8D5
0000001FF04B
FFFFFFE5CFB3
FFFFFFF9CB98
00000029FF11
0000002D4991
00000003AE0A
FFFFFFF99576
FFFFFFBF76F1
FFFFFFD14F1F
FFFFFFBC86A5
FFFFFFC64258
FFFFFFE678A4
FFFFFFCF8831
FFFFFFDC02B2
FFFFFFE8ABA7
FFFFFFED5EF8
FFFFFFCD4435
FFFFFFE3903D
FFFFFFC638DA
FFFFFFBB2B52
FFFFFFD4B38D
FFFFFFFB19C2
00000023990F
000000014CE3
0000001795ED
FFFFFFD8D841
00000010B2D8
FFFFFF93D021
000000414401
FFFFFFD99293
0000001EBB30
FFFFFFD9FA6A
FFFFFFEA2CA8
FFFFFFF04F24
FFFFFFF8C966
FFFFFFFC8791
FFFFFFE40E25
FFFFFFB8880D
FFFFFFEC900A
000000403524
0000000F6838
FFFFFFF1DBEA
FFFFFFDDA7AF
0000000F3380
FFFFFFC44164
FFFFFFB4D641
FFFFFFF55EEE
FFFFFFF2AD0D
00000013A7EB
FFFFFFD89E7C
FFFFFFB03B6C
FFFFFFC0CDEC
FFFFFFB32465
FFFFFFCC4F0F
0000003CBACE
000000313EF6
FFFFFFCC6B82
0000002AD9B9
FFFFFFF243F2
FFFFFFEA5D6C
FFFFFFB9F520
FFFFFFFCB0E9
FFFFFFB639A5
000000769C27
FFFFFF980104
FFFFFF9E23C9
FFFFFFAA6931
FFFFFF8C88AC
FFFFFFD24148
FFFFFFF2624C
FFFFFFFB4D80
FFFFFFF8356F
000000164B28
000000050BDF
FFFFFFF84DFD
000000584716
FFFFFFD98C51
FFFFFFE7E40F
FFFFFF889453
FFFFFF91EF5E
FFFFFFB31BC4
0000000229EB
FFFFFFBDA4AA
FFFFFFD07E77
FFFFFFF68A91
FFFFFFBE157A
FFFFFFE365FD
00000005F0F3
FFFFFFE0A56B
0000000F2B13
0000006B648E
0000000EDC0A
00000015D3A7
FFFFFFCCB038
FFFFFFC51576
FFFFFFD1D8A1
FFFFFFB75EFC
FFFFFF96DC76
FFFFFFB0D552
00000024B520
00000018FBED
000000194E9D
FFFFFFF60C07
00000002682E
0000000A0B19
FFFFFFDE5CAF
00000000C895
FFFFFFFBFCF6
FFFFFFFA5B12
FFFFFFEA2F6B
FFFFFFB744FB
FFFFFFC0977D
FFFFFFDA0384
00000044AEC9
0000003B4234
FFFFFFFB5186
00000012A77A
FFFFFFFCE556
0000000F1410
FFFFFF946279
0000001E1043
FFFFFF99B285
FFFFFFD148CF
FFFFFFC84E1D
FFFFFFA1221A
FFFFFFB3B85E
0000000D833B
FFFFFFD0A91D
000000138120
000000125511
00000038BBBD
FFFFFFEFB772
000000216316
FFFFFF895ECA
FFFFFFDAD5AA
FFFFFFC01144
FFFFFFD3BCEC
FFFFFFAC3C68
FFFFFFE528A2
FFFFFFE2DF95
FFFFFFF328A4
FFFFFFCE49C5
FFFFFFE92DCB
FFFFFFE47D50
FFFFFFF757AA
FFFFFFEC1E93
000000141883
FFFFFFF95205
FFFFFFC3EB6E
FFFFFFA1C1D8
FFFFFFA185A1
FFFFFFE723D0
000000058116
0000001106F0
FFFFFFEDA013
FFFFFFECC3AD
FFFFFFA5EB40
FFFFFF24A62D
FFFFFF482FEB
FFFFFF9645EE
000000195940
0000000D6BE5
00000040EA30
FFFFFFDDB113
FFFFFFF1E065
FFFFFFAEF997
FFFFFFE503BC
000000026EE9
FFFFFFE12241
FFFFFFF96B8D
00000000A8B0
FFFFFF97BF79
FFFFFFD5456D
FFFFFFCA6F8A
FFFFFFF900C9
0000002C68EA
00000055069D
0000000D7003
FFFFFFDEAC56
FFFFFF9FA9EC
FFFFFFB2DFBA
FFFFFFFAE820
FFFFFFD6D2A0
FFFFFFFD972C
FFFFFFACB6F1
FFFFFFB9EA94
FFFFFFD0E6F7
FFFFFFCBABB3
FFFFFFD0DECF
000000203E8F
0000000A82D8
FFFFFF835326
FFFFFF7E73A5
FFFFFF8635FA
FFFFFFB2EE1B
FFFFFFB6362F
FFFFFFB2AD67
FFFFFFEFF67F
FFFFFFA07008
FFFFFFAAB420
FFFFFF7D0910
FFFFFF8CF741
FFFFFFCAB449
0000002A550B
FFFFFFD6C77E
FFFFFFDD451B
FFFFFFD3B542
FFFFFFF2C998
00000029B505
FFFFFFAD69AD
FFFFFFC3E86D
FFFFFFB957E3
FFFFFFB60526
FFFFFFD807F2
FFFFFFC7B809
FFFFFFFB7D40
FFFFFFF2F148
000000358E54
00000037EA21
FFFFFFF2F91D
0000004055D3
0000004AD4DF
0000002FB7A5
00000059F3CE
0000005E710F
0000004DCE7A
0000004F36FA
000000604162
000000459246
000000567654
0000004DE838
0000003A67E8
00000009AE85
FFFFFF976D03
FFFFFFDB6C47
00000003C3D0
0000003544E4
000000693D19
00000059C60F
00000036360E
00000047240A
000000448496
00000039D91F
0000005A20D0
000000649039
00000050FC1E
FFFFFFF51741
FFFFFF8A4733
FFFFFF5AF0B3
FFFFFFDAFADB
00000049AFC6
0000005DB930
0000006BE4C8
0000004F24B7
00000035C46C
0000004F4265
0000004D017F
00000055D3C8
0000005D74A1
0000007798D1
0000004A7191
FFFFFFC372AE
FFFFFFBD17AE
FFFFFFC2A3ED
FFFFFFF00A9F
0000007147FB
0000005C103F
0000003B1E4A
0000004477BF
00000062BE21
00000053C16B
0000004DC4DC
00000071CF2B
FFFFFFF3388C
FFFFFFD11930
FFFFFFE886B0
FFFFFFB4A3C5
FFFFFFA2BE75
FFFFFF8EB586
000000531E9D
000000328B78
0000002C5057
0000004E2B2F
00000068934F
00000066122B
000000496C43
00000037ADF1
00000014D114
FFFFFFA82359
FFFFFFBCA531
FFFFFFA64762
FFFFFFB94140
FFFFFF8E6C5B
FFFFFFC5BDA1
000000197FF8
0000002962CA
00000036B955
0000003CE784
00000053518C
0000004FA195
0000005D52AE
0000002973D3
FFFFFFC365D7
FFFFFFC54D6E
FFFFFFA4E659
FFFFFF996209
FFFFFFB9D807
FFFFFF5E9BA8
FFFFFFA73E8D
0000005B6933
000000398FB4
0000002FA0B4
000000373381
0000004B6D6F
00000052654E
00000009169E
FFFFFFB64382
FFFFFFC6860B
FFFFFFCAE08E
FFFFFFDB2E5C
FFFFFFAC61E1
FFFFFF88188F
FFFFFF71C11D
FFFFFFFC42F2
00000052EF81
0000004397E0
0000003CEFCC
00000055FF3A
0000005F461F
00000039284C
FFFFFFF8FAA6
FFFFFFEB7D7D
FFFFFFDD3EA3
FFFFFFC455A6
FFFFFFB375E9
FFFFFFB65C7C
FFFFFF7EFAF6
FFFFFF991D38
00000033E14D
0000003145C7
0000002B9BD5
0000003AA19E
00000045C312
00000078CBF7
00000066D244
FFFFFFFFCCCF
FFFFFFE4CB85
FFFFFFC6080C
FFFFFFA46E55
FFFFFF8A97F6
FFFFFF9889BB
FFFFFF7AEAB4
FFFFFF9FE1E2
FFFFFFCBD1BC
FFFFFF80C319
FFFFFFB3BD1D
000000165AA7
00000067B2C5
000000694EDD
000000071B75
FFFFFFFFDEF5
FFFFFFF8F9AA
FFFFFFC91F75
FFFFFFB9DEE4
FFFFFFB3FC70
FFFFFF8E634C
FFFFFF7ABC25
FFFFFFA0BBE0
FFFFFF7524E0
FFFFFF62BE0D
FFFFFFE51121
00000058CBAB
0000004B5AEF
FFFFFFF0A5E1
FFFFFFFD11CA
0000001E14B7
FFFFFFC95FEE
FFFFFFD9ED86
FFFFFFB9903A
FFFFFF992F8F
FFFFFFAB614D
FFFFFFB506BD
FFFFFF9BA5D4
FFFFFF7CDC66
FFFFFF9504B6
0000004FC67C
0000003257A2
000000373FBE
000000331815
000000453A51
00000011D9E2
0000000FD9E9
FFFFFFC2B254
FFFFFF9DC03B
FFFFFFBC39F4
FFFFFFD9249A
0000000580B1
FFFFFFCC5AEC
FFFFFFBA5410
000000323453
0000004E245D
000000532E75
000000449AE2
0000004239BC
0000001FD617
0000003D6B80
000000148611
000000244FFF
00000026E9CF
00000029FD25
00000017932A
0000002AF602
00000023BEAE
000000265F0B
FFFFFFE2FCC9
0000008717FD
FFFFFFDED08D
0000001A9891
FFFFFFE9EA91
FFFFFFF588A4
0000005F7F8D
0000002414CE
00000015C570
0000003804F8
0000001556BA
FFFFFFE338D4
FFFFFFD36521
FFFFFFFEA7B0
00000020631D
00000085DC02
0000000C608F
FFFFFFE20E21
FFFFFFEDE611
FFFFFFF149B1
FFFFFFF5BC1F
FFFFFFEDD368
FFFFFFC75E4B
FFFFFFDBB177
FFFFFFBAF0FE
FFFFFFC98B92
FFFFFFD307E0
FFFFFFE80C50
00000050FB32
000000133113
FFFFFFD2023E
0000000EE1B8
00000008D2F3
FFFFFFE8C8D5
FFFFFFEBBD1F
FFFFFFF19741
FFFFFFCBB5E6
FFFFFFC4705B
FFFFFFF1CB5C
FFFFFFE9CAB8
FFFFFFC36839
0000002CF6C9
0000008BA4FB
FFFFFFE25B7A
FFFFFFB91A3E
FFFFFFED6BA6
FFFFFFF616D7
FFFFFFC0AE96
FFFFFFFCEBA8
00000011DA41
FFFFFFDCD379
FFFFFFE9DB79
00000010E678
FFFFFFC95A98
FFFFFFEDA949
000000999D7B
0000001B4D9C
FFFFFFB30DB6
FFFFFFF5CB52
FFFFFFEBF7F5
FFFFFFD9BCBF
FFFFFF9BBF23
00000015B3DA
FFFFFFD57381
FFFFFFCEE552
FFFFFFEE622C
FFFFFFF15AAF
FFFFFFD495DA
0000000FFFD6
0000003ACB6A
FFFFFFC31BD7
FFFFFFFFEBD7
00000014922D
FFFFFFF0F38F
FFFFFFB9E576
FFFFFFD45BC9
FFFFFFCFCEB7
FFFFFFAF6DA6
FFFFFFB7482D
FFFFFFAC30FA
FFFFFFD499D4
FFFFFFFFB772
0000002BAC00
0000005A70B7
FFFFFFF895D1
FFFFFFFD8BFD
0000000E16A8
0000001B7437
000000000BDD
FFFFFFCEEA32
FFFFFFECDD23
FFFFFFD123BD
FFFFFFB7183F
FFFFFFBD99CE
FFFFFFC73DDC
FFFFFFE0B9A3
000000329AA9
00000045043E
000000149BFC
0000002FFCF6
FFFFFFF76ECC
0000003C2EBA
0000003C23D3
000000069AE9
FFFFFFC520F2
FFFFFFC1ADA8
FFFFFFDF10C1
FFFFFFBB4B6A
FFFFFFC1272B
FFFFFFF601B8
00000011381E
FFFFFFF47F39
FFFFFFC89884
000000245D85
000000039081
000000493BF7
000000267EE4
FFFFFFFE9A08
FFFFFFBE9EA8
FFFFFFBB8C8C
FFFFFFDBE7C7
FFFFFFBEB8CA
FFFFFFDD950C
FFFFFFD82694
FFFFFFED598A
00000003A150
FFFFFFDEA4B8
FFFFFFDC4B9C
FFFFFFE4E099
FFFFFFDC92AB
FFFFFFF785A3
FFFFFFDB5C7A
FFFFFFAD848B
FFFFFFC50C39
FFFFFFD40A0D
FFFFFFC1B57B
000000545049
FFFFFFE5336E
FFFFFFD4A1DC
000000220730
0000000029F1
0000004939DF
FFFFFFDA87B7
FFFFFFFC57B6
FFFFFFDD575C
FFFFFFF004AD
FFFFFFB8349B
FFFFFFB791D5
FFFFFFCE82BF
FFFFFFD0CB4E
FFFFFFDC9752
FFFFFFB8DC41
FFFFFFC3A7C5
FFFFFFF3170D
FFFFFFF6C7F9
0000005A2475
FFFFFFDEDECC
0000003245D8
000000167FE6
FFFFFFF61C06
FFFFFFBCC343
FFFFFFB9F297
000000282797
FFFFFFF4DEFC
FFFFFFA4B1EF
FFFFFFB6E83C
FFFFFFD1FA53
FFFFFFDB7A4F
FFFFFFCD479F
FFFFFFDB1763
FFFFFFD08569
FFFFFFF566B4
FFFFFFF9FB19
0000001EC7B4
0000000720E5
FFFFFFB13492
FFFFFFBB923E
FFFFFFB9E8D1
FFFFFFAD07CB
FFFFFFDEAFA3
FFFFFFC9A33A
0000000638B9
000000045B21
FFFFFFC2B3C3
FFFFFFDE070D
FFFFFFF989B3
FFFFFFBD9D65
FFFFFFDF8B40
FFFFFFD80EF2
FFFFFFA9F2DB
FFFFFFCB1CE0
FFFFFFD12F62
FFFFFFE80F9D
FFFFFFF02263
FFFFFFC52F3A
000000066060
FFFFFFE86FA6
00000033F0F4
FFFFFFDAAC83
FFFFFFC683BC
FFFFFFAEF422
000000268ACC
000000124264
000000073AE7
0000003BD5ED
0000004FFB79
0000004E42EB
FFFFFFE8DF94
0000001D9E9F
000000052DA3
0000005AA709
000000398AE6
FFFFFFE5C8B1
FFFFFFF3ACC2
FFFFFFF5C2F3
FFFFFFE00598
FFFFFFFC4B1F
FFFFFFE5ABFE
0000001C1027
0000002B0B6E
0000001F02A5
000000276D6E
0000002AFFE0
0000002B8A7A
00000059E4A5
00000015E090
FFFFFFF67BBA
FFFFFFE8B44D
FFFFFFFC2E8E
FFFFFFE79536
00000032C2CC
FFFFFFF42015
FFFFFFFE29D5
000000303E39
000000021ACA
FFFFFFEDD24A
FFFFFFF798F6
FFFFFFF37A4A
000000156B2C
000000028AE9
0000003272C8
000000427187
0000003190ED
000000159681
0000000EA50D
FFFFFFFEA5B0
FFFFFFE4E107
0000003B36CB
00000018AB36
FFFFFFE4A0FD
FFFFFFD48437
000000348E1D
FFFFFFF66672
FFFFFFE1E7D0
0000003B5BB0
000000239E48
00000012FE91
FFFFFFFE9458
FFFFFFE4110A
FFFFFFFA0EF8
00000012EAB6
FFFFFFEC14B3
FFFFFFDD3E4B
000000176D46
FFFFFFCD9A4A
FFFFFFE7D138
FFFFFFE233ED
FFFFFFEF41BA
FFFFFFFEC1CE
000000185A3D
0000001F39BA
0000000332F5
FFFFFFEAE61A
0000000F1D29
FFFFFFEA762B
FFFFFFC8F606
00000000169B
000000116097
0000000F4160
FFFFFFF9E6D5
FFFFFFBF87C8
FFFFFFDC3787
FFFFFFFE3F33
0000000C5CD4
FFFFFFFE2776
000000069668
FFFFFFD10BDD
FFFFFFB75F40
0000000128D8
FFFFFFF788E1
FFFFFFFDC36B
FFFFFFD5BCDA
FFFFFFEC6C05
FFFFFFDE2D57
FFFFFFB366BC
FFFFFFE1FC97
FFFFFFE96D44
0000000A1C3A
00000001C1AF
0000000D90B5
FFFFFFEF0A8E
000000030F18
FFFFFFC88533
000000048090
FFFFFFCFB55A
FFFFFFEC62EC
FFFFFFEC39B6
FFFFFF9C7A58
FFFFFF8C24D7
FFFFFFDC0FED
FFFFFFDADF3E
000000051E0E
FFFFFFF9587C
00000010E6B0
FFFFFFFDE2BF
FFFFFFF18D9F
FFFFFFE274B4
FFFFFFF07D5A
FFFFFFE2779B
FFFFFFD70849
FFFFFFD33BBC
FFFFFFE085B0
FFFFFFB30460
FFFFFFCAB1D7
FFFFFFB4AC81
FFFFFFCCC2AF
0000000C70E4
0000002CF4CF
0000001E53C4
FFFFFFFBFA44
00000026B668
0000005E0839
0000001EEC19
FFFFFFBA812A
FFFFFFD7CAE2
0000001B5FBA
00000000FA23
FFFFFFD32432
FFFFFFC5EE36
FFFFFFBBAA67
FFFFFFBF9A6C
FFFFFFF4D189
000000175F8E
FFFFFFF17F85
00000016FC77
00000050C5A5
FFFFFFF9DD16
FFFFFFD44D1B
FFFFFFB8BB68
FFFFFFF9BC6E
FFFFFFEEDF0F
FFFFFFD8CA4E
00000039F9AC
FFFFFF8F2213
FFFFFFCA396B
00000010629D
000000045191
FFFFFFED1AD8
000000020576
FFFFFFE60ACF
0000000F5D16
000000116A41
00000018951D
FFFFFFFF924C
FFFFFFD6A075
00000016BB31
00000044EE3F
FFFFFFAE68CD
FFFFFFB3CE6C
FFFFFFAEAF89
FFFFFFE1D111
0000003C9774
00000057C3C8
0000001B49C3
00000037ABA9
0000001D2D88
00000023E024
FFFFFFE53654
FFFFFFAD261E
FFFFFFD1AD8C
FFFFFFDCFADF
FFFFFFCE0515
FFFFFFC2F42D
FFFFFFAB3996
FFFFFFC4C01F
000000115184
0000001D9618
FFFFFFFD6539
FFFFFFE5A80C
FFFFFFD4E4AC
FFFFFFB2BD92
FFFFFFAA092A
FFFFFFA21B87
FFFFFFBE2C0E
FFFFFFBE5543
FFFFFFAEBFED
FFFFFFB14080
FFFFFFA5831E
FFFFFFD3567C
FFFFFFB61E12
FFFFFFB757E6
FFFFFFA11535
FFFFFF8EB27F
FFFFFF8A4050
FFFFFF920688
FFFFFFBC0882
FFFFFFB94D5C
FFFFFFC6117B
FFFFFFE62510
FFFFFF9B696C
FFFFFF90DAE0
FFFFFFB03514
FFFFFFB2F7A2
FFFFFF9E23EB
FFFFFFC0DBF2
FFFFFFA6C125
FFFFFF8DD119
FFFFFFA099CE
FFFFFFA409D2
FFFFFFB15F2F
FFFFFFC98A30
FFFFFFCF4541
FFFFFFF85773
FFFFFFEAE297
FFFFFFDBB67B
FFFFFFADAA3D
FFFFFFC45A1C
FFFFFFAD1B71
FFFFFF9DE9ED
FFFFFF980A89
FFFFFF9FBFBB
FFFFFFA5983C
FFFFFFB5E8C1
FFFFFFD51068
FFFFFF9E50C0
FFFFFFFEC077
FFFFFFD54373
000000423F06
000000338CE9
FFFFFFC4E8CE
FFFFFFB1387D
FFFFFFB4456C
FFFFFFA87065
FFFFFFC25134
FFFFFFB98C3E
FFFFFFB100BB
FFFFFFC09CB3
FFFFFFC3CEFA
FFFFFFACD6E7
FFFFFFFAC86F
FFFFFFE7A8A4
0000001CDD46
000000166B5A
FFFFFFD62670
FFFFFFD1ABDC
FFFFFFDCA7A5
FFFFFFD0963B
FFFFFFC1BB84
FFFFFFBA6B4A
FFFFFFC0884A
FFFFFFB00F53
FFFFFFECA360
FFFFFFF40AE8
FFFFFFEABECA
00000012324A
00000029E430
00000044E34C
00000010D2A5
FFFFFFC86D66
FFFFFFBB5C8A
FFFFFFD56261
FFFFFFD2D1E7
FFFFFFC9AC2B
FFFFFFC9B31C
FFFFFFD817A9
FFFFFFCC2DF2
FFFFFFFF87FA
FFFFFFEDC2FC
FFFFFFFFCDF4
000000191B4F
0000003691FE
0000002347E6
FFFFFFFE20B1
FFFFFFCCAE3A
FFFFFFD1DB09
FFFFFFB66112
FFFFFFC74B25
FFFFFFDF724C
FFFFFFD3297E
FFFFFFB85664
FFFFFFC4B428
FFFFFFDA3D22
FFFFFFFD428C
000000258A59
0000002D5420
00000005BF92
0000000A1889
FFFFFFEC0172
FFFFFFB7F160
FFFFFFC246BA
FFFFFFB45BCF
FFFFFFDD7A8E
FFFFFFB8EA87
FFFFFFAFC59B
FFFFFFD414D1
000000056CFD
0000000410B6
FFFFFFF63E11
FFFFFFF578A3
0000000E90BF
00000001A70D
00000032AB14
FFFFFFB5F556
FFFFFFC52CC3
FFFFFFB2615B
FFFFFFCA3FCA
FFFFFFBCEC66
FFFFFFC21411
FFFFFFC08FA4
0000000DDCDA
0000001DF073
FFFFFFE1D01E
FFFFFFECC1AA
0000000B8BB3
000000187F96
0000001102F4
FFFFFFED18B6
FFFFFFCBFF36
FFFFFFCBDD5D
FFFFFFD0AF6E
FFFFFFD4E648
FFFFFFB589C3
FFFFFFC24179
0000000AB090
00000011AAA9
FFFFFFECDAF0
0000000B6BF0
0000001EBA08
000000099EC1
00000001495D
000000149298
FFFFFFF249BA
000000014B8B
FFFFFFDDF53E
FFFFFFDFE09A
FFFFFFBA176E
FFFFFFED3065
FFFFFFDDAF9C
FFFFFFC1CC2A
FFFFFFE64AC3
FFFFFFEB68E9
FFFFFFE4BCD2
FFFFFFEC2767
FFFFFFE20F0A
FFFFFFDF5671
FFFFFFDC43E8
FFFFFFE0F169
FFFFFFD04E07
FFFFFFEA6337
FFFFFF987A52
FFFFFFAFBD8E
FFFFFFB90857
FFFFFF9B4021
FFFFFFBCA4A9
FFFFFFA677D3
FFFFFFD957B6
FFFFFFC2EBD2
FFFFFFBE0471
FFFFFFB29AE9
FFFFFF9ABE1B
FFFFFFA53B57
FFFFFFB09C7D
FFFFFFC6076A
FFFFFF8CF292
FFFFFFB208B1
FFFFFFB5BB52
FFFFFFC5FEED
FFFFFFBB28CD
FFFFFF939258
FFFFFF9C5A91
FFFFFF91B753
FFFFFF6D3E90
FFFFFF75F978
FFFFFF86D801
FFFFFFAB9C16
FFFFFFA832A4
FFFFFFB02769
0000001E35B3
000000359EEE
FFFFFFEFA08F
0000001654A9
FFFFFFFE7AC8
FFFFFFE6FB51
FFFFFFE73108
000000142A04
00000025899C
0000000C2DB2
FFFFFFED22DC
FFFFFFEFB56D
FFFFFFE23B2B
0000000F9A54
0000003E0460
0000002020C0
00000033A6AF
0000001B4F69
000000020540
000000243B93
0000000503C0
FFFFFFBD94F2
000000192B17
FFFFFFF1A792
FFFFFFE841D2
FFFFFFF13C26
FFFFFFE1215C
0000001818E7
00000009ADAB
0000004F1834
0000002C0159
0000000ACE0E
000000178182
0000002FFBCC
0000000F2F7C
FFFFFFEC5542
00000023597B
000000269404
FFFFFFFB5150
FFFFFFF61652
000000023679
FFFFFFF8DD30
00000029BB83
0000000E6B63
FFFFFFD5530A
000000189211
00000015352E
00000002E250
0000000608AB
0000000E46AC
FFFFFFF9BA3F
0000000C85A0
00000003B5B5
000000184A13
00000048F189
FFFFFFF8AF97
000000291CAB
FFFFFFD765F6
FFFFFFE7A623
0000004BDCA0
000000534E2B
0000001A118A
0000000A432F
FFFFFFF8283D
FFFFFFC24ACD
FFFFFFCF0BA5
0000000EA68D
FFFFFFFA384A
000000053FC0
FFFFFFF58736
000000210998
0000003A8146
0000002D2473
000000575D33
000000406559
000000414140
00000006156B
0000000E3FDA
0000002311C4
0000001A3218
000000308543
0000001CA0BC
0000002983FE
0000001F4939
FFFFFFEF2EA7
0000001CCAB4
000000511DD6
00000052D64D
0000003CB3B1
00000050B1EE
0000002A82ED
FFFFFFEC1306
000000298499
000000196145
0000002C6BB8
00000037A033
000000355885
00000039CD33
FFFFFFE30B6A
0000001133D6
0000000FF497
00000016B19E
0000000F194F
0000003B1FB0
0000005BDBA7
000000412E76
FFFFFFF5716B
0000002D2EA0
0000002B98BC
00000041A6F1
00000024EA1D
000000325190
FFFFFFEADB45
000000016566
00000032B8B7
0000003A1568
0000004AE347
00000042128C
0000007138F2
0000004E85D1
000000074B01
000000260B3D
00000037AC75
0000001B235D
00000025F292
000000351948
00000016DD67
00000012FCCA
000000379521
000000095689
0000003AC9F0
0000004509B5
000000471116
000000367FEC
00000043A8AC
FFFFFFE7889B
FFFFFFF11E4B
FFFFFFD4AB0D
FFFFFFEC21F4
000000119779
000000162619
000000407E0A
00000030C255
0000003911B0
00000019E0EC
0000000D7A30
00000022502C
00000031A974
00000054AE5A
0000002A5CE6
0000000FB05D
0000000EBF46
0000003DF5D6
00000036F4C4
00000020A1E5
0000002E0C3B
FFFFFFFF8B84
FFFFFFF42D4B
FFFFFFFBAE24
00000020F4CE
0000002B16AD
000000429238
0000006774F1
00000048CE47
0000004DBEFA
0000001BC018
000000296EA4
000000279DFD
0000002AD379
00000025E1A1
FFFFFFEFF662
0000000C0E7D
0000000DE10C
FFFFFFF94F34
00000019DD3F
0000000061C9
000000025EB6
FFFFFFEE85C8
00000008518B
FFFFFFD668E1
FFFFFFE5D362
FFFFFFD10911
00000002D932
0000000A66BD
FFFFFFFA390C
000000009E8E
000000274EF5
FFFFFFD407A4
FFFFFFEBE48B
FFFFFFE08ECD
FFFFFFC18D12
FFFFFFDB3014
0000000B28BB
FFFFFFFAC747
FFFFFFE3BBB5
FFFFFFE25AFF
000000C2048A
000000A97967
00000061328C
00000048A11E
000000856830
00000055130F
0000005DDD05
000000618D59
00000081441D
000000676A7A
0000006AB91A
0000004799B7
0000004FC426
0000007708DA
0000009E6CEB
000000350599
FFFFFF374BBA
FFFFFFA4F7E4
00000010ACF9
00000042A282
00000052CFE1
000000568D8F
0000003122E9
00000043D258
000000511D91
0000004AB5E7
0000005EBEEA
00000091553A
000000797775
FFFFFF8CA645
FFFFFF4C4695
FFFFFF724A2E
FFFFFF4319BC
FFFFFFDFE8F0
00000046AC65
0000004775EC
00000036CACD
00000040FB10
00000038B297
0000002EE936
0000005D2440
000000608177
0000002DE8E7
FFFFFF8ADBBA
FFFFFF79FF8C
FFFFFF7848DF
FFFFFF6769EF
FFFFFFBF2979
000000278F7C
0000003FA141
0000004DAB9F
0000003EBB67
00000032EB9F
00000048F689
000000533F71
00000055A8C7
FFFFFFDA3328
FFFFFFB71B62
FFFFFFF557EC
FFFFFF6B0FB0
FFFFFF76C83C
FFFFFF972F13
0000000E88DB
000000468DDA
00000023F2A5
000000393326
00000037C68B
000000378896
00000046FCA7
00000051752E
FFFFFFBC29AD
FFFFFF9DECF7
FFFFFF78C5CB
FFFFFF60C565
FFFFFF73668C
FFFFFF8A671E
FFFFFF91B783
000000128719
00000052F889
0000005CA1E9
0000005B7FC7
0000004129BD
000000308D19
00000047E50E
FFFFFFC70B22
FFFFFF95A304
FFFFFF9719D9
FFFFFF78B036
FFFFFF76F4D5
FFFFFF824F1D
FFFFFF72711A
FFFFFFA4F0BF
0000000AEE60
00000023E7D9
0000004C0637
00000034AC8C
0000003EE6C1
000000384804
FFFFFFD96A05
FFFFFFA14D04
FFFFFFA1EE06
FFFFFF946465
FFFFFF7AC154
FFFFFF5CBA3B
FFFFFF7A0AF6
FFFFFF7C9E2B
FFFFFFC87222
000000377CF9
0000005204B6
0000002EE763
000000199B50
000000397D21
FFFFFFF2DB95
FFFFFFA94C2B
FFFFFFAEB395
FFFFFF9E5698
FFFFFF9319DC
FFFFFF850C67
FFFFFF7D8B9C
FFFFFF77E2CC
FFFFFF7C656E
FFFFFFF444D6
000000434ADB
0000001BEEED
0000003E682D
0000004259DA
00000055A92A
0000002D69FA
FFFFFFB59BB7
FFFFFFB5F236
FFFFFF9CEA58
FFFFFF8D60D6
FFFFFF72F5D6
FFFFFF7AD765
FFFFFF7CEEA3
FFFFFF5D9CC1
FFFFFFB0AA33
FFFFFF7BC5C1
FFFFFF915BBD
00000006AD86
00000049FDDA
0000005FEBCE
FFFFFFAD1619
FFFFFFE40178
FFFFFFB891FB
FFFFFFA06725
FFFFFF8A0944
FFFFFF80D0B3
FFFFFF76B84C
FFFFFF58F34B
FFFFFF623A78
FFFFFF94BAE2
FFFFFF7ACF58
FFFFFFA77814
000000509F4A
0000003404FF
FFFFFFB669A3
FFFFFFD9146E
FFFFFFED9C1B
FFFFFF9F7941
FFFFFFAC0B4A
FFFFFF88FE5C
FFFFFF87B69F
FFFFFF5E29A6
FFFFFF79A1BE
FFFFFF8CD463
FFFFFF944900
FFFFFF8CD1F9
0000003F19BB
0000001F29E4
000000067190
000000588C6A
000000505A46
FFFFFFC73D86
FFFFFFEE21E4
FFFFFF83D6C8
FFFFFF5E3BD2
FFFFFF8CA94B
FFFFFFCE8295
FFFFFFD8B03C
FFFFFFB4A5F0
FFFFFFA6F2B0
0000002FCD70
00000040A941
0000003DE0ED
00000024DB78
00000056E4BB
0000002D6211
000000206D05
FFFFFFFED5AF
00000017A103
0000004305ED
00000036B99D
0000003A3612
00000037D174
000000399729
000000296FB0
000000746F3D
FFFFFFA8158B
0000008BC72C
00000067269F
0000008E89B4
0000005BA316
FFFFFFF27EA7
00000045B3F5
000000085693
FFFFFFD6BE9A
0000000AEA8E
0000006F7A1B
00000081F26B
0000005E1698
FFFFFF77C23E
FFFFFF5BA7F1
0000006960B3
FFFFFFB394D0
0000005A2C18
0000005FE788
00000022CC4A
00000096114C
00000063563D
00000024872D
0000004A633A
00000011665A
00000039B867
00000035D0E0
FFFFFF6D7E88
000000209338
0000005610C2
FFFFFF60003B
0000003542AD
00000068ADDB
00000025A053
0000002E9A57
0000007F8A3F
000000222381
000000280273
FFFFFFEB7C27
FFFFFFFCF29A
FFFFFFD67E31
FFFFFF7FF84E
0000000760A5
00000006054C
0000000554B3
0000003C2621
000000476CD0
FFFFFFF91783
00000010DCBF
000000A775DF
FFFFFFF075D4
000000015DCE
0000003373B7
FFFFFFD3E7D0
FFFFFF545BA6
0000001B3BD2
FFFFFFDC1243
FFFFFFD3408E
000000038248
00000049647D
000000176966
FFFFFFF72082
FFFFFFFDCF07
FFFFFFCF0B17
FFFFFFD2724C
0000004EA0F0
FFFFFFC5303E
FFFFFFE86932
00000015DCE2
000000789806
FFFFFFE9BA36
0000001B1E28
FFFFFFF41286
00000047FDEA
000000902747
00000058A6FD
FFFFFFE126AE
00000026895A
0000007E78BF
000000468AD1
000000281AC0
0000002D148A
FFFFFFCB89C4
0000001B9905
0000002DE648
FFFFFFF65ACF
FFFFFFF5A09D
0000002E3199
0000009C9C51
000000D29646
0000008A7C5C
0000006491E1
0000006EFDB0
0000004E399A
00000077E7C4
000000247AC7
FFFFFFE81DC3
00000051EDB4
00000030E88E
FFFFFFF82608
FFFFFF8C443A
FFFFFFFF39CB
000000444CFE
00000096AC2E
000000711C13
000000835AE9
0000004130E4
0000006F055F
00000034C622
0000003CE9B8
000000D0410B
000000A23489
000000193F23
FFFFFFDF02ED
FFFFFFA299FC
0000000B9184
000000277265
0000007D5723
0000008AE052
000000729EC7
00000055F8FA
0000003A8C73
0000006445EE
000000406E9E
0000005FC78B
000000A6A584
000000795E19
0000006D8DCB
000000696826
FFFFFFFFB7FC
00000001AD16
0000002ED1BD
0000008A3926
000000654707
000000026528
FFFFFFC84994
000000552926
00000018CAF1
000000247520
000000292D28
FFFFFFF2F36C
0000004C6782
00000014CBF0
FFFFFFA386A8
FFFFFFDC89E8
00000041DD44
0000007B1D3B
0000005CC5C2
FFFFFFF8E102
0000001CA84A
0000009DD72F
0000008789B9
00000073918E
FFFFFFFD5C9D
FFFFFFB37F40
FFFFFF7BEF4A
000000639576
FFFFFFED54FB
FFFFFFDEE98D
00000046C737
00000079D139
0000000A78A3
0000005CCD44
0000002E734D
000000676980
00000082B7F1
0000004CF9FD
00000010BC82
FFFFFF90112F
FFFFFFB4E763
000000B69BEA
FFFFFFD9A61D
00000022E836
FFFFFFED06EF
FFFFFF96ACE6
FFFFFF4DD8E0
FFFFFFD10FA4
FFFFFFD9D28F
000000108FDC
00000014E7C9
0000004BC66F
000000641F19
000000728CEA
000000A5061C
00000075521A
0000004740F1
00000099F004
0000004A1C06
FFFFFFF557EC
FFFFFFCCE219
00000013A4CB
00000047A7F4
000000781BFD
000000971CB9
FFFFFFCF2135
0000000CD049
0000000EF733
00000017BCB0
FFFFFFC20EBE
00000001B66B
FFFFFFC0CACB
FFFFFFF5C4F7
FFFFFFDE6311
00000023869C
FFFFFFED26AC
FFFFFFDC3AAE
0000001232FE
FFFFFFF0AB56
00000015FA3A
0000004C43C8
000000B826B4
00000070EF99
00000016AE6B
FFFFFFECC087
FFFFFFDDC410
FFFFFFF88C9C
FFFFFFD93CDE
FFFFFFF1D9F8
0000000B2F75
FFFFFFEBE4D6
00000000887B
FFFFFFF158A6
FFFFFFCF9E26
000000889D68
0000007CCA53
000000B6778D
000000CCDFAB
00000052F39B
000000166676
00000009F60F
00000005FC77
FFFFFFEB8BF3
FFFFFFF131C1
FFFFFFEF31A5
FFFFFFC1C332
FFFFFFCE4D9E
FFFFFFF3500B
0000004053F8
00000081675F
0000003AA96A
0000005DA652
00000064A5E1
00000019ACBF
0000002E0992
FFFFFFF8EDE1
FFFFFFF778E7
FFFFFFE66CB7
FFFFFFA5B368
FFFFFFBA4B8B
FFFFFFD6368D
000000562A19
000000178C48
FFFFFFDD54E3
00000039B3A1
000000282EB5
0000007C400B
0000003BC14E
FFFFFFF4C443
FFFFFFE9D41C
FFFFFFF2170C
FFFFFFE58B6F
FFFFFFEBC5D3
FFFFFFDEE6A3
FFFFFFF31402
00000062B3AD
0000004D62CB
00000022080D
00000036D0C0
00000008CB45
00000058C513
0000007F69EB
0000002F73D3
FFFFFFDA20AB
FFFFFFB7B6F6
FFFFFFDBF36F
FFFFFFE02B59
FFFFFFCA0831
FFFFFFBD65DC
0000004B3BFB
000000038ADF
FFFFFFFDCFE7
000000160A68
0000003DFD71
000000300165
0000005F99B1
000000609F82
FFFFFFDF7D00
FFFFFFDEFB9E
FFFFFFB63778
FFFFFFCE223E
FFFFFFB7CC4E
FFFFFFB28098
000000677749
0000000DD45E
0000001BBAEB
000000107391
FFFFFFFF5F51
0000000BFA13
00000017B5AC
000000534E66
0000003F3C2E
FFFFFFF59854
FFFFFF9F190D
FFFFFFBEC251
FFFFFFCA6E65
FFFFFFAEC83B
FFFFFFF6B1B6
0000000F99E9
00000017397B
0000000C9986
FFFFFFE88CB9
000000129755
000000124227
0000003A1150
000000786AFE
000000125001
FFFFFFB58918
FFFFFFF63499
FFFFFFCBF904
FFFFFFB4136A
FFFFFF7CD0CF
0000001FBBEF
00000069E014
0000003225A0
FFFFFFD84CEF
00000004B56A
0000000D2AE4
0000000B094D
0000005DB343
0000005D4306
0000006A43AF
000000450792
00000026360E
FFFFFFFFC02D
FFFFFF85AA57
FFFFFFDD9427
000000763B76
00000079C8BE
0000001CBADA
FFFFFFF7B670
00000024C68C
00000006C755
0000003DE902
00000050ABFC
00000042B843
0000004B4171
00000054C90F
00000041E5B5
FFFFFF7961CA
FFFFFFCE6189
0000003AE01F
0000008C96B1
00000044B7E4
0000006B1D31
00000054A7E0
000000131CB8
0000006562A7
0000003958E7
0000002748CB
0000001654C8
0000005E1AB5
0000003DD940
FFFFFF9C503D
FFFFFFEB7D52
0000000E8267
FFFFFFD3F2F4
FFFFFFC00064
00000051592C
0000000F99FF
0000003A25EF
0000003CCC7C
0000003CF1CC
000000219916
00000014D3A0
00000025BF0D
00000062618C
FFFFFF662184
FFFFFFC83D31
FFFFFFAD1967
FFFFFFC69CA2
FFFFFF9D2C56
FFFFFFBDABE7
FFFFFFDE8F01
0000000242A6
0000000EC8BE
FFFFFFB5DA05
FFFFFFF660DD
FFFFFFB4297F
FFFFFFBF35A5
FFFFFFC382F2
00000067B086
000000605DF0
FFFFFF990372
FFFFFFC606BB
FFFFFFFDD38D
0000006DF767
000000509ACA
0000004C4329
00000079AF91
00000008E01D
00000017232B
0000000F104F
00000054984F
00000009F554
000000615DF6
0000000049B7
FFFFFF9C6D3D
FFFFFFA5FBC7
FFFFFFF44913
0000002DDA02
0000002692CB
0000003E2CB9
000000729D08
FFFFFFD216DC
000000338B1B
00000006CC50
0000002FF34E
0000002F9EA6
00000047AE77
FFFFFFEAA61D
FFFFFFD09AD7
FFFFFFCB8B3C
FFFFFFDDF41F
0000003866B3
00000062D7A1
00000027212E
00000061CD92
00000018DE94
0000001D01B8
0000001909D2
00000061C803
00000040DC61
0000003AEA30
0000001217B4
FFFFFFEE268E
0000000F4C11
FFFFFFE64ED2
FFFFFF5EEF66
0000000FB321
00000015894F
00000048BE2A
0000000FFEB7
00000035EA14
0000002FA1A8
00000080F1EC
0000002AD907
FFFFFFB60539
FFFFFFF913C8
000000123583
000000135C2B
FFFFFFD5B328
FFFFFF83F693
FFFFFFBD0A73
FFFFFFE86B8A
00000026623C
0000002B78FD
0000004CD351
0000004D6C74
00000052EE25
00000089DD98
FFFFFFC0AE91
FFFFFFB64373
FFFFFFB5F1E7
FFFFFFDE828D
00000004D724
FFFFFFCCEDCF
FFFFFF92FB12
0000004061FB
00000043963E
00000034A8E0
0000002A0F47
000000350E60
0000004F7DB2
00000003558B
FFFFFF932D0C
FFFFFF91D83C
FFFFFFD49093
FFFFFFDDB164
FFFFFFCB5FB8
FFFFFFE49AE1
FFFFFFE90599
FFFFFF64DD63
0000002056EB
000000418C06
0000004ADDD4
0000001FDD5C
00000034BEED
0000001D30BC
FFFFFF9BB4CF
FFFFFFA37788
FFFFFFD58B63
FFFFFFBE5C30
FFFFFFAE0028
FFFFFFCD9FB5
FFFFFFF71337
FFFFFFB9F244
FFFFFF945FD5
0000001791BD
000000304FCD
0000004FA625
0000000A882D
0000003AD90B
FFFFFFBCC11B
FFFFFFB787E9
FFFFFFEB5862
FFFFFFBAFB95
FFFFFF97A6CD
FFFFFFD423BA
0000000CA4EA
FFFFFFE2310C
FFFFFFAB2D90
00000013C5C8
00000042AB4A
0000002DE14B
000000284A40
00000043B7A9
00000074D0F7
FFFFFFF17439
FFFFFFD930C5
FFFFFFD7151F
FFFFFFF6FF25
FFFFFFD8A782
FFFFFFEE3CB6
FFFFFFEB88BA
FFFFFFFB2E29
FFFFFF938396
FFFFFF9BBA0B
FFFFFFB35504
FFFFFFA2CF14
0000001884F8
0000003DCA44
0000006CDBE3
00000010C268
0000001B5A64
FFFFFFB413A7
FFFFFF888D1D
FFFFFFDE34B1
0000000E72D9
0000000CA6C0
FFFFFFE414DE
FFFFFFAC95E8
FFFFFFF48021
FFFFFFD77266
FFFFFFF4AE1C
000000745BE4
0000007BD023
0000001E1955
FFFFFFD778B3
FFFFFF91668C
FFFFFFA2423C
FFFFFFE9DF73
FFFFFFD6A27A
FFFFFFEF5047
FFFFFFE7D4C0
FFFFFFE51141
FFFFFFC653C4
0000000E870D
FFFFFF984EB3
00000069EE52
000000388461
FFFFFFE5EC14
0000000FDC61
00000009F349
FFFFFFE49075
0000000EA619
FFFFFFBD8280
FFFFFFE4D29F
FFFFFFC28CA1
FFFFFFEBC3EB
FFFFFFC47C5D
00000035D438
FFFFFFFBB659
00000093524F
0000001B8B6F
000000427914
FFFFFFFC4762
0000002E811C
00000061490F
0000004420DC
0000006C541D
000000461AF5
0000002D46A8
0000006AAA91
00000067B5C5
0000005618BB
0000005D2D8F
FFFFFFAF22DE
FFFFFFC4242B
00000074A432
0000001F57C4
FFFFFFE7EA49
FFFFFFF64401
0000002CDBC9
000000305324
FFFFFFBAA986
FFFFFFB98108
0000000A00A5
FFFFFFFD40D3
FFFFFFF2F8DA
000000093D70
FFFFFFC128F4
00000007A219
000000466D02
0000007A8159
000000749122
0000003181AE
FFFFFFD72E1F
FFFFFFEEE762
FFFFFFE2EE48
FFFFFFC4589B
0000001FB591
00000040CA4E
0000003839D6
FFFFFFE84670
FFFFFFC1BE66
FFFFFFBF8630
FFFFFFBD7BF4
FFFFFFEE46D5
000000093F95
000000278CEF
FFFFFFEC9ECF
FFFFFFC9D12F
FFFFFFA197A7
FFFFFFDB114A
FFFFFFCB7B6D
0000002E63C1
FFFFFFD7C4A6
FFFFFFAC99CC
0000000EC9D9
000000404E22
FFFFFFE977D3
0000000F16B4
FFFFFFC60236
FFFFFFCE1F81
FFFFFF97F8A2
FFFFFFE18A69
FFFFFFE42E10
FFFFFFDCD99B
FFFFFFD2BBA3
FFFFFFF85103
FFFFFFB8760A
FFFFFFF0CB27
0000001978DD
000000685AB1
0000001B78F3
FFFFFFE9EE61
FFFFFFD5AA36
FFFFFFEFE11B
FFFFFFF9EB16
FFFFFFEA1B90
000000417886
0000000ECB24
FFFFFFC330B7
FFFFFFC40EA8
FFFFFFBA10D4
FFFFFFFCC3AF
FFFFFFB46328
FFFFFFD2F512
FFFFFFF59B23
FFFFFFD23F61
FFFFFFC98761
FFFFFFE03094
FFFFFFEE81E9
FFFFFFF0C6E6
FFFFFFBB92E7
FFFFFFD2E900
FFFFFF7FFA1C
FFFFFFABFEDB
FFFFFF8CD8AB
FFFFFFA9EB39
00000030AD31
0000000E962A
0000000356E6
0000002490BC
FFFFFFE923A6
FFFFFFC6C1C8
FFFFFFA0D636
0000005F449B
FFFFFFFC483B
FFFFFFED5037
FFFFFFCD632C
FFFFFFB6C6E1
FFFFFFABC78B
FFFFFFAC392A
000000108405
0000003C99A1
000000158943
00000014050D
FFFFFFFE9BCD
FFFFFFCC7419
FFFFFFC1A066
FFFFFFF36582
0000001C446E
FFFFFFC1F2CB
FFFFFFC9E20D
FFFFFFA8D7C4
FFFFFFB199FF
FFFFFFC35482
FFFFFFF1A088
0000002531C4
0000001F60CB
0000000C6872
FFFFFFEDFCFC
FFFFFFF9B2EA
FFFFFFD9A568
FFFFFFC674AE
FFFFFFF0588E
FFFFFFF4A39B
FFFFFF98B3BB
FFFFFFA50731
FFFFFF98AF59
FFFFFF86196B
FFFFFFA18C59
FFFFFFCDB3CD
FFFFFFC3EFC1
0000000CB253
000000279CD2
0000003300CC
00000031D1A5
FFFFFFEFC230
FFFFFFB8A2F6
FFFFFFED4E43
FFFFFFCF26D3
FFFFFFFF0829
FFFFFFD7328E
FFFFFF7AA943
FFFFFFB47408
00000003B2A7
00000001E238
0000001D8B18
0000002F8E45
000000238272
FFFFFFE699C0
FFFFFFF91E8F
FFFFFFCF1D45
FFFFFFD09876
0000001185D1
FFFFFFD17BFD
FFFFFF8F3A92
FFFFFF75A6FA
FFFFFFC4A0E4
00000026682A
0000005BEF9B
00000010C1FB
000000293E26
0000001D80FA
FFFFFFFB7F7A
000000279AEC
FFFFFFE41134
FFFFFFF8A3EE
0000001AF2C4
0000002E6D8B
FFFFFFA7DA98
FFFFFFB41D24
FFFFFFB4EB48
FFFFFFAB9981
FFFFFFBA3F62
FFFFFF98F50F
FFFFFFAD2B0C
FFFFFFFB1FC9
0000002F6B05
000000346A5C
00000008D359
FFFFFFDED066
FFFFFFF6B3F7
000000139875
FFFFFFB7901B
FFFFFFE1AB8C
FFFFFFB2442A
FFFFFF826886
FFFFFF6544BA
FFFFFF74A226
FFFFFF8B9570
FFFFFFC666AD
FFFFFF69C9B7
FFFFFF943CFA
FFFFFFCC7880
FFFFFFA39F37
FFFFFF6C5F46
FFFFFF79F6A3
FFFFFFC05EBA
FFFFFFA02C38
0000005A4179
0000006A8551
FFFFFFE47E86
FFFFFFFBFF52
0000005F9FFE
0000005E2FDE
0000003A9B00
0000005E57BE
000000192C23
0000005EB7A1
0000004B9D21
0000002D098B
0000003C6A86
00000024C7E3
00000080E339
FFFFFFED56F4
FFFFFF40B12D
FFFFFF63CB3C
FFFFFFCF3CAD
FFFFFFEDE27C
00000027E2AE
0000002A5EB2
FFFFFFFD2CF4
0000002F8264
000000326370
0000003508FF
000000350C0B
0000004DDCBB
0000003D8276
FFFFFF4F6ECF
FFFFFF50776D
FFFFFF83CCD7
FFFFFF343C64
FFFFFFA772F1
00000041E27C
000000291DCA
0000001663F7
0000001A78EB
00000009CB76
000000052F4B
00000002E103
0000000164ED
000000148048
FFFFFF6C310D
FFFFFF88194A
FFFFFFACA34B
FFFFFFACA3FB
FFFFFF9B7BD8
FFFFFFF31736
0000001613D5
000000206DAF
000000151A3A
0000001FCE44
FFFFFFFFFCFA
0000000B31DF
FFFFFFE9E81B
FFFFFFB8C9DB
FFFFFFB0C6AF
FFFFFFBEAEF9
FFFFFFC47269
FFFFFFEF56AA
FFFFFFB8C2AF
FFFFFFC89C72
0000001A25FF
0000001AA4D9
00000026E0AD
0000000C25B4
000000269439
00000003B968
FFFFFFE9B22B
FFFFFFDD281D
FFFFFFF62047
FFFFFFE9B4B4
FFFFFFE100C9
0000000413BF
FFFFFFF90CD4
FFFFFF7FDB40
FFFFFFDF5A60
FFFFFFFE0726
0000000E0E06
00000013B96D
0000000CB855
0000000EB173
000000233435
FFFFFFF7CCC4
000000072581
0000000C2EC4
00000004BB3C
FFFFFFF9F9EA
FFFFFFF2E8F4
FFFFFFC5104D
FFFFFF97F689
FFFFFFBEF4C6
0000002E5182
000000318A90
0000002AA178
0000001E1788
0000002F2584
000000195985
0000002D6792
000000147789
000000007CEA
FFFFFFDCB88B
FFFFFFDF9020
FFFFFFF05D65
FFFFFFC0CC6C
FFFFFF9D726A
0000000C38D0
0000002FC95D
0000001C8F6B
000000095EFE
00000019984E
00000004D04C
0000001D5F6B
0000002E5AD6
0000001FBEA2
FFFFFFF658B1
FFFFFFF13003
FFFFFFF33198
FFFFFFE4A3FB
FFFFFF93BEF7
FFFFFFC1D879
000000018C92
FFFFFFFD9D1A
000000056293
FFFFFFFFE3A6
000000250584
0000002096C3
000000350E3B
00000037F369
000000242E4D
000000195A60
FFFFFFF1A607
FFFFFFF152EF
FFFFFFC1728B
FFFFFF78C3A8
FFFFFFB15288
FFFFFFA4700A
FFFFFF911451
FFFFFFCADEDD
0000000A837D
00000029AA1E
0000000D266F
0000005A5BB4
00000028812B
FFFFFFE82F33
FFFFFFAA0ACD
FFFFFFCC9BDA
FFFFFFD59556
FFFFFFBCDE6D
FFFFFFC32F44
FFFFFFE84021
FFFFFFD02734
FFFFFFA320EB
00000044F5AD
00000018156F
FFFFFFD59367
000000211EAB
0000003C08E3
000000216119
00000002A025
0000000B57DE
FFFFFFF21502
FFFFFFC5ABF2
FFFFFFF8C356
0000000E0353
FFFFFFF409BD
FFFFFFC4E7A7
FFFFFFEDA45C
FFFFFFD4FF53
FFFFFFA80BA3
FFFFFFED7CBA
00000008239E
FFFFFFA3C4FD
FFFFFFEFA89D
FFFFFFF1FF73
FFFFFFABE1FC
FFFFFFB28197
FFFFFFC2B6BB
FFFFFFD17BC0
FFFFFFA40361
FFFFFFA24AF8
FFFFFFC92F97
FFFFFFD354F5
FFFFFFBC2435
FFFFFFD2233F
FFFFFFE5CEBD
FFFFFFC55FFB
FFFFFFBAF86D
FFFFFFBF91B5
FFFFFFBCB356
FFFFFFA1018D
FFFFFFDA6C65
FFFFFFD2F6C0
FFFFFFCFBAF5
FFFFFFDF117E
0000003E8467
00000032F06C
000000449646
00000063962C
000000224E6B
000000625FAC
0000002D485C
000000169789
0000004B02BA
00000039A27E
00000038917E
00000019EB8A
0000003E6948
0000008C9B52
000000107DAF
FFFFFFEE5D83
FFFFFFB28DE3
0000001898EE
0000003D1536
000000363843
0000001B120C
FFFFFFCA37FD
FFFFFFE4D42C
0000002C7BB1
FFFFFFE554A0
FFFFFFEACDDB
000000102A0B
FFFFFFEBBB13
0000003C40C6
0000001BCB36
0000002B8C38
000000459E44
0000002BFE30
FFFFFFCECB76
FFFFFFECDF66
00000016AD73
FFFFFFE63ED3
0000001B772D
00000000B94B
00000022EEA1
0000001EBA60
0000002C0A46
000000107963
FFFFFFEE879A
00000025C252
000000445AE0
000000257ADF
00000041C53E
0000001C504A
000000042EF6
FFFFFFF07388
0000004304E6
FFFFFFFCD232
FFFFFFD6D89E
0000000043DE
FFFFFFF82C9D
FFFFFFD02967
00000025F24B
000000682316
000000209DD0
FFFFFFD44674
0000001E3AE4
000000320880
FFFFFFE0DF74
FFFFFFF91FEA
00000019F2A9
0000000346E8
0000000099C2
FFFFFFF97CF3
000000025923
FFFFFFF7F5DA
FFFFFFF0CD26
FFFFFFD1567B
FFFFFFEB9F9E
FFFFFFCB973D
000000019474
000000562FF9
0000000DB62D
FFFFFFE8584D
FFFFFFFB127D
000000227F13
00000005B5CF
FFFFFFD1F873
FFFFFFD47D38
FFFFFFECDAF9
FFFFFFD9E04C
FFFFFFC2A075
FFFFFFAC4AB7
FFFFFFC35EA4
FFFFFFEF7F74
00000019A730
0000004245BD
FFFFFFE76F2C
FFFFFFFF9F24
FFFFFFD9E850
FFFFFFE7D169
FFFFFFD6A1E1
FFFFFFB426CE
FFFFFFB7EE5C
FFFFFFB685F4
FFFFFFCDB7FC
FFFFFFCDDDBA
FFFFFFC80AF6
FFFFFFBD6339
FFFFFFC20D19
FFFFFFDB3166
0000005A984E
FFFFFFF1D667
FFFFFFE1CB61
FFFFFFD72C31
FFFFFFE3634F
FFFFFFB50388
000000369BE2
00000002CCD8
FFFFFFC4DC03
FFFFFFC4F95A
FFFFFF9436CB
FFFFFFA6DF9D
FFFFFFCE3E5C
FFFFFFEC13FB
0000002CA193
FFFFFFE4D794
FFFFFFDC4CE8
FFFFFFC79AB7
FFFFFFD3C276
FFFFFFBA8036
FFFFFFE8C4C4
0000004617BE
0000004C1AF5
00000009D5E5
FFFFFFE9DC4F
FFFFFFB3C17D
FFFFFFDF1CF5
FFFFFFFE7EF4
FFFFFFDDEC84
0000004C7B39
00000035B481
FFFFFFC8CD64
00000000E56E
0000000BF79E
FFFFFFD1E3C2
FFFFFFF8A3BB
FFFFFFF5DD6E
000000155F18
FFFFFFF96A01
FFFFFFF5CE4A
00000020E0B2
000000141021
FFFFFFF617F0
000000073936
00000035FA7C
FFFFFFC5399D
000000154F6B
0000002015CB
FFFFFFF12B4B
00000006E171
FFFFFF8A8DF4
FFFFFFF35136
FFFFFFCAD528
FFFFFFDB2F18
FFFFFFCD37F4
FFFFFFFE1813
000000219804
FFFFFFE89A62
FFFFFFE80EBE
FFFFFFFF08D1
000000086E37
0000005FAE7C
FFFFFFE0D6AE
FFFFFFF5B846
FFFFFFC45891
FFFFFFE77757
0000002533CB
000000202E82
0000001E4FFC
FFFFFFEB62E5
0000002BA6DF
0000001B7FC6
00000028DF63
0000001D9B91
000000157FD7
000000483698
FFFFFFB74B9B
FFFFFFEE3E85
FFFFFFEC1584
FFFFFFF9E96D
FFFFFFCF78DB
FFFFFFE3CF4C
FFFFFFEB3237
00000008F405
FFFFFFE0A0CB
FFFFFFC85D3E
FFFFFFEE6579
FFFFFFD54C17
FFFFFFFDE26E
FFFFFFFC341F
000000144184
FFFFFF9BA1C2
FFFFFFBABEAC
FFFFFF8B5FBF
FFFFFFC8ED22
FFFFFFB8016B
00000013D159
FFFFFFD0042D
FFFFFF9D7299
FFFFFFA16C5A
FFFFFFAF98A9
FFFFFFB903B0
FFFFFF6618C2
FFFFFFA9BA2E
FFFFFFFCEC72
FFFFFFD66884
FFFFFFEBC8CA
FFFFFFBA5ABC
FFFFFF972FD3
FFFFFF91E83A
FFFFFFF34A8A
FFFFFFEBDE30
FFFFFFA65388
FFFFFFCE014B
FFFFFF8ECD06
FFFFFF9BE2D3
FFFFFFB1BC57
FFFFFFB1CB08
FFFFFFF77A25
FFFFFFF0F542
FFFFFFAD83AE
FFFFFFE756F9
00000000F737
FFFFFFC6446C
FFFFFF858756
FFFFFFC477A0
FFFFFFAD8830
FFFFFFC4A2F4
FFFFFFEC640E
FFFFFF9B75F2
0000000D110B
FFFFFFF3CAE5
FFFFFFB22B49
FFFFFFE1023D
FFFFFFD63C2C
FFFFFFFF183B
FFFFFFF84D5F
00000020013B
FFFFFF97E5D8
FFFFFF9A9019
FFFFFF90F40D
FFFFFF863A17
FFFFFFD8738D
0000001119BF
0000001A5487
00000007BB0C
00000021DAD8
00000008612D
0000004D83A4
0000001148FB
0000001FD042
00000049D27E
FFFFFFD81FF5
FFFFFFBA83F0
FFFFFFC8765F
FFFFFFAAF2E3
000000141549
FFFFFFE96E8A
000000168ED4
00000021B1CA
00000047472A
00000002ACDE
0000001482AB
00000022E3B5
0000001402EA
00000024AFF1
000000098BB7
FFFFFFFD5902
FFFFFFF3F8F4
0000001A8CD0
000000150D6B
000000015696
00000016BB07
000000127F1A
000000146D95
00000008C9F1
00000012CB88
00000002A0C0
FFFFFFDD1393
FFFFFFFE0236
000000017E63
000000010AAB
FFFFFFF40944
FFFFFFA91A29
FFFFFFE5E418
FFFFFFEE208C
000000228021
00000018C7F3
0000004401C1
00000025F900
0000003015CB
00000021EC3B
000000185527
0000002523B7
00000011AAD7
00000002928C
0000001C3D6A
FFFFFFD24C3F
0000000B56CC
FFFFFFFA231F
FFFFFFDC3581
000000243389
00000042093D
00000053A74D
0000003D9D7D
00000030F2F8
00000047DEBE
0000000AB7E2
0000001F5767
0000000032FE
000000473E26
0000001A23C6
0000000D2921
FFFFFFDF6360
000000019941
00000014CB06
00000037216B
00000049A3D8
00000010FB91
000000226D6E
0000004D6A05
000000152544
FFFFFFEB60F6
FFFFFFFF932A
00000005FD0D
0000000BB974
0000000C145F
FFFFFFF5392B
0000005221DC
00000018C88B
0000004F3E23
00000038412D
000000336AA6
FFFFFFB10DEE
0000005B471A
0000006516EB
FFFFFFFC6D26
FFFFFFD94161
FFFFFFE554DE
FFFFFFA9AAD9
FFFFFFF81956
FFFFFFEC4CE3
00000052B24A
00000059595E
FFFFFFE7DD59
FFFFFFD46ABB
FFFFFFF4D6DF
FFFFFFE4B4DA
00000040D88E
0000002CB2B3
FFFFFFE51A0C
00000027CEE6
FFFFFFD8EEBF
00000016AD61
000000156214
0000003A0942
FFFFFFFF5F3F
000000611380
FFFFFFF8F55D
FFFFFFC68779
000000273D7E
00000025192E
0000001F30DE
FFFFFFFD77A0
000000101221
00000015A5B6
FFFFFFE75AE2
000000377455
000000110789
000000136A23
0000003113B7
000000256035
000000263D52
000000080CC3
FFFFFFE2BB59
FFFFFFCB5DC1
FFFFFFE77515
FFFFFFC7EAD6
00000001DA1B
00000010AF43
FFFFFFEDCDEF
0000001A23A0
000000128CF6
00000005886D
FFFFFFE782E7
0000000869ED
FFFFFFF34984
0000001193BC
0000002523F4
0000003997F8
000000361142
0000006D6F8E
00000054EBA3
00000026AB19
000000754A99
00000033689E
0000004E1194
0000005B74D3
0000006B3307
00000072CFA1
FFFFFFE87FD3
00000039D9D0
00000037E742
0000004A3E86
00000055170F
000000326A3F
000000406910
0000006E70F0
0000009731C4
0000006A4ED1
000000587C9B
000000315D90
0000004CD017
0000004D1E67
000000386559
0000004DC4BB
00000018B237
FFFFFFE676A3
0000004238FF
00000058F635
00000048C7C3
0000004B5262
0000005367FE
0000003A5525
0000003BFB02
0000007F6A73
0000004321F9
0000005D10AC
0000003690B0
00000089819B
000000380E96
FFFFFFE8CA22
00000036DD6D
0000000A5E28
000000782DD8
000000306858
000000581445
000000664011
000000420DE3
0000003BCEC8
000000289875
000000567F95
0000006547A0
00000071EDDC
0000004DD463
FFFFFFE25B59
FFFFFFA8779B
FFFFFFB67A4E
00000063A67E
0000004AEBD6
0000004F9C38
000000757187
00000030301C
0000002C9189
0000002F88A6
0000004EA277
00000030B2EC
FFFFFFCF3E23
FFFFFFED2904
FFFFFFD12C0C
FFFFFFD40496
FFFFFF9E1CEC
00000037D905
000000469922
0000000FB178
000000099C46
0000000535E3
000000072DF4
00000007C96B
000000112C5B
000000165FD8
FFFFFFBBBD04
FFFFFFBEBAA1
FFFFFFBE65CA
FFFFFFC47BD3
FFFFFFC1A9BA
FFFFFFC1D472
00000002AFF8
00000028402E
FFFFFFFAE83A
FFFFFFEF6966
FFFFFFD204EE
FFFFFFE18A66
FFFFFFE8C740
FFFFFFFC8EB6
FFFFFFB267D6
FFFFFFACBD91
FFFFFFD5061F
FFFFFFFA36B6
FFFFFFD71AA6
FFFFFFA4B018
FFFFFFBAD8DB
0000001B6C81
FFFFFFFDB342
FFFFFFD0B7DB
FFFFFFE604EC
0000000F13F0
FFFFFFF9240B
000000259024
FFFFFFFDC9A4
FFFFFFF87F2F
FFFFFFAE7C46
FFFFFF9D9B80
FFFFFFBBAF14
FFFFFFBB4F0C
FFFFFFBBCF6D
FFFFFFF8B366
000000146249
0000000BDF51
000000054891
FFFFFFFEEB96
FFFFFFEA0F8B
0000001933E7
00000027DA59
FFFFFFD8D2E7
FFFFFFDA108C
FFFFFFC663AE
FFFFFFB293B2
FFFFFFCBB344
FFFFFFB6B871
FFFFFFBBBA1B
00000031EB46
0000004109AF
0000002FFDCD
000000219534
0000003022AF
00000005DEEE
FFFFFFFFF94D
FFFFFFCD8928
FFFFFFFACFB8
FFFFFFD75E5F
FFFFFFDB82BC
FFFFFFE450E0
FFFFFFE1D147
FFFFFFD27839
FFFFFFF4F407
FFFFFFF0B591
FFFFFFE02C7F
FFFFFFC38CC7
0000003DFDF9
00000027709F
0000003882AA
000000194FE1
00000001EEFE
FFFFFFEA97CE
FFFFFFCBE103
FFFFFFF28B9E
FFFFFFCABC3A
FFFFFFB90F4F
FFFFFFE65454
FFFFFFE2FF34
FFFFFFC84809
FFFFFFC90814
FFFFFFF7F55D
FFFFFFFEE8DA
000000201E6E
0000003381D7
00000027C41C
0000003BC8F1
00000022B3DB
00000016899E
FFFFFFC5B6F3
FFFFFFFDEC0D
FFFFFFEB49A6
00000035FC8F
00000035A2AC
000000434143
0000004EF86B
0000004DDD1C
0000003105A0
0000003D7510
0000005B3740
00000041B2C1
0000005173ED
00000066A1C0
00000061352E
0000005D4772
00000029E4B2
00000039C13C
00000052B343
00000053F5AC
0000006E33BD
0000001DBD83
FFFFFFF13CA9
FFFFFFB2C825
FFFFFFE0C438
FFFFFFD9F3F2
00000014B0BC
000000211E52
00000046DD8F
0000001AF977
FFFFFFFF246F
FFFFFFDEE1C1
FFFFFFD5A618
FFFFFFDA50D3
FFFFFFC0338A
00000023EC59
FFFFFFEFE1D4
FFFFFFE8CBC6
FFFFFFEA763C
FFFFFFDE4D73
FFFFFFE2B381
00000031F194
FFFFFFFEE5AF
0000001871BC
FFFFFFC86FAC
FFFFFFCE9C5B
FFFFFFC439C4
FFFFFFDB4C68
FFFFFFD81267
FFFFFFFFF224
0000000A5BBB
FFFFFFE3DDED
FFFFFFD21BC9
FFFFFFFD9C5E
000000468B34
0000001752C5
FFFFFFF478EE
00000008F60D
FFFFFFC829C3
FFFFFFBF9819
FFFFFFB91B1A
FFFFFFD451C6
FFFFFFE070C1
00000057B9B9
000000379CBC
FFFFFFFC7E2B
00000009E96B
0000001264C8
FFFFFFDDBC91
FFFFFFFDAC61
FFFFFFF4369D
FFFFFFD6DC85
FFFFFFC9C5EB
FFFFFFF3FE04
FFFFFFB85AA1
FFFFFFDE0110
FFFFFFCFA255
FFFFFFE945F6
FFFFFF9B6BB3
FFFFFFCD0CF7
FFFFFFFAE391
FFFFFFF940A7
FFFFFFFB9506
FFFFFFDF9255
FFFFFFE7AC37
FFFFFFF1E12C
FFFFFFEB45E4
FFFFFFF2BD24
000000029040
FFFFFFD43EFF
FFFFFFFE51B7
00000036477E
FFFFFFEF3A1E
FFFFFFC7E689
FFFFFFF30F4E
FFFFFFFA64E3
FFFFFFEE5B4D
FFFFFFB1F9C5
FFFFFFB22071
FFFFFFAC81AE
FFFFFFB0A974
FFFFFFBAC17D
FFFFFFE3A84F
0000002E5421
00000016A4BE
000000320D2C
FFFFFFB664C0
FFFFFFC6ADAA
FFFFFFDCE1BD
FFFFFFDE12D1
000000005C36
FFFFFFD3FDA4
FFFFFFA07237
000000080298
FFFFFFE19744
FFFFFFC66907
FFFFFFC00DBA
FFFFFFE32B66
000000007D30
FFFFFFE57DCA
FFFFFFC36ED4
FFFFFFC26F3D
FFFFFFCE01AA
FFFFFFD97645
FFFFFFF2EE6B
FFFFFFF44DAB
FFFFFFEDE46C
FFFFFFEDEEF5
FFFFFFE8162E
FFFFFFDC1016
FFFFFFFD06FC
FFFFFFEE1904
FFFFFFF81274
FFFFFFD8F462
FFFFFFA0355E
FFFFFFFBE509
FFFFFFCBF033
FFFFFFCD6B29
FFFFFFDFFF12
000000075201
FFFFFFE198F8
000000181EB1
FFFFFFF4CE68
FFFFFFD6B54B
FFFFFFCA257A
FFFFFFD1BB2A
FFFFFFF0B9F5
0000003212E2
FFFFFFEE3B80
00000001D1BA
FFFFFFD50C1F
FFFFFFEEDCC6
FFFFFFDA6288
FFFFFFDC5AB1
FFFFFFDF5367
000000063741
FFFFFFC0BF0C
FFFFFFB1AE47
FFFFFF92E7BE
FFFFFF7E4729
FFFFFFEE42F2
0000000FC914
0000006CBD64
000000BD9D49
0000003380C7
00000007FAF4
FFFFFFC9ADBB
FFFFFFDCBB28
FFFFFFC7CC45
FFFFFFD35BCE
FFFFFFDA2CA4
FFFFFFC0438C
FFFFFFB6F821
FFFFFFA196E0
FFFFFFDFDAF1
0000001FB36C
000000649860
000000799295
000000250AE1
FFFFFFCC0C6A
FFFFFFD2773F
FFFFFFE04543
FFFFFFD191CE
FFFFFFDF1D0C
0000000A8C0A
FFFFFFE5EF3C
FFFFFFB176D6
FFFFFFCAF020
FFFFFFF54F6E
FFFFFFFF0545
FFFFFFD38A48
FFFFFFBBC5E9
FFFFFFC22DD2
FFFFFFCA2C8B
FFFFFFCF1773
00000015B54C
FFFFFFE42257
FFFFFFC6BA17
FFFFFFB02DA0
FFFFFFBDC617
FFFFFF926289
FFFFFFBEA041
FFFFFFC94955
FFFFFFFD119C
FFFFFFCCE9D0
FFFFFFAD3779
FFFFFFB68420
FFFFFFCE8E89
FFFFFFDF305B
FFFFFFCB4D63
FFFFFFDF68F6
FFFFFFB169E7
FFFFFF8ECB74
FFFFFFCDB1A6
FFFFFFBFE474
FFFFFFCC0B5C
FFFFFFF117A3
00000000CEE5
FFFFFFD2E081
FFFFFFC53CFA
FFFFFFBFA1E0
FFFFFFDB0F19
FFFFFFEAA5B4
FFFFFFC45F6A
FFFFFFF09526
00000029A74E
00000000E310
FFFFFFAC8652
FFFFFFBD5775
FFFFFF9F2916
FFFFFF9C5EE7
0000001571E9
FFFFFFDD296F
000000340E42
FFFFFFC61A77
FFFFFFB37954
FFFFFF7B3F08
FFFFFFA04F6A
FFFFFFD2DDFC
000000077710
FFFFFFF60090
FFFFFFC2DA67
FFFFFF8B0BB0
FFFFFFB92232
FFFFFFFC8E51
000000063106
00000015B21D
000000355AAF
0000001FCBE2
0000005B2880
FFFFFFEEC5AF
FFFFFFBB33CE
FFFFFFDC171E
FFFFFFE5AA11
FFFFFFDEEFE8
FFFFFFEE079E
FFFFFFB6985D
FFFFFFEA59A7
FFFFFFBDFFB5
FFFFFFB00D77
FFFFFFF4A35F
0000000E334C
0000001B8F51
0000004933DA
00000030539D
0000000CE0ED
FFFFFF9F7B97
FFFFFFA2A9E5
FFFFFFAD18C0
FFFFFFD80090
FFFFFFD1ECE5
000000197629
FFFFFFCBE39A
FFFFFFB7864E
FFFFFF699CDE
00000010DEC6
0000000984E7
00000000624A
FFFFFFED70A9
FFFFFFCD9135
FFFFFFF0412E
FFFFFFEF0435
FFFFFFE61B53
FFFFFFED1519
FFFFFFB7ED47
00000014B8EE
000000256420
FFFFFFCF30E7
FFFFFFD59968
0000001B0F6F
0000001C0BD9
000000046566
000000215D06
00000009789D
FFFFFFEAFA67
0000000B69C7
0000000C5673
0000001401F8
FFFFFFDF5264
0000001505ED
000000283BF1
FFFFFF85FA01
FFFFFFBABDEB
FFFFFFF675A8
FFFFFFE330E3
FFFFFFEF1180
0000000C956F
0000002173A0
FFFFFFDC1249
FFFFFFFF3ED4
FFFFFFD239C0
FFFFFFD125F4
FFFFFFE750B4
00000022071E
FFFFFFEB4092
FFFFFF81DAB5
FFFFFFBB1755
FFFFFFDF28F2
FFFFFFFC9EB8
00000008C3B0
000000273024
0000000624B1
FFFFFFF97364
000000006A3E
FFFFFFF36B42
FFFFFFF5A01A
FFFFFFCF2F79
FFFFFFF9198D
FFFFFFCF2455
FFFFFFA195E3
FFFFFFC53488
FFFFFFEB34AE
FFFFFFF4E2BE
FFFFFFDDAD2D
FFFFFFBCBDF4
FFFFFFF22464
FFFFFFEADC3D
00000003FAC6
FFFFFFF2569C
0000003D0FC1
0000000C74D1
00000014B9AE
FFFFFFE7C483
FFFFFFE722F4
FFFFFFD2176C
0000001B6E99
FFFFFFE227F0
FFFFFFC38969
FFFFFFC6D5AA
FFFFFFFE038F
00000015C119
0000000114EC
00000020D6E1
0000004428E0
00000004C5B9
000000499CC9
000000008AE7
000000026873
FFFFFFDA3B64
00000032BCBE
FFFFFFB92E10
FFFFFFF6C88E
00000033F883
00000002E5E7
FFFFFFF0B4B9
FFFFFFF0C78D
FFFFFFFA0C52
FFFFFFED4550
FFFFFFE30BC6
00000005F0D6
0000000F5EEF
FFFFFFF3114A
FFFFFFC695D7
FFFFFFC2A763
FFFFFFAC08A9
00000001C51C
FFFFFFFCB7A3
FFFFFFCAB9AB
FFFFFFE692AD
FFFFFFE2A8BA
000000044A98
FFFFFFEA1D53
FFFFFFDADC01
FFFFFFDA31FB
FFFFFFF53F81
FFFFFFD2388C
000000077AF1
000000307204
0000002A31CE
000000185CC1
FFFFFFCD91D2
FFFFFFCB12B9
FFFFFFB8C637
FFFFFFC0EC53
FFFFFFE1D0EA
FFFFFFD467BC
FFFFFFE9DA09
00000016830C
FFFFFFEC9043
FFFFFFE1CD9A
00000018396A
000000273B34
0000003B312C
0000001BFA78
FFFFFFABA4DB
FFFFFFE6B9D2
FFFFFFF91BC7
FFFFFFDF8230
FFFFFFFB8185
0000001A3BB0
000000157877
FFFFFFFFF3E5
FFFFFFF5EF33
FFFFFFD74A27
FFFFFFFE0A90
FFFFFFE7B280
FFFFFFDCD6B8
FFFFFFFD3D79
FFFFFFEEDC2B
00000005FFD7
FFFFFFE70455
FFFFFFE6B0F4
FFFFFFE77F16
000000112E86
FFFFFFFB16B4
0000000B9DA8
FFFFFFF35FAD
0000001B17EB
0000000D3950
0000008864E7
0000001C8F3F
FFFFFFFCDD45
0000000FFACB
000000299ED6
0000000FBF37
FFFFFFFA297C
0000000AE61B
000000216196
0000002DE246
00000035C550
000000291F7D
FFFFFFE7DE64
0000003FA70C
0000005E7406
00000046F93C
00000077E004
0000001CF418
0000001DE207
0000001D718A
FFFFFFE57ACF
FFFFFFFF57D4
0000001C3A11
0000001D173F
0000000A3AF6
00000000DC93
FFFFFFFCF57A
000000A2BA71
00000057E594
0000004868DE
00000036AA67
FFFFFFEF81E5
000000172A40
000000075DA2
00000007AE05
FFFFFFFFACCE
0000001EFAC8
00000023C2BB
0000001C512F
FFFFFFFE7B6F
FFFFFFF2E589
0000004E0629
0000002748BA
0000002E9931
00000029AB2A
0000002B3AE5
FFFFFFF92B84
FFFFFFFCE959
FFFFFFF99B34
0000000CFFCA
0000000866AA
0000001EF3AE
FFFFFFEC1641
FFFFFFC3AE28
0000002BBBD1
00000043C888
0000003D0AB7
0000002BD416
0000002CF904
00000025C04A
FFFFFFF726F7
FFFFFFCD8CCF
FFFFFFC617F7
FFFFFFD36E3B
FFFFFFD6009A
FFFFFFFA43B4
FFFFFFE52675
FFFFFFDCC5E6
0000003003AE
00000041C6F2
00000032426E
0000003544F8
000000264E5E
00000024A261
0000002FC058
0000000C2E7F
FFFFFFD4F66D
FFFFFFDB3496
FFFFFFE265F9
FFFFFFE902F0
FFFFFFE093D6
FFFFFFDBCC87
0000003DD86F
0000005E7088
0000002E5048
000000292D9C
00000006F161
00000025701A
0000003A6A47
00000059189C
FFFFFFF770A8
FFFFFFF13E7D
FFFFFFE72CA5
FFFFFFED3D5C
FFFFFFFE58A2
FFFFFFF867ED
FFFFFFEF00F5
0000001482B9
000000177015
0000001F8838
0000002D67FC
000000339717
0000002A357C
00000042267E
00000023616F
FFFFFFE383BA
FFFFFFDBE8CD
FFFFFFEF26D6
00000000207B
FFFFFFDCEB7A
FFFFFFDD5A48
FFFFFFED87E2
FFFFFFF1427E
00000005BE85
000000341409
00000032808E
00000021BE48
00000029E5AA
0000004B97FD
000000096ED0
FFFFFFEEC559
0000000B5F67
FFFFFFF38ACE
FFFFFFCEFA3E
FFFFFFD6D716
FFFFFFF45CAC
000000253303
000000063AF7
000000173EE9
00000020981A
00000013D25E
0000001E07AF
00000033A13B
0000003580C6
00000026EB9A
0000002F6BA2
000000394D44
FFFFFFEE49A8
FFFFFFBD6E3F
FFFFFFD1F4E0
000000392AA1
00000021BA9A
0000000E346B
00000028D397
000000155E7D
0000002E67A7
0000003897AD
0000004A0168
000000349518
000000454880
000000493A4A
000000119F6B
FFFFFFEB222C
FFFFFFE8ABAF
FFFFFFF6A388
FFFFFFE9AD0D
FFFFFFE26C8E
0000000BDF18
000000168247
00000054880A
000000368257
000000247D73
0000001D51E7
000000195A64
FFFFFFFF1C4B
FFFFFFEC1A05
FFFFFFB82EEB
FFFFFFD7A753
FFFFFFBD1C0F
FFFFFFCD879D
FFFFFFD0C1DE
FFFFFFE14576
FFFFFFE2D8B5
FFFFFFD4CBD8
FFFFFFECE70A
FFFFFFD5B418
FFFFFFCA0876
FFFFFFCE5F85
FFFFFFC7CD8E
FFFFFFC013F4
0000002AFC3B
0000001C8923
FFFFFFE8446E
FFFFFFC6CEC2
FFFFFFD7784A
FFFFFFE7EEFF
FFFFFFDC966C
00000017D510
0000000A2353
FFFFFFE18BE5
FFFFFFE7131C
FFFFFFCB7489
FFFFFFE8FD01
FFFFFFC84EE5
000000329191
FFFFFFD9568C
FFFFFF86978B
FFFFFF9ED726
FFFFFFA1ADCC
FFFFFFBA666F
FFFFFFD2F4DB
00000001FBC2
FFFFFFC59315
FFFFFFC9A59C
FFFFFFE80C03
FFFFFFC1A7AA
FFFFFFF682FE
0000000ADD71
FFFFFFD53096
FFFFFF77E071
FFFFFF8498BB
FFFFFFC382C0
FFFFFFA3289D
FFFFFFB2E15D
FFFFFFE3DF56
FFFFFFE5F42D
FFFFFFE4D416
FFFFFFC8964D
FFFFFFC1D435
FFFFFFC34BFF
FFFFFFDA40AA
FFFFFFDD9343
FFFFFFB3711F
FFFFFF91DF3D
FFFFFFB0708E
FFFFFF9AC998
FFFFFFCBB02A
FFFFFFA0E3A4
FFFFFFCDAFE6
FFFFFFC26BAA
FFFFFFE37494
FFFFFFB444AE
FFFFFFD98ABF
FFFFFFF5204D
000000089D66
FFFFFFEDC2CE
FFFFFF8A2DDD
FFFFFFBA74F8
FFFFFFCBD27C
FFFFFFA0DB0B
FFFFFFD50885
FFFFFFB62DEA
FFFFFFA60975
FFFFFFC96250
FFFFFFD723B9
FFFFFFFF7E88
FFFFFFF1A2E2
FFFFFFE72157
00000004B9CA
FFFFFFFDFFED
FFFFFF719135
FFFFFFD1EFAC
FFFFFFA887E6
FFFFFFCDC72A
FFFFFFFDB5BC
00000004DBFC
FFFFFFC0FAD8
FFFFFFC2AF0C
FFFFFFEA7535
FFFFFFF30C7C
FFFFFFFED992
FFFFFFE79ED0
FFFFFFF5BB75
FFFFFFDD7E00
FFFFFF6C099D
FFFFFFC4ED0D
FFFFFFD3AB16
FFFFFFC990F8
FFFFFFE6145D
0000000251D0
0000001BB286
FFFFFFABE7EE
FFFFFFC2BBB9
FFFFFFDCE0F1
FFFFFFDB5BC2
FFFFFFDA330D
FFFFFFF24883
FFFFFFD01CA4
FFFFFF6DA33C
FFFFFFA09A2F
FFFFFFC55BD0
FFFFFFC35704
FFFFFFC46AE4
FFFFFFCDE549
FFFFFFEE1370
FFFFFFF66263
FFFFFF8ACE05
FFFFFFCFF457
FFFFFFE816FF
FFFFFFDBE674
FFFFFFE50413
FFFFFFCB3F42
FFFFFF7328F6
FFFFFF9A12CC
FFFFFFC71880
FFFFFFBBE21B
FFFFFF98E778
FFFFFFB7EC89
FFFFFFDB38E2
FFFFFFFEE26E
FFFFFFBE50B0
FFFFFF97BF9D
FFFFFFCF5ECF
FFFFFFCDE628
FFFFFFDD65F6
FFFFFFD0B26C
FFFFFFDBD0E4
FFFFFF973495
FFFFFFAEDE5C
FFFFFFB74B3C
FFFFFFAF12CB
FFFFFFB5BC6F
FFFFFFD74357
FFFFFFE471B8
00000016FECE
FFFFFFAA60DA
FFFFFF771E5E
FFFFFF83AC04
FFFFFF696952
FFFFFFBB1FBA
FFFFFFD090E1
FFFFFFC314D9
FFFFFF9C1F46
FFFFFFC9C9BB
FFFFFF9EF8CC
FFFFFF9B66BC
FFFFFFD59D67
FFFFFFDB9845
FFFFFFF7B188
FFFFFFEFFB79
FFFFFFB40EA9
0000000ECC6B
FFFFFFC96337
FFFFFF73FB60
FFFFFFE066FC
FFFFFFC3C08D
FFFFFFAF05B0
FFFFFF9AB1F8
FFFFFF9833C1
FFFFFF8D4A1A
FFFFFFB0B5E1
FFFFFFB0B5AF
FFFFFFD91203
FFFFFFC206B7
FFFFFFBEEE19
FFFFFFC67DF2
FFFFFFF7F20F
FFFFFF664100
FFFFFFBD4CB0
FFFFFFA918F1
FFFFFFA56848
FFFFFFACD7F9
FFFFFFAEC4A6
FFFFFF76FA25
FFFFFF75C7E5
FFFFFF77EBCC
FFFFFF9B193F
FFFFFF990416
FFFFFF72D427
FFFFFF73D877
FFFFFF90B35E
FFFFFF82874C
FFFFFFC6FD25
FFFFFFAFFCD7
FFFFFFCA3212
FFFFFFB67C9C
FFFFFFD09578
FFFFFFB22056
FFFFFF9D7574
FFFFFFA10B91
FFFFFF8ACA7E
FFFFFF9E9F02
FFFFFFB66F04
FFFFFFC05D70
FFFFFFCEE319
FFFFFFB2B56F
000000257742
000000575648
0000002BF0D3
FFFFFFF77FF8
FFFFFFDDBA55
FFFFFFAEB732
FFFFFFA20D6A
0000002D57F9
000000106399
FFFFFFB62D70
FFFFFFF51A47
FFFFFFB4950C
FFFFFFD963F2
0000002D3680
00000037E955
00000034E0B8
000000A38282
000000369B21
FFFFFFED6B21
FFFFFFC7F6A1
FFFFFFB935D6
FFFFFFAFCB9C
FFFFFFB138E8
FFFFFFCF1B45
FFFFFFE5D983
FFFFFFCECB04
FFFFFFE81C23
0000004CA32A
FFFFFFA2039A
000000569623
00000086B65D
00000060FE0B
0000008F9496
FFFFFFDD4059
FFFFFFCEEDD8
FFFFFFC3930E
FFFFFF834C3B
FFFFFFAEDA53
FFFFFFB3A38E
FFFFFFE7B06F
FFFFFFD56BAC
FFFFFFC45335
FFFFFFB66A80
0000007B266A
00000057BC98
0000005F8F27
0000004C5BBE
FFFFFFF2D6E7
FFFFFFCC90BE
FFFFFFD3862D
FFFFFFE89E37
FFFFFFD0CEF0
FFFFFFDE8942
000000229DB0
0000005DDBA5
000000384D59
0000001576F8
000000658D7B
0000005758C8
0000006672FA
0000004E3DB7
000000426CB2
FFFFFFF680FB
FFFFFFD9965C
FFFFFFBB698A
FFFFFFE7DE73
FFFFFFDCD940
FFFFFFC300A5
FFFFFFC8DC39
FFFFFF7130B1
00000010F923
00000066FB73
0000005DA4AA
000000565193
0000004F7F5D
0000003CCCAE
0000002CE522
FFFFFFAC41C1
FFFFFF8CFE45
FFFFFF8EC3A2
FFFFFFA20A70
FFFFFF8C32FB
FFFFFF82F815
FFFFFF66F7A4
FFFFFFC544E3
00000068D748
00000066ABCC
0000005F2683
000000535EE6
00000052ED32
0000004F21F3
FFFFFFD8AB8D
FFFFFF88689C
FFFFFF7FBFE4
FFFFFF92C215
FFFFFF9758C1
FFFFFF7CF5E5
FFFFFF63B240
0000000D132E
0000006E5B08
00000048F4CC
00000044BBDE
00000037DC61
00000050D5CA
00000062A063
000000428C5E
FFFFFF98481E
FFFFFF6C7CF8
FFFFFF82EB3B
FFFFFF97F6E2
FFFFFF94CB70
FFFFFF69A35B
FFFFFFB6F815
0000002C1BC5
0000003E563F
0000004D6E7B
0000006383CB
00000056D023
000000520578
00000041186F
000000001DFA
FFFFFF79229F
FFFFFF77B4A9
FFFFFF89A8C0
FFFFFF98D39E
FFFFFF641A60
FFFFFF66E29D
FFFFFFA5817A
0000001AA503
00000025CBA0
0000005F4F8D
00000053A26B
0000004AC3BC
00000044E195
0000004773FB
FFFFFFD39449
FFFFFFAD0D56
FFFFFFCD5E1C
FFFFFFB83244
FFFFFF6CB38B
FFFFFF5A4463
FFFFFF73A563
00000023EC13
00000025BA86
0000001F7CED
000000269645
00000043037C
000000428A2C
0000004A414B
0000003D0EB9
0000003242F5
0000004A8D44
0000005E20CB
FFFFFF9ABD4A
FFFFFF7293E2
FFFFFF9C3103
00000021995D
00000030799C
000000209A77
0000004EC700
0000003C6B8A
00000052CE42
00000054C3A4
000000741285
00000078507A
000000773C89
00000067C73E
0000000B8C42
FFFFFF785501
FFFFFF92A12F
FFFFFFC120F5
FFFFFFAAD367
FFFFFFA5652E
000000132C89
00000016201A
0000005D2526
0000006C3894
00000043EDD9
0000003D7211
000000115D9F
FFFFFFEBA8DF
FFFFFFC52A88
FFFFFF39574C
FFFFFF6BEFD6
FFFFFF5B83E3
FFFFFF4BCCB1
FFFFFF69C46A
FFFFFF67D9E5
FFFFFF88619E
FFFFFF8E0A9B
FFFFFF809E66
FFFFFF831C72
FFFFFF68B7EE
FFFFFF734EAC
FFFFFF47DDB7
FFFFFF2D54F4
00000028459D
0000002E8E38
0000006DADD4
0000002D9DA1
0000000FDD1A
000000366E24
FFFFFFFBCC02
00000010B3E5
000000483F37
0000000CF872
FFFFFFF0CAF9
FFFFFFF6AD18
0000001ABD6A
0000001653CA
00000019D83C
0000005B1F0B
0000005D9575
0000005A96CE
00000079CC38
FFFFFFFF4B9F
00000011909C
000000344A22
000000237018
FFFFFFE1D99A
FFFFFFDD4998
FFFFFFDEEA54
FFFFFFD8A877
FFFFFFFE9C4E
00000009504E
000000402354
FFFFFFE9BDDC
FFFFFFF229A4
00000065B0D1
000000232C6D
0000000A8805
FFFFFFEC1BE0
00000004AF1D
FFFFFFECE37D
FFFFFFC10B33
FFFFFFD9902A
FFFFFFFF7A44
00000009D1C7
0000003D756E
00000083BE44
00000030A2AA
00000011BF10
FFFFFFE75EA8
FFFFFFFDF9B5
0000000522E9
FFFFFFF74846
FFFFFFFE0B1D
FFFFFFFE73E4
FFFFFFE43DEB
FFFFFFBEA47E
FFFFFFE57C5C
0000000F91B0
00000058D920
0000003D32E6
0000002AA8CB
FFFFFFED55A7
FFFFFFE3A94A
FFFFFFD44D13
00000017C716
000000191F32
0000000AB3CE
FFFFFFFE0CF1
00000019E7F1
FFFFFFE039A0
FFFFFFF07D48
0000004C21CB
0000000DEC9C
FFFFFFE6CF2A
FFFFFFCACA0F
FFFFFFE7AFAE
FFFFFFC5B18E
FFFFFFBB5797
00000013EAA5
0000002561CF
000000003753
FFFFFFE19025
FFFFFFF03828
FFFFFFE03794
FFFFFFE9E57D
0000001D05B1
FFFFFFC375FD
FFFFFFDE176D
FFFFFFD15150
FFFFFFF7B1B1
FFFFFFD1EF4A
FFFFFFB1B6AD
FFFFFFAF6BA2
0000001930A0
000000359F5C
FFFFFFF006A1
FFFFFFEAED4F
FFFFFFE6B610
FFFFFFE4C717
0000001EB0DA
00000004A96A
0000001834D0
FFFFFFCC54A3
FFFFFFE18874
FFFFFFD27878
FFFFFFD1D874
FFFFFFDD38FF
FFFFFFE1182A
000000156EE6
0000001A0C71
FFFFFFFCCA85
0000000255F1
FFFFFFD0E24E
000000020B1E
00000016AE7F
FFFFFFF7E5AC
FFFFFFE4CE0E
FFFFFFEC7171
000000096F77
000000083154
FFFFFFEEE06C
FFFFFFDF8572
FFFFFFEC679E
000000258E19
00000012874E
0000000052B8
FFFFFFF59B4D
000000304C67
00000031B2C6
0000002A1886
0000000C7571
FFFFFFF3D392
000000212AE4
FFFFFFFD9D26
FFFFFFD7C46C
FFFFFFBD485B
FFFFFFC4F8BF
FFFFFFEF8BC3
FFFFFFC237AB
FFFFFFF33733
0000000738C5
00000051FBB1
0000000C0841
00000020845F
00000021AC37
00000021A0F9
FFFFFFF7A04B
FFFFFFFE36F0
FFFFFFD75E67
FFFFFFA8314A
FFFFFFB1541C
FFFFFFD1CF1B
FFFFFFB9A571
FFFFFFD90486
FFFFFFE84CF6
00000035CE7B
00000016C6EC
00000047F0D3
0000008E2D0E
0000001FAE68
0000000494AE
0000001A91F3
00000017C68A
FFFFFFF2D69B
FFFFFFE9A6C4
FFFFFFE4F671
FFFFFFCB5E72
FFFFFFDF663E
FFFFFFBFAE25
000000187BFE
0000001B41AC
000000243162
00000011E822
FFFFFFE92A42
00000023AC35
00000045C65C
0000005F13E6
0000002F817E
FFFFFFE99110
FFFFFFEDCDE2
000000024179
FFFFFFE43738
0000002537C3
0000001A583F
0000005F8173
000000328364
00000006E77E
0000000B99DF
000000243D8F
00000044326A
0000002BFFAB
00000050D214
0000002245A0
0000001C7AF9
0000001974D7
00000018E825
00000033090E
0000007B1A1D
FFFFFFBF779F
FFFFFFD9CB99
FFFFFFFA1160
00000060FFA8
00000000D583
0000002E9240
0000001F3DAA
FFFFFFBBB095
FFFFFFCC9106
FFFFFFE697A9
FFFFFFD22C10
FFFFFFE90190
0000001991FF
000000272F50
FFFFFFDE4FA7
FFFFFFB0C328
FFFFFFA378A0
000000A483F5
FFFFFFF2F1D6
FFFFFFF19D84
000000058A23
FFFFFFEAC0AF
FFFFFFFA2184
0000004B3224
FFFFFFE78A8F
00000009907C
FFFFFFFF2811
FFFFFFF29CC6
000000033C1D
FFFFFFB97631
FFFFFFE72958
000000449753
FFFFFFBD55C2
0000000BC440
0000000AEA29
00000012340B
FFFFFFED6DC3
0000000B8F91
00000002E409
000000285EAF
FFFFFFEAEB7A
FFFFFFFFB509
FFFFFFFE8BBD
FFFFFF8A2B74
FFFFFFFDAED4
FFFFFFFB449A
FFFFFFF1E227
0000007DC7F1
0000003D2DEA
FFFFFFE78ED0
FFFFFFB9B97A
000000266498
FFFFFFE00E98
FFFFFFE62656
FFFFFFF51F80
FFFFFFF0FB80
FFFFFFB9F5AC
0000001BD751
FFFFFFEF95C3
FFFFFFD1EDAD
00000007671A
000000A1836B
00000096773C
FFFFFFD81B77
000000136EA5
FFFFFFEE1A34
FFFFFFF4DBA9
0000000876E0
FFFFFFD8BD6F
FFFFFFE3C75B
000000279716
0000002DC446
FFFFFFD5AF65
FFFFFFCB428D
FFFFFFE734F5
00000032E15C
000000C1E60A
00000031C1C0
FFFFFFDEAE60
FFFFFFEADA42
0000002863DE
000000076487
FFFFFFD20045
000000179190
0000000E915C
000000005B60
FFFFFFE69E70
FFFFFFB7C047
FFFFFFC3DFDE
FFFFFFFA6F50
0000002EC599
000000E46F14
0000008F80F7
00000016AC91
FFFFFFFEA1FF
0000001F67D3
00000030C54B
FFFFFFFFBF92
0000000553A4
000000110F35
FFFFFFDED829
FFFFFFDD1D41
FFFFFFAE2F89
FFFFFFB88EAD
FFFFFFE237C0
0000006F68F3
000000E67913
0000003C3922
000000129863
00000029291A
000000158D0E
0000001A8AFC
000000CD4ACA
0000007FACAB
FFFFFFCBB80C
FFFFFFDB3A65
FFFFFFC1BBFC
FFFFFFE2F090
FFFFFFE8F78C
0000003DE7F7
000000D3EAC4
000000708222
FFFFFFF0B292
000000047AFD
FFFFFFFC8803
0000000D97BB
000000305F93
00000097566D
000000622069
0000002BADB0
0000002D8FCE
FFFFFFEF8BD3
00000005E881
0000001C3FF4
0000004C418F
000000689C4B
00000013C010
FFFFFFC7FAE0
0000002B63F6
00000047FAC7
FFFFFFFFB245
0000000F8F39
FFFFFFFBAF58
00000024AF1C
0000003B06F8
FFFFFFE02D09
FFFFFFE7AC83
FFFFFFFB3FD5
0000002410F6
00000015D304
0000001E9B42
FFFFFFEEBE87
00000042A9F1
00000071F673
00000021DE4D
000000055364
FFFFFFC1AD50
FFFFFFE26C50
00000028340C
FFFFFFD87DC3
FFFFFFE03E16
0000000B090F
000000197107
FFFFFFC3FA9D
FFFFFFEDB1EB
000000254ED2
0000001FC92A
0000006B34F9
00000010714D
FFFFFFF13CEF
FFFFFFB19453
FFFFFFACBB81
0000003EBC90
000000230589
FFFFFFED2AC8
FFFFFFF8FF10
FFFFFFF51553
FFFFFFC64CC7
FFFFFFFFEE8D
0000002209A5
FFFFFFF60A3B
0000002FE216
00000005BCE6
FFFFFFFD8CDF
000000207E78
0000003A44A9
FFFFFFFC2D56
00000016E1D5
0000002611FC
00000021369B
FFFFFFE78508
FFFFFFD30F7E
FFFFFFE211A9
FFFFFFC88F01
FFFFFFF5EEBF
000000387A07
FFFFFFE2F24D
FFFFFFD6EE2D
000000188921
000000166B1F
00000051E763
0000007266AC
000000A9FE34
0000002AA8F5
0000002A7EFF
0000005D1F9B
000000697759
0000008107C8
000000721BAE
00000018321B
0000000EE839
FFFFFFFC4C1B
0000003EDEB3
000000158D2D
00000047F6AD
0000005E16F2
00000081864B
0000006A9B76
00000059924B
00000070A088
0000006852F5
0000005A5E3C
0000007150AD
00000037A96C
000000617AF8
FFFFFFF0446A
FFFFFFC1EE1E
FFFFFFEF3AFF
0000002F7D55
00000043CB1A
00000063AD49
0000006DB601
0000007275EB
00000078B9F1
0000009C8809
000000935793
00000087A50B
0000007C1FDE
00000056258F
0000005FD67A
FFFFFFE7FF7C
FFFFFFDDDF64
FFFFFFE3456C
FFFFFFE05D5D
00000052A5ED
0000004D245D
0000002E7B64
0000003C856B
000000749734
0000005DB7E9
0000003202C4
0000003C5AB7
0000002244E2
00000046648C
00000021436C
FFFFFFEADF06
FFFFFFEBBBE5
FFFFFFE2B36E
0000001FE1C4
000000312139
00000042BFC5
00000059807A
0000006C05AF
00000092EA07
0000006DA3C8
0000009A38DF
000000086ADE
FFFFFFDDCFEC
000000197CF2
FFFFFFDF32F2
FFFFFFFBDA08
FFFFFFD98D11
FFFFFFC7F0CF
0000005A0A94
00000053C212
0000005E48E8
000000596A9D
0000006862EE
00000066EC8F
0000007496BC
000000910779
FFFFFFEA045F
FFFFFFF7E4D6
FFFFFFEA3A86
FFFFFFE6A3E1
FFFFFFE2584D
FFFFFFCC5664
000000437283
000000616897
000000361908
0000004547DB
00000044B779
0000003B78CD
000000603BFE
000000667D82
00000009DFB8
0000000E7AB3
0000000B000E
FFFFFFF53A70
FFFFFFD04B3E
FFFFFFE1D88A
FFFFFFF8318B
0000006B7A0A
0000007F2CB1
0000004E6E23
0000003D665D
000000650903
000000717125
00000085C51B
000000390068
0000000B8F69
FFFFFFF0AA60
FFFFFFCFD5B9
FFFFFFCF561F
FFFFFFE25F2D
FFFFFFF5811F
000000195F84
0000007454DE
000000601784
0000007D892A
000000763442
00000047E3CB
00000057F5AA
000000892E3C
0000001954A6
000000018C72
FFFFFFEC1DA6
FFFFFFF0A989
FFFFFFF29F5F
FFFFFFFA3DC9
FFFFFFE4F82B
00000049EB7D
0000008A0D82
0000005EC82C
0000004303AB
0000006B8731
00000059E11F
0000006F8C98
00000039A18F
00000011E5BA
00000015E4DD
0000001BEA3B
FFFFFFEC4847
FFFFFFE9BC6D
FFFFFFF1F4C4
FFFFFFED5745
0000000579F1
FFFFFFDD130A
FFFFFFCF16F3
000000428CFB
0000002E200C
000000322D16
0000003C7887
00000034DE94
000000292B5A
000000034185
FFFFFFE98338
FFFFFFFA1790
00000004C348
FFFFFFF09A8D
FFFFFFEADC27
FFFFFFF614CF
FFFFFFEBA804
FFFFFFEB9557
00000058CC76
000000479A53
0000005874BE
0000006023F4
0000004A1778
0000002EB946
0000004047E1
0000002889FE
00000006873B
0000001E0CB2
0000003B95FC
0000006A7505
00000026EEC0
00000040E3E4
00000085602E
00000084A820
0000006A2EB2
0000006AE02E
0000006E8DB2
0000007B5CE4
0000007601DD
0000007A6DAF
00000098A67C
0000008D76F8
0000009B586F
0000006C6429
0000008FA064
000000A29EF7
0000000FB5D8
0000003EC111
FFFFFFFA7C2C
000000204A3D
0000002D3D53
00000028F0A0
00000001C258
FFFFFFFAA8AB
00000025042C
00000045D0C2
00000005401F
000000044B40
00000051E667
FFFFFFFFF3E7
0000000B73BB
000000011B87
0000004B8C70
000000392A83
000000314F01
00000002805A
00000002FD4B
00000020DCB4
0000002BB788
000000160886
0000002C0392
00000017130D
FFFFFFF7F44F
0000000FF408
FFFFFFFBDBC5
FFFFFFD07A94
0000000F2BAF
000000238356
FFFFFFF092E9
FFFFFFD304A0
000000295B82
FFFFFFEDD1C7
00000030D2E1
00000021DB10
FFFFFFE4D283
000000117290
0000002501E5
0000003D4875
FFFFFFF2B0CB
FFFFFFE95165
FFFFFFEE38AC
FFFFFFF3F0B6
FFFFFFB7E2A2
FFFFFFA2B942
0000000950FE
FFFFFFFF123F
00000025D60C
FFFFFFF4F563
FFFFFFD81E87
FFFFFFC5CFD6
FFFFFFFE090A
0000004BDBDE
FFFFFFF1DA78
0000000EAB22
00000004CDE0
0000003C360C
0000002D9B02
FFFFFFDED62C
FFFFFFF6F798
00000045E05C
000000215723
0000001BC6CF
0000003055E0
00000023B169
FFFFFFFD31F8
000000165BDA
FFFFFF97C169
FFFFFFBA346C
0000001D008F
000000752393
000000596150
00000008F869
0000001499A7
00000054BF43
00000019D573
000000150D0F
FFFFFFFDA882
FFFFFFF336DA
FFFFFFDB27C3
FFFFFFDE7934
FFFFFFC7D996
0000001304FA
00000039A410
0000007E3B6B
0000005B1BBA
0000002EC397
0000000B15E4
00000014C2AF
000000114921
000000005B11
0000001EB72F
FFFFFFFA3885
FFFFFFFC6981
0000000DD31C
FFFFFFF94213
0000003898DF
0000006666DC
00000089D830
00000048E8C1
0000005AF977
0000003A718D
FFFFFFF1D46E
FFFFFFC8369C
00000028A0B7
0000001EB921
000000140048
FFFFFFFCBF66
FFFFFFF632B5
0000003D2A84
000000794222
00000051918F
00000052FEBB
0000004DDDCC
000000543D13
00000048B915
0000002633A3
FFFFFFC800D3
0000000C24A6
0000001B0A7F
0000003A1A99
0000002AC77D
000000126B0E
FFFFFFDD700B
0000001C1A99
00000055B6CE
000000B0B726
0000006FB4C8
000000366266
0000000E1573
0000002C0E3D
000000115676
0000001BAD3C
00000010A662
000000614AAA
0000005D2245
00000008A6CF
FFFFFFE5C247
FFFFFFD4A775
00000040627E
00000090931A
0000004C1505
00000021EACD
0000003C1879
0000002B33DC
000000217651
0000001026D5
000000122CA0
00000028A99F
FFFFFFF489E6
FFFFFFC01A6F
0000001E6916
FFFFFFF17DB4
00000077A2BA
0000005C8F53
00000085EBFE
00000072B903
0000007FF50B
000000501D9B
0000003AE59D
000000327E4E
0000007263BD
0000003054B4
000000044909
FFFFFF5EE5F0
FFFFFFFF25A8
0000004323ED
000000696D30
00000012ED1D
00000028AA10
000000871372
00000074F355
000000B25214
00000055C790
0000002AAAAE
0000003B149E
0000005836ED
0000006017B5
000000062BA4
0000000D255F
00000025CE39
00000012BD5F
FFFFFFDA2393
00000008940E
00000034C767
000000448CD2
000000A211F7
00000056A159
0000000A45F7
000000283493
FFFFFFE00290
FFFFFFED93C4
000000272389
00000087DCEC
000000800871
0000004F4F93
0000007652BB
000000767486
0000008A51A7
00000063DC43
0000006030A0
000000614F94
000000887EB5
000000828B12
000000819447
0000005E5172
00000089EFEE
0000008B5C05
000000689A6C
FFFFFF745E45
FFFFFFBCD4E9
0000007269DE
00000088729E
0000007189B0
0000004F04FF
000000739E70
000000667DBC
0000006A8015
0000007DA0F6
0000006CC856
000000754BDC
0000008890EA
FFFFFFE4309A
FFFFFF65996B
FFFFFF739681
FFFFFF66161D
0000002EC53F
00000076B0B9
0000005A3BB3
0000007787A8
00000070BF02
000000507767
0000004958AB
000000661788
0000006190BD
0000007E5EC9
FFFFFFAA84B5
FFFFFF7365BC
FFFFFFA32359
FFFFFF742C54
FFFFFFEDB891
0000005F9E7D
0000007558F7
0000007B79D4
00000073455D
00000053C581
0000003C020C
0000002C6239
00000036235F
0000003B7CC5
FFFFFFE674A8
FFFFFFE3A00F
FFFFFFD3B43C
FFFFFFA55E96
FFFFFFA6CDB7
0000003C678A
000000690FC3
000000606057
00000042091F
00000040FB49
0000005A7060
00000053865B
00000052913B
0000001165BE
FFFFFFEE3BAD
FFFFFFDD4823
FFFFFFC4F56F
FFFFFFB4DDFF
FFFFFF8E0D31
FFFFFFB55F03
0000004B2FC4
0000003CAB21
0000003E5183
0000003860C6
0000003DBB8F
000000414725
00000047C771
00000024A033
FFFFFFD66799
FFFFFFD61C5F
FFFFFFC04AD1
FFFFFFAF0DAC
FFFFFFA6536F
FFFFFF7AF741
FFFFFFB37C29
0000003FA8DD
0000004C8E4A
0000004EFE78
0000003D8FEA
0000003D6E29
00000057BFDF
000000256218
FFFFFFD1F1E3
FFFFFFEC1DE6
FFFFFFD79E4A
FFFFFFD19615
FFFFFFB4500F
FFFFFFA900C1
FFFFFF6D4FFA
FFFFFFFD19DF
00000041DD9F
0000003B8EEB
0000004E1C3F
00000028281A
00000054656E
000000496F12
000000247ED4
0000000F8181
FFFFFFF63E13
FFFFFFDC111D
FFFFFFC3FDFF
FFFFFFC38FE8
FFFFFF8BEFF1
FFFFFF8D53F5
000000318CD6
0000002D0876
0000002D1CC5
0000001D82E6
000000472F1C
0000005AF204
0000005AEBE7
00000045099A
00000021DF7C
FFFFFFFA9ABF
FFFFFFCDBD51
FFFFFFB44593
FFFFFF99B595
FFFFFF6A1A38
FFFFFFBD7587
FFFFFFFA2EEA
FFFFFFE6EFAA
000000041407
0000003B3B31
0000005DF441
0000006A8C9D
0000001EE30F
00000015F274
00000017B79C
FFFFFFE53ADE
FFFFFFC3783D
FFFFFFBA70F1
FFFFFF979B09
FFFFFF8D2AA6
FFFFFFC29680
FFFFFF909C6C
FFFFFFB05688
000000202B8C
0000007757BA
0000005A090F
0000002C9794
0000003EF8A1
00000044D37B
00000010C7D3
00000003700F
FFFFFFD8D94A
FFFFFFC5DC7D
FFFFFFBBB6EF
FFFFFFDB1372
FFFFFFBF6469
FFFFFFC19027
0000000DF11F
0000006BD6D8
0000003CF440
00000029CCE6
000000709BA9
0000006CE4A8
0000004A8AA1
0000002F83CB
FFFFFFF505C0
FFFFFFE472C9
00000021F7EC
00000040A1B5
0000003E8B8E
000000355E98
000000418558
0000003E6541
00000028FE56
00000012FEE6
00000022186E
000000380CD7
000000424550
0000004205AD
0000004A0C6A
00000050EEF8
0000003D09B0
000000518145
000000331FA9
000000425D2A
00000046C23C
FFFFFFEFEC89
FFFFFFE4EE40
FFFFFFEDF887
FFFFFF8822CE
FFFFFFB59927
FFFFFFF12612
FFFFFFB6740E
FFFFFFAACE7B
FFFFFFE12279
FFFFFF89F7AE
FFFFFFB67B16
FFFFFFD6BB6E
FFFFFFACB7BC
FFFFFFD1D2AF
0000001834B9
0000002DAC9C
FFFFFFCD0D63
FFFFFFE4EE9A
00000016A490
FFFFFFE49549
FFFFFF9ED9E0
FFFFFFA9C7D0
FFFFFFDBD5FD
FFFFFFDA5FC4
FFFFFFBD4FBE
FFFFFFBF1004
0000000478CD
0000000D84A3
0000002503EA
0000006BA760
00000053772F
000000432665
00000032F290
000000063398
FFFFFFA65764
FFFFFFCA7DE6
FFFFFFD7A8D9
FFFFFFE1504D
00000011FB01
FFFFFFF22398
00000001E6EA
FFFFFFBE471E
FFFFFFE74F1B
FFFFFFED520F
0000006F3E6B
00000021E559
000000431BCC
0000005BB5A8
FFFFFFDFBF37
FFFFFFC1F4AB
FFFFFFB2FCA5
000000057E06
000000203EB3
0000003A5E9C
0000003739ED
FFFFFFB5AE34
00000000131C
00000042B3C0
00000087EA34
FFFFFFEDC321
FFFFFFA02A6A
000000353B28
FFFFFFFB8754
FFFFFFACA87F
FFFFFFAE197A
FFFFFFE9ACB0
000000009906
FFFFFFF3BB13
0000001012F4
000000247078
0000008A6D06
00000079A873
FFFFFFFCBAED
FFFFFF5C4C55
FFFFFF9B3D55
0000000F460E
0000005DF102
0000001DACC9
0000000218A1
FFFFFFFFC8B5
0000001B823D
FFFFFFFD8096
FFFFFFE27C5E
FFFFFFE9899A
0000001071D6
000000118C5E
FFFFFFB85B23
FFFFFF73FB4F
FFFFFF76BBF8
FFFFFFA756F0
0000003E89FB
0000002DFACC
FFFFFFE3FAA8
FFFFFFCDBADB
FFFFFFE0F98F
FFFFFFD9A905
FFFFFFFAD8B7
FFFFFFAF7C66
FFFFFFDD6BA8
FFFFFFC65F0E
FFFFFF64E2E3
FFFFFF6E113C
FFFFFF9453DF
FFFFFF848282
FFFFFFA09CCC
000000466F91
00000043307D
FFFFFFE72225
FFFFFFDC853B
FFFFFFDDC870
FFFFFFE0678F
FFFFFFC9084D
FFFFFFB0E24B
FFFFFFB3B8C2
FFFFFF8AEC38
FFFFFF9FF84A
FFFFFF8C8C00
FFFFFF9F7E92
FFFFFFB10756
00000021CE31
00000061FFDC
FFFFFFE2A0E5
FFFFFFEC29E7
FFFFFFFE8A46
FFFFFFF55555
FFFFFFCD943D
00000002BAF0
FFFFFFF8AB0A
FFFFFFDCF6E5
FFFFFF3948E8
FFFFFF96D092
FFFFFFC8B28C
0000000B9281
0000001ECD15
000000186E1A
FFFFFFFC8D3B
FFFFFF855634
FFFFFFCEDBA1
00000033D232
0000001CE6DC
0000001F4C53
FFFFFFF7E364
FFFFFF5BE274
FFFFFF506DF0
FFFFFF784A98
0000001D58B8
0000001F905B
000000144B43
00000014AB70
00000014F3E8
FFFFFFB7F236
FFFFFFF55157
000000A0B463
000000D21D42
FFFFFFE2BD3F
FFFFFFCF2D39
FFFFFF567982
FFFFFF585454
FFFFFF4539AB
FFFFFF8CAE77
FFFFFFC2F143
FFFFFFAB8AE0
FFFFFFC6A42E
FFFFFFA23251
FFFFFF4CD447
FFFFFFA6EEFB
00000056B9FF
000000D7779D
FFFFFFFB3C1D
FFFFFFEA695E
FFFFFFB47EAF
FFFFFFD2010F
FFFFFFE6B619
FFFFFFB8F90C
FFFFFF77795B
FFFFFF3AEAE0
FFFFFFB0160A
0000002B8D72
000000137D6E
FFFFFFD4B5E4
0000002FE8DA
0000004C12F9
FFFFFFEFC973
FFFFFFDF8E29
00000040B1D5
000000275269
FFFFFFE22D38
FFFFFFB8B914
FFFFFFCF324D
FFFFFF6B80C8
FFFFFFBA7E9E
FFFFFFF8300D
FFFFFFA4EBA6
00000005F0E6
0000000B4B7A
FFFFFFDBA25A
0000002B4D8F
00000009B91F
0000003133A8
FFFFFFDB5AC7
FFFFFFBEE893
FFFFFFAC284E
FFFFFFB56232
FFFFFFEBB727
FFFFFFAD9397
FFFFFFD8E9A9
FFFFFFB7E906
FFFFFFB02B0E
FFFFFF9B8C09
FFFFFFC0C41E
0000003692B1
000000168619
000000129862
FFFFFFF5E8E3
FFFFFFD2C335
FFFFFFB3A12E
FFFFFFB3D640
FFFFFFF0D60B
FFFFFFA03710
FFFFFFBFE72C
FFFFFFC8AFB5
FFFFFFA64624
FFFFFFBF8E96
FFFFFFF6990B
FFFFFFD996BE
FFFFFFCB38DA
FFFFFFBAD6DC
00000043CE98
00000004D9F1
FFFFFFE2DCC4
FFFFFFC7D2C4
FFFFFFCD450F
FFFFFFCDBE3F
FFFFFFC53AA7
FFFFFFF2098C
FFFFFF9775F7
FFFFFFDBD555
FFFFFFB544D8
FFFFFFC16555
FFFFFF6E65C8
FFFFFFDBAB19
FFFFFFDBF5AE
FFFFFFE715BE
0000002A1B28
FFFFFFB0717D
FFFFFFDCF57F
FFFFFFA8D401
FFFFFFB2C7DF
FFFFFFE29148
FFFFFFEE83C0
FFFFFFF31926
FFFFFFCCCC93
FFFFFFF033D0
FFFFFFAF6106
FFFFFFC4C1B6
FFFFFFD9D896
000000466CA5
0000007F7F61
FFFFFFE7EB79
FFFFFFBD7103
FFFFFFAA6617
FFFFFFC3E8A6
FFFFFFE1CE76
FFFFFFEA8C69
00000015A073
0000003F8EE6
FFFFFFEA34EC
000000257C15
FFFFFFFF5293
FFFFFFEB587D
000000099BC6
000000544490
0000002A0E7F
000000145041
000000357207
0000002C095B
0000003CA485
00000008D11B
000000144B5D
0000001694E3
FFFFFFEBA518
FFFFFFEA9D1F
0000000AE41C
000000092EDF
FFFFFFFF8BAB
00000009AD05
0000005BBAE6
000000579450
000000184EFD
FFFFFFF263C8
000000071933
0000001EA7F2
0000002B1F7C
FFFFFFFA136B
000000429A48
0000003391A0
0000001AC68F
000000166A1E
FFFFFFE311D4
FFFFFFDAE386
0000001CA435
0000006C82D5
000000392688
00000011D5BE
0000002ADCE7
0000002501F0
FFFFFFE2C6C9
000000159F03
0000002053BC
0000001C8C59
0000000E7DA6
00000006FC3D
FFFFFFFF814F
00000018C37B
000000337C31
0000005113B3
000000741308
0000001E0113
00000003E07C
00000020C2CA
0000002A06E8
000000233288
FFFFFFEDE240
0000000B7D57
0000000CAADA
FFFFFFEBD0D3
000000302266
0000004240C6
000000215BE0
0000004CDEA1
00000065D13A
000000123FDC
FFFFFFF252AD
FFFFFFF17DCB
0000000F5112
0000000FFD8C
0000005672DD
00000010943D
FFFFFFE6DAD7
FFFFFFBE87D9
00000012D438
00000036B92F
000000090420
FFFFFFFC0EBC
000000268349
FFFFFFF6F5D4
0000000651B9
0000002EB3B3
00000058B113
00000004CCE3
FFFFFFCCBEB2
FFFFFFA8B744
FFFFFFDFA4F7
00000011C00B
000000293659
0000001B9E4E
0000000FE178
0000002C2590
0000001D3144
FFFFFFDB20BD
FFFFFFDD1083
0000001802D7
00000052E6C9
0000002617CD
000000076302
FFFFFFE8B5A8
0000001222DB
FFFFFFF709A4
FFFFFFE9D146
FFFFFFF6CD30
FFFFFFB5CCDF
000000039AAE
FFFFFFEAA51C
0000002E189E
FFFFFFE624EC
FFFFFFF06AE3
FFFFFFF6D004
FFFFFFFEF48F
00000009DCBF
FFFFFFF3613A
FFFFFFF89D8B
FFFFFFD4460D
FFFFFFD23FE3
FFFFFFEA6357
FFFFFFE79109
FFFFFFF5A470
FFFFFFF6F54A
000000050517
FFFFFFFD5E39
FFFFFFD8CDE5
0000000A7676
FFFFFFF75C76
0000002DA074
00000013FBD6
000000582F35
FFFFFFF2516E
0000004C3B51
000000393460
0000000CA00F
FFFFFFD57A64
00000035E846
FFFFFFD0A2B9
FFFFFFAE99E4
FFFFFFD1E86C
FFFFFFE42E2F
FFFFFFC6793F
000000352697
00000042AE02
0000004D7B6A
00000001D34B
0000000E4422
FFFFFFF018D8
00000038D681
0000006CB1E9
0000002EC651
FFFFFFD72ECB
FFFFFFD590A0
FFFFFFCCBFBD
00000000D90C
FFFFFFEF4375
0000000D656D
0000002FBA64
0000002F1355
00000032C57C
00000075A743
0000000B368F
000000112852
000000309699
0000003D8C25
0000001510F0
FFFFFFE12418
FFFFFFEBFC28
0000001FC2F2
0000003A6809
00000020CA36
00000064838B
000000710E89
0000004E470C
000000466B75
0000001F3159
00000015AEED
0000001DB6EB
00000027E878
0000001B370A
0000002BA328
00000014A6AB
FFFFFFF9AC83
0000004AD440
00000006C2DA
000000049BE6
0000004AF45F
0000000140B4
FFFFFFFAB164
0000000144DF
000000033290
0000004C1935
0000003AD614
00000025D1CA
0000004CD2CF
0000004A71F8
0000003C1887
00000017B6EC
FFFFFFDA5AB0
000000191A2B
0000000E96F2
FFFFFFFC2318
FFFFFFF9570B
00000001E2F0
0000003F7CFD
0000001FF818
00000029C96C
0000001B7A37
000000381F89
0000002DE191
000000332939
0000003E64C1
FFFFFFC50585
000000042172
FFFFFFF6888D
FFFFFFF297A7
FFFFFFE67362
FFFFFFFCB3DB
000000203C66
0000003CD82E
0000002138E5
FFFFFFEE0B5B
0000000E229F
0000000C9229
000000389747
000000348D8A
00000032E9B4
FFFFFFF1450C
0000001B5897
0000000F9F4A
000000092BF1
0000000A7BCC
0000001FDA0C
0000002793A7
0000003248CA
0000003615AE
00000040B43B
00000035749E
000000209D2B
000000189CBE
0000003AADAD
FFFFFFE11ED9
FFFFFFFF1417
00000018CC48
0000004672C6
000000214719
000000186532
0000000AE3B6
00000057CB1B
0000004208F4
0000006D2F6A
000000518FF6
0000005E11AF
00000055B85D
000000648791
0000002C2498
0000003B474F
0000002B0F84
00000022A14E
FFFFFFEC1FF8
FFFFFFB84BA4
FFFFFFFAB66F
0000002D607C
00000014AFF4
FFFFFFE7F652
00000004E5E8
000000337032
00000059C6F7
00000020C520
FFFFFFF6BBF7
000000247F44
FFFFFFF6C26A
FFFFFFFABE89
00000039F1CD
0000001A2A01
0000000EFCC3
FFFFFFFEB8BC
FFFFFFF5BD55
FFFFFFFBFF9B
000000287C45
0000001B7469
00000034C552
0000001887F9
FFFFFFE986AF
0000006DC31E
000000212C48
0000001CCA80
0000002733A9
000000200DAB
00000004D5F0
0000000F65E0
0000002A9D1F
FFFFFFE0F3F5
FFFFFFE58D8F
0000002497D6
000000305B22
0000004F4457
0000005687EB
00000071140A
000000351CF6
00000068F217
000000654CCA
0000008D5A67
000000566025
00000027D1C0
00000056545D
0000003163D7
00000010302B
000000637A62
0000004713A1
00000069F30A
0000008F65E9
0000005B394E
0000006689D7
0000003339B6
00000049597B
00000091A4CC
0000004F5319
00000044C11A
0000003475AB
0000004030EA
00000082815C
0000006A4E71
000000692596
00000028AFB5
000000282EB9
000000A025BF
00000054A4C4
00000055C331
00000055ADFE
00000008ACE3
0000005A4524
0000005C6B6B
00000057D5E3
0000005C5515
00000035BB11
000000449CB3
00000046B34E
0000000945C1
0000003C0CD1
00000012731C
00000033BD3F
0000007E7682
FFFFFFF046BE
FFFFFFE3EDA7
00000004C2BE
FFFFFFF2FB00
0000000E0209
000000073A08
FFFFFFC950AB
FFFFFFF0E8CC
0000001B9B16
FFFFFFEBDC0C
0000000F1509
0000005DA497
0000000CE800
0000000E39EE
FFFFFFCD109A
00000000B27C
000000051DA5
000000044A8A
FFFFFFF7AC37
FFFFFFD25F34
0000003D97F4
000000101EA5
000000086EC7
0000003B0666
000000660F69
000000629107
000000188AB9
000000201E00
FFFFFFF0084C
0000001083DA
0000002928B8
FFFFFFFEB564
0000000CEB3B
FFFFFFF5A575
FFFFFFD5E606
FFFFFFC8EF1C
00000028E05C
00000050C323
000000077328
0000003451C0
00000010D68E
000000045A8B
FFFFFFD3F750
000000163B66
0000002FE1AC
0000001D1A10
00000034B694
0000000436E8
00000008D005
FFFFFFDE786B
FFFFFFE2C02F
FFFFFFEB110A
FFFFFFCBE7BD
000000009AA2
000000185932
00000009D6AD
FFFFFFF411DC
FFFFFFED4910
FFFFFFFA283C
FFFFFFD57A68
FFFFFFD3B2C2
FFFFFFE83616
FFFFFFC61D9A
FFFFFFCFB8AC
FFFFFFF7B83D
0000001DDC53
FFFFFFE95ACF
00000001A32A
0000002057A0
0000001D5307
000000099777
FFFFFFEB0F5B
FFFFFFEE3BB2
FFFFFFF341FB
FFFFFFEC832A
FFFFFFE63D96
FFFFFFD871DF
FFFFFFEA22B8
FFFFFFF790CB
0000000397A8
00000006F880
000000123761
0000001E2330
0000003AEBAA
FFFFFFFF8538
FFFFFFF242FE
FFFFFFD543C1
FFFFFFD7D84B
FFFFFFFAB333
FFFFFFEA2F46
FFFFFFCAA7C8
00000001A2DA
FFFFFFE837EB
000000130994
0000001EAAAC
000000190B05
000000254E33
00000010396A
00000001B7FC
FFFFFFF77ADF
FFFFFFEEC7D0
FFFFFFE02402
FFFFFFE88B91
0000000ECB4A
0000001025E2
000000030FB6
FFFFFFDAAC6A
FFFFFFDC4B07
FFFFFFE07176
0000001861FA
000000219601
000000148B72
0000001E3E12
00000005BBA7
FFFFFFFBFF78
FFFFFFD58A16
0000000C623F
0000003F9F60
0000002AAACD
00000026FAB8
0000001BFFCF
00000002CFDE
FFFFFFD75848
FFFFFFD7C326
FFFFFFF17582
FFFFFFF8F24F
0000001A6470
FFFFFFF41DCE
FFFFFFEEE9CE
FFFFFFF7AD5B
FFFFFFF1D948
FFFFFFFA7C1C
FFFFFFEA3073
FFFFFFD89799
FFFFFFE27099
0000000EFED0
000000287CBA
0000000FF1E3
0000003A6553
000000445ACD
00000044CBFE
00000016D8D2
0000000AF61A
FFFFFFFB56B2
0000001203F5
0000001814FB
000000186200
0000000E789F
FFFFFFF91620
FFFFFFC29AAC
FFFFFFFCA987
0000000F43C0
000000044641
00000019CF27
0000005570E7
0000003F18A0
000000332B6C
00000039042A
0000002C78D1
0000002DA6E0
00000032A74B
00000034E08B
0000003C765C
FFFFFFEA6EE7
00000011D6AC
FFFFFFF7171B
0000001A7909
000000036E3C
FFFFFFE56727
FFFFFFEFB58E
0000000BDBFE
FFFFFFED21CC
FFFFFFBEB867
FFFFFFE83C14
FFFFFFE9ADE6
FFFFFFEA7EF9
FFFFFFD9D469
0000001ACEE0
FFFFFFF98437
FFFFFF60C05F
FFFFFFD455DA
000000487C94
0000003EAEC8
0000005500DA
0000000EC138
FFFFFF9466F3
0000002FE0C4
0000000C5A61
00000045C2A6
FFFFFFFA97F2
0000001227C3
FFFFFFE3EC4D
FFFFFF9C917E
FFFFFF29510B
FFFFFF5E1269
FFFFFFBB2612
0000000C752F
00000068CCC2
00000019ADDE
000000005629
FFFFFFFAC9DD
FFFFFFC511F3
00000021216B
0000001EA574
FFFFFFBEB28C
0000001AD7E6
FFFFFF9FD591
00000027A1EB
00000002287C
FFFFFF383D7B
FFFFFFA8D0EA
0000001C6984
000000093B78
00000047FEA1
000000319699
0000000CBB71
0000000F727C
00000028BE96
0000001B6521
0000000D2562
FFFFFF99B34E
00000030E071
0000001B527B
0000001CE635
FFFFFFB9EBFD
FFFFFFE7A374
00000056D3DA
000000510C68
0000002F6EE4
0000004D7FFC
00000020AB3F
00000006E0F2
0000002135E0
0000001823C6
0000002C10D8
00000022B694
0000005D90A3
0000003E205C
FFFFFFFF52A4
FFFFFFDE9AB2
000000297579
000000349E52
00000012CF70
0000001BD867
0000005FF8B2
00000014322E
FFFFFFCBF769
0000006AA6F3
0000009177D5
0000005BAD64
000000844D65
0000005473F2
0000003AFBE3
FFFFFFA0FA6B
FFFFFF9BEA68
FFFFFFF2E2B4
000000140F82
000000116E11
000000341B5D
00000033EF94
FFFFFFF868D7
00000078B4CC
00000085BFDB
000000542909
000000557563
000000637A81
00000059DDF1
0000002FDF65
FFFFFFC12870
FFFFFFD5577E
FFFFFFED927E
000000504F7C
0000001B496C
000000102488
00000020EC7D
000000762E7C
0000008E16EC
000000675D8A
0000004F19FB
0000004794E7
0000004F5445
00000055E29B
00000022BD63
FFFFFFC42F1C
FFFFFFCAC286
000000326A56
00000033656B
0000000DF2C0
0000001A1991
000000115385
0000006F15CC
0000006E6DBB
00000058D5CE
000000643D83
0000007DAD5C
000000330986
0000004AC9B1
FFFFFFDF0108
FFFFFFB3B5E6
00000012B6DC
FFFFFFF457FA
FFFFFFED9DF3
FFFFFFCCA999
0000005B5D64
00000021B386
0000001DDB4D
000000515D9D
00000091B343
00000051841B
000000175F76
0000001C3001
0000003E4399
FFFFFFFCD190
000000043599
FFFFFFB31EAB
FFFFFFC0E2E7
FFFFFFFBF780
FFFFFFE373CE
0000001C153D
0000001AEAB9
00000037F6E6
0000004D9C06
0000000B41BC
000000116AA2
000000335F02
000000570E4D
0000002B922F
00000044A4DF
00000071CAF0
00000061DB9D
000000190999
0000004D6174
FFFFFFD9D1C1
0000000102D1
00000071955D
FFFFFFFF2180
00000049760F
0000008898EC
00000065BBF4
000000497840
0000007A9465
000000A1D411
000000B1F3B1
00000098129C
00000063D418
FFFFFFDC380C
FFFFFFA66F8B
FFFFFF8B8238
00000018D5EC
FFFFFFBE40B5
FFFFFFB4669A
0000002C9C19
0000006AA547
000000749C88
00000059C577
0000006267EB
000000262455
000000483BC0
000000573EA4
0000000305FF
FFFFFFF5358B
FFFFFF87597C
FFFFFFCBF600
FFFFFFD597EB
FFFFFFF757A1
FFFFFFEA0D6B
FFFFFFB93BF0
FFFFFFE780FB
FFFFFFC770F6
FFFFFFF70239
000000254EDD
FFFFFFF2B487
FFFFFFD85E7A
00000025AEB7
00000039C52C
FFFFFFDB406A
FFFFFFDFCEBD
00000007D39D
000000007433
FFFFFFBF1E63
FFFFFFF1DE83
00000018062B
0000001BCD6B
FFFFFFF07E89
FFFFFFDFDF41
00000011D2D6
000000026E06
00000018A22E
0000002C30C2
FFFFFFFE0846
FFFFFFF580DE
FFFFFFFCC62F
FFFFFFC18CBE
FFFFFFD79F10
00000012522B
FFFFFFEC53CD
00000002ACB5
0000000FADEF
FFFFFFE50886
FFFFFFDF8448
0000000C7C80
0000001090AB
FFFFFFF92CCF
000000476170
0000002F7852
FFFFFFE7689C
FFFFFFB3C1F9
FFFFFFE46F9B
FFFFFFDB6922
FFFFFFE471CF
FFFFFFE33D14
FFFFFFEB83E9
FFFFFFDC2545
FFFFFFEE8EAE
0000001082C5
FFFFFFE059EE
FFFFFFDDABFB
0000005811A8
000000328904
00000010F3FD
0000001A6CBD
FFFFFFF63C6F
FFFFFFF0296D
FFFFFFEFD663
FFFFFFF2F871
FFFFFFD7E4F2
FFFFFFB40D4E
FFFFFFD4FB85
000000017634
FFFFFFFCCC37
FFFFFFF4B2CD
0000001076BE
000000207ECF
0000000DD2B2
0000001B4DC4
000000056CDB
0000001118DA
FFFFFFF10F29
000000110F1D
00000000CA53
FFFFFFEADB37
FFFFFFE03898
FFFFFFD18D7C
FFFFFFFD1F3C
0000001C2503
00000008C54A
0000000FDF54
000000050A48
0000001D2126
0000001ABD68
000000071560
FFFFFFE9BD19
FFFFFFDAE56E
FFFFFFF118B5
FFFFFFE50EF5
FFFFFFD2388C
FFFFFFD23188
FFFFFFD0B575
0000000DDBF5
FFFFFFF43F69
000000081B16
0000001202A8
FFFFFFFF32CB
00000018D68F
FFFFFFF121BC
FFFFFFB678DC
FFFFFFD80FAA
FFFFFFED727F
FFFFFFE88B93
FFFFFFD8C872
FFFFFFC9308E
FFFFFFF688B9
00000001A387
FFFFFFEB12F1
FFFFFFF0CCF9
FFFFFFFC2AAC
000000159C7A
00000003C45D
0000000DAF69
FFFFFFCA7435
FFFFFFE03A01
FFFFFFDDD50E
FFFFFFDB2434
FFFFFFD805E0
FFFFFFA821CC
FFFFFFD68F9D
FFFFFFE8D651
FFFFFFD84C42
00000001A880
FFFFFFFBF087
FFFFFFFCDBFC
FFFFFFE8317B
0000001A6BAD
00000000A22D
FFFFFFC99A3F
FFFFFFEFFFA0
FFFFFFFC0632
FFFFFFF183B3
FFFFFFED2437
FFFFFFD2ED94
FFFFFFE3909B
FFFFFFF8EAFA
FFFFFFF49AD7
FFFFFFE1D963
FFFFFFE4AEC6
FFFFFFE5A324
FFFFFFFAE773
000000168452
00000020707F
00000004155B
000000336647
0000002904EC
FFFFFFF96026
FFFFFFCA8A25
FFFFFFBD19E3
FFFFFFC1F30C
00000027D7EF
FFFFFFD56E66
FFFFFFD3FD65
FFFFFFF2AA96
FFFFFFDB9B6E
FFFFFFF2D415
0000000B7DEF
FFFFFFD79B27
00000034A4E3
0000003ED2DA
0000001A28AC
FFFFFFEBE9A1
FFFFFFE4D58D
FFFFFFEB3B07
0000002750CE
00000003AC43
000000159AD5
000000109132
FFFFFFF228A2
000000010110
FFFFFFE870AD
FFFFFFE861CF
FFFFFFFAD5D3
0000001DAAB1
00000028A973
FFFFFFC6727E
FFFFFFFE7D8E
000000064EDC
000000033813
000000068C28
FFFFFFF587EF
FFFFFFD4D1C5
0000001710C7
FFFFFFFF2154
FFFFFFF70AC0
FFFFFFE626C0
FFFFFFD62B74
FFFFFFFC5797
FFFFFFEE8CD6
FFFFFFD702A3
FFFFFFE5BAC1
FFFFFFF90536
FFFFFFE87EAE
FFFFFFCAE24B
FFFFFFE05D5C
FFFFFFF6FBC6
000000036006
FFFFFFE5C3AF
FFFFFFF73B85
FFFFFFEEE81E
FFFFFFF20972
FFFFFFD719CF
00000005C80B
FFFFFFF8CC4C
FFFFFFB3149D
0000001C3D5A
FFFFFFE6BB8F
FFFFFFF9FCB2
00000003FDAD
000000098F19
000000119E54
0000000E5277
FFFFFFBAABDD
FFFFFFA521D7
FFFFFFD485F0
FFFFFFAA2B8B
FFFFFFA2A167
FFFFFFF398E1
00000000195D
00000037E765
000000155301
00000019F418
00000001AAC7
0000000C0E5F
000000172374
000000205416
FFFFFFD8D7F8
FFFFFFCF2BAE
FFFFFFE0269A
FFFFFFEA5BDA
FFFFFFC51B0F
FFFFFFF884E7
FFFFFFF7A89F
FFFFFFF385C3
000000011A52
0000000D1248
0000001B533F
FFFFFFE8B16A
FFFFFFE7FC44
0000000297B1
FFFFFFEFD1A0
FFFFFFE13613
FFFFFFD6A76E
00000001DA4D
FFFFFFFB5D16
000000067ABA
0000002406BC
00000000F487
FFFFFFF9CBC2
FFFFFFFD28D1
FFFFFFFC8983
FFFFFFDEC70F
FFFFFFD18890
FFFFFFD2D0D2
FFFFFFC9CBBF
FFFFFFEB0FD9
FFFFFFF8B679
FFFFFFF0B653
FFFFFFF201FD
000000157A10
FFFFFFF5D5A7
00000032763A
FFFFFFEE5C9F
0000000ECAD2
000000056D20
FFFFFFD4FF2C
000000065DF7
0000002AA6A5
FFFFFFF1CBFB
0000000CF417
FFFFFFF341F5
0000001115C4
0000004A0D2C
FFFFFFE146D4
FFFFFFEB67E0
FFFFFFFDE5A5
FFFFFFF25C33
FFFFFFEE7428
00000004294A
FFFFFFC6FD10
FFFFFFE87078
0000000BFDA4
0000000D3FEA
000000032F91
000000093430
000000127D6E
0000002EC684
000000037B97
FFFFFFE8B8E5
FFFFFFF33D39
FFFFFFE7BEE3
FFFFFFDD5B29
FFFFFFF5F058
FFFFFFF40898
0000000DEF81
0000002155D3
FFFFFFD82741
FFFFFFE9AC9B
FFFFFFF33E8F
000000145A8A
000000188FB9
FFFFFFDF3729
FFFFFFC80C74
FFFFFFCBCC84
FFFFFFCDD6A6
FFFFFFDB9F27
00000004440B
000000108126
0000002660E2
0000000BC615
FFFFFFFEF30F
000000077147
FFFFFFFAECC0
00000003CFB5
0000000DF535
FFFFFFD1EE4E
FFFFFF967B2C
FFFFFFD74C89
FFFFFFD15BAA
0000000D842B
FFFFFFE20502
FFFFFFF35C1E
FFFFFFF7DD86
0000001ACDB3
0000000D2F53
0000002E131F
FFFFFFFDBAD9
000000133242
000000273DA8
000000102A3C
FFFFFFBE6332
FFFFFFBB72A7
FFFFFFB69FC3
FFFFFFE905E7
FFFFFFF46867
000000075D10
FFFFFFED518A
0000000FD075
000000068932
00000010C8BD
000000047CF9
FFFFFFF7DFC1
000000393C6C
0000000A40C2
0000001351A5
0000000FFFF0
FFFFFFE6625E
FFFFFFDF59F3
000000251027
0000001C609B
FFFFFFEB25AB
FFFFFFF034A3
FFFFFFEB6171
FFFFFFE4885F
FFFFFFEFA6BE
FFFFFFF6F50C
0000002CC4E0
FFFFFFFC310C
0000000549C2
00000024C6E3
FFFFFFD04586
FFFFFFBB77DA
FFFFFFD0F1A4
FFFFFFAD8946
FFFFFFDCAC8F
FFFFFFEFD3A6
000000018EBB
FFFFFFC0459B
FFFFFFB2A750
FFFFFFBC0183
0000001B7897
00000018ADFA
000000070200
FFFFFFFD8C1C
FFFFFFFC0D14
FFFFFFF2A3B6
FFFFFFE156DB
00000013B0AB
FFFFFFE6088E
FFFFFFCBA077
FFFFFFDE1C3C
FFFFFFE55E21
FFFFFFB7577E
FFFFFFE40340
FFFFFFE476D2
00000030CDA0
00000014FC47
FFFFFFED0524
00000008BF7B
0000001D15F9
000000054830
FFFFFFEE69EA
FFFFFFE6E0E3
FFFFFFDDEF8C
00000001BF2F
000000026CC6
0000001FA700
0000001A1CC8
00000024239F
00000027731D
0000001F212A
FFFFFFE99415
FFFFFFB99A03
FFFFFFEF142C
FFFFFFCB29DF
FFFFFFDC30F3
0000006C2B4B
00000003017E
0000002C9F22
000000293803
0000001454FF
FFFFFFDF1B35
FFFFFFBAD88D
0000001ECBB4
0000003A8795
0000002E79AC
FFFFFF83A0CE
FFFFFFF7A5E0
FFFFFFD2FE52
FFFFFFF8EB09
FFFFFFD37121
FFFFFFDB663E
FFFFFFD1ACD7
FFFFFFECD389
FFFFFFDE9480
FFFFFFCEAE25
0000001B0560
FFFFFFEA4D85
FFFFFFEF9C13
FFFFFFE8E2F7
FFFFFF9AB395
FFFFFFDD040F
FFFFFFE5E975
000000257A9A
FFFFFFF86621
FFFFFFF9BDD8
FFFFFFCE4EB0
FFFFFFECABDD
FFFFFFCA2487
FFFFFFD12E7C
FFFFFFCE5097
0000004AF979
0000000C3D76
FFFFFFCF3F72
FFFFFFC45EA1
000000085E98
FFFFFF95657E
FFFFFFF3E6B9
0000000E29B5
FFFFFFF458DB
FFFFFFB72D57
0000001DF361
FFFFFFE786A1
FFFFFFD9C297
FFFFFFD60217
0000004698EB
FFFFFF784444
FFFFFF9D9D54
000000048ABF
0000005340FA
FFFFFFCB0377
FFFFFF94BD28
0000000C43FB
FFFFFFD2E501
FFFFFFE3CB2C
FFFFFFFDA0A0
FFFFFFF48282
FFFFFFCE728E
FFFFFFC9E2B1
0000002A7064
00000018C756
000000397BFE
0000003C29C5
0000004F3353
0000000DBD03
FFFFFF38FA92
FFFFFF99CD71
FFFFFFE09F22
FFFFFFCF457A
FFFFFFC1FEE2
FFFFFFEBC957
000000406B08
00000043B9BB
0000004FD694
00000018FF4E
0000003DF960
00000063BC42
0000005D36CA
0000002E878A
FFFFFFE40BCC
FFFFFF48403A
FFFFFFC34ECC
00000014F10B
00000006E102
0000001902E3
00000004CC08
000000551D88
0000002207FA
0000004F82A8
0000002856CF
0000002C0176
0000004CC5D3
000000564426
00000048856D
FFFFFFF34F4A
FFFFFF5E3302
FFFFFFF310FB
00000016C762
00000008F327
00000022F7B8
00000037C42A
FFFFFF783AF6
FFFFFFB16F5B
0000003E1D1B
00000047452E
00000067F90A
000000503140
00000043BFC3
00000017FAFB
FFFFFF98F6DB
FFFFFFB6CED2
000000092AE8
00000007C0EA
0000001EEF6F
000000233879
000000085F6E
FFFFFF8CB626
FFFFFFC74AE2
FFFFFFC20F10
00000013F7F2
00000062A5A3
0000003B2558
000000206E20
FFFFFFF9D9F7
FFFFFF853D7C
FFFFFFDADA49
FFFFFFF3C100
FFFFFFB7FBBC
FFFFFFF9E7B4
000000347393
0000002E7493
00000036647F
000000036628
FFFFFFE5D81E
FFFFFFF872D5
FFFFFFCDA24F
FFFFFFC7D1DC
FFFFFFEA36E1
FFFFFFF70959
FFFFFFC9E8DC
FFFFFFE8ABB8
FFFFFFC43D7C
FFFFFFBB434B
0000000D8A12
0000002E885B
00000035CB94
0000004B246A
FFFFFFF6DFA8
000000447C0D
0000000FFD4F
FFFFFFF5F1AD
00000003791F
0000002AFAD0
FFFFFFF8427B
FFFFFFD99720
FFFFFFEA924B
FFFFFFBEFBD2
FFFFFFFF1BCA
FFFFFFDC62BE
FFFFFFDDA060
0000000546BA
FFFFFFAF8D2C
FFFFFFA4915C
FFFFFFE68945
0000000032A8
FFFFFFCFA21E
FFFFFFD620CD
FFFFFF9E5198
FFFFFF8CBDA3
FFFFFFA21541
FFFFFF6F15E5
FFFFFFF48950
FFFFFFED9A52
FFFFFFCF37F6
FFFFFFE71009
00000004C92D
FFFFFFC510B8
FFFFFFA7447E
FFFFFFB13C50
FFFFFFA3BFF8
FFFFFFDEE8AF
FFFFFFF4F060
00000003C302
FFFFFFD3F0F5
FFFFFFC708E4
00000015FC42
000000131CCA
000000383D1E
FFFFFFD329AF
FFFFFFCB22E4
00000010CF5E
FFFFFFB6B1E0
FFFFFFEE10C2
FFFFFFFB63B6
FFFFFFE2562F
FFFFFFDD97E9
FFFFFFC48D7E
FFFFFFD1BEC1
0000000141B6
FFFFFFF06884
000000214ADD
000000215DAB
FFFFFFAB8E9E
0000001D3163
FFFFFFC99F3D
FFFFFF92A922
FFFFFFDC71F0
FFFFFFDECCAC
FFFFFFAA9B0D
FFFFFFD6395F
FFFFFFCA4F47
FFFFFFE097CE
0000001A6057
FFFFFFDB7FA8
00000024F487
000000292875
0000000893A8
000000695863
FFFFFFBA84F4
FFFFFF940CDF
FFFFFF98E83D
FFFFFFDE0526
FFFFFFCE1F2E
FFFFFFCEFDAD
FFFFFFD8F1CB
0000001EE367
000000005E1F
FFFFFFA0156A
FFFFFFDED18D
000000137840
FFFFFFC9718F
FFFFFFF77F4A
FFFFFFCF7D70
FFFFFFC4096F
FFFFFFCAD175
FFFFFFF24D18
FFFFFFC6AD75
FFFFFFCCF63F
FFFFFFE9FB48
0000001DAFFE
00000030C2EE
0000003618FF
FFFFFFF8A3E4
000000572B17
FFFFFFE98FED
FFFFFFA7CC44
FFFFFFA3807B
FFFFFFE87877
000000128A18
FFFFFFEBCCED
0000000C68ED
FFFFFFEEA348
FFFFFFB7C34E
0000002AADB0
00000053F533
000000049EE2
FFFFFFFC2835
0000000EFD31
FFFFFFD2C645
FFFFFFBB9C1A
FFFFFFBFDDC3
FFFFFFCE7ECB
0000000936B4
000000360036
0000001F1484
0000000449AE
FFFFFFB9C9CC
FFFFFFA122C3
FFFFFFA8A795
FFFFFFB92F72
FFFFFFFEFBB8
FFFFFFDF1686
FFFFFFD88A94
FFFFFFD1056F
FFFFFFAC6C55
FFFFFFCF3EEF
FFFFFFCA89D9
FFFFFFB77BAE
FFFFFFB573D4
FFFFFFC6C6A8
FFFFFFA3DC4B
FFFFFFBEF28C
FFFFFF91FBD7
FFFFFFE40A1E
FFFFFFE228DB
FFFFFFDA1A7E
FFFFFFFC5D47
0000000D9823
FFFFFFCA2FB4
FFFFFF8C87AD
FFFFFF9F800A
FFFFFFB5479F
FFFFFFA0A372
FFFFFFAB3DC0
FFFFFF9ED3C9
FFFFFFA86968
FFFFFF8141B0
FFFFFF850C74
0000000419DE
FFFFFFE74E12
FFFFFFFD5383
FFFFFFD68A0C
FFFFFFA95212
FFFFFFA9DAF8
FFFFFFA6AE64
FFFFFF9FAC6D
FFFFFFA50F10
FFFFFFD7AA83
FFFFFFC588E2
FFFFFFACCF0C
FFFFFFB5D836
FFFFFF7B6C4C
FFFFFFA26C22
FFFFFFE01038
FFFFFFFCF3D4
FFFFFFB65299
FFFFFFC50711
FFFFFFBC1D5A
FFFFFFC28689
FFFFFF9BF994
FFFFFFC711F5
FFFFFFEBA366
0000001FB786
00000031FD27
FFFFFFD2B11E
FFFFFF9E9F0C
FFFFFF81D6F4
FFFFFF7F4446
FFFFFFB97F09
FFFFFFDE7EBB
000000549672
00000014847E
FFFFFFDFFEFF
FFFFFFCD4ACA
FFFFFFB66D6D
FFFFFFD9C50C
0000000C8E77
000000227DE4
0000000AE436
FFFFFFAE7A95
FFFFFFC4918D
FFFFFFC4EDA9
FFFFFFE5452F
0000000645AA
000000055E20
00000001BA8B
FFFFFFCF6B2F
FFFFFFC4C983
FFFFFFBE43F0
FFFFFFE08D57
FFFFFFE1BE65
FFFFFFE228C0
FFFFFFE2CE4C
FFFFFF8C865F
FFFFFFE6B8E0
00000030F871
0000002A0A9E
FFFFFFD91AFD
00000034DF1E
FFFFFFFAE0CE
FFFFFFC2B31C
0000000B5002
00000049F94B
0000003BE36D
0000001EEBBE
00000035509C
0000003D2AB7
FFFFFFC6376C
FFFFFFCDAF49
FFFFFFE68CAE
FFFFFFC704E9
FFFFFFC959B3
FFFFFFEC3B60
FFFFFFE43A6A
00000011D34E
00000020C721
0000003362D7
000000044D5F
FFFFFFE3CC91
FFFFFFE8B908
FFFFFFE6DEC9
000000072257
FFFFFFE1BC5F
00000065DD22
00000016F98B
FFFFFFF54A83
FFFFFFD6A8D8
000000109F46
00000076F28F
00000031737C
00000007BCD9
0000001E4D61
0000000304FA
FFFFFFC6AA9C
FFFFFFB105ED
FFFFFFB169E8
000000399534
000000B11905
FFFFFFFD1998
0000001725B4
00000009802A
0000001F2DCD
FFFFFFF07E18
FFFFFFEB8AE3
FFFFFFBD00B9
FFFFFFCD353B
FFFFFFD0AD41
FFFFFFC55D57
FFFFFFEC7DAE
FFFFFFCB6E81
0000006DC55D
0000002CE133
FFFFFFE0AA91
00000083CD0F
0000001D99F4
FFFFFFEF18B8
FFFFFFD20D69
FFFFFFE69767
FFFFFFC8D6E5
FFFFFFBD4822
000000007115
FFFFFFE93650
FFFFFFE6AF7F
000000360681
00000085348E
FFFFFFB28E17
FFFFFFCE2E8E
0000001F4724
FFFFFFC02D30
FFFFFFF86D99
FFFFFFFEBFEE
FFFFFFFAA744
FFFFFFC3493D
000000068734
000000184352
FFFFFFBF7646
0000000AB497
000000CCBC68
000000263574
FFFFFFEEAA57
000000174431
000000010211
FFFFFFB81826
000000154826
000000263962
FFFFFFF0610D
FFFFFFE6A000
00000025AD0C
FFFFFFDE52A3
FFFFFFD2C15D
FFFFFFE00310
00000050C149
FFFFFFDD9D1D
0000001E3A08
0000001578F9
000000070FB0
FFFFFFCA40BF
FFFFFFC8C56A
000000011E70
FFFFFFD8A155
FFFFFFBA9ADC
FFFFFF8F9CE5
FFFFFFC6D9E1
FFFFFFEA9A25
0000001317A3
000000886FCB
0000001BF37F
00000009CEE5
0000002E6233
00000023C02A
FFFFFFE6A604
FFFFFFBC5147
FFFFFFCE60C5
FFFFFFE8AC78
FFFFFFC0DD29
FFFFFFC18206
FFFFFFD6A06B
FFFFFFDFCB0F
00000036C411
000000732080
00000011B49B
00000020AA55
0000000DE3D2
00000055C15F
0000003DCE58
FFFFFFF4639E
FFFFFFB38D31
FFFFFFE330F7
FFFFFFF1A408
FFFFFFD49A71
FFFFFFC43DFC
0000000048E1
0000000AB6FF
FFFFFFD04E8D
FFFFFFE595D2
0000001E881D
00000029CB65
000000755066
00000023DEDA
FFFFFFF5F416
FFFFFFB27296
FFFFFFC55756
FFFFFFF2BF73
FFFFFFC1E0A9
FFFFFFD16853
FFFFFFEB48DF
FFFFFFE8C0C0
FFFFFFE78F14
FFFFFFEAAC55
00000007A154
FFFFFFEDBE7E
00000000D087
FFFFFFFF77CC
FFFFFFC33F61
FFFFFFB5D340
FFFFFFB8149E
FFFFFFA776AC
000000064A7C
0000003EED55
FFFFFFDB6AB7
FFFFFFEFDD2F
FFFFFFF05C1D
FFFFFFFAB01A
0000007F1B5A
FFFFFFFD776F
0000002B661D
000000200AB5
FFFFFFC7FAE7
FFFFFF9C7FA6
FFFFFF8E0543
FFFFFFAF4002
FFFFFFF93551
FFFFFFEF9950
FFFFFFC7CD19
FFFFFFE13529
FFFFFFDA1DB7
0000001F316F
00000079BCD1
000000113C18
000000485EC2
0000006AFC24
FFFFFFE7F006
FFFFFFAE27F8
FFFFFFBADBA4
00000024725B
FFFFFFDB6B1B
FFFFFF9C17A4
FFFFFF90740F
FFFFFF9DC117
FFFFFFE164FB
FFFFFFF66196
00000027D3ED
FFFFFFF16AB2
FFFFFFE29A1C
0000000B1E74
0000004B7E05
000000209D39
FFFFFFB7001E
FFFFFFCFB6D5
FFFFFFA387A4
FFFFFF9EA197
FFFFFFB448F5
FFFFFF8A92B9
FFFFFFD0C7C4
000000108F07
FFFFFFC2CC79
FFFFFFDB887B
FFFFFFEC47BE
FFFFFFC5CF5F
FFFFFFBC8E6A
FFFFFFE426B6
FFFFFFE47B63
FFFFFFFFB363
FFFFFFF9E580
FFFFFFEB4DD4
FFFFFFB40AF2
FFFFFFB58FCC
FFFFFF356754
FFFFFF6E8DE7
FFFFFFA950A6
FFFFFFCB2049
FFFFFF901995
FFFFFF6C4220
FFFFFFA33538
FFFFFF7073F1
FFFFFF5C128A
FFFFFF79A383
FFFFFF9EA530
FFFFFFB5D3DC
FFFFFFA6FBC4
FFFFFF7283CF
FFFFFF4EA528
FFFFFFCE98C9
FFFFFFEE7F78
0000000C89EB
FFFFFFE2BF18
FFFFFFB703F0
FFFFFFF11A59
FFFFFFE624DB
FFFFFF9D8244
FFFFFFFE64BE
FFFFFFEF2A24
00000014038B
00000008071C
FFFFFFAA2E97
FFFFFF87A5F4
FFFFFFE28F2E
FFFFFFF8C1CC
0000000C7C49
000000067102
FFFFFFD0799A
FFFFFFA214A0
FFFFFFC9644E
FFFFFF8CAC12
FFFFFFBFC819
FFFFFFE8EF6E
0000000BCFB7
FFFFFFCABC4B
FFFFFFBF834D
FFFFFF824CBE
FFFFFFEBB001
0000000BECC6
00000027D581
FFFFFFEF1378
00000026ADD3
FFFFFFD9D6BA
FFFFFFC06C4D
FFFFFFB39FAA
FFFFFFCED6C7
FFFFFFD9B5FE
FFFFFFD1AF5E
FFFFFFA81558
FFFFFFCDE2F6
FFFFFF987FF3
000000062A85
FFFFFFDB5237
FFFFFFD2A5C4
FFFFFFBB692E
0000002E81C5
0000001C2E21
FFFFFFE95F57
FFFFFFF68584
FFFFFFF4F168
FFFFFFEA56D7
FFFFFFC322CA
FFFFFFBF1C3B
FFFFFF7901B5
FFFFFF9EBE3B
FFFFFFC6248E
FFFFFFD85604
FFFFFFAAACBA
FFFFFFBEA4EB
FFFFFFDA2D8A
0000005881BA
FFFFFFE5FD36
FFFFFFA6E134
FFFFFFBE155A
FFFFFF97CE36
FFFFFFD04076
FFFFFFBB776A
FFFFFFB365A4
FFFFFFE6D9E4
00000008402F
FFFFFFC825DF
FFFFFFB370DA
FFFFFFCACAB5
FFFFFFD3D724
FFFFFFD44C0B
00000035DD02
FFFFFFCDE668
FFFFFFB9E62B
FFFFFF947370
FFFFFFBABA6A
FFFFFFAC9C02
FFFFFF8DFE42
FFFFFFF7379F
FFFFFFE2A5A2
FFFFFFD6D8E8
FFFFFFE2393F
FFFFFFF286F0
FFFFFFDE9856
FFFFFFB0384B
FFFFFFFE3573
00000026D60F
FFFFFFB06983
FFFFFFA4B675
FFFFFFB194E5
FFFFFFDE568E
FFFFFF88732A
FFFFFFCA32FC
00000002DBDD
FFFFFFCC1996
FFFFFFDA7142
FFFFFFD59BE5
FFFFFFD57EFD
FFFFFF9EB4D1
FFFFFFE4A4A3
0000000BFAF3
FFFFFFD98B49
FFFFFF85FE4F
FFFFFFC3432D
FFFFFFBAD0A2
FFFFFFA27B2B
FFFFFF8259E2
FFFFFFF5A2D4
FFFFFFCDE5D0
FFFFFFCDE6A8
FFFFFFA34179
FFFFFFB4D9AA
FFFFFFD1C3C7
FFFFFFE4E632
FFFFFFE90AB5
0000001FE3C7
FFFFFFEF3070
000000000324
FFFFFFF4BED2
FFFFFFA7AEEA
FFFFFF9166D5
FFFFFFB57DBB
00000005D0E4
FFFFFFDA11A6
0000001C28F4
0000001AF591
0000000C5AA8
FFFFFFF8E655
FFFFFFCF49E7
0000000C78E1
0000001FAC96
00000006443C
FFFFFFCB05FB
FFFFFFAB1FA0
FFFFFF6AE9C9
FFFFFFC6406E
FFFFFFFB6127
FFFFFFF66234
FFFFFFE60186
FFFFFFD184B6
FFFFFFEC81D4
FFFFFFCADBFE
FFFFFFB2EA3E
FFFFFFD4F509
FFFFFFC141C6
FFFFFFE95944
FFFFFFDBC4E3
FFFFFFB6E5A0
FFFFFF839FA7
FFFFFFE00F59
0000000CCC4D
FFFFFFB59868
FFFFFFACD58B
FFFFFFFBE8DF
FFFFFFD6042B
FFFFFFEF0704
00000003AFE2
00000000D7A0
FFFFFFD818A5
0000000D9AD4
FFFFFFBB154C
FFFFFFCAB5C8
FFFFFF62C0D0
FFFFFFB8D1E0
FFFFFFDF4743
FFFFFFB77F84
FFFFFF8F13B3
FFFFFF97BB01
FFFFFFAA3492
FFFFFF947BF2
FFFFFFCB6858
FFFFFFCF554F
FFFFFF754F6F
FFFFFF824D2A
FFFFFF744761
FFFFFF79E158
FFFFFFED36C9
0000002799EC
0000002689D0
00000083FF60
0000002DE7C7
FFFFFFEF8404
0000002A3CE5
000000599047
0000006A79F7
00000008B3CA
00000031D9B1
000000324CBD
0000003F81D9
00000028C5A3
FFFFFFF22007
00000006C141
000000810F8B
000000546D05
FFFFFFF7BEB6
0000005BCF65
0000003995C1
0000003CC994
00000063E856
0000003F02DC
0000007518CD
00000065F2F0
0000001B0034
000000193BD9
FFFFFFB6E4E6
000000148001
0000002DCC96
000000076AEB
0000006A54F2
0000005DCF6F
0000004D70EC
0000004D527C
000000199C3C
0000001C3A0F
FFFFFFFD7FFA
0000003E2D56
FFFFFFB54FC7
FFFFFFE7D93A
FFFFFFDB0FBB
00000055CC02
FFFFFFCF23F2
FFFFFFE768BE
00000042885D
FFFFFFE407FA
000000384E06
0000004F8462
0000003E2016
0000003D2609
00000001F91B
0000000A5D01
FFFFFFAAA055
FFFFFFFBB18E
000000184536
FFFFFFF7AFA4
FFFFFF8C9650
FFFFFFD52D03
FFFFFFE3DC5E
FFFFFFBD187D
000000041C4B
0000002A2655
000000535005
000000147FAA
FFFFFFC48E4F
FFFFFFCF0407
FFFFFFC9503F
FFFFFFB65675
FFFFFFD79DFF
FFFFFFE57D30
000000015669
00000025AF6B
FFFFFFE1D494
FFFFFFE5E524
FFFFFFF4B878
FFFFFFB5FAB4
FFFFFFD9B7A3
FFFFFFB3EF52
FFFFFFAD39E4
FFFFFFCC7C60
FFFFFFFD1B17
FFFFFFDC5CD2
0000000DF8C8
FFFFFFDC6BD2
000000171020
000000190E4F
0000004251CA
00000037E9B0
00000009FD81
FFFFFFDB3E6E
FFFFFFD8DC74
0000000C46DD
FFFFFFE1F0A2
FFFFFFF47857
FFFFFFDBB90B
FFFFFFEC79E6
FFFFFFFEB60B
FFFFFFD91A31
00000028390A
FFFFFFF5C3A4
0000001859E5
00000039558D
0000002D51D9
FFFFFFDF6937
FFFFFFE58E67
FFFFFFE48B40
FFFFFFC6469B
FFFFFFD06ECE
0000000FE9D7
FFFFFFE417D1
FFFFFFCD861C
FFFFFFAF79D8
00000017A7F3
FFFFFFE1483E
FFFFFFFD5AC6
FFFFFFFB2402
FFFFFFF6059A
FFFFFFBB5A7D
FFFFFFE9F21A
FFFFFFE09946
FFFFFFE58CF3
FFFFFFD1CFEA
FFFFFFD32AF6
FFFFFFBB09AA
FFFFFFB5AA75
FFFFFFA1452B
FFFFFFD1E203
FFFFFFEB2563
FFFFFFC42D4B
00000001130A
0000000A624D
FFFFFFBDB84F
00000003A8BA
FFFFFFDEC1BB
0000007C260C
0000003A3FA7
FFFFFFC1852B
FFFFFFA3494F
FFFFFFA6E4C6
FFFFFFA8FF3D
0000001DE320
00000015114D
0000000AEB0F
FFFFFFBC896D
FFFFFFC316AB
FFFFFFF4B5D1
FFFFFFE74589
FFFFFFFE4A09
000000528CF5
0000000706FB
FFFFFFA1D78A
FFFFFF66E94C
FFFFFFCB3690
FFFFFFF525E2
000000085328
00000002F92D
0000002A56EA
00000010DEAF
FFFFFFB1D2F0
FFFFFFE45EEF
0000000A3F72
0000002EC3E7
00000049050D
FFFFFFDBFC4F
FFFFFFC48D61
FFFFFF92609F
FFFFFFD6A171
FFFFFFFB0E69
00000006E9C7
000000008786
FFFFFFF60F75
FFFFFFD84DBC
FFFFFFF8FCC5
FFFFFFDD648F
FFFFFFD5D0DD
FFFFFFAE397A
FFFFFFD91EF4
FFFFFFF91087
FFFFFFAE830B
FFFFFF9C1FB2
FFFFFFAA21C7
FFFFFFF76BBB
FFFFFFD9A5C4
0000002C4022
000000131B5F
FFFFFFE13511
FFFFFFDFF297
FFFFFFE6E656
00000011311D
FFFFFFEF52B9
0000000BF3A9
00000011FC80
000000238563
FFFFFFD306BF
000000056DBB
0000001A8296
000000379F1A
000000405382
0000001A80A9
FFFFFFE670F3
000000028176
FFFFFFF39116
FFFFFFEA0E72
000000139EF5
0000000A609A
000000080A43
0000000D6F3F
000000469CBE
FFFFFFFF3B63
FFFFFFFBB856
0000005C8424
0000002E9045
0000004099C5
0000002CBB34
FFFFFFF2F7F2
FFFFFFDF3DDE
FFFFFFE2FF78
00000000D58D
FFFFFFFF13E2
00000005521B
FFFFFFFB0BBF
000000324A9D
00000005518A
0000000D3D64
000000348A0F
0000004932E6
0000003D11F0
FFFFFFFA6CF6
0000000170EF
FFFFFFEEB910
000000009ECF
00000010487E
00000015150E
0000001BC237
0000001941C5
000000025897
FFFFFFF3F43D
FFFFFFFFE2FD
0000000468CA
000000360775
0000000466C7
FFFFFFFB0354
000000017AE4
0000000787DB
0000002EA717
000000299D93
0000000D4298
00000029790D
0000001EEF4A
00000026840C
FFFFFFFB2F25
0000003BF2D7
FFFFFFF9620C
00000024B190
000000139E37
FFFFFFE9E742
00000023A709
0000002F54E7
00000029D541
000000181480
000000057153
000000164FEC
00000024BB1F
00000014B9C1
FFFFFFF7FD18
00000015075A
0000002B872D
0000002AD79D
000000157E66
FFFFFFFA0BE3
000000073E27
0000005233D0
000000484481
0000003F38BF
000000326B22
0000001764A4
FFFFFFFE1F36
00000016658A
FFFFFFF7DA92
0000002676A5
0000003061FF
00000022BFB7
000000289FFA
0000001066E8
000000247969
00000025A088
0000000A86B0
0000002B8AE5
00000036BE7E
00000025C529
FFFFFFFE3411
000000327252
000000244AAA
000000560E88
000000244993
0000003D5ECF
0000002A53C8
000000253933
000000151801
FFFFFFF4D6ED
00000005D174
0000002756F9
000000283B1F
0000000ECBD7
FFFFFFFD21AC
0000001DB413
00000038AC68
0000005BA1AB
0000001ED3CE
00000038794D
000000312EB9
0000002D2957
00000016D3CF
000000040613
FFFFFFDA4FA0
00000028046D
000000197B92
000000145F50
00000019E3B1
000000131E7D
FFFFFFFE4414
0000002D906F
00000049E69A
00000048E7E5
00000021258E
0000001CA580
0000001E9AFF
00000019C7B8
FFFFFFE02929
0000001E2996
000000309998
00000031C9F0
0000003644A7
00000004E9F5
00000000DB3C
FFFFFFE0A4FB
00000018C42A
FFFFFFE8C469
0000000B61D6
000000100CB1
FFFFFFF0675B
0000000FA932
000000042516
0000000AEA4A
00000038FDE0
000000219993
FFFFFFFE3EFB
FFFFFFC773CA
0000000DFA51
FFFFFFE367ED
0000004C465F
0000000162A5
0000003977FB
0000002A5943
00000029F6E1
0000001F6260
000000151CEF
000000107E8D
0000002D262A
000000251751
FFFFFFFBEDDB
FFFFFFCD2C5F
00000015E5ED
0000001A3EBE
0000002F2A5A
00000033323F
00000034E7DF
000000333614
0000002B5868
00000023DB05
0000002AB423
0000002F104A
00000032CF24
0000003CB311
000000191FCA
000000110F4B
000000281EE0
0000004B706C
00000043E5BD
00000031E406
0000003FB7AF
0000003CB4B6
0000003FD0A4
00000044FF14
000000603143
00000052A01B
000000374CBB
000000340052
0000002F276A
0000001E7AE4
000000108401
0000000333E7
FFFFFF716418
FFFFFFC0FA2C
000000187F61
00000013913C
FFFFFF877DEE
0000000C47AD
FFFFFFE3FCBC
00000018691C
00000003A013
FFFFFFA25498
FFFFFFAA26FC
FFFFFFD83669
000000103FD5
FFFFFFB5CD9A
00000006B090
FFFFFF99922C
FFFFFFBDCD50
FFFFFFEA22BD
FFFFFFD288A2
FFFFFFB44ABF
FFFFFFA9B876
FFFFFFC90F4F
FFFFFFC43ECD
FFFFFFBC0640
FFFFFF9FB8BC
FFFFFFBA647C
FFFFFFB79D95
0000000977E7
000000ADF651
000000582BDC
0000000D3ABE
FFFFFF7D9484
FFFFFFCC876E
FFFFFFD4B215
FFFFFFC0D11B
FFFFFFC7BF4B
FFFFFFAFE536
FFFFFFAD897B
FFFFFFAE1A24
FFFFFF9C972E
FFFFFFA9822C
0000002F06A4
000000901AA0
00000054F582
00000018ABF6
FFFFFFA9A21E
FFFFFF9EEA3A
FFFFFFEEBEC9
FFFFFFCF6A2F
FFFFFFF21423
FFFFFFD00B18
FFFFFFCF0E35
FFFFFFCA57A0
FFFFFFC70D0D
FFFFFF9F9C7B
FFFFFFBA222B
00000031F8F8
0000006B47A6
000000254399
FFFFFFD3E847
FFFFFF796099
FFFFFFE4F542
FFFFFF95CE37
FFFFFFC91F17
FFFFFFBE1A1A
FFFFFFE30FD7
FFFFFFA12687
FFFFFF9ECD49
000000558F6C
0000005BD476
0000003E9415
0000003AC466
000000264C8E
0000004C2944
FFFFFF628E5E
FFFFFF759E9B
FFFFFFC55D60
FFFFFFC1DD64
FFFFFFD64FA7
FFFFFFD271C8
FFFFFFC8A336
FFFFFFB3B786
0000001AF79D
0000005BAD81
0000002CB388
00000062BB0B
0000003AF032
00000053052F
0000001A6E90
FFFFFF557820
FFFFFF927EE9
FFFFFFD4E172
FFFFFFE404EE
FFFFFFE24D6B
FFFFFFE069E4
FFFFFFC1DF46
000000251854
000000969C2B
0000002EA6AC
000000484CD7
0000003E8132
0000004D099C
00000030E8C0
FFFFFFF5C444
FFFFFF55822C
FFFFFFECD775
FFFFFFE9D9F0
FFFFFFC8BBAB
FFFFFFE147C9
FFFFFFD9CFB9
FFFFFFFD5A13
0000002DD765
00000080071A
0000006B05F0
0000007B88C4
0000004FAE77
00000058AB0C
0000002DFDCA
FFFFFF72FFF8
FFFFFF695407
FFFFFFE38B53
FFFFFFCDE6CC
FFFFFFEA06BE
FFFFFFBBE8DD
FFFFFFC3D44D
FFFFFFA27E7B
0000002FAB78
0000003D7ED5
000000893228
0000007D08AF
000000247A19
0000004167F5
00000016A63B
FFFFFF9FD87A
FFFFFFAAC00A
FFFFFFCB2E52
FFFFFFB068F3
FFFFFF84AFFE
0000001A6707
FFFFFFC0A161
FFFFFFEE00F3
00000022ED91
0000003CEFFB
00000065F61F
00000021A00D
000000401D82
0000004EF893
0000001386D5
FFFFFFEF2745
0000002A9877
00000061903F
FFFFFFFA7741
FFFFFFFCF841
FFFFFFA542B2
FFFFFFD279C2
0000004F2548
0000008348B4
000000BB1397
0000006A42F4
0000009A9952
0000006E7F7F
0000005678E0
0000009B20D4
00000080B6F6
0000006EAF7F
0000008C88C9
FFFFFFB28CFD
FFFFFFDD1FA6
FFFFFFE2C44D
00000008D799
0000001F9A8D
0000003F1459
000000624A4E
000000B70E6D
0000001EF3F4
00000016547B
000000463653
00000015C380
00000035F5FD
FFFFFFC7EC09
FFFFFF882120
FFFFFFBBC9D9
FFFFFFBC38DC
FFFFFFC3B291
FFFFFFC89C5A
FFFFFFB519A4
FFFFFFBFB982
FFFFFFCDEEAC
FFFFFF8D75A5
FFFFFF8BC3BE
FFFFFF90B75B
FFFFFF941B47
FFFFFF931B57
FFFFFF818030
0000000A8837
00000009697A
000000355E78
0000004C4568
00000031180C
FFFFFFE1E70F
00000058EBBA
000000527282
000000138436
0000004C73B7
00000039D631
000000385DEF
0000002DAD0A
000000148E8B
0000000EB22B
00000010E087
00000084842D
00000087635E
000000120A30
FFFFFFF7A143
0000003D5AC8
00000048A0F3
0000002146BC
00000042931F
0000004BEBE7
00000034A327
FFFFFFF1CDA2
0000000FFACD
000000027370
FFFFFFC75B53
FFFFFF8E2D25
FFFFFFD4BD36
FFFFFFF4441E
0000003E835A
0000004B0530
000000287A69
FFFFFFF93D89
000000071F2C
FFFFFFF8B67A
00000011ADD4
FFFFFF9F9FFB
FFFFFFF7B908
0000002C0F77
0000005BF4A1
FFFFFFC6C5D6
FFFFFFCD8992
FFFFFFEC2DB9
FFFFFFEE70C2
0000001A41AF
0000001EF675
00000012A54C
FFFFFFF6C139
FFFFFFDAA997
FFFFFFD2CD94
FFFFFF7CA789
FFFFFFDFC130
000000451188
0000001B334D
FFFFFF84E117
FFFFFFDCC79A
0000004D1579
0000003A30F0
000000035A26
000000268D86
00000042F1A3
000000031B31
FFFFFFC08E7B
FFFFFFEC3B5F
FFFFFFB83E51
FFFFFFC28361
FFFFFFC5A08E
FFFFFFCFC886
00000005EDDE
0000004A7326
0000004FE91D
00000024C06F
FFFFFFF0EF04
FFFFFFDFAF93
FFFFFFC07383
FFFFFFBCAB4C
FFFFFF98727E
FFFFFFDB986D
0000000F38ED
0000003BC69F
000000468A50
FFFFFFEBFEF9
0000002821B5
0000005EC85C
000000547C41
00000036EB87
FFFFFFE8803C
0000002DED05
0000000889FD
000000046F67
000000044C22
FFFFFFF5DB24
FFFFFFEC78E2
00000043F88A
0000005E84BA
00000040E7C5
000000400315
0000004009CE
000000357FEF
00000060DB89
0000006B8C6C
00000041E27D
00000002CD30
0000002579A9
000000001B45
000000009A68
00000016472C
0000003DDA6D
00000075D6CA
FFFFFFFBC3FC
0000004EFE2C
0000002B62BB
0000006B6442
00000067305A
000000511F60
00000024A1D9
00000030530C
000000244C37
FFFFFFE823F2
00000005AE96
00000010EB96
00000011FD1B
00000035FD39
0000000EDFDB
0000001A10E3
0000005390E2
00000048699C
000000588BA3
0000003B5EF9
0000000AB9F4
00000037F252
0000002DD684
0000005250B7
0000004EBCEA
FFFFFFE3355C
FFFFFFCF9E90
0000003178DA
0000001AF869
000000B3BF7C
0000009132DF
0000003EF0EA
FFFFFFE919CC
FFFFFFD20CCF
FFFFFFCB3DC8
FFFFFFED4906
000000185DDA
0000002B96C1
FFFFFFF4217D
FFFFFF8875F0
FFFFFF684601
000000330017
00000014F4F3
000000B4E6E3
0000007FF8EC
00000078C513
00000068841F
0000001DF225
00000035F7F4
0000002235EF
000000431461
000000559589
0000001A923F
FFFFFFBBF45A
FFFFFF93051F
000000284254
FFFFFFFCBB2A
00000024D9D0
FFFFFFF39DFA
000000155F22
0000000249BF
0000002DFB57
000000750E06
FFFFFFE8EA44
FFFFFFBC6EB2
FFFFFFCF38B4
000000069581
FFFFFFAA81EC
FFFFFFAB3B32
000000061EC6
FFFFFFEF62AF
FFFFFFC0CAAB
FFFFFFF7F62C
0000002BDA46
000000280C60
000000168CFF
000000125E49
FFFFFFFC9A28
FFFFFFCC66D2
000000078873
FFFFFFEBF593
FFFFFFED8E20
000000394080
FFFFFF95C03A
FFFFFF90B8FF
0000000FE12E
FFFFFFBEC64E
FFFFFF7AB0AB
FFFFFF8854EB
FFFFFF9EB580
FFFFFF7967F1
FFFFFF843984
FFFFFF611507
FFFFFF745EE3
FFFFFF993456
FFFFFFA17279
FFFFFF7ED578
FFFFFFA7BCBA
FFFFFFD298FF
000000A3389A
000000872282
FFFFFFCA4EA6
FFFFFFAA48E8
FFFFFF7B3840
FFFFFF6EC7C0
FFFFFFA34D6B
FFFFFF8A03C0
FFFFFFA20032
FFFFFFA4D615
FFFFFFA6B241
FFFFFF50EB42
FFFFFF5F6274
0000005DB873
000000F6CE11
000001171328
000000829953
FFFFFFE4FEEF
FFFFFF7CC377
FFFFFF849D6B
FFFFFF8C9F81
FFFFFF9C93F7
FFFFFF830B41
FFFFFF8A3CBF
FFFFFF709AA0
FFFFFF60AEA3
FFFFFF58A0F1
000000172AD3
000000C6E38D
000000838291
000000BED179
000000446E55
FFFFFF85CD09
FFFFFF8D4963
FFFFFF8701D5
FFFFFF80BD83
FFFFFF8A9AAE
FFFFFF6D1759
FFFFFF6C2B44
FFFFFF6C6198
00000031E4A7
000000729675
0000002D1A93
0000008A52D1
000000B0804E
00000104BB5E
FFFFFFE16DD4
FFFFFF7EA21B
FFFFFFAA3894
FFFFFF9614EB
FFFFFF763A75
FFFFFF7C30D5
FFFFFF5D1EE6
FFFFFF477438
0000003A0110
000000827064
00000075397D
000000B2998A
000000A2E91B
000000F3CA65
000000C5475F
FFFFFFDA1649
FFFFFF781CF6
FFFFFF7D92EF
FFFFFF81A773
FFFFFF8A771A
FFFFFF774DA0
FFFFFF623341
00000042DD9B
00000074DD4C
000000683BAD
0000009679EE
000000B295CA
000000BBFF55
0000013545D1
000000EA256B
FFFFFFA30C3F
FFFFFF8724F9
FFFFFF92056E
FFFFFF9178B8
FFFFFF7A6961
FFFFFF5FCEC0
0000004B8B34
0000006D17BE
0000007996B0
0000007CCAFE
0000006B5575
00000092FD9D
000000C5D433
00000127B639
0000005EDF30
FFFFFF757BCE
FFFFFF83FAE5
FFFFFFA48153
FFFFFF9E2242
FFFFFF7719AD
FFFFFFC6259F
0000004639DD
0000004C2813
000000408029
00000057953E
0000009A0E57
000000A4E901
00000105D0B3
00000118310C
FFFFFFC9B8E1
FFFFFF818C12
FFFFFF9AF098
FFFFFF8C34B4
FFFFFF68543F
FFFFFF43E215
FFFFFF94E08C
0000002B1DD4
000000520711
000000734317
00000089C82A
000000A2145C
000000C68388
000001278474
000000C7BF5A
0000005444DF
0000009F40DB
000000567D7A
FFFFFFC4E731
FFFFFF4BBADC
FFFFFF694DF2
000000306264
000000284946
000000594D54
00000073EFAA
000000954282
000000B1E30E
000000F66326
000000EBD1F8
000000CD7F79
000000E52936
000000F8C8EF
000000247A48
FFFFFF608B61
FFFFFF7003E3
FFFFFFFA2204
00000009B8E4
FFFFFFD3D888
0000002F733C
000000722F27
00000096F244
000000A42F26
000000B3B3FA
000000A196A3
000000B0CF72
000000EC7D38
000000777D2C
FFFFFF6D882A
FFFFFF76695F
FFFFFFA0F9BB
FFFFFF6264E6
FFFFFF4B7304
FFFFFFEC385B
FFFFFFE78CBF
00000052A58E
0000009FB553
0000009EF547
00000047320D
000000111696
000000573827
000000762DA7
FFFFFF761E03
FFFFFF6DFFDD
FFFFFF3F1D2B
FFFFFF5C7917
FFFFFF5EF605
FFFFFF7BD2DF
FFFFFF745474
FFFFFFAE727E
FFFFFFB005B0
FFFFFF758204
FFFFFF5D6728
FFFFFF77BBB7
FFFFFF75CA93
FFFFFF5D9E83
0000009EB0C4
000000820583
000000521D18
0000004886AE
0000005C068B
00000035557D
0000001DAEA5
00000017C978
0000007C0944
0000006788CA
000000882DBD
00000038634C
0000005BB2B6
000000809D51
000000810CA4
0000002E50E6
FFFFFF90F93C
FFFFFFDE2BAF
FFFFFFF57A11
00000041E8B9
00000057FE47
00000042809B
000000224803
00000048253E
000000545BD2
00000041EC2F
000000547C4C
0000004EE4E0
00000026F550
FFFFFFFAB7B8
FFFFFFBFFA58
FFFFFFEB440B
FFFFFF97FE17
FFFFFFFAF87E
00000059067A
00000043102D
0000001C9815
0000001B0183
00000013F6CF
0000002C1DB5
0000000F49E0
0000001D1D24
0000002DE71C
FFFFFFC79295
FFFFFFCA0AF6
FFFFFFB53907
FFFFFFA07C49
FFFFFFF20EFB
00000049C4E5
0000004515ED
0000002D93C5
0000003D85A4
00000005C212
0000001C2BC0
00000000DC87
00000003DD1F
FFFFFFE60886
FFFFFFC40A7A
FFFFFFA56506
FFFFFFA2DFFA
FFFFFFB9B255
FFFFFFF965D0
0000003076CD
000000015E23
FFFFFFF7DD36
000000154230
000000072BC5
0000000A10BE
0000000483BC
FFFFFFFE684C
FFFFFFF59FB6
FFFFFFC9ACC7
FFFFFF99C2EC
FFFFFFC5CA87
FFFFFFC2E4FE
FFFFFFE183B1
0000000ED1CC
FFFFFFE5F2E1
00000001F276
FFFFFFFD04DB
000000123E26
0000000EA1E6
000000076ABA
FFFFFFF6586A
00000003393A
FFFFFFC509DC
FFFFFFC626D3
FFFFFFD35798
FFFFFFE1C3DC
FFFFFFEF19C5
00000025507C
00000012809C
00000006B52C
00000020C36B
00000006EA33
00000007C636
00000017EF07
000000098F71
00000001AD2B
FFFFFFDCC708
FFFFFFEFFE0A
FFFFFFDD885A
FFFFFFDDDB90
FFFFFFCB29AE
FFFFFFF26312
0000000D6670
000000162BA4
000000321321
00000013C91A
00000003DB16
000000037A00
0000001F1394
0000000D76BE
FFFFFFDF98B3
FFFFFFE68C46
FFFFFFD57FCB
FFFFFFCF9A76
FFFFFFE7F389
FFFFFFF0E813
FFFFFFFE7DA1
0000001E6402
FFFFFFEFFE20
FFFFFFE0DF44
FFFFFFDF50C5
FFFFFFF9ABBB
FFFFFFFDB1EB
0000002A071E
0000000F6B44
FFFFFFE5A905
FFFFFFD75F0B
FFFFFFF04155
FFFFFFDCC263
FFFFFFBD8B84
FFFFFFCAEFDD
00000016CFF0
FFFFFFD5B21F
FFFFFFC819B6
FFFFFFB9E21B
FFFFFFB2C3D9
FFFFFFE841C2
00000036B7BF
00000017F787
FFFFFFBB54FA
FFFFFFC1E6E5
00000004AD46
FFFFFFE14598
FFFFFFE58D71
FFFFFFEB9A97
FFFFFFFB916B
FFFFFFE81B35
FFFFFFEDCF4F
FFFFFFEC1682
FFFFFFE2D268
FFFFFFBAA821
0000000B8E62
FFFFFFF58D2D
FFFFFFBA1B20
FFFFFFEA537E
000000143FA6
FFFFFFF02735
FFFFFFD60724
FFFFFFDE9C7C
FFFFFFF8E2A9
FFFFFFE5CC86
FFFFFFEAC600
FFFFFFF15AE8
0000001D262B
FFFFFFCB2BCD
00000021AEC6
00000005E6F4
FFFFFFF168E5
000000026D5F
0000002269D3
FFFFFFFB461A
FFFFFFCCE21E
FFFFFFCB3C0F
FFFFFFCC0ACA
FFFFFFD73BC7
FFFFFFCDFBE0
FFFFFFE47DFA
FFFFFFF17850
FFFFFFDCD332
FFFFFFC3CC09
FFFFFFDEE415
FFFFFFE7E37B
FFFFFFDD0C34
FFFFFFE5AEB3
000000015A96
FFFFFFE55B1B
FFFFFFE78306
FFFFFFDFA389
FFFFFFC6F3FC
FFFFFFE64862
FFFFFFCF7CBF
FFFFFFF92B83
FFFFFFD5A70E
FFFFFFD28140
FFFFFFED145D
0000000A0DB3
FFFFFFF90DAD
FFFFFFE67331
FFFFFFE398BB
FFFFFFDB49A6
00000041760A
000000077D03
FFFFFFC462AA
FFFFFFF50E39
FFFFFFC1B13A
FFFFFFC5FCBC
00000011D85A
FFFFFFD1893C
00000000B8C5
00000006BF8E
0000001269D3
FFFFFFDD76FD
FFFFFFC70C54
FFFFFFE8A9E1
FFFFFFE6ADAD
FFFFFFC3FCE6
FFFFFFE8D780
FFFFFFC90970
FFFFFFB90A1B
FFFFFFD44708
000000110642
FFFFFFC106BD
0000002ABE7B
00000015296B
FFFFFFEC314E
0000004659CA
FFFFFFF14D39
FFFFFFC5531D
FFFFFFEE57C3
FFFFFFB3B831
FFFFFFB615E7
FFFFFFBA07ED
FFFFFFEB65A2
FFFFFFF447A4
0000000226A3
FFFFFFE018EF
00000046CA1E
000000222897
FFFFFFF0CE80
000000446FDE
0000000C55BF
FFFFFFEC08BE
FFFFFFD1283F
FFFFFFF75631
FFFFFFE8B7E7
FFFFFFFCEC39
0000002241A2
0000002DBAB1
0000004A658C
0000001D627E
0000003BAAB4
0000005AA6D0
0000000BBCED
000000013145
FFFFFFEE8FAB
000000155D3B
FFFFFFEFEF4D
FFFFFFE0C847
00000009F4EB
00000004BD93
FFFFFFDC154E
FFFFFFEEFECB
FFFFFFBF2B9D
0000001FF118
0000000C88D0
000000075E91
00000003EE1C
000000162D7B
FFFFFFF037C9
0000000A9661
FFFFFFDE4A1F
FFFFFFB61A13
FFFFFFC8975D
FFFFFFC93CB1
FFFFFFB5BF53
FFFFFF982445
FFFFFFB6E1B4
FFFFFFD5F81E
000000218A99
FFFFFFFDEAA1
FFFFFFEE75FF
FFFFFFFA2CCB
00000010C626
FFFFFFD15B5E
FFFFFFBBD99C
FFFFFFB44213
FFFFFF9814FE
FFFFFF9154A2
FFFFFF9C2940
FFFFFF9A43F1
FFFFFFA988C4
FFFFFFE21D27
FFFFFFF07A9F
FFFFFFD1DE0B
FFFFFFF4EA22
0000002441FE
0000000D76FA
FFFFFFDD3BDB
FFFFFFC18DB8
FFFFFFBF94DE
FFFFFF842543
FFFFFF8865D7
FFFFFF9754BA
FFFFFFBE2F8A
FFFFFF9CA53C
FFFFFFCABD2B
0000000B4D2E
000000168E9F
000000090A9E
000000095B92
FFFFFFE80A27
FFFFFFF1D8C0
FFFFFFC7360B
FFFFFFE7FC11
FFFFFF96FAA9
FFFFFF90DFCA
FFFFFF7FD768
FFFFFF96A5C8
FFFFFF9BB911
FFFFFFAD0ECD
FFFFFFE9815D
00000015AFFE
0000001E0FA6
FFFFFFF47F1B
FFFFFFE15BC4
FFFFFFE41B7B
FFFFFFD9848B
FFFFFFC5217E
FFFFFFBC82E1
FFFFFFA90A0F
FFFFFFA02F7A
FFFFFF9082B0
FFFFFFB100D4
FFFFFF7F5A49
FFFFFFB223B5
0000001097CD
0000003E35CD
FFFFFFFD2C92
000000078381
000000186334
FFFFFFF20578
FFFFFFD65B24
FFFFFFE6636A
FFFFFFE02B83
FFFFFFF24224
FFFFFFDC3349
FFFFFFD446F4
FFFFFFB843CB
FFFFFFFF3752
000000050F55
00000002D296
0000000308FF
FFFFFFF6E87C
FFFFFFFC4B53
FFFFFFF6A14A
FFFFFFD702BB
FFFFFFF005B2
FFFFFFFE4438
00000000AC8F
FFFFFFC96377
FFFFFFF34AC6
FFFFFF8003A4
FFFFFF9A8032
FFFFFFBCD8DF
FFFFFFA72D99
FFFFFFC93A8C
FFFFFFE85136
0000002CD5B9
FFFFFFF334E1
FFFFFFF78203
FFFFFFDDF74B
00000001B81C
FFFFFFED6E7E
FFFFFFC4DFC8
FFFFFFD1C3D5
FFFFFF755646
FFFFFFA3499A
FFFFFF95B1D1
FFFFFF99260D
FFFFFFB3F6C2
FFFFFF989789
FFFFFFB3B21D
FFFFFFB48BD0
FFFFFF89DFCA
FFFFFF8FF5C4
FFFFFF8F07C8
FFFFFFA151FC
FFFFFF7FCAF3
FFFFFFA101C4
000000601CFB
00000001B8AE
FFFFFFE8CEC3
FFFFFFB66AC2
FFFFFFEC324E
FFFFFFBBF2B3
FFFFFFCA3AB0
FFFFFFF65818
FFFFFFE06636
FFFFFFF0187F
000000051C20
FFFFFFB9A05E
FFFFFFC1A5F4
FFFFFFF7AAE3
000000564B8F
FFFFFFF21054
FFFFFFDE2AA2
FFFFFFD0BCD9
FFFFFFD88990
00000001734F
FFFFFFE5028D
FFFFFFD9130B
FFFFFFB0C9FA
FFFFFFE16F46
FFFFFFD986B1
FFFFFFC7B3D2
FFFFFFCD204E
00000004D1F0
00000010D6AD
FFFFFFEDE564
FFFFFFD16322
00000002D40B
FFFFFFE64606
FFFFFFFE24C9
FFFFFFF205D2
FFFFFFE34247
FFFFFFF15982
FFFFFFE750AB
00000003B357
FFFFFFD56B65
00000021C29F
00000008C1AD
00000017BF09
FFFFFFC1744B
FFFFFFF79007
FFFFFFE77179
FFFFFFE6028D
0000000425D9
FFFFFFE7D24E
FFFFFFF993B7
0000000D990D
FFFFFFD96087
FFFFFFDC90DA
000000480F08
0000002C2CBB
FFFFFFF478E5
FFFFFFF24230
FFFFFFEFFF44
000000092B59
FFFFFFF16B2C
0000004CA5D3
00000038073F
FFFFFFDFE635
FFFFFFEAF36E
FFFFFFED1D19
FFFFFFE56910
000000133283
0000002FA18B
00000027C184
0000002BDE7E
FFFFFFCC5E3C
FFFFFFFE8349
000000064780
000000301210
00000051A706
0000004CCF0F
FFFFFFCAB6B1
FFFFFFF075B7
0000003D2E19
000000633CAE
00000055411B
0000001674F1
00000016E8E0
000000058CE0
FFFFFFD9995B
FFFFFFDF553B
000000230334
00000023B207
00000006D089
00000024F70A
0000005284DD
FFFFFFD97038
0000000ECFB2
000000215BC3
0000002F41EA
0000001943A8
0000005A2D74
00000027A4E3
FFFFFFD429CB
FFFFFFE80024
0000002337D5
0000002BB210
00000019E1BC
0000000BC022
000000287D13
0000002796BB
FFFFFFE49BB9
0000001B0D0F
000000502321
00000017E11B
0000000B286D
0000005378F9
0000002D35E6
FFFFFFEAFC03
00000014B9F3
00000019A15E
000000345BF8
0000000764E8
000000509DAB
0000001EDDF4
00000026C668
FFFFFFF51130
000000149073
000000004CAC
0000003E40C5
00000029D3AC
00000041A8EE
FFFFFFF57A02
00000004D779
000000366062
000000441E77
00000025B0CB
0000001A2656
0000003D62EA
000000330146
FFFFFFE10593
FFFFFFCBBBD3
FFFFFFC58804
FFFFFFCE6473
FFFFFFDAD235
0000008FE951
0000002C50B9
0000001F374C
FFFFFFB6D83B
FFFFFFEDA4D2
0000001E4EC1
FFFFFFFF0A0E
FFFFFFF1EBFB
00000014D2A0
FFFFFFD4EC27
00000000B0CD
FFFFFFF4C4B9
0000001A8A2A
FFFFFFCF12D2
0000002816D2
FFFFFFF0C1F2
FFFFFFE2BCAF
FFFFFFC9BA08
0000002477F9
000000089624
FFFFFFDD256F
0000001A4314
FFFFFFFEB7A7
FFFFFFE10A65
00000003EC87
000000072CA1
000000134707
FFFFFFE35199
00000034C8A9
00000002D1BF
000000251108
000000332198
000000428463
00000009FEFE
FFFFFFB8929F
FFFFFFF9D255
FFFFFFE040A2
0000001B2457
FFFFFFC6704E
FFFFFFD8EE71
FFFFFFE5FD5D
FFFFFFD323D1
FFFFFFE3C6FA
FFFFFFD4E7CC
FFFFFFF87733
FFFFFFCF65D6
0000001BFDC1
00000028121D
0000000B6F9F
0000001004BD
FFFFFFDA017F
000000000017
00000024A9C9
0000000952A9
000000080CE5
FFFFFFEB6F09
FFFFFF6891D9
FFFFFF53898F
FFFFFFECCD84
FFFFFF9797D8
FFFFFF536516
FFFFFF519A3F
FFFFFF7BE35F
FFFFFF7002D8
FFFFFF8651EF
FFFFFF8DB8B4
FFFFFF7D0339
FFFFFF7D7EC1
FFFFFF7612B1
FFFFFF7D9ECD
FFFFFF6ADCE0
FFFFFFCE8FBE
000000CE7A16
0000007EEEA4
FFFFFFC6CED3
FFFFFF83FD2F
FFFFFF67DABC
FFFFFF84E8B7
FFFFFF806F41
FFFFFF8D1A22
FFFFFF9625B6
FFFFFF5A031F
FFFFFF737974
FFFFFF7AFA94
FFFFFF8DDA3C
00000085C7AB
000000A55EFF
000000CB5932
000000DB4E51
00000016A921
FFFFFF7F672D
FFFFFF8C8BC6
FFFFFF8E8A13
FFFFFF84705F
FFFFFFC20FB7
FFFFFFB1B998
FFFFFFAC1C86
FFFFFF86E248
FFFFFFB02855
00000050E3AE
00000084732B
0000003F03BA
00000075C247
0000007DB6AA
FFFFFFB72EE3
FFFFFF9C089F
FFFFFF6D962D
FFFFFF8E74A2
FFFFFF999D9D
FFFFFFB3B154
FFFFFFB55C67
FFFFFFAE0C26
0000000D348E
000000055249
FFFFFFEEA951
0000003F68A6
00000056C29A
000000A4A96B
FFFFFFFF5F2C
FFFFFF89C47B
FFFFFF9A2DB7
FFFFFF9B1E67
FFFFFF9E6E10
FFFFFF9DB911
FFFFFFCD5A1C
FFFFFFEF917D
000000168AF6
00000005EFB8
0000001AF0FB
0000003D6875
00000043C029
0000007B4A72
000000983F41
FFFFFFFEC6A7
FFFFFFD84EFE
FFFFFFCE3DA4
FFFFFFC52F37
FFFFFFC8607E
FFFFFFDD62A6
FFFFFFD376AC
FFFFFFFBDD59
00000003EE2B
0000000625E1
00000029F359
0000004632A5
000000553ACE
000000A25FD8
000000B1780B
0000000C88FD
FFFFFFC12078
FFFFFFBA9795
FFFFFFC74F7E
FFFFFFD547CC
FFFFFFBFE86C
000000045CA4
00000015FA3E
0000000AC316
00000024D42F
0000003D25B4
00000053C48A
000000649A54
000000A72703
000000678588
FFFFFFDE9EFC
FFFFFFB5670E
FFFFFFB7B3A0
FFFFFFD8520C
FFFFFFC4A2E5
FFFFFFF30838
FFFFFFF22574
FFFFFFF0D787
00000004E410
000000205C34
0000004BA229
000000506857
0000008061C0
000000C2E929
000000143F76
FFFFFFCEF9D7
FFFFFFEFDB2A
FFFFFFE080D2
FFFFFFCF9A13
FFFFFFB4E7BB
FFFFFFE0F3F4
FFFFFFFB142D
FFFFFFDF946C
FFFFFFF7D38D
00000022E9B1
0000005C6C61
0000006C03E2
000000A35F31
000000A1B22D
00000047DCF7
0000006D6ACA
00000057112E
FFFFFFEE6506
FFFFFFE184BB
FFFFFFC916CC
00000007254E
FFFFFFB8F3D7
FFFFFFE78CFA
0000003D77E6
0000007578F3
000000582821
000000704DBC
0000009720DB
00000059AD24
000000607F8B
00000067E977
0000003418FC
FFFFFF7645C0
FFFFFFAD0E16
00000009F2DA
FFFFFFD05BC8
FFFFFFD18364
000000113ECD
00000023C138
00000023FA22
0000003CC1F7
0000005829B4
0000001B599C
000000331764
0000004926D7
0000003302B0
FFFFFFBBE223
FFFFFFE5B12F
000000124415
FFFFFFBCDC0B
FFFFFFBA0FCC
00000011B707
FFFFFFCCDECD
00000010B5CE
0000003DB8AC
0000002B6F03
FFFFFFFE43FE
0000000A4474
000000365583
000000425111
FFFFFFE5A674
FFFFFFEF6F84
0000000A5170
FFFFFFE91FAB
FFFFFFD6745A
FFFFFFDCE093
FFFFFFEC7C18
FFFFFFF08C88
FFFFFFE646C4
FFFFFFF634B0
FFFFFFCF495C
FFFFFFD9ED9C
FFFFFFE1891C
FFFFFFE2B412
FFFFFF982C3C
FFFFFF9DEEED
FFFFFFC7876D
FFFFFF8A2796
FFFFFF9CF090
FFFFFFB54F4E
FFFFFFC32180
FFFFFFE13C61
FFFFFF85AA4A
FFFFFFA076B3
FFFFFF8D5A71
FFFFFF940604
FFFFFF7D6CA6
FFFFFF814CC3
FFFFFFC172DC
FFFFFFC0C165
000000431AD9
FFFFFFE41E66
FFFFFF839AD5
FFFFFFA48243
FFFFFFCA052C
FFFFFFBB871E
FFFFFFAB0284
FFFFFF9CE3BE
FFFFFFA58570
FFFFFFA476CF
FFFFFFB074F8
FFFFFFC5B210
FFFFFFBEFDFA
FFFFFFEE325F
FFFFFFF398F6
00000037020B
000000248AB0
FFFFFFE11DA0
FFFFFFC27D15
FFFFFFC57EEB
FFFFFFD11146
FFFFFFC07D07
FFFFFFE03EF5
FFFFFFBF07C8
FFFFFFDA5CBA
FFFFFFCDBB21
FFFFFFE77DAA
FFFFFFCB5C2D
FFFFFFC27249
0000002205AF
000000441D32
0000000F71D9
FFFFFFA41C8A
FFFFFFB22595
FFFFFFD4FF2E
FFFFFFBA9AA7
FFFFFFEA1338
00000009425C
00000011EBC1
FFFFFFC93078
FFFFFFE16750
FFFFFFDD68C0
FFFFFFBCBFEE
00000044AE51
000000729044
00000051BAC0
FFFFFFB99BB8
FFFFFFC58E37
FFFFFFBAFCF8
FFFFFFC617AE
FFFFFFEF2627
FFFFFFEA1166
FFFFFFFB2400
FFFFFFE00A56
FFFFFFE9EEC1
000000566856
0000005984BF
000000525B7C
00000066A113
0000005F7573
00000023BC6A
FFFFFFE1E552
FFFFFFEE7EFE
FFFFFFECA38C
FFFFFFF3BF22
FFFFFFF3CD41
FFFFFFFCE71A
000000007E25
FFFFFFD8DE36
00000050C045
00000056B225
0000005094C0
0000005318FD
0000004E16E2
000000695410
00000035F8F3
FFFFFFCAC2E6
FFFFFFDCF4B0
FFFFFFE0A28E
FFFFFFFC6675
FFFFFFFAE1C5
FFFFFFF8BF33
FFFFFFFD7310
0000003D18FD
00000037A611
0000002E7654
0000002B740B
000000524356
000000660F9D
00000079463E
0000001936DF
FFFFFFD9B6AC
FFFFFFF5FA52
0000000EA826
FFFFFFFAEE46
FFFFFFE11F62
FFFFFFD82952
FFFFFFE9DB56
0000001133D3
00000038D4E2
000000429D0A
000000418DFC
0000004F7EE7
00000069DFBC
000000660041
FFFFFFF07870
FFFFFFCFDC7E
FFFFFFF47F8C
FFFFFFEBF48A
FFFFFFF6C7E0
FFFFFFE55388
FFFFFFE15DB8
0000002236D7
000000037D49
0000002465D4
0000002CAEAC
0000004C9708
00000066F278
0000007596DF
000000280640
FFFFFFCA4B31
000000117482
FFFFFFE3F9EE
FFFFFFD0C764
FFFFFFCE51BF
FFFFFFEEFD32
000000475674
0000002585D4
000000172CDF
0000000FA8AC
00000031907A
00000035B44E
000000495FFF
0000005235E6
000000425800
000000658322
00000054506B
FFFFFFF4C022
FFFFFFCF7826
FFFFFFD48D80
00000034B152
FFFFFFF2209A
FFFFFFC61843
FFFFFFFF67B3
0000000BC317
0000002A65E4
000000461830
0000004186DC
0000001EA633
000000231F42
0000003E8CF7
000000138399
FFFFFFE2C9AE
FFFFFFDFC33A
FFFFFFB02286
FFFFFF9C121A
FFFFFFA91E47
FFFFFF94A965
FFFFFFD3B778
000000190BC6
00000015F977
FFFFFFDB89AE
FFFFFFB3F9DA
FFFFFF9C7031
FFFFFFA08DA2
FFFFFFBE9CB4
FFFFFFE070C2
FFFFFFCE115C
FFFFFFC1643A
FFFFFFB902A1
FFFFFFAD920F
FFFFFFC08B85
FFFFFFC5313E
FFFFFFAE149F
FFFFFFA66AA9
FFFFFFACD3B6
FFFFFFD0F87C
FFFFFFCDD470
FFFFFFC36BD6
FFFFFFC8D56D
00000009A3FD
00000042A37A
000000108810
0000002FE475
000000383F3A
FFFFFFFD0C30
0000001F43DB
0000000119BF
0000002CF7B1
000000003DD2
00000026F49C
00000035CB03
000000442C23
0000004BBE6C
FFFFFFE9C631
FFFFFFEE4979
FFFFFFA87C53
FFFFFFD44DBB
FFFFFFF474C5
0000002432C2
00000013E435
FFFFFFE7DF17
0000000765A6
0000001893CB
0000000BEF07
0000001A4623
00000017AB22
00000032DE56
00000003C23A
FFFFFFF075D9
0000001518A7
FFFFFFCC8FD4
FFFFFFB8E6E9
FFFFFFE6BF7A
00000039E26E
0000001B304C
000000183978
00000022B0A5
00000037C522
0000003D5542
0000002C96AC
0000003ED46D
00000055D226
FFFFFFC165F9
FFFFFFCEE540
FFFFFFFAB618
000000113260
FFFFFFF71A6D
0000002DF942
0000001FFBE7
00000022F51C
000000374CAE
00000023EDDD
00000047CF79
00000053D992
000000336413
FFFFFFF41B9A
FFFFFFD7AB31
FFFFFFF14113
00000004C864
0000003638A4
FFFFFFFF3E48
00000015CA0E
FFFFFFFF8850
FFFFFFE80EF8
0000000F36EC
0000002D077F
0000003B6B5A
000000185CC7
FFFFFFEE4F70
000000259C85
0000000538CA
000000316351
00000043842E
000000469787
0000001DA3A5
0000002FD7D5
000000417979
00000024DF71
0000003FA4AA
0000004F26D9
00000043957D
0000002E76FF
00000016CE8C
00000028E768
0000004F6786
0000006745DD
0000004E6039
000000411EF4
0000003BCCD6
0000004048E9
0000002785AA
00000024E1B9
0000005BC143
00000051EA86
000000597789
0000005C6329
0000004BF7E8
FFFFFFEE5504
0000002C0586
00000052C7DC
00000046BA66
0000003F1D12
0000004B57F6
0000003C5611
00000038374D
00000000B57F
000000548028
0000005D0DE6
0000005CF07B
00000058D9BA
000000554718
FFFFFFEC774B
000000231537
0000001139C2
0000004AAFC3
0000002711F1
000000413CF6
000000335B58
0000003FB643
00000033411B
0000002739CD
00000046C28B
00000041AF5C
0000005B1ECA
0000004824FE
0000003E3D2B
00000021BCDF
FFFFFFF98C28
0000000F9CE7
000000273C77
0000001560BC
0000002993BC
000000456307
0000002AEF39
FFFFFFF33380
FFFFFFF2D914
00000009CB5D
0000005CE0CE
0000002CFDE9
0000003CB3B8
0000002A05ED
FFFFFF9A3C00
FFFFFFEDC015
FFFFFFF46E30
0000001FAAD2
0000003F8ADA
00000050179E
0000003C59A4
0000001DCD78
000000077AFF
000000037688
0000001D86CC
0000000767AE
000000261A82
0000002D52B0
FFFFFF92B8FB
FFFFFFADB91A
FFFFFFF3E98C
FFFFFFF4182A
FFFFFFFCEF84
00000019B502
000000152617
0000001DFA87
0000000B3B54
00000003995E
00000018D6B2
FFFFFFC2BCEA
0000004A0275
0000003E2473
FFFFFFEC21FC
FFFFFFE46324
0000001194EC
FFFFFFC0AA34
FFFFFFD99A43
FFFFFFD3C3F0
000000040FA3
FFFFFFE23922
FFFFFFCAB1FB
FFFFFFDB0269
FFFFFFCA4ED3
FFFFFFE280D4
0000001D70B3
000000574D82
00000066522D
0000004867E9
00000032AC81
000000068DFF
0000001F3633
FFFFFFDADE46
FFFFFFED38C5
FFFFFFF6DE55
0000000E20BA
0000003FFCA9
0000002B6C2D
00000000BE18
FFFFFFBB11A8
FFFFFFE00D6A
FFFFFFAEFC47
FFFFFFEB2344
FFFFFFD328E4
FFFFFFDAD4E3
FFFFFFD17D6B
FFFFFFD2630A
FFFFFFB6644D
000000244028
FFFFFFF6DAD9
FFFFFFE68D34
FFFFFFEE57F0
FFFFFFEA3A5D
FFFFFFE527BB
FFFFFFF27DE6
FFFFFFE0896C
000000091097
FFFFFFF42983
FFFFFFEC2758
FFFFFFEABAF0
FFFFFFB8A106
FFFFFFC403F0
FFFFFFE8F03A
FFFFFFF49ABE
FFFFFFEF716A
FFFFFFCE2289
FFFFFFD6F33F
FFFFFFF50468
00000017D8C9
FFFFFFFC32C6
00000016541B
FFFFFFE6E9BB
00000005571A
FFFFFFF0AC59
FFFFFFF2E3DC
FFFFFFFA0D7E
FFFFFFF411AE
FFFFFFE2D9C5
FFFFFFCC9E63
FFFFFFD8061F
FFFFFFDC50AF
FFFFFFEC2CA0
FFFFFFCFF037
0000000C4E40
FFFFFFF654B1
FFFFFFF12037
0000001C318B
FFFFFFE4757F
000000123544
FFFFFFE466F3
FFFFFFE937AE
FFFFFFE2884C
FFFFFFA0F717
FFFFFFC1CE66
FFFFFFEAE202
000000043B5F
FFFFFFDD0761
FFFFFFD3375D
0000002F25A8
0000002A2223
000000297EE9
000000036DB2
FFFFFFEB0072
FFFFFFCFB851
FFFFFFCC69CE
FFFFFFD7B73B
FFFFFFF17C66
FFFFFFD069AB
FFFFFFEA77A2
0000003FD728
0000002C34FF
00000007B06D
0000003F0B39
0000001D91B9
000000317055
FFFFFFFFA08C
00000019DC38
FFFFFFFA50E3
FFFFFFF149F4
FFFFFFFA1A09
000000077397
000000094076
00000012BDB7
0000003992C0
000000245D81
0000000A4D18
00000029B225
000000398B14
0000003D64B9
FFFFFFF4AA62
FFFFFFF086C3
FFFFFFFCDEE8
00000016A0E9
00000017EC75
000000124CB5
FFFFFFE915CC
0000002BA224
0000003232D4
0000002E09BF
0000000BD4D3
0000002507C2
0000001C89BF
0000001BDAEE
0000001E883C
FFFFFFF20EDA
FFFFFFF35A20
0000000FD16A
FFFFFFEB9F4B
FFFFFFFE3000
FFFFFFF9E314
00000003FA89
0000001C4C9E
00000046774C
00000045DA1E
0000003ABF99
0000001F9382
0000003BF361
00000030B59B
0000001AB3C8
FFFFFFDDF06F
000000118A61
FFFFFFFE3B3C
0000000328BC
FFFFFFE85DC8
00000018A31E
FFFFFFE47CDE
00000046A6CB
00000056D137
000000536EFA
000000041071
0000002A9CF7
0000001995E6
0000000767FE
FFFFFFF6274E
0000000196D1
0000001460F8
0000000937ED
0000000DABE5
000000155905
FFFFFFD86186
000000377908
0000004A1C04
0000007D9F87
0000003C9312
0000000FE907
0000001DC8C1
000000101A7D
000000207AB0
00000032963C
00000000F456
0000000BD6F5
000000056248
0000003D33C4
FFFFFFEAE8AC
000000237672
0000001B3302
000000649110
000000370B98
00000045F1C0
000000732B67
0000003609F6
00000033F9F2
0000001B0611
000000479732
0000003117C6
0000000C1BAD
00000027AE43
FFFFFFD14CCE
FFFFFFEB68F1
0000000284DB
00000011F006
FFFFFFF629E5
00000035EDB4
0000004387B5
000000307C33
000000136C82
000000140D43
000000390322
00000035C5C6
00000022E5D8
000000309FF9
FFFFFFDC8F54
FFFFFFF90FB6
FFFFFFE7AD6A
FFFFFFEB7373
00000008DA46
FFFFFFEDB1A2
000000020378
00000022BEBD
0000000CF6E7
0000000055DD
FFFFFFFF691E
FFFFFFD38D9A
FFFFFFD5DE20
0000001B6FA9
0000005E580B
0000006DB8FA
0000009D6357
000000855778
00000072B8F0
0000006D0EC7
00000099FAC2
0000007707E2
0000009E2279
0000004DC483
0000007F3A10
000000834ADB
0000008E1E43
0000007A1814
000000663313
000000510869
FFFFFFD7D576
00000066913C
0000004C0517
0000005CFF2C
00000059104A
00000080E0FC
0000008677C7
00000071FC50
000000878337
0000005E1BD8
00000076C680
0000008DC072
000000630A87
000000078F29
FFFFFF98ACAC
FFFFFFA6F0D7
FFFFFFFDF5E3
000000767E2C
000000644333
00000080382B
000000555EC3
0000005E7873
0000005B04F5
0000005C6CBE
0000004CF8A1
000000639BC3
0000005EEB95
0000004A7A72
FFFFFFCEDD12
FFFFFFCD865B
FFFFFFD7729D
00000016D7C6
00000061B0A5
000000526FC1
0000006554C7
0000004D8A43
0000004E518D
0000004E851B
00000042AFBD
00000055ECBF
00000041A598
0000003FBA45
0000002DE249
FFFFFF974A15
FFFFFF889594
FFFFFFC90942
0000005DFB10
0000003760CC
000000340E8F
0000004B6713
000000466016
0000003169DB
000000273415
000000445B2A
FFFFFFE903B9
FFFFFF9887F9
FFFFFFA486A7
FFFFFF7A727A
FFFFFF8EC7F4
FFFFFF8B93F5
000000278E61
00000051071F
0000001DBC1A
0000001FD3E2
000000283E50
0000001CA947
0000001C3459
0000003F06FE
FFFFFFEE616D
FFFFFF911AC1
FFFFFFA632A5
FFFFFF8F0107
FFFFFF903230
FFFFFF9438C5
FFFFFF7C78C6
0000000F5163
0000004AB178
0000000D7266
000000145DA7
000000193B83
000000126C08
000000280C83
FFFFFFF81B88
FFFFFF83ECC4
FFFFFFA8ED25
FFFFFF9E57D1
FFFFFF9F1CFD
FFFFFF65BB52
FFFFFF79EDF8
FFFFFFA2E0E1
0000003E80FF
0000002C8C56
00000020DC4E
000000304A2B
000000314C5F
0000003EE7E7
00000026306A
FFFFFFC2B8D4
FFFFFFBC8C60
FFFFFF9B83C2
FFFFFF746661
FFFFFF7F0C1F
FFFFFF890D33
FFFFFF84EBF8
FFFFFFE80318
0000004641A4
000000246EEC
00000034D638
00000032B6F2
0000002B69D1
0000004F1F04
0000004D1E1C
FFFFFFD12537
FFFFFFB93C55
FFFFFF941CCD
FFFFFF8DD61A
FFFFFF8ED522
FFFFFF8E522B
FFFFFFA10AED
FFFFFFD6E869
FFFFFFFAD224
FFFFFFD9F058
FFFFFFDCE307
00000033EAE4
00000039B620
000000652063
00000013CA2D
00000005E6E5
FFFFFFDA8E4A
FFFFFF8DC18C
FFFFFF82CD3D
FFFFFF9D25D5
FFFFFF8D7584
FFFFFF8FD9E1
FFFFFF9D1F7B
FFFFFF97B378
FFFFFF6B30FE
FFFFFFDF4AA6
0000005EFDB4
00000069F656
00000012B3AF
FFFFFFD481F8
FFFFFFDCF57C
FFFFFF831A24
FFFFFFB7F3FE
FFFFFF978BD8
FFFFFF7B0F28
FFFFFF8063DB
FFFFFF9710B8
FFFFFF98EE79
FFFFFFA07F32
FFFFFF9EA067
00000053710F
000000304F27
000000254ABE
000000222AD6
000000358382
FFFFFFD39938
FFFFFFF4DAF6
FFFFFF89BF14
FFFFFF823736
FFFFFFA59A19
FFFFFFE3383C
000000035C45
FFFFFFC2F51F
FFFFFFF05E65
0000006B309E
00000050ADF6
0000004FC22A
0000004CDCA2
0000006C1517
000000414875
000000404D60
000000113427
0000005F08B0
0000004DDD9D
000000476356
00000041FE3A
00000054355B
0000005C3816
0000000DFB6B
FFFFFFFD3738
FFFFFFE8B761
FFFFFFE63D4A
FFFFFFD49EF7
FFFFFFF687D6
FFFFFFEA8E90
0000002A5705
00000013570E
0000001F5639
000000409D5D
0000001975F1
FFFFFFF382CF
0000000E89F8
0000002619AB
000000225288
FFFFFFCB6990
FFFFFFCC0802
FFFFFFD50F88
0000000E5864
00000008DD66
FFFFFFD5D367
FFFFFFF3E07A
FFFFFFFEC564
000000099BD4
FFFFFFEE6A2F
00000022EE9D
0000001E310B
000000227C13
000000398619
FFFFFFC9E479
FFFFFFBD3D44
FFFFFFDB7CC6
0000003785C8
000000038B18
0000001A1240
FFFFFFFBCEDF
FFFFFFEF1F4B
00000015DB35
0000000BD93E
0000000DA66E
FFFFFFEB030A
0000003664EB
00000021849C
FFFFFFE89F19
FFFFFFC30CBC
0000001724B0
0000002D6D70
0000001E6382
000000296A1D
0000000999CD
00000001CCC8
00000042A5F4
0000001796B0
00000011F54C
FFFFFFEBF1A9
00000035E908
FFFFFFE0CF6F
FFFFFFF1687E
0000000B8B9E
FFFFFFE58056
FFFFFFFE2E30
0000001DA204
FFFFFFDBA468
FFFFFFCBE7E5
FFFFFFFC4CDE
FFFFFFF861AB
FFFFFFF5D6AE
FFFFFFFC0813
FFFFFFEB03C9
0000006A1E3D
0000001A4996
FFFFFFF1CD59
FFFFFFB146CE
FFFFFFCD6771
FFFFFFEB77A7
FFFFFFCFAA7D
FFFFFFC1CD7F
FFFFFFDCB3FA
FFFFFFE0189D
FFFFFFE19AAA
FFFFFFFC3581
0000000DD56F
FFFFFFFDA4C0
0000004B3F85
FFFFFFE87C5E
FFFFFFBEE893
FFFFFFC0924F
FFFFFFCC89C7
FFFFFFD95CBA
FFFFFFC717B4
FFFFFFBFAAC2
000000014FE9
FFFFFFED57F5
FFFFFFDE761F
FFFFFFF2CCE6
FFFFFFE14E59
FFFFFFD59FCD
0000002654EA
FFFFFFCB8771
FFFFFFB10FF7
FFFFFFA42DEE
FFFFFFDB7DCF
FFFFFFB48F76
FFFFFFBB11E0
FFFFFFCDF4DB
00000017970F
FFFFFFD3DB43
FFFFFFCC1410
FFFFFFD71701
FFFFFFF367F2
FFFFFFF390E9
FFFFFFC3F64E
FFFFFFBFA9D2
FFFFFFE490B0
FFFFFFC17281
FFFFFFCD1D58
FFFFFFCE21C4
FFFFFFDD77BA
FFFFFFE0EB2A
FFFFFFF451AA
FFFFFFEDBCB5
FFFFFFD2080A
FFFFFFD7C3F3
FFFFFFD246FB
FFFFFFD00C2E
FFFFFFEEF25A
FFFFFFE7DCB0
FFFFFFDAE5BC
FFFFFF9F288D
FFFFFFCB5ACB
FFFFFFEF5636
FFFFFFF0A8D0
FFFFFFE50FDD
FFFFFFD211D6
FFFFFFD3D674
FFFFFFE9DC10
FFFFFFB57815
FFFFFF8E3441
00000005B561
FFFFFFF48E29
000000236AC1
FFFFFFF8CA39
FFFFFFDA1422
FFFFFFE5020A
FFFFFFC018EC
FFFFFFE03EF8
FFFFFFE7F2CA
FFFFFFEBC36F
FFFFFFEC6876
FFFFFFD86046
FFFFFFDCE461
FFFFFFF291C0
000000448600
FFFFFFDE04CB
000000165ECA
FFFFFFDF1AA2
00000013AA62
FFFFFFBFE332
FFFFFFC6D5A0
FFFFFFE936D9
FFFFFFC9D727
FFFFFFDF7816
FFFFFFD5EF52
FFFFFFBE2388
FFFFFFE224FC
00000006A96A
0000005F9A93
FFFFFFDFB822
FFFFFFAE0184
FFFFFFA899F4
FFFFFFF75875
FFFFFFB29283
FFFFFFB5D65C
FFFFFFC3E997
FFFFFFB01BFD
FFFFFFE06469
FFFFFFE6D063
FFFFFFF5DA62
FFFFFFD7635B
FFFFFFEF1F7F
00000002C8F8
FFFFFFD82471
FFFFFFB650B5
FFFFFFB9099D
FFFFFFCF758A
FFFFFFBCC29B
FFFFFFBD8361
FFFFFFAF5F20
FFFFFFA115E8
FFFFFFAED80C
FFFFFFE693D2
FFFFFFD1220A
FFFFFFDE7DA6
FFFFFFDD490A
FFFFFFB21608
FFFFFFE9AAE9
FFFFFFBAD7BA
FFFFFFA49179
FFFFFFDD64E8
FFFFFFBB89DD
FFFFFFB7430C
FFFFFFBDB359
FFFFFFDC81EB
FFFFFFC65352
FFFFFFB61D06
FFFFFF979362
FFFFFFB5CF98
FFFFFFB1FA9F
FFFFFFBDFADD
FFFFFFC81FCF
FFFFFF9AE146
FFFFFFBEA845
FFFFFF96BEED
FFFFFFC4FE9F
FFFFFFE96D47
FFFFFFFFAE55
FFFFFFBC17D0
FFFFFFD5DF71
FFFFFFAAE6E2
FFFFFFC6F89B
FFFFFFD70090
FFFFFFC1DB5A
FFFFFFB901A1
FFFFFFBFEB54
FFFFFF723691
FFFFFF951CF9
FFFFFFA99391
FFFFFF7512D9
FFFFFFB63838
FFFFFFD8EC9B
FFFFFFA50601
FFFFFFE98D20
FFFFFFD31343
FFFFFFC803AB
FFFFFFEDC38E
FFFFFFE60EDE
FFFFFFC01E95
FFFFFFDF1467
FFFFFF9164E1
FFFFFF6C8BE1
FFFFFFC8D3D5
FFFFFF9DE8A5
FFFFFFA4238B
FFFFFFAD8808
FFFFFFD97ABA
FFFFFFBEE1D0
FFFFFFE7332F
FFFFFFD3B922
FFFFFFE8ABD9
FFFFFFE66726
FFFFFFE56182
FFFFFF9D6163
FFFFFF9A4E1F
FFFFFF7C7468
FFFFFFF44D71
0000000209AB
FFFFFFA353AB
FFFFFF95D0EC
FFFFFFF56190
00000010B7C6
FFFFFFD40014
FFFFFFDD64D7
FFFFFFF8AABE
00000014C0D8
0000001A1C40
FFFFFF94C6DD
FFFFFFED0225
000000047807
0000000C2D6D
00000002F1B1
FFFFFFEFC9D1
FFFFFF89171D
FFFFFFCE2A05
000000134A50
0000000ED4C6
000000047356
00000016B902
0000004CD8FB
000000177A53
FFFFFFF405D0
0000000DF56B
00000023D760
0000000B23DD
0000000DF1B7
00000021EEEE
0000001378DB
FFFFFFE78A8A
00000015013A
000000377737
0000002E4C9F
00000017B295
00000024A043
0000002330C2
FFFFFFD26A8B
FFFFFFFB9639
0000000B0AB0
FFFFFFF26367
00000022C265
000000476299
00000030A420
FFFFFFF163FA
FFFFFFC6FE6B
00000009914B
0000000E032F
0000000719F6
000000084826
FFFFFFEEEDCB
FFFFFFFC995F
FFFFFFEE95BA
0000000C09AE
0000000BD667
0000002AB8B4
000000185160
0000001CC439
0000000377DF
FFFFFFAFD162
000000011BFA
00000021E316
00000001D6BF
00000002A285
00000011B7F4
FFFFFFF31E67
FFFFFFBC524D
FFFFFFEAF9E9
FFFFFFE33606
FFFFFFF85B59
0000000A5166
00000026E69E
0000001006D9
FFFFFFF2B833
0000000261FF
000000162DEC
0000000ACFAF
FFFFFFF875E5
FFFFFFE8693D
00000003A7B6
FFFFFFD398FA
FFFFFFDF4942
FFFFFFB98365
FFFFFFEAC3A3
00000020DC5B
000000273DE4
000000243402
0000001CA45B
0000001B47B8
00000027F4AE
0000000964CC
FFFFFFE9FD87
FFFFFFD87D23
FFFFFFE46E7D
FFFFFFE1B9D3
00000003E783
FFFFFFC784BB
FFFFFFEBB01D
FFFFFFF08855
FFFFFFC3725F
FFFFFFEDF633
00000019C70E
0000001D311D
00000015DBA8
FFFFFFD737A1
FFFFFFD122BE
FFFFFFD1AD68
FFFFFFFEE118
000000034231
FFFFFFE1D367
FFFFFFEFDDCB
FFFFFFFB4EF3
FFFFFFFB4742
000000018FAD
FFFFFFE4E657
FFFFFFF8B4EF
FFFFFFD69E5D
FFFFFFC55468
FFFFFFBE5BE2
FFFFFFD7A248
FFFFFFC168A9
000000269475
000000082731
000000098EF0
000000067832
FFFFFFF02A06
FFFFFFFD4435
000000084E73
FFFFFFFE74CC
FFFFFFC0AE4C
FFFFFFF46599
FFFFFFF44169
000000138193
00000018240C
FFFFFFF81E62
00000015EDCC
0000005B8DB7
FFFFFFDEC771
0000000AEBDD
FFFFFFBAF512
FFFFFFADF7D5
FFFFFF82C11F
FFFFFFEC7A5D
FFFFFFE16234
FFFFFFFC9120
FFFFFFDC4132
FFFFFFD8DDBD
000000006210
0000001353B7
FFFFFFEF797C
FFFFFFFD5416
FFFFFFF6F61D
0000001AF728
FFFFFFF6B663
FFFFFFCC292E
FFFFFF77B650
FFFFFF732A88
FFFFFFD4F44F
FFFFFFC44F74
FFFFFFE07147
FFFFFFDE1A4C
FFFFFFB8ADFB
FFFFFFE3D730
FFFFFFD86FEC
000000399912
0000003D4D86
00000012E102
FFFFFFEAAAD1
FFFFFFF3FDBC
FFFFFFF2D1DF
FFFFFFABCE19
FFFFFFCE36BE
FFFFFFC59C6C
FFFFFFB5D1AF
FFFFFFD6F7C8
FFFFFFA55169
FFFFFF93236F
FFFFFFEB20AA
FFFFFFD01B6F
000000341C65
00000023CB71
00000013BEA5
00000010DEBF
FFFFFFE71A73
00000001ABA1
FFFFFFF52065
FFFFFFF1A244
FFFFFFBBD58C
FFFFFFAAA865
FFFFFFE76C45
FFFFFFAE3A31
FFFFFFF43683
FFFFFFD44DEF
FFFFFFC90FE2
000000308351
0000003674DF
000000334DF2
0000000B4125
FFFFFFDAC7C7
FFFFFFCEE827
FFFFFFC5B4AE
FFFFFF9F5C26
FFFFFFA37EFC
FFFFFF9F88CC
FFFFFF982985
FFFFFFFCF686
FFFFFFFBE563
FFFFFFF7B001
00000014F42C
00000022CFE3
0000002FE12A
00000026C28B
FFFFFFDBA8D9
FFFFFFDCCEF5
FFFFFFD048F9
FFFFFFC366C2
FFFFFFC68F48
FFFFFFCE8E96
FFFFFFB8B1ED
FFFFFFCA0088
00000001E180
000000151F4A
00000038064F
00000031FB67
000000264CF7
000000101F97
FFFFFFD4B1ED
FFFFFFF9E3C6
0000001D14FC
0000000D1B8F
000000044DEB
FFFFFFEF5B73
FFFFFFC0EA3D
FFFFFFDDEF77
00000017DC7C
0000000DAE8E
0000001119D3
FFFFFFFE8099
000000210B64
00000030AC7C
000000152DDE
FFFFFFAFE0B3
FFFFFFD96F35
FFFFFFE680E0
00000007F1E3
FFFFFFD9F70D
FFFFFFC9C739
FFFFFFC1E45E
FFFFFFD97784
000000122902
0000000AE020
0000002B375D
000000647110
0000004E922A
00000033979E
FFFFFFBF1508
FFFFFFCC2030
FFFFFFD447B6
FFFFFFEFD42B
FFFFFFD55C82
FFFFFFDD5119
FFFFFFD9AD88
FFFFFFB7B58B
0000001B0A31
0000000C0E05
00000035FC03
0000005716D7
00000066AF46
000000566007
0000001A4ECB
FFFFFFCACE52
FFFFFFC1FF26
FFFFFFE3F503
FFFFFFCFDE2D
FFFFFFB195DA
FFFFFFE97AF6
FFFFFFD18EAF
FFFFFFFCE35E
000000517248
FFFFFFFEC229
FFFFFFF2384A
0000003EDDF8
00000040725E
0000003BA59B
0000003B3998
0000000D6BCC
000000173235
0000001A4FF8
FFFFFFCCAF94
00000001ADFA
FFFFFFEA88E8
FFFFFFC9C580
000000108B8E
FFFFFFF1BB6D
000000349CB2
0000007837EA
000000303981
0000002EFBB5
000000162243
00000022AA01
000000104A69
00000029202D
FFFFFFF42824
FFFFFFE6B4F1
FFFFFFFCEB06
FFFFFFC8C0FA
FFFFFFC6BFAA
FFFFFFB3FE88
FFFFFFFD6582
FFFFFFCFD573
0000000D2CD1
0000000CE842
FFFFFFDCBF39
FFFFFFEB6672
FFFFFFD9090E
FFFFFFE885D9
FFFFFFC6D2D3
FFFFFFB70923
FFFFFFAE3A89
FFFFFFE204BA
FFFFFFC8EC9F
FFFFFFD3D35D
FFFFFFC907A7
FFFFFFBCC140
FFFFFFA452C6
FFFFFFAA1C81
FFFFFFB2A954
FFFFFFA60301
FFFFFFB24854
FFFFFFA23AF3
FFFFFF989BC2
0000003B6256
0000006B78CA
0000001CF39D
000000544789
000000768F08
0000007743E5
0000003BD50D
00000044B89D
000000624687
00000053D076
0000007179EB
0000006454F0
0000007B9327
0000007C02E3
0000006974B2
00000044D14D
FFFFFFD8EF96
FFFFFFD504CB
0000004374DC
00000072A50C
00000060EEFF
0000003EEB4F
0000006810DA
0000006F3AF3
0000005FB5FF
0000008629CD
0000006B5CF1
0000005CE6A6
000000479ABB
0000002F0DE7
FFFFFFC8B501
FFFFFFA63F82
FFFFFFE6FFF9
0000002577C7
00000073B016
0000006D482C
000000607228
0000005C8EAE
0000004152F0
0000004CB961
00000043540D
0000004CFB52
000000382128
0000004A4F93
FFFFFFE15F0A
FFFFFFD54C00
FFFFFFC2D75A
FFFFFFCF00A0
00000064D342
00000061CF9C
000000795A19
00000067B114
0000004F9475
000000285666
0000003BB8C4
0000004A9F0A
0000001EB681
000000133C6D
0000001977A4
FFFFFFFC3278
FFFFFFC8C7C8
FFFFFFB8E029
000000214242
0000005685F7
0000004F25F7
0000004DCC44
000000348713
0000004AAFE6
0000002820E6
0000001A3539
0000002ED056
FFFFFFFEAEFA
00000024C6A6
0000000236C7
FFFFFFE59349
FFFFFFB7EA31
FFFFFFBE7931
00000013CA3C
0000001937CF
0000001A339D
0000001B9464
00000020314C
00000008EE80
0000000F29E5
0000003C61D9
0000000C16BC
000000114941
FFFFFFF9BE88
FFFFFFE20BAD
FFFFFFE68D21
FFFFFF9D97E1
FFFFFF959A11
00000004E966
0000002AF3A5
0000001B75D8
00000018A108
00000008924A
000000184C5B
0000003604A4
0000000D9CDC
0000001DF09C
000000172C1A
FFFFFFFDA712
FFFFFFF25FB5
FFFFFFD894D1
FFFFFF903AED
FFFFFFC80822
0000001881A7
0000000B73B0
0000001E4AEB
00000017744F
0000002A2CD7
0000002A692B
00000038817B
000000450948
000000152632
0000001C6CC5
FFFFFFF5CC8B
FFFFFFFC11F6
FFFFFFB7239A
FFFFFF808165
FFFFFFF449D7
0000001AFD7C
0000000F1DE0
000000013344
0000001A599A
0000000A9AE5
00000034F56F
000000419B00
00000058AE2D
0000002BEC4B
000000177641
FFFFFFF17010
FFFFFFD75F22
FFFFFF83C4D8
FFFFFFA62531
0000000B3E35
FFFFFFF05220
FFFFFFEAB121
00000007F421
FFFFFFF93C92
00000021B747
0000001F9A96
0000005D2000
000000511CDE
0000002C3CE4
FFFFFFFB6698
00000000939C
FFFFFFE09A39
FFFFFFBA891A
FFFFFFEDD032
FFFFFFB188F4
FFFFFFD9DE73
00000010D279
0000002AE1F3
00000016A627
FFFFFFF97BD1
00000061EE7E
0000006F665B
000000476732
00000037F5DA
0000002BFA1A
0000000B8360
0000000A30EF
00000035C5CB
00000002C56B
FFFFFFED1BCD
0000000DBDDC
0000001C70B0
00000018C9AC
0000001BF9E6
0000005027A5
000000408AA7
000000551092
00000066477E
0000002A5D37
000000171425
0000004165BA
00000074E1F8
000000687AB7
0000004B7084
0000003AD2C4
FFFFFFD747DC
00000008EAD4
FFFFFFF4A61B
00000009A14C
00000016ED92
0000000FCA9C
0000002B5196
0000003BFF2F
0000004AD94D
00000016CBC0
00000025EC33
00000007DD06
000000149516
0000000B3750
FFFFFFD08C55
FFFFFFBD1ECA
FFFFFFCF0B3C
FFFFFFC65EBB
0000000573D2
0000002A5B9B
0000001DE764
FFFFFFF3E0DC
FFFFFFF41D64
FFFFFFE75E88
000000180FAF
00000001DD22
0000001CDF49
FFFFFFE740D3
FFFFFFF5D6F9
FFFFFFF864B2
FFFFFFFF4EDB
FFFFFFC74BA6
FFFFFFFC5E9D
000000100269
0000005088A5
0000005EF2A7
FFFFFFFCF129
0000002A40F9
000000053DD4
0000001D89F2
00000029BAFA
000000011640
00000000E046
FFFFFFD01E8D
FFFFFFECC743
FFFFFFE92795
0000001D55BE
FFFFFFFA7E46
000000283669
0000003D7645
0000001AE3A8
FFFFFFF1D440
0000001B951E
000000162BB8
0000002BFA10
00000050B9C4
0000001F6C0F
0000003A5F97
00000020EFEF
FFFFFFDCFECA
0000001181F5
FFFFFFDE76C6
0000003C4755
FFFFFFFFC7D7
0000003B7F56
00000013FEDA
000000349A19
00000030A839
FFFFFFE96BE2
0000001C26EB
FFFFFFD8E962
0000003554E9
000000299A47
FFFFFFD60D4B
FFFFFFDC2AE6
FFFFFFCE5E74
FFFFFFDB01A9
000000292BE8
00000057F5CF
0000005B4DD6
0000004A9D7E
0000006211DA
000000379488
00000019E5CC
0000000A2D89
0000000A940B
00000000A4DC
FFFFFFF4748A
00000015CFB1
FFFFFFDB96B2
FFFFFFB760F4
FFFFFFEEA897
FFFFFFE931B6
0000000545CE
FFFFFFF46C7E
00000001277C
FFFFFFDC852C
FFFFFFE263FD
0000001F7569
FFFFFFF42A66
FFFFFFDBCBC2
FFFFFFC56DFD
FFFFFFD74313
FFFFFFDDD381
0000000170C7
FFFFFFD58D4B
FFFFFFBD703F
FFFFFFF0C000
FFFFFFC6405A
FFFFFFC3019C
FFFFFFE65B01
FFFFFFE600AA
FFFFFFEB58D7
FFFFFFD8C73E
FFFFFFE41D8D
FFFFFFF2D0D6
0000000ACB22
000000002D61
FFFFFFC2B46E
FFFFFFD689B5
FFFFFFEB999E
FFFFFFDC58CF
FFFFFFDA3ED9
FFFFFFC0213D
FFFFFFF2C05B
FFFFFFFAD275
0000000662C1
FFFFFFF58E96
FFFFFFD870C3
FFFFFFDBB4DF
FFFFFFD8BD06
FFFFFFAAE09F
FFFFFFC977C5
FFFFFFC61503
0000002E147B
FFFFFFC61989
FFFFFFCCED53
FFFFFFCD4E0D
FFFFFFE57BCA
FFFFFFDC22DD
FFFFFFF34FB7
FFFFFFE70F6F
FFFFFFEF4BE5
000000250E76
FFFFFFDF87D5
FFFFFFB916A7
FFFFFFC4165C
FFFFFFCE407B
FFFFFFD65B07
FFFFFFF6BE55
FFFFFFE18AB3
FFFFFFF47BC7
FFFFFFD7EBFD
FFFFFFF57899
FFFFFFE2BD6D
FFFFFFC51DA6
00000000F47B
FFFFFFD5DC7A
FFFFFFC8E17B
FFFFFFE4BCF3
FFFFFFD19569
FFFFFFB584FA
FFFFFFB3AED5
FFFFFFCA1FCE
FFFFFFEB1F04
FFFFFFE3899A
FFFFFFCED13B
FFFFFFE32050
FFFFFFE2FA1D
FFFFFFE7D5C4
00000030C8AB
0000000E8F91
00000009B47C
FFFFFFDC1DCF
FFFFFFA3ADDA
FFFFFFB33712
FFFFFFBC8CC9
FFFFFFC02E20
FFFFFFB65ECF
FFFFFFC3A02D
FFFFFFDA5201
FFFFFFE411A3
FFFFFFDEBB39
FFFFFFC7BA67
FFFFFFFC0E34
FFFFFFEA2729
0000000D3C0B
00000008061C
FFFFFFEDD0EB
FFFFFFFED2CA
0000000F7A99
0000002609C1
FFFFFFE34F3D
FFFFFFF865F6
000000075EAD
000000256A49
FFFFFFBD0B97
FFFFFFCDFDD3
FFFFFFDDEF73
FFFFFFE9F429
FFFFFFCBEB82
0000002444E6
00000015853B
000000349A48
FFFFFFFBF91C
FFFFFFE2E8C8
000000036DA5
0000000B6840
00000016AD6D
0000001C1533
FFFFFFB3EF04
FFFFFFD8D6E9
FFFFFFD52AF6
0000001F4FBD
0000001E9C2C
FFFFFFF1F4C2
00000047FF77
000000128193
00000028B4BD
0000002BE662
0000000FBD37
00000030B2AA
00000014075B
FFFFFFFB6521
FFFFFFC51A39
00000024A78E
FFFFFFEFD00F
00000019C85B
0000003A3B99
00000066B7E6
000000659DA6
0000006069F4
0000004B1497
000000473E3C
00000043D1B6
0000002CF7A7
0000001CA09F
0000004B01B6
00000061E6EB
FFFFFFFD1C79
FFFFFFB63C58
FFFFFFDC6842
FFFFFFF8B922
0000005F04DE
00000043AB08
0000004E5A25
0000006B4F49
0000006C3E42
0000007A28C1
0000007611E8
0000006289C8
000000822C4A
0000004C3006
FFFFFFFB0D38
FFFFFF8EAA8A
FFFFFFE321DE
FFFFFFE9432C
00000011A63A
0000005A8948
00000059A638
000000586227
0000006BF21D
0000006B2562
0000007E3F63
0000003B5DA9
00000060D813
000000142F5C
000000219CB5
FFFFFFFB1EF4
00000010D4B3
FFFFFFF2C0F2
FFFFFFD961F8
000000487E29
000000528986
000000461ADF
000000457B5B
0000006E96EE
0000007E59BA
0000007FE459
0000006078A0
FFFFFFBD34EF
FFFFFFF2B025
0000000C1E23
FFFFFFE3D061
FFFFFFF3F4AF
FFFFFFD6A0C0
0000000ED59B
0000009274F9
0000008F9AC1
0000007AC65A
000000664745
0000007CD394
0000007C51FE
0000007EDEB6
00000000265B
FFFFFFE8D70F
FFFFFFF7BE92
FFFFFFD7D207
FFFFFFDDD540
FFFFFFDB8BB5
FFFFFFCA8A4A
0000000A0AB6
00000062442D
000000529B81
000000758682
0000006D9334
0000005E8E2D
0000008714D9
0000000439E2
FFFFFFBC7972
FFFFFFDA3A63
FFFFFFD7720B
FFFFFFF19D9E
FFFFFFE5E077
FFFFFFE6A6A2
FFFFFFCDECC9
0000004532A4
0000008A1CFE
0000006878E7
00000063DB0D
0000007299BC
000000749219
0000006E3BE4
000000005BC2
FFFFFFD5E43E
FFFFFFF4070A
0000000053A7
FFFFFFE3BF93
FFFFFFD50355
FFFFFFDAE079
FFFFFFFC1382
0000008A958B
00000079F19B
0000009443DC
0000009567D3
000000892EDA
000000795CFA
0000009A8C9B
0000001ABA79
FFFFFFF4A18C
FFFFFFC53FD5
FFFFFFCB7AF9
FFFFFFDC4063
FFFFFFDD31AD
FFFFFFDFA5FF
0000001A82B2
0000004AD74E
000000196EA5
00000020D4C3
000000705C09
00000059D668
0000006D0C95
000000265EB2
0000001ACCBA
FFFFFFD1ACCD
FFFFFFBE84DE
FFFFFFE6315E
FFFFFFED536F
FFFFFFCE0F1F
FFFFFFF7C4CD
FFFFFFF86EED
FFFFFFF20848
FFFFFFC77A5B
00000043E7CC
0000005DFE85
000000640DA4
0000003EDBEA
0000001D80B4
FFFFFFFC2403
FFFFFFE93F6F
FFFFFFE3DF24
FFFFFFC874C2
FFFFFFED7348
FFFFFFD66361
FFFFFFC28941
FFFFFFABF1AE
FFFFFFC3B2AC
FFFFFFD17613
000000860798
00000092FC84
00000086E941
0000008893B9
0000008CE239
0000002D0ED8
0000002E6FD4
FFFFFFF26531
FFFFFFF16AFD
FFFFFFFD7558
0000001C5897
00000039079E
000000173475
0000001C30F3
000000855D0F
000000B19E1B
000000CD9FD5
000000B3D1DE
000000A6DBE9
0000009367F2
000000BD3979
000000897B89
000000A7B64D
000000C7B7E4
000000C184A8
000000BE1800
00000090C8AE
000000AF2495
FFFFFFE8E360
00000038AC09
FFFFFF6CC49B
FFFFFFD59617
FFFFFFB6E424
FFFFFFE39443
FFFFFFABF4D9
FFFFFFD0366A
FFFFFFAFEE3C
00000017F515
0000001292AA
FFFFFFFCB712
000000514CB5
0000000A44E7
0000003C4D79
FFFFFFE666D9
0000000F2F4D
FFFFFFF53501
FFFFFFB1B8C9
FFFFFFD36353
FFFFFFE8E86D
FFFFFFB3CB26
FFFFFFC1FA57
00000026C8FB
0000002D002B
0000002254F4
000000182F33
FFFFFFE808DD
FFFFFFDD1BB0
FFFFFFFB9DB5
FFFFFFFAB275
000000224564
0000001C9216
FFFFFFE9F6C2
0000000B5651
FFFFFFFF9CDD
00000003042C
FFFFFFF3DF06
FFFFFFFF0DF1
FFFFFFF60387
FFFFFFE75CBC
FFFFFFEED7A9
FFFFFFC212C8
FFFFFFC418A6
0000001BC3C5
FFFFFFD60347
0000001C72A8
00000011D713
FFFFFFEF308E
00000026F09C
FFFFFFFDA903
FFFFFFE83D6E
FFFFFFF64307
FFFFFFA1E2FC
FFFFFFDD94BB
FFFFFFD26289
FFFFFFF32E65
000000100AED
FFFFFFC44B81
0000002F08E9
000000258B9F
0000002D2254
FFFFFFF3AAC8
FFFFFFD4BA37
FFFFFFB7717F
FFFFFFE841BC
FFFFFFF072A6
FFFFFFF568F5
FFFFFFDA633D
FFFFFFCD7D19
00000062B895
000000377135
000000172357
0000003E7DDD
000000248DE8
0000003A1A7F
000000180A14
FFFFFFEE25B1
FFFFFFC78C29
FFFFFFD1F370
FFFFFFEAE95F
FFFFFFE00937
FFFFFFCA353D
FFFFFF8FA21E
0000004D2AF1
0000001AAF8B
00000010A88B
000000217FA2
000000495F9F
000000433271
000000246FBE
FFFFFFDA8FF2
FFFFFF9C0F95
FFFFFFF1D19C
FFFFFFDE6A2B
FFFFFFE66F8E
FFFFFFB89B38
FFFFFFA57E1D
0000004B30F9
0000000B5238
0000001BBF1D
00000009827E
FFFFFFFB9A25
0000000EF98D
0000000B41C8
FFFFFFF63B84
FFFFFFDA4B14
FFFFFFBB528D
FFFFFF9BE9AE
FFFFFFC46157
FFFFFFBDBC9F
FFFFFFAA8AB1
FFFFFFE14A01
00000042DAE1
000000479BCD
FFFFFFFDC6C0
FFFFFFD68017
00000012DA20
0000002A234D
00000022B835
00000009087A
FFFFFFC89150
FFFFFFB18E9A
FFFFFFD2F428
FFFFFFA8CECE
FFFFFFA02B4E
FFFFFF64BB91
000000072C9C
0000006DAF9E
0000004A2964
FFFFFFE8428F
0000001CA838
00000029C0B9
0000000A9E02
0000000D2FE8
0000000D3339
000000599912
0000002C249A
000000053698
FFFFFFD2AE56
FFFFFF6F4AB1
FFFFFFB404FB
00000035BD76
000000A3BFC7
00000035E689
FFFFFFDF4A2F
00000023B43F
00000006AB90
0000002E2755
000000270446
00000027F81C
0000003D4A0D
0000004AC699
0000001F4F14
FFFFFF7D857A
FFFFFFB0D34B
FFFFFFD4A143
0000006C98D9
0000002C36F8
00000036D4B8
0000005810E6
0000001518C8
00000046B961
FFFFFFF77510
0000003DBCB1
0000002B819F
000000477010
00000011B8C5
FFFFFF73D979
FFFFFFA09E21
FFFFFFB320B8
FFFFFFB47F76
FFFFFF893FE9
0000000531C6
FFFFFFCC1C28
000000155B5A
00000020252C
0000000323D0
000000116E9D
00000010686D
FFFFFFF64B72
FFFFFFFAAA2B
FFFFFF4E5019
FFFFFF7CB7C6
FFFFFF6E45E8
FFFFFF7671E5
FFFFFF730769
FFFFFF7A72F4
FFFFFF9D4CC4
FFFFFFDD327E
FFFFFFA852AA
FFFFFF72C99A
FFFFFFC5437A
FFFFFF7B3779
FFFFFF9F26E0
FFFFFF9E675F
00000009FA73
00000047EF21
0000002238C9
0000005C1F4D
00000060FF15
FFFFFFF29E7D
0000000AA7D5
000000417B97
0000005A612D
00000072C3B1
0000006907E0
000000605ACC
0000005D9D68
000000786D9E
FFFFFFDD24BB
0000004B2425
0000001C12F5
0000000D292B
0000005A0D15
00000037F2FA
0000004D3DC7
0000004CDEE6
000000456EC8
0000007675D1
00000047A851
0000003BABDE
0000001CA10C
00000071D64D
00000057B649
000000740421
000000512E4B
FFFFFFDBEDE0
00000057F98C
000000574CBB
0000007A94A8
00000050E9FD
00000032A9E3
000000389995
00000075C446
0000006967CC
0000005678DC
000000602674
000000A76208
00000073B871
000000398AD7
000000178531
0000001A9720
0000004B4ABA
000000B27AB3
00000067FB86
00000062069A
0000007AB03B
00000061902A
00000051271E
0000003EF95F
0000004FE361
0000003C7979
FFFFFFDE97F0
FFFFFFF025D8
FFFFFFF5D114
0000001AA2CE
FFFFFFF626CA
000000811E6C
000000648F9A
00000040FF34
00000057D98F
0000004624B4
0000004756B2
0000002F8421
FFFFFFE46DD6
0000001B8C1F
FFFFFFD02E26
00000012455F
000000090CE5
000000190A7C
FFFFFFC1ACB7
FFFFFFF735BF
00000014707B
0000002EEACE
0000003BC2B6
000000255F62
0000003EA264
0000003EB61D
0000004BC495
000000210C9C
00000002AEC3
000000119083
0000000345F8
0000000EB8F5
FFFFFFF36023
FFFFFFB4CCF7
FFFFFFE28122
000000511B40
0000005A69A9
00000038CE39
0000005D79F2
0000002E0DC2
00000054356D
0000001380DB
0000001DB54F
FFFFFFFA4D1F
000000119E88
00000032D519
0000002FCFBA
FFFFFFFE93DD
FFFFFFCFF7BA
FFFFFFF4ADBE
00000045248C
00000039B523
000000414872
0000005E6052
000000526E89
00000022B7F3
FFFFFFFBBE0E
FFFFFFE2E56D
0000001B5BFD
00000030FA0E
0000002801D6
FFFFFFF20502
FFFFFFD02849
FFFFFFDF459A
0000001E8F7F
000000396F68
0000004BD82F
0000005DF5EF
0000005BF738
000000762FBC
0000005528FB
FFFFFFEEBE70
FFFFFFF61F6A
FFFFFFF99B40
FFFFFFF2176A
FFFFFFF8242B
FFFFFFF05204
FFFFFFC48DE9
FFFFFFF5173A
0000001A2518
FFFFFFEFBE47
0000000AC963
00000030A0DA
00000044CBAB
0000003E20E0
000000026344
00000007C88B
FFFFFFD2B75E
FFFFFFF72DF9
00000001857E
FFFFFFE565E8
FFFFFFB750A9
FFFFFFFA5123
FFFFFFE078A2
FFFFFFC1CAF9
FFFFFFA99012
FFFFFFFD9C47
0000004D18EA
000000636F2A
000000025AC3
000000243303
0000002F2ED4
0000003347CE
00000013B50C
FFFFFFF18592
FFFFFFD94B48
FFFFFFF1B743
FFFFFFD4E898
FFFFFFD970B4
FFFFFFAD9A67
FFFFFFD623FF
000000637D7D
0000006D8C89
000000491C07
000000566E8E
0000005A4308
0000001BBC76
00000006B51B
0000001D2FD4
0000000A1050
FFFFFFE78AC6
FFFFFFE326AC
00000019795D
FFFFFFD7076F
FFFFFFDD4631
000000358525
0000008AD60F
0000009B5749
0000008901A1
00000079FF4B
0000005BE6D4
0000006B79D3
00000029BBAF
00000048CE2D
000000840D4C
000000639E0A
000000888AD8
000000429FC0
0000005E9704
0000004122EB
0000006B22F7
0000006AB6DE
000000255C12
0000003E1BA9
000000157089
FFFFFFF8AA39
0000004BEC9D
000000590964
00000021D5A3
000000404CF5
0000001323F8
00000022D48E
0000006ECD56
00000083794F
0000008947F6
000000A6F0EB
0000003C18FA
0000003B6122
0000001583B0
00000005454B
00000011BB17
000000294EAE
0000002FDCC2
00000037D423
0000001B64E9
0000003CF9F4
0000009E3C49
0000002D4767
0000009E56D3
00000052BAFC
000000209337
000000854D21
00000042F514
0000003519DE
000000302008
FFFFFFFA1439
000000112529
00000021EA26
0000002FC319
0000003B56A1
00000021B1EF
00000049D915
000000A8BDB3
0000003B96D1
0000002FD137
0000003327F7
00000038A001
000000434C1D
0000001F7361
0000002E65AC
00000023EC9B
0000002D9510
00000047C97F
000000848EE0
000000659F26
0000007C119E
000000402142
000000579CCF
0000004595FD
0000003A98C7
0000003B5BE7
0000004CF673
00000032DD5C
000000036811
0000002F30C9
0000001BA515
00000016BF86
0000000D13ED
FFFFFFD9482C
000000731F54
00000040FF43
000000635AB9
0000003E5D63
000000253033
00000010AD90
0000002D621F
FFFFFFF76020
FFFFFFDDC34F
FFFFFFEA5A5E
FFFFFFFBB5A9
FFFFFFED11BB
FFFFFFDB568D
FFFFFFE61061
000000354D73
00000042B23A
000000516E7D
000000449DC3
0000001DD673
0000001A63A1
FFFFFFF96B93
FFFFFFF601D2
FFFFFFF1839C
FFFFFFD30140
FFFFFFDCC0E9
FFFFFFEB156F
FFFFFFD57183
FFFFFFD6BE15
000000472562
00000055D0EF
0000003C8F10
0000003F7545
00000023CE32
00000028B073
00000021C75D
0000000FBB05
FFFFFFE9D9A4
FFFFFFD8987D
FFFFFFD8FF7C
FFFFFFEBC8DD
FFFFFFE8D9A8
FFFFFFE53DD9
0000000ACAC3
00000032650A
00000042F694
0000004662F4
0000004DE3D7
000000338515
0000002F0E42
000000080E1E
0000000588CB
FFFFFFF2820B
FFFFFFF32CF3
FFFFFFF206BE
FFFFFFF8B3DB
FFFFFFE225CB
FFFFFFD982B0
000000234CF4
0000002738FD
00000034DB58
00000048A025
00000036F5E6
000000242DD8
000000168628
0000000233DD
FFFFFFEB681D
FFFFFFF5753D
FFFFFFFB2C77
0000001A4788
FFFFFFF38471
FFFFFFCABEF2
00000015835F
000000356BC2
0000003FE1BE
0000004073C5
0000004D1F5B
000000319030
000000173357
0000000F359D
FFFFFFFE223D
00000006C700
FFFFFFFBE8D4
000000368BB0
0000002A278C
FFFFFFD5A75C
00000009BC70
0000002F8740
000000542655
0000005D88DF
000000618148
00000044D2F4
000000490BDE
00000027D9BD
0000004E58EB
00000044CD9D
0000003DB912
0000001B362F
0000004923F6
FFFFFFE9412D
FFFFFFF31C10
0000001488B8
0000001DF348
00000019D7DA
000000436210
0000003F4699
0000005692EF
0000004C1972
00000043348E
00000068FB0E
000000476548
00000019304C
0000001D3BE2
FFFFFFC0CBDE
FFFFFFF9E772
FFFFFFC5A727
FFFFFFD34221
FFFFFFE15B9A
FFFFFFC03D33
FFFFFFFE40FA
FFFFFFF40D66
FFFFFFFA7932
FFFFFFF27012
FFFFFFE48FE4
FFFFFFE935E8
FFFFFFBC40A7
FFFFFFBF473A
FFFFFF80C48F
FFFFFF93FDD4
FFFFFF6712D7
FFFFFFC8DA33
FFFFFFE2C6FB
FFFFFFBD3F9B
00000006ED62
FFFFFFC0B8E6
FFFFFFA895A2
FFFFFFD0A0EA
FFFFFFE41A3F
0000000D8A39
FFFFFFF35FD8
FFFFFFB56731
FFFFFF9500B0
FFFFFFA9C94D
FFFFFFCCBD40
000000117656
FFFFFF970373
FFFFFFE7E47F
00000022EE83
FFFFFFFBC318
0000000F1C01
000000174E17
0000000CF46D
0000001FEC0C
FFFFFFF7D2F8
FFFFFFB911E9
FFFFFFE61ED7
00000011B2CD
000000175487
FFFFFFE2CB9A
FFFFFFE2E034
0000003E3D83
000000067BCC
0000001ADB10
FFFFFFFA5495
000000090A50
0000002EC4C8
0000000391A1
FFFFFFD4685E
FFFFFFE7BBD6
FFFFFFFD86BD
0000000F6ACB
0000002A3561
000000022217
000000321073
00000051EE2D
00000012D806
0000001185B3
FFFFFFE45CD9
FFFFFFFAF1AA
0000000CFCB0
FFFFFFE58A1F
FFFFFFCDFFD9
FFFFFFDE333C
FFFFFFEB3A62
FFFFFFD29503
FFFFFF9BE183
FFFFFFF065C8
00000010A9ED
00000048FEBD
0000001B1C04
FFFFFFD58483
FFFFFFDBC648
FFFFFFC87023
FFFFFFE337AE
FFFFFFF7DCD9
FFFFFFC757AE
FFFFFFB9C390
0000005DCE9C
00000020BEBA
00000015CFE2
000000049FD8
FFFFFFFDB7D6
000000090877
0000002CD5C4
FFFFFFD39CD4
FFFFFFCF53A7
FFFFFFD89D29
FFFFFFE3CE8B
0000001901DE
000000494F67
0000003A6575
00000065FD4E
0000002D5935
0000000D6835
0000000430A5
0000001D78CD
0000002588E8
FFFFFFED8A72
00000022B384
00000033A71C
000000174105
0000000ED21F
0000002D0CDE
0000001CB3F9
0000003A3EB1
000000518FA7
0000002490EF
00000015E2FB
FFFFFFF58137
0000000F2212
000000209A6F
00000027E5C3
000000300C9E
0000004C7709
00000016E23E
00000003225E
0000002B7FEB
00000043C49A
0000003930DA
0000000FFE9E
00000005CBE6
0000000DE150
000000042299
000000173191
0000003235F2
0000000678DB
00000023BDA1
000000517C18
00000042B8DA
0000000F105D
0000001B71E6
0000000C8B3F
000000345B8B
000000479943
0000002DACDD
FFFFFFE0F6D2
FFFFFFD085B7
FFFFFFE16A58
0000000C4C3C
00000009F514
FFFFFFFACA2E
00000026E0D1
0000002978D3
000000329F2B
0000001B74E3
0000001BBB3E
000000184897
000000116039
000000414488
0000001FAD7D
000000180D03
000000261C1B
FFFFFFD6C881
FFFFFFF88234
00000015B095
0000001953B9
000000344D0D
00000000D344
00000001F54F
00000004B192
0000004CD178
0000000D657D
00000028FA34
FFFFFFF0827C
FFFFFFFE606C
FFFFFFE9EC54
FFFFFFDB2021
0000000797CB
000000036B60
FFFFFFFBDA15
0000002A34BB
0000001975D6
00000013918F
00000002147D
0000003B13C8
00000014031B
FFFFFFF876C7
FFFFFFD64AFF
FFFFFFECA0ED
FFFFFFE08C67
FFFFFFB245E5
FFFFFFE45EC9
FFFFFFE5685B
FFFFFFDDBFEA
FFFFFFB5DEF3
FFFFFFDCEAEC
FFFFFFECFC36
FFFFFFD7D926
FFFFFFDA0D4F
00000029B53F
000000267AC1
0000002D4342
00000041B088
00000025ADFD
FFFFFFFFE0CA
00000010A359
FFFFFFCC7028
FFFFFFF14D50
00000019B2F7
00000005EED9
000000246453
000000181E7A
000000210211
FFFFFFD6B727
00000049D3E8
00000051DAAD
0000005D2508
0000003C3E70
0000001F049D
00000014DB73
0000004D8093
000000647C11
0000001EB0C8
000000470922
00000041300B
0000006466BD
000000546B58
FFFFFFDC279C
FFFFFFEA074A
000000342B68
00000056C62E
0000003ED77A
0000003E7C76
000000004807
FFFFFFF3CC1F
00000047255E
000000353D38
000000658228
000000574517
0000003082AD
00000065CA1D
FFFFFFE42923
FFFFFFDA6D78
000000270662
0000000D7FB4
00000030F933
0000001FCC47
0000005172FF
0000000C943E
FFFFFFDC9AAD
0000000012C3
00000006FC1F
0000006253FA
FFFFFFB431F8
FFFFFFBE2AC9
00000015CC3A
00000054B358
000000054521
FFFFFFE47DB7
FFFFFFDD913F
FFFFFFA49D31
000000211D5F
00000018B723
0000002C85BD
000000415250
000000008BE3
FFFFFFE41468
FFFFFFC99B79
FFFFFFE60689
FFFFFF85772B
FFFFFFB7CDF4
FFFFFFA7827E
FFFFFFA27FA5
FFFFFF7D12AD
FFFFFFA5451A
FFFFFFDEA0DF
000000233B62
0000001F7953
000000221764
FFFFFFA6DF48
FFFFFFBFC8A5
FFFFFFA813C7
FFFFFFCDE8CC
FFFFFF69A788
FFFFFF936BE0
FFFFFFD1852D
FFFFFF795E6C
FFFFFF9E2220
FFFFFF9C5DF9
FFFFFFBA2726
FFFFFFAAE537
FFFFFFD24C4D
FFFFFFBCC662
FFFFFF8160E8
FFFFFFA7E234
FFFFFFCDD102
FFFFFFF31CEA
FFFFFFB46CB6
FFFFFFC3F121
FFFFFFC7F636
FFFFFFD3A311
FFFFFFDF3ABF
FFFFFFBF11CD
FFFFFFB9B21C
FFFFFFFBD014
FFFFFFECCC36
0000001B5F65
FFFFFFE4780D
FFFFFFD7004C
FFFFFFAEE85B
FFFFFFD13F82
FFFFFFAEF785
00000003B280
FFFFFFA48674
FFFFFFBECD08
FFFFFFCC9984
FFFFFFC1EBA0
FFFFFFCE609C
FFFFFFFA4667
FFFFFFD10696
FFFFFFF643BE
FFFFFFD53760
FFFFFFBF7AFE
00000003C1DC
FFFFFFD2C2D0
FFFFFF8C8995
FFFFFF812236
FFFFFFC241E1
FFFFFFAE6813
FFFFFFC19442
FFFFFFDB8DD1
FFFFFFB24910
FFFFFFD9DEBF
FFFFFFAB561B
FFFFFFA85069
FFFFFFC9ECE6
FFFFFFE47969
FFFFFFDD7860
FFFFFFAB5229
FFFFFFC6F31F
FFFFFF85013F
FFFFFF9C14FE
FFFFFF8B90A2
FFFFFFB0872A
00000000171B
0000001AEF20
0000000086B4
FFFFFFCE1A04
FFFFFFA88AD1
FFFFFFD15FB9
FFFFFFCB1BB7
FFFFFF64B48F
FFFFFF62D8AA
FFFFFFBFA2B1
FFFFFFD51813
FFFFFFD66C37
FFFFFFFA806C
FFFFFF9D8EC6
FFFFFF9AC66B
FFFFFFB8F144
00000016770E
FFFFFFE18C04
00000018D060
FFFFFFD6CBB9
FFFFFFC94663
FFFFFF4AE3EB
FFFFFF15D7FC
0000000F9211
0000001BD354
000000097D4F
FFFFFFD2D7B5
FFFFFFB85BDC
FFFFFFBC19F5
FFFFFFDC3C78
FFFFFFD65EC2
FFFFFFE503C4
FFFFFFD7A72E
FFFFFFEEF7C9
FFFFFFCBA7E0
FFFFFFC326D0
FFFFFF48E9B9
FFFFFFDD6A75
FFFFFFF89838
FFFFFF935917
FFFFFFBAB49A
FFFFFFC3C9D4
FFFFFF75B8DA
FFFFFFEFD222
FFFFFFA23ADA
FFFFFF9BB6D8
FFFFFF54B5DB
FFFFFFB94712
FFFFFFD5D1F1
FFFFFF865040
FFFFFF6F9656
FFFFFFBC74BB
FFFFFFD9CF6F
00000020FD40
00000017EDE5
0000000F6E99
FFFFFFF23572
FFFFFFB72B62
FFFFFF76D55C
FFFFFFE5015E
FFFFFFC4D0CF
FFFFFFA247D8
FFFFFFD81A9A
FFFFFFFAD5BE
FFFFFFD41F8F
00000025EEFB
0000003A65CE
00000017E2C4
000000053080
FFFFFFE006A4
FFFFFFA9F4CA
FFFFFF9BA6B9
FFFFFFCD2B3F
FFFFFFFB28A2
FFFFFFFE33B0
00000019EEFF
FFFFFFF7E3F8
FFFFFFFEE91C
0000002E06EC
0000001FFFEE
00000010FBB8
FFFFFFDEDCFC
FFFFFFEF5FF7
FFFFFFD84761
FFFFFFD6254D
FFFFFFB01705
FFFFFF9227EB
FFFFFFB3826B
FFFFFFF3ECFF
FFFFFFF094C4
FFFFFFE573B0
FFFFFFFAC0D4
0000000015FB
FFFFFFF87B7C
0000006072E5
0000005AFFFC
00000035E7E5
00000000DC6C
FFFFFFD3C57E
FFFFFFE575EE
FFFFFFDF9E94
FFFFFFB1D149
FFFFFFD0CF70
FFFFFFE1A917
FFFFFFEC2A36
FFFFFFE71E2C
FFFFFFC39D7F
00000001C01C
000000075E5B
000000538C90
0000003A0EB1
00000045C5E6
0000004FBC34
000000135AAF
FFFFFFF31850
FFFFFFEC3D56
FFFFFFEB6607
FFFFFFF3C4FB
FFFFFFD4E764
FFFFFFF6B58B
FFFFFFC32D9D
FFFFFFE54DB0
FFFFFFE5771F
FFFFFFFAB176
0000004C9DFA
000000526374
0000005D13F4
0000002C243C
FFFFFFC330D7
FFFFFFC5868F
FFFFFFEA0992
FFFFFFC01913
FFFFFFC2A198
FFFFFFBB1DEA
FFFFFF4C10B6
0000000CCD67
000000068D85
0000001183D8
0000003A403B
000000503639
00000065964F
0000005067B6
FFFFFFBC2BB1
FFFFFFB77CF5
FFFFFFD7C27B
FFFFFFC7906D
FFFFFFDA22D9
FFFFFFBD78D3
FFFFFF9F5702
FFFFFFEDADC5
0000002DC7C3
00000023D2BB
0000003CF131
0000003A523B
0000004DA72E
00000058DC24
000000167ABA
FFFFFFDB344B
FFFFFFFB9D21
FFFFFFEB5D0B
0000000460B3
FFFFFFE242E7
FFFFFFA1EB1E
FFFFFFEDBD13
000000195949
000000282E0E
00000026D1B5
0000002A4B08
0000003EAAAB
000000497984
00000042B6F8
FFFFFFF5838C
FFFFFFB4054B
FFFFFFE4B220
FFFFFFE49044
FFFFFFDCAB22
FFFFFFC36246
FFFFFFB8F8F5
000000065484
0000000D1B33
00000025E92F
0000003E11E9
0000005D4023
0000005CEFFF
0000005A7F74
0000002AF9C0
FFFFFFBBD7DC
FFFFFFC9D300
FFFFFFCC9C1E
FFFFFFCDFE72
FFFFFFBBB61C
FFFFFFD4F7C1
FFFFFFC42044
000000218D28
00000022A7BF
000000520087
0000003EAE2E
00000056A0F7
0000006DD33A
000000485CDC
000000101446
FFFFFFE5599D
FFFFFFDC92B9
FFFFFFDDB6B0
FFFFFFB95567
FFFFFFCC19F3
FFFFFFC80545
FFFFFFCC50C2
FFFFFFFEFA0B
00000017BE15
00000028B1F7
00000056F474
0000006A9E01
00000053A864
000000526E9F
000000446EA3
0000003061A4
00000051D4AE
FFFFFFE6B40D
FFFFFFD48CA4
FFFFFFC83053
FFFFFF932189
FFFFFFF7B79F
FFFFFFEDA924
0000002AC0EE
000000560812
00000055A5AD
00000033CF7A
00000036F18E
00000032E3BB
00000062C6C3
00000061ECE3
0000003BAA39
FFFFFFDAAEA1
FFFFFFC1B801
FFFFFFA82F0D
FFFFFFC94F2B
FFFFFFB0F7C9
FFFFFFDCB98C
FFFFFFBC83FA
000000279FBF
000000584685
00000035E34B
0000000192C7
00000003B4F3
00000004947F
FFFFFFF9ED04
FFFFFF8AE8B8
FFFFFFA55685
FFFFFFB23FE5
FFFFFFA0AE14
FFFFFF8DA38C
FFFFFF7D68D8
FFFFFF87B418
FFFFFF793F6D
FFFFFF814C98
FFFFFF9A0D20
FFFFFF7CBDBE
FFFFFFA14490
FFFFFF7F9A9B
FFFFFF58CE26
FFFFFF83DE56
FFFFFF7956B7
FFFFFFDBD165
FFFFFFD5967E
FFFFFF9FD0B9
FFFFFFC9378B
FFFFFFD66505
FFFFFFA98212
FFFFFF954CAB
FFFFFFC429F4
FFFFFF99685A
FFFFFFD3A746
FFFFFFAF95E8
FFFFFF9EEB08
FFFFFF64AB0C
FFFFFFE81E86
0000008CA422
000000511838
FFFFFFE55E43
FFFFFFC8D1FD
FFFFFFD18831
FFFFFFE8F9CC
FFFFFFEA13E4
FFFFFFCE1AF4
FFFFFFDBEB08
FFFFFFD499F0
FFFFFFCFE9B6
FFFFFF819E0D
FFFFFFB5FC74
000000507D24
000000BBBAF0
000000C4B34E
000000423DED
0000000BD516
FFFFFFC1145F
FFFFFFB10771
FFFFFFDB628C
FFFFFFDB7872
FFFFFFF26FC8
00000001167B
FFFFFFC97D2B
FFFFFFB970E1
FFFFFFC699E1
0000000AEAB3
0000007B61E1
00000073BA29
000000708858
00000062D20C
FFFFFFD2AC22
FFFFFFE139EF
FFFFFFBA04ED
FFFFFFE84274
FFFFFFC78222
FFFFFFC091FB
FFFFFF9A3793
FFFFFFB1550D
00000054EB61
00000032AEAF
FFFFFFD0802F
0000006B3DA9
00000059C21A
000000B2C7B8
00000020FA04
FFFFFFD5429D
FFFFFFF8BF6D
FFFFFFD1038D
FFFFFFC171CD
FFFFFFD0F3CB
FFFFFFCC7C9B
FFFFFFC33CCF
00000023F920
00000037A2AA
00000047FFC3
000000515A7D
0000003B9DC1
0000006E3E70
000000A0D198
000000177EBA
FFFFFFCE8683
FFFFFFBACEE7
FFFFFFAE1FD4
FFFFFFE3C552
FFFFFFEA8463
FFFFFFC91E9A
0000004D9BF5
00000038C36A
000000230375
00000041F6C3
0000005B0DA8
0000004912AD
000000A259FC
000000D35218
000000037196
FFFFFFCF962A
FFFFFFD5F5D5
FFFFFFD5E5F7
FFFFFFCD1843
FFFFFFAB4B64
0000006F2F22
00000036E5C6
00000044FC46
0000002C595E
00000042AE4E
0000006916C0
0000006B7DE8
000000B7004C
0000007CD384
FFFFFFD8C1F4
FFFFFFBFECBE
FFFFFFD9BC5C
FFFFFFE95D58
FFFFFFAA6ED7
00000027687C
0000001AA47E
000000057A82
00000015481E
0000003B1608
0000005D1733
0000002F4F84
00000090EE66
000000C5AC27
00000023DC26
FFFFFFC066E7
000000036BAE
FFFFFFDA2D00
FFFFFFB38353
FFFFFFBED586
FFFFFFF34556
00000007BBFF
0000000013F6
000000200934
000000265C92
000000471169
0000005BC037
000000C0CB29
000000DAA68D
0000008DACF1
000000AD49FD
00000066ACD2
FFFFFFF3CBC6
FFFFFFCE2B49
FFFFFFC3597A
0000002A9478
000000033F5D
000000181FF6
0000002C6D05
00000072A000
000000741B48
0000008A63B0
000000A86B12
000000A712A0
000000A254BD
000000A2CF74
00000052A0A5
FFFFFFB1E8BA
FFFFFFC34E2E
0000002D3DBD
00000035C487
FFFFFFE4F441
0000002FA46A
000000454ABB
000000454442
000000647EBF
0000008031D4
0000005021BE
000000545809
0000008CB18A
0000007A1F0F
FFFFFFCCD668
000000063476
0000000A7FE6
FFFFFFD0E4B6
FFFFFFB53007
0000001CDAA4
FFFFFFEE191D
0000005CE90D
00000092B5A7
0000006B60CE
0000003474D4
000000263246
0000005808F8
000000878B68
FFFFFFF03EFC
FFFFFFE4BF96
FFFFFFE1EFAF
FFFFFFE07EA6
FFFFFFA3157D
FFFFFFF277A6
FFFFFFFE1A61
000000015E43
0000001DFA99
FFFFFFFB8DBE
FFFFFFE64142
FFFFFFF18106
FFFFFFD590F5
FFFFFFD88166
000000B949C4
0000009CAF3C
000000A29916
0000006605DD
000000745AA9
00000065CE1A
0000003863D0
0000008E7709
000000A31C95
000000A2D738
0000009B2CD6
0000006D943F
00000069B5E2
000000A42901
000000ACA2A3
00000096FA93
FFFFFFFA8712
00000009CCD5
000000590504
000000425DA8
000000390ECC
0000005BC95D
000000573C3C
00000057BA52
0000006C7B37
0000003C51E0
00000057AE9D
00000097F927
0000007F3584
0000003E8812
FFFFFF870948
FFFFFFA51BEB
FFFFFFD3482E
0000004ED608
0000005BD525
000000336960
0000002B0D6C
0000002381A8
0000002CBC7E
000000311A20
0000003CFACE
000000299FF1
0000006FDD3E
000000311542
FFFFFFBF4E8E
FFFFFF7A546B
FFFFFF7DC97D
00000016B768
0000004ADB27
000000485399
0000003C29E8
0000003409E1
0000002D2316
00000004CD3D
0000001451A5
00000033B115
0000006DAE46
FFFFFFDB079A
FFFFFFDFDD87
FFFFFFB0C264
FFFFFF8BBDC9
FFFFFFDA5CDA
00000045185B
00000045DD7B
000000284DB1
0000003B11FB
000000128CDA
000000154443
000000189B55
000000440614
000000552A51
FFFFFFBDA90F
FFFFFFB544BF
FFFFFF932FE0
FFFFFF90DB73
FFFFFF8DF48D
FFFFFFC1A722
0000000DA1D2
FFFFFFFEDDFE
FFFFFFFAC60E
FFFFFFEF7FB7
FFFFFFFF68BA
00000001F5E3
00000017276E
0000005FA66B
FFFFFFB0CB25
FFFFFFA45563
FFFFFFACAC6B
FFFFFF9F5E46
FFFFFF956CD1
FFFFFF78AB13
FFFFFFD0DE31
0000000EBE8C
FFFFFFF83667
FFFFFFEF31B6
FFFFFFEFF028
FFFFFFDC9FE5
FFFFFFF6AA79
0000005AB75D
FFFFFFE7B2C9
FFFFFFC0E999
FFFFFFBBC814
FFFFFFC1A529
FFFFFFAF578F
FFFFFF900700
FFFFFF82FB4B
FFFFFFE3D6D0
0000000246E9
FFFFFFD74628
FFFFFFDF6C41
FFFFFFDEED12
00000001ACAF
00000026E439
0000000586C9
FFFFFFF19CF1
FFFFFFC5FBF4
FFFFFFC838DB
FFFFFFBE5A20
FFFFFFB27992
FFFFFF89CE99
FFFFFFBF7237
FFFFFFFCB911
FFFFFFDFA72C
FFFFFFF49696
FFFFFFE88A15
FFFFFFF94685
00000011BEDF
0000002CB335
FFFFFFE7226C
FFFFFFE2725B
FFFFFFDE7B1A
FFFFFFD9BD65
FFFFFFB45073
FFFFFF932551
FFFFFF7D4407
FFFFFFA28CB0
FFFFFFD67F4F
FFFFFFDE2926
FFFFFFD5CA4D
FFFFFFFF4CDA
00000019D511
000000404DB6
FFFFFFEEE9F5
FFFFFFF7ECB0
FFFFFFFE6F3B
FFFFFFD98F5E
FFFFFFB5BB94
FFFFFF94595E
FFFFFF9005A2
FFFFFF779737
FFFFFF80077C
FFFFFF83BF56
FFFFFFAD252F
00000017BEF1
000000115FFC
000000254AB8
000000025C5B
0000003FE2A7
000000698B14
00000029CCCC
FFFFFFF1A8A9
FFFFFFC8EE18
FFFFFFB653A4
FFFFFFB5449B
FFFFFFC94F25
FFFFFFB51B40
FFFFFFB0CFF3
000000187BB6
000000099E90
FFFFFFE4D3AA
000000029EE7
00000048BBC4
0000002E9E37
00000032F971
0000000EBE62
FFFFFFE9FB70
FFFFFFB8647E
FFFFFFEEE084
0000001132B9
00000019ACBC
00000010649F
000000134B01
00000005C4E7
FFFFFFFEE805
FFFFFFF68800
FFFFFFE74233
FFFFFFE18F29
FFFFFFF1A13A
FFFFFFFFB9CF
0000001E90C4
000000231CFA
0000002F1A55
00000012A882
FFFFFFFA271C
0000000E7F96
00000019BA5C
000000314CB0
FFFFFFDE0D8E
000000A6040C
FFFFFFD4C31B
000000409834
FFFFFFC68EA1
FFFFFFD83236
0000001D54B0
0000001C2065
FFFFFFFF5269
00000054E038
0000000CC334
FFFFFFDC1C0A
FFFFFFE3F1F9
FFFFFFFF9F4A
FFFFFFFD2563
00000022C3FD
FFFFFFC33614
FFFFFFD59DE2
0000001D6F70
FFFFFFEF3767
FFFFFFF2F567
FFFFFFB150A8
FFFFFFBB5836
FFFFFFF027E6
FFFFFFE20EF6
FFFFFFD86819
FFFFFFE95B3A
FFFFFFEF0839
0000009E1E6A
000000438E8B
000000181C66
0000002225A1
FFFFFFDBCDCA
FFFFFFF58758
00000000B258
00000010B420
FFFFFFD777B4
FFFFFFF1FF4D
0000000B7ED6
0000002C8E91
FFFFFFE89A48
0000001AD2A1
000000847C49
FFFFFFE878C1
FFFFFFA664F6
FFFFFFDA3F7C
FFFFFFE78FB9
FFFFFFC1003E
00000010C076
000000517E4F
00000003F033
0000000553EC
0000006ACFB3
FFFFFFF52A85
FFFFFFE34280
000000518A75
0000003EF2E0
FFFFFFAF5532
000000091404
0000000BBCEF
FFFFFFD77BFF
FFFFFF9D723C
FFFFFFF8E5AD
FFFFFFDAFDF8
FFFFFFF10D43
FFFFFFEEE6B7
0000001827C5
0000001FCC35
FFFFFFF07A68
0000006C99A2
FFFFFFF6CEEB
0000000D4DA6
0000003092AE
000000313C5D
FFFFFFFF815A
FFFFFFAA945A
FFFFFFE7BF39
0000000E53A3
000000148AF1
FFFFFFE536FF
00000005CC41
FFFFFFDCCDD7
FFFFFFF6C181
0000009E323C
000000642FDD
0000003688C3
0000002C84E4
0000004224F4
0000004A6369
0000001C79BD
FFFFFFD3D6F8
FFFFFF8D7F40
FFFFFFE08559
00000005B69A
0000000C744E
000000022780
00000038562B
0000006AC94C
0000004B1DA5
000000499817
00000019A8BD
000000571CDB
000000653258
000000517815
FFFFFFEFB825
FFFFFF9CD878
00000002007D
FFFFFFE7CDA2
FFFFFFF3152E
00000006F556
00000034641D
FFFFFFFEC1C7
FFFFFFCB10AC
00000021B6B4
000000450D62
0000009CF917
0000006DB725
0000003D6424
FFFFFFE7CE5F
FFFFFFCDCDF8
FFFFFFB66BB0
FFFFFFCFD8A8
FFFFFFFB6681
FFFFFFDDAB8F
00000023B9E6
0000002DE572
FFFFFFD27FD7
0000001EAA20
0000000C12FB
FFFFFFF99B25
00000014D2FC
0000002028F8
FFFFFFDF0A59
FFFFFFEDBFB1
FFFFFF8542C7
FFFFFF926515
000000619262
FFFFFFCACA14
FFFFFFA1D8D6
0000001A2220
FFFFFFE3DEAE
FFFFFFF94691
FFFFFFE4DD93
000000224D11
00000081842E
000000625D7B
00000009D732
FFFFFFEFE17F
FFFFFFFA3A53
FFFFFFF11EE0
0000003CFBF1
000000179825
FFFFFFBD72BA
000000066C15
FFFFFFA67EA9
000000025862
FFFFFFCDA131
0000002FE64F
0000006AD21D
000000338333
FFFFFFF958DF
FFFFFFDD5BF4
000000345EF2
0000000F5BEF
FFFFFFD70DBB
FFFFFFFFB910
FFFFFFDDC9B5
000000218763
FFFFFFF9A98C
FFFFFFDD394B
FFFFFFE16DDD
FFFFFFEE0C6C
00000025A31F
0000000EDC16
00000042B8A2
FFFFFFEDB79B
0000000467A2
000000042407
FFFFFFF22845
FFFFFFE5D614
FFFFFFD7FE21
FFFFFFE0C1A9
0000002A2D14
FFFFFFFD62A7
FFFFFFDAC45E
0000001936D1
FFFFFFDFC4AB
FFFFFFE7D319
FFFFFFA73EA1
FFFFFFBC221A
FFFFFFE859E6
FFFFFFD69582
FFFFFFF508CD
FFFFFFDAFA7D
FFFFFFB8AAFE
000001336A5B
0000011F7302
00000114AAEE
000000FE1F4D
00000107868D
000000F44590
000000A3917D
000000CAA1BA
00000136D097
0000010E86E4
00000119778D
000000E03958
00000104CFE7
0000013BDA9E
000000FA0BC4
000000E65793
FFFFFFDD6DBA
000000658F70
000000F3C3F1
000000BFA1D4
00000081879E
000000AA621B
000000C9E852
000000C9BCB2
000000E6ACF5
000000BBABF7
000000E3344B
0000010B29D8
000000EDA1F2
00000075EBD6
FFFFFFD4F08D
FFFFFF798039
FFFFFFCA3923
0000007F52BB
00000096B976
0000007EE63C
00000060360E
000000880511
0000005D8388
000000B45254
0000009B9FA8
000000ACCB2E
000000D01269
0000007B5E10
00000004298A
FFFFFFADA92F
FFFFFF84B836
0000003C1FF2
000000BF2316
0000009A49D4
000000B1EE23
000000989F7C
00000051E2E8
00000026E334
0000002FA0AB
000000743DC3
000000A13629
0000003A682B
000000528C7A
FFFFFF8E2805
FFFFFF1FFABA
FFFFFF8FF5C9
000000D34B4A
000000C2271D
000000A3A57F
000000A2CB48
000000595FE2
0000002FA9E2
00000015C71C
00000015EDB5
0000005BA3C6
FFFFFF7CFEE6
FFFFFF7A3478
FFFFFF4D305A
FFFFFF315687
FFFFFF250E12
FFFFFFD38ABA
0000001A75FE
FFFFFFFE4AD6
FFFFFFFE8911
FFFFFFF9C4B5
000000027397
FFFFFFBBE649
FFFFFFEFEEC7
00000051CE07
FFFFFF84489D
FFFFFF62F160
FFFFFF5ED275
FFFFFF4FC550
FFFFFF3DC830
FFFFFF0B6C91
FFFFFFAB136B
00000006E30D
FFFFFFF506C7
FFFFFFF16773
FFFFFFEE286B
FFFFFFD6AF7C
FFFFFFDD0C24
0000001EA7EC
FFFFFF7CB6D4
FFFFFF6673BC
FFFFFF640B6B
FFFFFF775462
FFFFFF4C8C49
FFFFFF0C14A0
FFFFFF2176CC
000000019A45
0000000327EB
FFFFFFE5DF34
FFFFFFD628EE
FFFFFFF96D52
FFFFFFEC6C29
00000009D268
FFFFFFC22456
FFFFFF75E461
FFFFFF885A79
FFFFFF6D9BF0
FFFFFF46C1F6
FFFFFF29CC02
FFFFFF19F150
FFFFFF8B52D6
0000000111BF
FFFFFFE78B91
FFFFFFEBAD98
FFFFFFEAD8F7
FFFFFFDD57C9
0000002A94BF
000000156ADF
FFFFFFA74A42
FFFFFFB03FAD
FFFFFF801412
FFFFFF61130F
FFFFFF4A3E84
FFFFFF2648CC
FFFFFF2093B6
FFFFFF8F9A51
FFFFFFDD1421
FFFFFFC60B4B
FFFFFFDD399B
000000069AB7
000000031F53
00000034AD70
FFFFFFBF6B77
FFFFFFDEDA2B
FFFFFFBD71A4
FFFFFF73E28D
FFFFFF58B025
FFFFFF3FE060
FFFFFF32C9FB
FFFFFF13D205
FFFFFF4FD1EA
FFFFFF3C269F
FFFFFF610F36
FFFFFFFDCF59
0000006A9DA1
0000007F5385
FFFFFFE737C0
FFFFFFF85486
0000002B6398
FFFFFFC1C00E
FFFFFF8EB09E
FFFFFF63293A
FFFFFF51C239
FFFFFF4603FC
FFFFFF7572F5
FFFFFF7082E7
FFFFFF64BBCF
FFFFFFF072F3
000000285FE1
0000002F5E60
0000000E2195
0000007A8F52
000000624BFA
0000004E5917
FFFFFFFE7BB9
FFFFFFB4650E
FFFFFF9D0870
FFFFFFBFE54A
0000000A5170
00000014916B
FFFFFFDB301F
FFFFFFE11624
FFFFFFFF3BF3
000000056655
00000002AAE8
0000001736B8
00000004F8AD
0000000AE43B
FFFFFFFBA52B
000000058E86
00000034BE4B
00000039CD97
0000001F33A3
0000000DF84E
00000001C3CB
FFFFFFFC7DD8
FFFFFFD9F4CF
FFFFFFF5380E
FFFFFFEA9E4F
FFFFFFDD48DB
FFFFFFC1AB9A
FFFFFFA7BF26
FFFFFFB87247
FFFFFFF32E9E
0000001489E8
FFFFFFE5D442
FFFFFFF3BAEB
FFFFFFB7ED58
FFFFFFD1CE78
FFFFFFE3E342
FFFFFFE2B182
00000030BCA2
000000796490
00000055B34D
FFFFFFDB2CFD
FFFFFFC69246
FFFFFFF02456
00000000F271
FFFFFFD34F8A
FFFFFFF8FA43
0000000669AC
FFFFFFD434C1
FFFFFFE6684D
000000214CBB
FFFFFFBA0E09
0000002D0C38
000000610CDC
00000066F705
00000028435B
FFFFFFF61391
FFFFFFE311CF
FFFFFFF87AAE
FFFFFFB4EA83
FFFFFFC789DB
FFFFFFDF791F
00000011A822
FFFFFFE1C7A9
FFFFFFFD0118
FFFFFFCD5EEC
000000298790
0000003ABB4E
00000033AB15
0000005A2EF8
0000002B863B
000000124358
FFFFFFEF39AC
FFFFFFD2257E
FFFFFFF6F407
FFFFFFFD2A6F
000000277BD6
00000012BF23
000000316B20
0000002C5FDE
000000480135
00000015140E
00000036326E
0000004E1D35
0000005226AF
0000002688CA
FFFFFFEDE9C6
FFFFFFD267F2
000000020518
000000065FC8
FFFFFFE8B0E9
FFFFFFD8772E
FFFFFF9B14F8
0000000FCD70
0000004CDEF9
0000001300CA
000000363CB9
00000039D971
0000005234D8
000000709C38
FFFFFFDF9786
FFFFFFB621FE
FFFFFFA09E54
FFFFFFC638CB
FFFFFFD1EDFF
FFFFFFB9ED86
FFFFFFB25EB9
FFFFFFE507B9
000000237E58
0000001773D4
0000002E8E5B
00000045CC1B
00000045AFA1
00000072E877
0000002BD998
FFFFFFBCC727
FFFFFF990802
FFFFFFA92847
FFFFFFB43C66
FFFFFFB6A2BD
FFFFFF9B5F48
FFFFFFF4C0FF
00000013886B
00000001EFB6
000000108FAB
0000002B6C1B
0000003864E0
00000044B0A5
00000070E1E3
FFFFFFFFBA4F
FFFFFFBF31CB
FFFFFFA3E9C1
FFFFFFA895A6
FFFFFFD8063B
FFFFFF91C555
FFFFFFE21579
FFFFFFEF8181
FFFFFFED91BF
0000000A68C9
00000012557F
000000290D5A
000000243FD0
00000058C975
000000686D36
FFFFFFC3210E
FFFFFFA874C6
FFFFFFC6B98C
FFFFFFE2D9D3
FFFFFF9F70AB
FFFFFF9CA0E3
FFFFFFDA9568
FFFFFFD2C76E
FFFFFFD84A48
FFFFFFF660B6
000000092495
00000012286F
0000002213CA
0000008DA904
0000003F08F7
FFFFFFE18D28
00000005B22A
FFFFFFEC3FC7
FFFFFFDD20C1
FFFFFFA6239C
FFFFFFA1006C
FFFFFFD8C1A3
FFFFFFFD2588
FFFFFFD9A7BF
FFFFFFDE49F9
000000273719
000000100F12
000000413572
00000066120C
0000002F1BE9
0000005DBB0B
000000488E4A
FFFFFFFFEB89
FFFFFF7E2B28
FFFFFFCD4F2D
00000011B553
0000002C63C4
FFFFFFF17D9E
0000000E6AD3
FFFFFFF9D400
FFFFFFFB6682
000000340CEF
0000003788D3
0000000A120A
000000214396
000000484DD4
00000015F345
FFFFFF9E5D5C
FFFFFFE81208
0000001B663C
FFFFFFCC9D25
FFFFFFE0C7E3
000000126BC1
FFFFFFEB80EE
000000297F91
0000003BAB32
FFFFFFFEA3A2
FFFFFFFE1499
FFFFFFF90D7D
FFFFFFF7E3C1
FFFFFFDAEACE
FFFFFF84573F
FFFFFFB43BF8
FFFFFFC08180
FFFFFFC4C5AA
FFFFFFA939C4
FFFFFFC7D66B
FFFFFFDFD4DB
FFFFFFE5FA32
FFFFFFB20318
FFFFFFC6AD87
FFFFFFB5343C
FFFFFFB43BDC
FFFFFF8AF3D0
FFFFFF9E1489
000000110082
000000174544
FFFFFFCEE70B
0000001D663C
0000000FBED0
FFFFFFECF936
FFFFFFD23185
FFFFFFFB8321
00000018673A
00000025A37A
FFFFFFF1E571
FFFFFFEFEAC7
FFFFFFF45FB3
0000000DD43D
FFFFFFFD5E68
00000004F49D
FFFFFF73D0BE
FFFFFFD9343E
FFFFFFEDB9AE
FFFFFFF58750
FFFFFFF5DFBB
0000000CAB1E
000000119A1E
0000001AAB60
00000014F3AB
FFFFFFEDDFAC
FFFFFFF826F3
000000136EB2
000000217509
FFFFFFBEEFDC
FFFFFFAF0E8E
FFFFFFAB1755
FFFFFF67BBD6
FFFFFFF5699F
000000074B8E
000000038EF2
00000018C62F
000000024997
FFFFFFF92EA3
0000000A407E
00000012A9E6
00000011FD63
0000001ED437
FFFFFF6514F1
FFFFFFC91D44
FFFFFFD4B16C
FFFFFFDC36AF
0000002B9ABC
000000276BF6
0000001C296E
00000013FFC5
0000001EBB21
00000002F0A0
FFFFFFF4E9A0
FFFFFFF741AC
00000021DCC0
FFFFFFDEAE55
FFFFFF925282
FFFFFFCBF373
FFFFFFDC2213
FFFFFFDFE478
FFFFFFD75680
00000039F74A
000000337E06
00000031843D
0000001F7EB8
000000126D84
000000059135
0000000C92AF
FFFFFFF4B7A2
FFFFFFC3491C
FFFFFFB9C07D
FFFFFFC98E3A
FFFFFFDD4CEA
FFFFFFDE5329
FFFFFFE389FE
00000009F3EC
00000018696C
00000029D56B
0000002C7B95
0000002A36E3
0000002460D4
000000232E3A
0000001F56BB
FFFFFFBA036A
FFFFFFC93206
FFFFFFD106DF
FFFFFFD3823B
FFFFFFDD1E2C
FFFFFFF1CEE6
FFFFFFCD7534
FFFFFFDEC3FD
00000033984C
000000307AE8
00000028DAF6
0000002D5443
0000002E851B
0000001E33E3
FFFFFFB6BD0B
FFFFFF9EA0AB
FFFFFFC4350A
FFFFFFD884A8
00000003FCB1
FFFFFFF4A89B
FFFFFFBDC9F5
FFFFFFAA6F0D
FFFFFFF4489E
0000001062B9
00000027CD8A
000000134F41
0000001D62E0
000000027DF8
FFFFFFF48135
FFFFFFEC135E
FFFFFFE3638B
FFFFFFEA77B4
FFFFFFD9A5DA
FFFFFFD9088E
FFFFFFD26695
FFFFFFC038AB
FFFFFFCCC3B2
0000000E638A
00000029DC8A
00000011F13E
0000001ECE09
0000001853A8
00000026448E
000000117E43
FFFFFFE9A72B
FFFFFFFFA86F
FFFFFFCAEA39
FFFFFFBFEFA0
FFFFFFCAF1C9
FFFFFFD830A7
FFFFFFC43939
FFFFFFE8B9B2
FFFFFFF162A0
FFFFFFCD7688
FFFFFFF45B0F
00000021DE0B
0000001D9CB6
0000000C65C2
FFFFFFBF1BB1
FFFFFFED0808
FFFFFFDC8A59
FFFFFFC02F1E
FFFFFFE1D8B0
FFFFFFECCECD
FFFFFFD1C1FD
FFFFFFCD20A3
FFFFFFD634CC
FFFFFFD8F8A7
FFFFFFAFB2DB
FFFFFFF62BD9
00000031B0C1
000000392D62
FFFFFFC35718
FFFFFFDA5455
000000005FC9
FFFFFFCA853C
FFFFFFED3E5A
FFFFFFCE186B
FFFFFFB558E2
FFFFFFA824C8
FFFFFFC9272F
FFFFFFBE06C7
FFFFFFB0A414
FFFFFFCD8276
00000001B73A
0000001E78FA
000000118896
0000002DC196
00000031BF35
FFFFFFE58283
FFFFFFD55819
FFFFFFB2CB14
FFFFFFC8B645
FFFFFFC4D1C9
FFFFFFC6F7C4
FFFFFFDF6E1A
FFFFFFE6545F
FFFFFFDCB25E
000000175B63
00000021E0EF
000000402285
000000346BD5
00000012C1E1
FFFFFFFC4AE4
00000017C646
0000000BBC59
FFFFFFF83FC7
00000019D8B6
0000000902E4
000000261650
0000001388E3
0000000ADEF2
0000002C9531
0000002D1CBB
000000537A7A
000000052653
FFFFFFFD1AB2
FFFFFFFC4876
FFFFFFCDC628
FFFFFFEB7872
FFFFFFD10F8A
FFFFFFD1ADA2
FFFFFFA0967E
FFFFFFC5FF4C
FFFFFFE66F27
FFFFFFD113C5
00000026B47D
000000431B15
00000047E9EA
0000000E437F
0000000C2E06
FFFFFFE2E348
FFFFFFDE81CD
0000001FFC75
FFFFFFE1A416
FFFFFFB19FC4
FFFFFFCE6DB8
FFFFFFE31AA4
FFFFFFF84508
FFFFFFDCBD49
FFFFFFF964AF
00000021C567
00000037DC25
00000046FA86
0000002CDF6E
FFFFFFF06844
00000008A732
FFFFFFF712AB
0000000F60D4
FFFFFFE066F1
FFFFFFCE48B0
FFFFFFC46463
FFFFFFD75C8A
FFFFFFDB9B98
000000057497
0000000C50B0
0000006B78ED
000000520BE4
00000001C64E
0000000DBFFE
FFFFFFE7CCEE
00000006B93D
000000098614
FFFFFFEFCD15
FFFFFFF914F0
FFFFFFD0FA7A
FFFFFFD5C0B3
FFFFFFFC1070
000000062663
FFFFFFED0D56
FFFFFFF9D882
FFFFFFFFA94D
0000001B597E
00000034C83C
0000000DC433
0000001DB80F
0000000FC996
0000000855CC
000000039D44
00000018029B
FFFFFFFE299D
FFFFFFF2EC97
FFFFFFDD7AFB
0000000FF4A4
FFFFFFF4AC8F
FFFFFFD0210E
FFFFFFF2570B
000000184A8E
00000021CC70
0000001EE826
00000018CE6C
0000000772A1
0000001442EF
00000024CB2F
0000000B76D2
0000001A26C3
FFFFFFF25889
FFFFFFFB067F
FFFFFFEEDE5B
FFFFFFE9421F
FFFFFFE75C89
FFFFFFF12124
0000000C95A5
0000003240CD
0000002418AF
00000011EE03
0000000E6DCA
0000001D2EF2
00000010583F
00000006006B
0000003B9D99
00000008DBBB
0000000BB92E
FFFFFFF9A231
FFFFFFD4B1B6
FFFFFFE6D931
00000003359B
0000002AB353
FFFFFFF9375C
00000018037A
00000025FD19
00000031604A
FFFFFFF6BF8C
FFFFFFF925E6
000000158F96
FFFFFFC9DB8D
FFFFFFF2E337
FFFFFFFEAF8E
0000002739D5
0000002BF1F3
000000106190
00000016AA99
FFFFFFF09AFB
00000024B10A
000000202284
00000031A175
0000002234BE
00000043A01A
0000000E7ACD
FFFFFFFC8380
00000020208E
000000063494
0000000E9085
000000085645
FFFFFFE7FA7C
0000001547F4
0000001F9CAF
00000000ED81
FFFFFFDCFDF1
FFFFFFF23825
FFFFFFE1BA91
000000200C41
000000033332
FFFFFFF2D83F
0000000E485E
0000002AD9A1
FFFFFFF22EE8
00000006F30C
000000114679
0000000311B9
000000013C83
FFFFFFFEF42D
FFFFFFFA6399
0000002E21F2
0000001128B0
000000031480
00000000F6E5
FFFFFFC823A5
0000003CB194
0000003EC170
0000000BFC48
00000023ED8E
0000004FC19C
000000089E94
00000016AE6B
000000013E4A
FFFFFFC8B0BD
FFFFFFD21376
0000001D0C90
00000016AA93
0000002CDF7D
0000001CDE7A
0000001F72EA
FFFFFFF72EA8
000000015CDE
00000041B8B6
00000028BFA4
00000046173E
0000000534BE
0000001E32E6
FFFFFFEB5B49
FFFFFFC89D3F
FFFFFFF62A09
FFFFFFFB99F1
00000038D8C4
00000035B3E2
0000001FB2C7
0000000FB8E8
FFFFFFF617A3
0000001558B4
000000312A62
0000000361DF
00000014C8BA
000000103B22
FFFFFFF620A3
00000014A4A6
00000004D6F8
0000000F803F
FFFFFFFA9AD0
FFFFFFFB7B19
FFFFFFEB6DDA
FFFFFFF0D7B8
FFFFFFF39312
0000000D97ED
FFFFFFFA0521
FFFFFFDA3420
FFFFFFF0A576
000000029C8B
FFFFFFE6FE82
FFFFFFF7AC64
000000044F6A
0000001AD531
00000013A17A
0000003A9023
0000006A82AD
0000004E8F11
0000003F10C5
00000006CA28
FFFFFFFED221
00000022EC66
0000003B86CB
0000002CCC00
000000320B81
00000026EBDC
0000003F7524
00000012C7F1
00000024DDCA
00000040B632
FFFFFFEC0340
00000005B6F7
00000039F340
0000003281CF
FFFFFFF2799B
00000005125E
000000071F51
00000019400C
00000020B203
00000024ED95
0000001803C4
0000001630FD
FFFFFFFAFE5D
0000001765F5
000000152AEA
0000003AFBA6
00000011A8C8
00000034A102
0000000FC990
FFFFFFED148F
FFFFFFF5688A
0000000B6946
FFFFFFF9E36C
FFFFFFF72E3E
0000000C0F20
000000082FB1
00000055A3CC
00000057F76B
0000003A844F
0000000FABA5
FFFFFFE709A3
0000002A9E46
0000005293DE
00000025B4E6
0000003B3A0A
00000031845A
00000026DB09
FFFFFFDDBC01
FFFFFFFC5AF6
0000002040BD
000000192A9C
FFFFFFF69FDA
0000001911B0
FFFFFFEEC0A4
FFFFFFD6201A
FFFFFFF1A159
0000006AF1EB
0000001DC06B
0000001091BC
FFFFFFF52F21
00000002CDC9
0000000D60C6
FFFFFFEB919F
FFFFFFF25A94
0000000A4449
FFFFFFECCDE5
FFFFFFF17CAB
FFFFFFF6192E
FFFFFFD88C43
FFFFFFD35063
FFFFFFF8744D
00000043ACE3
FFFFFFF9A4A5
FFFFFFEBC466
FFFFFFE01B9A
FFFFFFEADAE7
FFFFFFDF1B35
FFFFFFD7DC8C
0000000C8098
FFFFFFD570E7
FFFFFFCCDC68
FFFFFFE7C921
FFFFFFEE3619
FFFFFFF22E77
FFFFFFBD8D38
0000000DF0F1
0000003DEF36
FFFFFFEA9258
FFFFFFED0CAA
FFFFFFF50657
FFFFFFF5A1FE
FFFFFFD8AFC1
000000015394
000000015849
FFFFFFEAB199
FFFFFFDDD5E2
FFFFFFD69C6E
FFFFFFD78E48
FFFFFFDA7B42
FFFFFFFDC5FF
000000292136
00000024E084
FFFFFFF30D46
FFFFFFF8690D
FFFFFFF94642
FFFFFFEB7800
FFFFFFEB1137
0000000F0020
FFFFFFB85F0E
FFFFFFD21F35
FFFFFFDED3A2
FFFFFFF72FD9
000000002075
FFFFFFFAB8D2
000000064DA1
000000662F0A
00000027C7F1
00000055B145
0000007DBCF3
000000360F2F
FFFFFFF2991D
FFFFFFF3CA19
FFFFFFC810F2
FFFFFFF309FB
00000007D955
0000000B87C9
FFFFFFFED357
FFFFFFF60A85
000000068A5C
FFFFFFF967A9
000000331F13
FFFFFFF8FF33
00000028748A
0000005CFF48
FFFFFFF22A14
00000003F828
FFFFFFE2C434
FFFFFFEB273B
FFFFFFDCBC8B
FFFFFFDD144F
FFFFFFE3BC61
FFFFFFF5D1CD
FFFFFFEF8906
FFFFFFEF9FA9
FFFFFFE9E349
FFFFFFE84302
FFFFFFDE86A5
00000028ABBA
FFFFFFF983B9
000000303809
000000329C30
0000001BBC44
000000111E4B
00000021BBE3
FFFFFFE33DC0
FFFFFFDAA831
0000000C6258
00000013EFCA
0000000B16DB
000000010960
0000000B5ABF
0000000CE003
00000016EE4C
FFFFFFE6F076
FFFFFFEC7E2D
000000064554
FFFFFFD9967C
0000000043B3
00000003A233
000000202693
0000002E5227
0000001999E0
000000061669
FFFFFFF772BB
FFFFFFFBD803
0000000205F0
00000004AA79
FFFFFFC3B8D0
0000000BFF16
FFFFFFD14C5D
FFFFFFEA532F
FFFFFFF54340
000000126C3A
00000004B22A
00000007FED2
FFFFFF9AB130
FFFFFFD46CA8
FFFFFFC3C4F2
FFFFFF82C64A
FFFFFFF6DADB
FFFFFFE563F2
0000000924B6
FFFFFFC59D03
FFFFFFC8440E
FFFFFFEDDB3C
FFFFFFE821E7
FFFFFFEC6351
0000000588F8
FFFFFFE37FC5
FFFFFFDCC1D6
FFFFFFC81179
FFFFFF9715CE
FFFFFFC09B2A
FFFFFFF0D639
FFFFFFF85C98
0000000E048E
00000018BCC8
0000002F681E
000000324089
FFFFFFF3283E
FFFFFFA6A56B
FFFFFFD7ED41
FFFFFFD051CD
FFFFFFDF6E32
FFFFFFEA00CB
FFFFFFF14B55
00000006E3B2
000000029979
FFFFFFB849E1
FFFFFFEE060D
0000003A7AC1
0000005040FC
0000004C4194
0000002E1F39
FFFFFFC0B38D
FFFFFFE69019
FFFFFFDFB136
FFFFFFE6E262
FFFFFFE44F4E
000000409E93
FFFFFFF9DBF8
00000006984F
FFFFFFFEE704
0000002122CB
0000005F1813
000000035B36
FFFFFFCCA328
0000001E9081
00000009D858
FFFFFFDAC7A3
FFFFFFFBE6BC
FFFFFFEFC18E
0000000B1E5C
000000065880
0000002616EC
0000002E22DB
FFFFFFC67092
0000000F46A1
FFFFFFEE4E56
FFFFFFCB2C7B
FFFFFFCB22F9
FFFFFFF21EF3
00000025CF40
000000317C35
00000017B674
000000219C51
000000334EEA
FFFFFFF8DC5E
000000329BBF
00000033EE39
FFFFFF8F9061
FFFFFFC71DBF
FFFFFFCFEAD5
FFFFFF9B3295
FFFFFFA1EB38
FFFFFFDD1512
000000184C5F
FFFFFFF9B6B2
000000178FAC
FFFFFFDFB200
FFFFFFF7E2A7
FFFFFFEE29A0
00000029AE31
0000000EACE3
FFFFFFED2875
FFFFFFAC5B99
FFFFFFDA463B
FFFFFFB986DE
FFFFFFDBC4B6
FFFFFFC547A4
FFFFFFDFBD18
FFFFFFE1285A
000000205331
FFFFFFEBA4C2
00000006DD18
FFFFFFEDCC6F
0000000168BF
0000000BD349
000000311733
FFFFFFF06B87
FFFFFFF9E018
FFFFFFD7F745
FFFFFFE4B805
FFFFFFAF74C3
FFFFFFC80C6F
FFFFFFD1E0A2
0000002A64F7
0000000DA398
0000000937EE
FFFFFFDE8EB1
0000000008B7
00000008BDF7
0000004BA3A1
00000028F540
000000113EBD
FFFFFFCC6C82
FFFFFFEFB8F3
FFFFFFBF52E7
FFFFFFBA5877
FFFFFFCA7B8F
FFFFFFEA6698
FFFFFFF85320
0000000CDA5A
FFFFFFCEB3C9
FFFFFFDB6CF9
FFFFFFFF9F9F
0000005F9DD5
0000001213D9
FFFFFFE89818
FFFFFF6CCAF0
FFFFFFDC4847
FFFFFFE37E26
FFFFFFC7E5CE
FFFFFFEB519A
FFFFFFCD51F3
FFFFFFBB1756
000000062206
FFFFFFFDD1BF
00000025C602
00000016635F
0000001F239F
00000011D067
FFFFFFD387DD
FFFFFFA8C943
FFFFFFD146CE
FFFFFFB53DEC
FFFFFFA92CE8
FFFFFFE26F0E
FFFFFFBEA7C4
FFFFFFEA31CA
FFFFFFE412AC
FFFFFFE3DC00
00000015E634
0000005B6960
FFFFFFF481ED
FFFFFFDBA987
00000018A1A3
000000528185
0000006E2828
FFFFFFE94AB1
FFFFFFE10966
FFFFFF9168E0
FFFFFFBE10E1
0000002DCE82
00000003CE91
FFFFFFEFD649
0000001E2013
000000310B6B
00000025520F
00000011F9E6
0000003ADE16
0000002F5F4A
000000285047
FFFFFFF392BC
000000279E02
00000003CFCE
00000010935A
0000003D0186
00000029CA60
000000511FF9
000000464504
00000031BED2
0000001C2B5A
00000007E7B1
FFFFFF7DED39
FFFFFFD7912A
FFFFFFDE1750
FFFFFFFE9E02
FFFFFFF85EF5
000000279D91
FFFFFFFD3345
00000001ACD8
FFFFFFFC1286
00000009153B
0000000F4BDD
FFFFFFCACB0D
0000001F4453
000000033842
FFFFFFCC6C17
FFFFFFC12DAE
0000001EF492
000000040666
00000022C79B
000000053169
0000002C374B
FFFFFFE5896A
0000000CBCA3
00000000DF1B
0000000A3770
FFFFFFD5C5F1
FFFFFFFA2E5A
FFFFFFE9C5EA
FFFFFFD6C98D
FFFFFF9D642C
FFFFFFEB5C2F
0000003FDC9D
000000188901
FFFFFFE240D3
000000060FD3
FFFFFFFB1079
FFFFFFE79DE3
FFFFFFC6F178
FFFFFFE6BB68
FFFFFFDC6035
0000000016E6
0000003633DA
0000002914E8
FFFFFFDAA5E7
FFFFFFDE54EF
FFFFFFB25034
00000002A0E3
FFFFFFEDD4FC
FFFFFFEA03C0
FFFFFFC61C4A
FFFFFFF05643
FFFFFF9DAED6
FFFFFFCB2D4A
FFFFFFD0878D
FFFFFFD8E45C
FFFFFFB8A87C
FFFFFFD2E7CF
FFFFFFE06D86
FFFFFFF2AB0A
FFFFFFD786C6
FFFFFFDF4922
FFFFFFE34CA3
FFFFFFF5BA94
0000000453E7
FFFFFFE99651
FFFFFFF48E48
FFFFFFD0785D
FFFFFFE8A595
FFFFFFF92FC4
FFFFFFF932A8
FFFFFFE58CF6
FFFFFFF72AA9
0000000748E9
FFFFFFD83C28
FFFFFF7A125A
FFFFFFB5D43E
FFFFFFB5BEC7
FFFFFFD4E880
FFFFFFBE69AE
FFFFFFE30733
0000004001B9
FFFFFFEE278E
0000002CAFC8
FFFFFFD726D3
FFFFFFDCD75A
FFFFFFFCFEB7
FFFFFFF28AB8
FFFFFFFA1984
FFFFFFB21B17
FFFFFF6BB552
00000011F059
FFFFFFFEC5B4
FFFFFFDEE07A
FFFFFFD29AF4
FFFFFFCD9CB3
FFFFFFD41B1C
FFFFFFF875B3
FFFFFFF462F7
FFFFFFEB206C
FFFFFFF86C57
FFFFFFE5D970
FFFFFFF3296D
FFFFFFFEA5AB
FFFFFFC85A3F
FFFFFFA2AF49
FFFFFFDDFF3A
FFFFFFD01653
FFFFFFFC14C6
FFFFFFEDB811
FFFFFFEA8F3B
FFFFFFAC5CC8
FFFFFFE99BB7
0000002A1AB8
FFFFFFD9CB93
FFFFFFC38F6D
FFFFFFF3321C
0000000C9C00
FFFFFFFACC55
FFFFFFB9D294
FFFFFFF02452
FFFFFFE37C2F
FFFFFFDF8500
FFFFFFDF7F80
FFFFFFF5F1A7
000000078667
FFFFFFC1F2B7
FFFFFFCF7BF0
FFFFFFDA50F7
000000055737
00000002C1E4
FFFFFFFB22BE
FFFFFFE74CEF
FFFFFFDF3AD4
FFFFFFE10BAF
FFFFFFD937E8
FFFFFFC71B2C
FFFFFFBD90CA
FFFFFFEE37ED
FFFFFFF6ABA7
0000002E87C3
00000053C322
000000248B1F
0000000793E7
FFFFFFDE07BA
FFFFFFE7EE40
FFFFFFD88184
FFFFFFE9FD04
FFFFFFF6118D
FFFFFFA81508
FFFFFFC52353
FFFFFFB70834
FFFFFFEAF2D7
00000006B01D
0000002EC76B
0000005AB2BB
000000462A9B
FFFFFFF451F8
FFFFFFF4A197
00000008FA33
FFFFFFFC8707
FFFFFFFE69B5
0000002368E6
0000001304D6
FFFFFFF1BA46
FFFFFFDF7F12
FFFFFFE8F3D8
FFFFFFEF8C32
FFFFFFB4EDDA
FFFFFFDC798E
FFFFFFF602D8
FFFFFFBDBFA4
FFFFFFFD2335
FFFFFFF012FD
00000009C1AB
0000000047C9
FFFFFFF2E1D4
FFFFFFE67F65
FFFFFFC5FB15
FFFFFFF5BD8C
FFFFFFC1E94C
00000011EB24
FFFFFFCE06D6
FFFFFFB938F6
FFFFFFB8186B
FFFFFFECDD0C
FFFFFFFA70E7
FFFFFFCB4AEC
00000006FC20
FFFFFFC868AF
FFFFFFE94B77
FFFFFFE8F27D
FFFFFFF30574
FFFFFFF89B5E
0000000235A6
00000054AA56
0000001C56D5
0000000A1B5F
00000031F9D0
0000000A14E7
FFFFFFF14476
000000482AF7
000000192E90
0000001C5719
FFFFFFFC773E
0000001A61BC
00000043FBA8
0000001B1902
0000003590A8
00000022CDB9
000000003CD6
FFFFFFB6C65A
FFFFFFF79E72
00000005DBEF
0000003F861F
0000003E19D1
0000002570C1
0000001B81A0
00000034BBAF
00000013C204
0000005E6586
00000032FBF8
000000052B28
0000001A121D
FFFFFFDA1D16
FFFFFFAB4ED3
FFFFFFA950B2
FFFFFF88DBD2
0000000CC25D
00000007DC4D
00000006A3E7
00000004E0DD
00000027C59B
000000239B5E
FFFFFFF03587
FFFFFFEF0764
0000000DCF9F
FFFFFFF404FC
FFFFFFC5563A
FFFFFFABE57C
FFFFFFF58467
FFFFFFAD1918
FFFFFFEAADB4
FFFFFFFAFC19
FFFFFFE70C3D
0000000E6CA9
FFFFFFFF0AD0
FFFFFFF94D8A
00000016029A
0000000C8F97
FFFFFFDBC705
FFFFFFE459FB
00000001FBB2
FFFFFFCFFD4B
FFFFFFB559ED
FFFFFFD3E66A
FFFFFFD94F72
FFFFFFE84514
FFFFFFEC7ECA
0000000E1678
FFFFFFF48A6A
000000057B5B
FFFFFFEE0F6F
0000000E7342
0000000F1EF9
FFFFFFCCC646
FFFFFFC00D6F
FFFFFFAFDF03
FFFFFFD4CF7E
FFFFFFD4BEBD
FFFFFFD424BE
FFFFFFDD21B4
000000026485
00000012953D
0000001E58E2
000000053630
0000000DD21E
0000000CCDDE
FFFFFFEE84C5
FFFFFFF0DA70
FFFFFFBE8293
FFFFFFE61D87
FFFFFFD13B59
FFFFFFCC1812
FFFFFFCBEB1A
FFFFFFE4494A
FFFFFFCE7740
FFFFFFEE8D84
00000014B244
00000001E06B
0000000149C6
FFFFFFFC3A96
FFFFFFFE541A
FFFFFFAE2B86
FFFFFFA53825
FFFFFFCB693F
FFFFFFC44527
FFFFFFBE55E1
FFFFFFDCFF8D
FFFFFFE54A3F
FFFFFFE95E81
FFFFFFE9615E
FFFFFFF8E316
0000001A07B0
000000042B07
FFFFFFE4A0BA
0000000FA431
FFFFFFB965A1
FFFFFFA2BFDC
FFFFFFBF1311
FFFFFFB75A2A
FFFFFFCA54DA
FFFFFFBA840D
FFFFFFDF9128
FFFFFFDA2649
FFFFFFDDA35B
FFFFFFFDD7A8
FFFFFFF52A1D
FFFFFFD71DC7
FFFFFFE935E0
FFFFFFFFE6D1
0000000C744C
FFFFFFC9A62D
FFFFFFA9B721
FFFFFFB7A49D
FFFFFFC78D45
FFFFFFCE8CC6
FFFFFFF5E601
FFFFFFDA432F
FFFFFFD70A64
FFFFFFEF0B5D
000000031AF6
FFFFFFC7F89A
FFFFFFC5586F
FFFFFFD9A66D
0000002A128D
000000182983
FFFFFFE4D53D
FFFFFFB93CCB
FFFFFFC70B82
FFFFFFBD5E80
FFFFFFCB6E50
FFFFFFDB7704
FFFFFFD1547F
FFFFFFC2BF4F
FFFFFFED0A0F
FFFFFFB71B05
FFFFFFC04E38
FFFFFFB30539
000000249686
00000003624A
FFFFFFD86BBF
FFFFFFB28650
FFFFFFAD2746
FFFFFF958FBA
FFFFFF9A33A8
FFFFFFDA8189
FFFFFFD03599
FFFFFFC3FDE7
FFFFFFCFFA7E
FFFFFFCA6FEA
FFFFFFC3DFEF
FFFFFFCF8CAD
00000036DB69
FFFFFFF6AF88
FFFFFFE29F27
FFFFFFF505A5
FFFFFFCE5381
FFFFFF9666AA
FFFFFF9DA0F0
FFFFFF93A544
FFFFFFBFFBBE
FFFFFFD2820A
FFFFFFB1500E
FFFFFFBB577F
FFFFFFACEEED
FFFFFFC3A581
00000003D6F0
FFFFFFCE10F7
FFFFFFF6549D
FFFFFFD8BCE1
000000020242
FFFFFFF83432
FFFFFFC382E3
FFFFFFC32D02
FFFFFFF7522F
FFFFFFFB78F1
0000000674BF
FFFFFFF008BC
FFFFFFF905F8
FFFFFFE27AC0
FFFFFFAD15B1
FFFFFF95F5B3
00000005080C
FFFFFFB44B2E
FFFFFF9CAC1E
FFFFFF7EA2B1
FFFFFFA9C99A
FFFFFF7D80F7
FFFFFFAB1FD8
FFFFFF9F1E88
FFFFFFB1B588
FFFFFFBA29E7
FFFFFFC2DF1E
FFFFFFB8D0FA
FFFFFFA5C6D4
FFFFFFCD98D7
000000A5DB52
0000007755F4
FFFFFFCAF80C
FFFFFFB84FAB
FFFFFF96C40B
FFFFFF9AEBF2
FFFFFFBA0670
FFFFFFB13BCE
FFFFFFB7E2A0
FFFFFFA18229
FFFFFFAEACF7
FFFFFF843AE6
FFFFFF9DC3F5
0000007FC65D
000000E2B1C6
000000ECAFB3
000000B96900
000000018350
FFFFFFA58189
FFFFFFB1CCDC
FFFFFFB1C188
FFFFFFBEBED2
FFFFFFD046A5
FFFFFFC8D6E2
FFFFFFC803A9
FFFFFFA9E36F
FFFFFFAD3EF6
00000055EAEB
000000B20549
000000739F3E
0000009BC4C6
0000005D6623
FFFFFFC9BBD1
FFFFFFBF7AF9
FFFFFFACCE58
FFFFFFB21C68
FFFFFFC3BE39
FFFFFFCAC624
FFFFFFD79C97
FFFFFFC53F0F
0000001C606A
000000537273
0000002A53C2
00000072F78F
00000088A7BC
000000B8B754
FFFFFFF91544
FFFFFFA2A8EB
FFFFFFB4F3B9
FFFFFFAF9EB3
FFFFFFAEF63E
FFFFFFB47E5B
FFFFFFBBEB7C
FFFFFF95D7FF
0000001C2765
0000003A6EA7
0000004EB2B0
00000099C9F9
0000008DA037
000000AAA425
000000A08EB6
FFFFFFCC8124
FFFFFFBD9CBE
FFFFFFC23446
FFFFFFC756F1
FFFFFFC8FCA7
FFFFFFC50ADF
FFFFFF9E2E2D
00000006417D
0000003DF96E
0000004F30E0
00000072A784
0000009509B6
0000009D87C5
000000F342AA
000000AE6402
FFFFFFDE64BC
FFFFFFB5871A
FFFFFFC81521
FFFFFFD21B9E
FFFFFFC27A72
FFFFFFACE13E
00000011E9AA
000000492809
00000062755A
00000067F363
00000072EEBA
000000881CA2
000000AE0B03
000000DA64CA
00000047E873
FFFFFFA6A447
FFFFFFBF0D0C
FFFFFFD465DB
FFFFFFDADDF6
FFFFFFC45ACE
FFFFFFEA63E9
0000003796BE
000000256247
0000003736F0
0000004E65C8
00000089136A
00000090120D
000000C0D48B
000000D6B21E
FFFFFFE5085B
FFFFFFCEEB7E
FFFFFFDDCC42
FFFFFFD71AA6
FFFFFFB42E98
FFFFFFB0A321
FFFFFFC9A826
FFFFFFFD452B
0000002938AA
0000004E4CE3
0000005F46B3
0000007FD72B
0000009ACA7B
000000EC1771
000000B13572
0000004DE62F
0000007236E3
000000592B45
FFFFFFE514BF
FFFFFFA4F9E0
FFFFFFA7773B
FFFFFFFBAC8A
FFFFFFD5B032
0000001BF3D2
00000046BFB1
0000007C9407
000000988EAB
000000C79FD7
000000CA7A15
0000009EBB7C
000000A44B7E
000000AF2088
00000025E2AC
FFFFFF928162
FFFFFFA1535E
FFFFFFE131E5
FFFFFFE28E12
FFFFFFD652DB
000000259EE5
000000511E46
0000007079AB
0000007F5C60
000000A741DC
0000008BEDC8
000000A34E6F
000000B44B53
0000004EAF73
FFFFFFC19134
FFFFFFCFEB6A
FFFFFFED486B
FFFFFFC4992D
FFFFFFAA1F48
0000000B6D19
FFFFFFEEB830
000000447613
0000009C74F0
0000007A7766
0000003F4186
000000342BC6
000000669C5D
000000683D38
FFFFFFE12FDC
FFFFFFDAAC70
FFFFFFCBBBA6
FFFFFFC7DD4C
FFFFFFC1F9E2
FFFFFFD51CD2
FFFFFFDF0E41
FFFFFFEFFE16
FFFFFFF4F2E2
FFFFFFEA4FBE
FFFFFFD1802E
FFFFFFE5A037
FFFFFFD19C35
FFFFFFB06E00
FFFFFFFA534A
0000001A11EF
000000012C34
FFFFFFEB7FD2
0000003A04E8
FFFFFFDF2214
FFFFFFE24A12
FFFFFFFBB04B
FFFFFFD33845
FFFFFFCB2E13
FFFFFFD41B3B
FFFFFFD37158
FFFFFFEA39D3
FFFFFFC22233
FFFFFFD2FB27
FFFFFFEFADBF
0000003590EB
FFFFFFF085A8
FFFFFFF51C17
FFFFFFDDD65D
FFFFFFEA8532
FFFFFFCEA00D
FFFFFFD38EF6
FFFFFFC2C944
FFFFFFC8718E
FFFFFFCE26B6
FFFFFFB1FFFD
FFFFFFEF583A
FFFFFFB3798F
FFFFFFF4632C
00000041E5BC
FFFFFFE97EE7
0000001BFD01
FFFFFFCD8E8F
FFFFFFDCBE6D
FFFFFFB5BE15
FFFFFFEBA529
FFFFFFD45883
FFFFFFB40449
FFFFFFEF11B5
FFFFFFE73FDC
FFFFFFF5F861
FFFFFFF9D4CB
FFFFFFD56CB1
FFFFFFC74E8F
FFFFFFB8DEBB
FFFFFFDD6405
FFFFFFB0D1CF
FFFFFFB11B7F
FFFFFFF00796
FFFFFFF7EE00
FFFFFFD54F2B
FFFFFFC382CC
0000000477B8
FFFFFFE7D0A1
0000003C09FB
0000004CD03B
FFFFFFF88DFF
0000000E8D68
FFFFFFF57144
FFFFFFFC7FCC
FFFFFFEC3BD2
FFFFFFD44C9F
000000368178
FFFFFFD9FB03
FFFFFFD3F4C4
000000143CA3
000000135A01
FFFFFFCA4E60
FFFFFFEBA751
00000090CF9B
00000047D275
0000006FDD7E
0000005161A9
0000001B8FCE
FFFFFFE0210D
FFFFFFFFB5AB
000000235B4F
FFFFFFDDAA0D
FFFFFFE8BC33
FFFFFFF6AB6B
FFFFFFD8FA87
FFFFFFDF762E
FFFFFFEDA716
0000009DB09B
00000094E449
000000781AEB
00000064CC22
0000005AE49C
0000002EC8FE
00000005EB10
FFFFFFFAA8E8
FFFFFFC7EC8A
FFFFFFD10AAD
FFFFFFF9A578
FFFFFFE206B9
0000000CA0C4
0000004514B2
0000007DC00C
0000009D4A3F
0000008E19F7
0000007D8F8E
00000079F2DA
000000773873
0000001D9529
FFFFFFEBCED3
FFFFFFC69420
000000210102
FFFFFFF064A5
000000017B91
0000000EBAB2
0000000AD521
00000026DD40
000000883717
0000006A4E59
000000964539
0000007B1533
000000596A8D
0000000DD443
FFFFFFEAC5D0
00000000E5F8
000000015D92
FFFFFFF0AB80
000000150863
000000190BA2
0000000E8109
FFFFFFDFF17C
000000281DD9
000000340002
00000054DCDC
00000028DEBE
000000344957
FFFFFFEBB3B6
FFFFFFEEC38A
FFFFFFE1F5F4
FFFFFF9D6C0C
FFFFFFBBC475
0000006DEA8F
000000C5BDE3
000000027F51
FFFFFFE0C140
FFFFFFC81557
0000002CF352
000000083950
000000662C9A
000000780D44
00000020A442
FFFFFFD62A2B
FFFFFFDDF73A
FFFFFFBA8395
FFFFFFC6163F
000000023581
0000001F8B9E
00000006A956
FFFFFFD3CD27
FFFFFFD992EF
00000036A954
FFFFFFDE0509
000000AD8835
00000087F9A6
0000001761BC
FFFFFFDFB295
FFFFFFDD4D61
00000029C47C
0000002AC0BC
FFFFFFCBC6F5
FFFFFFDF2380
FFFFFF965B35
FFFFFFCE0D2E
000000067C3F
00000026AD23
FFFFFFD81582
00000023AF2F
00000057C351
000000435AD4
000000321D8F
FFFFFFC19A87
FFFFFFEAACA9
FFFFFFE10088
FFFFFFE1F99F
FFFFFFDE4234
FFFFFFA99438
FFFFFFC8D073
0000004C1C4C
000000132A5E
0000000B5C1C
0000000F36F3
FFFFFFD50B97
0000001A6015
000000079487
FFFFFFE0782C
FFFFFFDFD261
FFFFFFDBCD81
FFFFFFF76CDB
FFFFFFF625C9
FFFFFFE5476D
0000001B3B01
FFFFFFF940CF
00000019E661
00000033CDC2
000000681A03
0000001C464B
000000463C3D
FFFFFFE2EB94
0000005026E2
0000003F44F6
0000005D1C78
00000065E87D
0000003B38C1
0000005712CF
FFFFFFCC55F6
00000022F779
FFFFFFB36571
FFFFFFF2D13D
00000043A32F
0000005498BB
000000559EB6
0000003F52E5
00000059FAC3
00000063881B
00000027F0D9
0000003A4615
00000023BC20
000000276CA0
0000006E86A0
0000004EAA86
00000007F6DA
FFFFFF97BC69
FFFFFFDE6108
000000260F6C
000000215E23
00000049EDE7
0000005135AF
0000006C6AD3
0000007562D6
00000060F845
00000096E4B0
000000B4C33C
00000065E2E8
0000004E67CC
FFFFFFE0284E
FFFFFFF34CF5
FFFFFFF14732
0000003115B2
00000074659D
000000320671
000000649107
00000068E846
000000522319
0000007C34F3
000000628072
0000007D1B3B
00000052BFCE
000000399AA7
00000053B307
000000008C1D
FFFFFFD81E0E
FFFFFFB994EF
0000006EB4E5
0000005E7F8C
00000027B71F
00000040461B
000000669736
0000004DB292
00000057B534
00000010C1B6
0000002BD34D
FFFFFFC869A2
FFFFFFF23182
FFFFFFF95758
FFFFFFFD71D8
FFFFFF9F0812
000000172B9B
00000057DBA3
000000575661
0000006AE88D
0000005A4F20
0000005C4643
00000051638C
0000004C43DA
00000009816B
FFFFFFF61460
FFFFFFE96108
FFFFFFDF2ECF
FFFFFFCE2D18
FFFFFFC26D47
FFFFFF967AA5
FFFFFFCAE9EE
000000499969
0000003CFF24
000000581977
00000053CD19
000000599753
000000663DE3
FFFFFFE8FBEA
FFFFFFC09DE5
FFFFFFEB76C2
000000029D01
00000021947C
FFFFFFFCA562
FFFFFFC5B465
FFFFFF8A1CC2
000000157F61
0000004E728C
0000005D1AD9
00000060EBA4
0000006E15FA
0000007E6842
0000005DB72B
00000022DCF6
FFFFFFDA38A0
000000009D28
000000166402
FFFFFFE8263E
FFFFFFD212E2
FFFFFFA62093
FFFFFFDD9313
000000640C98
000000807C0D
000000628E95
000000782E4B
00000093D3A1
0000009ABFCC
00000065C089
FFFFFFCC05C3
000000074C2C
FFFFFFEDE6C6
FFFFFFAC433C
FFFFFFADA739
FFFFFFBBCA0C
FFFFFF9A2AA0
000000126FE7
0000002594AC
000000347B1F
00000078F760
0000007A9696
0000007DCE82
0000005BAA5C
FFFFFFC21426
FFFFFFBD36F5
FFFFFFDE5B67
FFFFFFF7DB00
FFFFFFDE1FAE
FFFFFFD66CA4
FFFFFFB3C08E
FFFFFFC2FEA0
FFFFFFC6EB1A
FFFFFFB4D767
FFFFFFD21F64
00000070EB02
0000007E4B00
000000779436
FFFFFFE96D35
FFFFFFD8196E
0000000F60B2
FFFFFFE4683F
FFFFFFE86278
FFFFFFD54F5A
FFFFFFA69B34
FFFFFFEC8122
FFFFFFE45E56
FFFFFFEDA137
FFFFFFAA6A5F
0000001AF4BF
0000009F3681
00000097A9A6
0000009BCCF6
000000AFB336
000000B85D59
0000005DE30A
0000003CB9FB
0000000E3A40
00000027E374
0000001DE1C7
0000003CD9D9
00000058490D
0000004AA5EE
0000003E6FAE
000000CBD9F0
000000C407EE
000000D797FB
000000BD5454
000000C6A2E9
000000B6A9BC
000000CAB1AA
000000AEAF69
00000097B629
000000E6CA89
000000B92FDB
000000DE0F99
0000007E9CFD
000000A75C27
0000006E4FCF
0000006E9791
0000005666A5
0000004C2F71
0000007C1721
0000004AF037
0000006B7FF7
0000004D4B8E
0000007BCBC4
000000550622
0000007C29CB
0000005BD23E
00000062AD63
00000046F028
0000006FECA2
0000002D4D22
FFFFFF68251C
00000003E71E
0000001AA7C6
00000045CF8B
000000434E27
0000005DC43F
00000037008D
0000005D23B5
0000005EEB67
0000004A663F
0000006BF190
000000654289
0000005BBED3
FFFFFFBF653E
FFFFFF963C5B
FFFFFFA6BF24
FFFFFF89E044
000000094204
000000452D5A
0000007120C4
00000034C15D
0000004E77DA
0000003F664B
000000358FE7
0000003D3501
0000005FDBF1
000000222693
FFFFFFD61395
FFFFFFCDC3D2
FFFFFFADF000
FFFFFFB9B40D
FFFFFFE767EF
0000004C2DB4
00000030B695
000000468EE8
000000262985
00000036396D
0000003E8247
00000030C171
0000003D0BA4
FFFFFFD582ED
FFFFFFE42679
0000001C98DE
FFFFFF7F2C23
FFFFFFA42670
FFFFFFC374D2
000000321D23
0000001E81F5
0000000FF5BD
0000003C1B20
00000041291F
000000250ACA
0000001A4D6F
000000134B97
FFFFFFBB01D2
FFFFFF98533A
FFFFFF827A66
FFFFFF8A573B
FFFFFFAB3402
FFFFFFC4C1EA
FFFFFFDCBF98
0000001BB36A
0000002D41D0
00000044F5FB
00000047EC2D
00000037B4A4
0000000BF4A4
00000035B1E2
FFFFFFC75F22
FFFFFFA0C557
FFFFFFA6D119
FFFFFF9AD03A
FFFFFFA8ED59
FFFFFFC3408F
FFFFFF9D225D
FFFFFFC058DE
000000182A4A
0000000DA858
0000002082D6
000000339C1E
000000341C74
000000323835
FFFFFFAD09E5
FFFFFF8F5005
FFFFFFA460DE
FFFFFFAB02BB
FFFFFF9BC36A
FFFFFF746E32
FFFFFF97C1AC
FFFFFFB9CB9A
FFFFFFEECAD0
0000003789C1
0000004538C9
00000029B85D
0000003A8584
0000004CD1AC
FFFFFFD652FA
FFFFFFAB38EE
FFFFFFB2EC00
FFFFFFB28167
FFFFFF8405B8
FFFFFF8AABA4
FFFFFF9E541A
FFFFFFB2B313
FFFFFFBDF02B
0000000AB459
000000327CE8
0000001B242F
0000004294EA
0000003C5F64
0000004AE12D
0000001ABA6A
FFFFFFB023C7
FFFFFFB4A76A
FFFFFF940886
FFFFFF994E9D
FFFFFF91718A
FFFFFF9CB020
FFFFFFC35A66
FFFFFF99CA9F
FFFFFFB49728
FFFFFF818CB5
FFFFFF9AEEB6
00000020CD9C
000000370B34
0000005AAEAF
FFFFFFBFB51D
FFFFFFFE067B
FFFFFFCF6896
FFFFFF91EA4D
FFFFFF8E45C8
FFFFFF9D366A
FFFFFFA98E55
FFFFFF9377E5
FFFFFF73D039
FFFFFFB02940
FFFFFF73EEF6
FFFFFFAE7D1E
00000054447E
000000429B09
FFFFFFAD1949
FFFFFFC1ACC3
FFFFFFD50D13
FFFFFF8BC85A
FFFFFFABBD0D
FFFFFFA1E7B1
FFFFFF9C6442
FFFFFF7C5D2F
FFFFFF89D3D1
FFFFFFB219D6
FFFFFFB58831
FFFFFF80F635
000000378304
000000132ADD
0000000A4D3D
00000029BE68
000000296269
FFFFFFA63160
FFFFFFCFA54C
FFFFFF86D017
FFFFFF6E2B27
FFFFFF850804
FFFFFFB63865
FFFFFFD00026
FFFFFF96D91A
FFFFFF9198EB
0000001D3C55
00000036CF7A
000000411E9A
000000332FBB
00000063D3A3
0000000F7643
FFFFFFF7759E
FFFFFFD2FBB4
FFFFFFF8AE16
0000001AB7F9
0000001D2FA3
0000001C6E27
000000188B72
00000019C7C5
FFFFFFDCEF76
0000001A8EE8
FFFFFFEE5191
FFFFFFBD7393
FFFFFFD5F1F8
00000041A0EF
FFFFFFF4DBA4
FFFFFFF60996
FFFFFFF185F7
FFFFFFE325F7
FFFFFFCEA30C
FFFFFFDE05ED
0000000A5054
00000025F6D2
FFFFFFDF3977
000000026B3F
FFFFFFFA3F71
FFFFFFCBF52E
000000250CC2
FFFFFFD327A4
FFFFFFEAEC84
FFFFFFD62F81
FFFFFFECF337
FFFFFFCC4B95
FFFFFFC81FC6
FFFFFFDA6C0B
FFFFFFEA5AEA
FFFFFFF01FFE
FFFFFFF1F7B2
FFFFFFC5B2CB
FFFFFFEB6F6C
FFFFFFE0F058
0000003654FE
FFFFFFC24C5F
FFFFFFDF3D48
FFFFFFCCD97E
FFFFFFE62B96
FFFFFFE3B12F
FFFFFFE5C44F
FFFFFFDFAB7D
0000000A89E1
00000022F296
0000000C4505
FFFFFFF5503F
00000029C55A
00000001CF3F
FFFFFFF3FB66
FFFFFFCE47F5
FFFFFFBF91A9
FFFFFFEE92C9
FFFFFFD74591
FFFFFFECE996
FFFFFFD804C1
FFFFFFB4A919
0000002C54DC
000000311415
0000000DFABA
FFFFFFEBA647
0000009306C8
FFFFFFF3F506
FFFFFFC24CB9
FFFFFFE4FAD1
FFFFFFA18620
FFFFFFFF2FBF
FFFFFFE991DF
FFFFFFF1F00F
0000000D575E
FFFFFFECEE91
0000000093B8
0000006A8A22
FFFFFFEE4632
FFFFFFDCB72F
FFFFFFEF7188
FFFFFFD577AE
FFFFFFBD47F2
FFFFFFCD8B34
FFFFFFAE3B9D
FFFFFFE9D18E
000000026D2B
00000003D26B
00000010815E
FFFFFFF72C5A
FFFFFFE46089
FFFFFFEB4555
FFFFFFBCCBEA
FFFFFFE17FDE
FFFFFFD95C3F
FFFFFFD6B50F
FFFFFFCC60CF
FFFFFFB67609
FFFFFFB7CF71
FFFFFFEF8346
FFFFFFC2CD9E
FFFFFFF0D752
FFFFFFE55FE4
FFFFFFCAA4F9
FFFFFFD0C4FB
FFFFFFDD97A7
FFFFFFC2237D
FFFFFFCE8AE0
FFFFFFBCA565
FFFFFFD7F5F7
FFFFFFDF0F81
FFFFFFC8C915
FFFFFFA4FF0A
FFFFFFD8ED11
FFFFFFA3D19B
FFFFFFC0F3FD
FFFFFFCCC169
FFFFFFD16F1F
FFFFFFDD518F
FFFFFFC26A0E
FFFFFF9EEFD5
FFFFFFD0C51E
FFFFFFD7FDF6
FFFFFFDD7B8D
FFFFFFB94762
FFFFFFAF1AA1
FFFFFFB944D4
FFFFFFD58DBD
FFFFFFC3AA6D
FFFFFFA74552
00000008A982
FFFFFFDF0B84
FFFFFFF1B818
FFFFFFE91BD1
FFFFFFB156D7
FFFFFFEA828F
FFFFFF9E7057
FFFFFFEF7A2E
FFFFFFBC8115
FFFFFFE1862D
FFFFFFD5EA70
FFFFFFDCA23E
FFFFFFC0AD04
FFFFFFCF0036
FFFFFFE636BB
FFFFFFD3CE93
0000001E2F90
00000025977A
FFFFFFB2DAD9
000000148BA3
FFFFFF9F4A04
00000029126C
FFFFFFA4D158
000000004FA0
00000019A53E
FFFFFFF8B333
FFFFFFFC2BA8
FFFFFFE9B605
FFFFFFC0EE31
FFFFFFC6C0A1
FFFFFFEFA4B3
00000035EBB1
FFFFFFB2038D
000000482606
FFFFFFA9BAC1
000000060C7D
FFFFFFA4B60C
FFFFFFC31AFD
FFFFFFDD0D3B
FFFFFFCC5C6C
FFFFFFFF0461
FFFFFFCE464A
FFFFFFD0CD49
FFFFFFD616D2
FFFFFFDA7AE3
000000061551
FFFFFFA17F89
FFFFFFF437BA
FFFFFFEE9B04
FFFFFFFACA12
FFFFFFD93F7F
FFFFFFE07A00
0000003E66A3
FFFFFF9AFEF2
FFFFFFFF5262
00000010709A
0000001B29A2
FFFFFFE73F8E
000000085D13
00000061B876
FFFFFFE0D166
FFFFFFDFC315
FFFFFFEE44D9
FFFFFFE21C84
FFFFFFDC09AB
FFFFFFFDD78A
0000000787FE
00000001FB98
00000003BB3E
FFFFFFF696C0
00000004BEBD
000000098B41
0000001099B3
000000415851
000000110C97
FFFFFFF2A2CB
FFFFFFD4466D
FFFFFFF3E90A
0000000B6028
000000215D3F
00000005CFE0
FFFFFFD34765
0000001F58E2
0000002AF4DF
000000296338
000000249951
000000316701
000000569866
00000028A044
FFFFFFF9945A
FFFFFFC7F44E
FFFFFFDF4354
0000000F0D5F
00000023010E
0000002B8A5C
00000021A9F5
000000092172
00000041BF36
0000001501EE
000000353C4D
00000055F54B
000000020175
00000051C721
000000537AEE
00000070FE2D
0000002ECF56
FFFFFFF363D8
0000000C613A
00000005827D
000000292526
FFFFFFFAB49F
0000002E925C
00000054CA6D
00000013FA61
00000035055D
000000291BF2
00000005D6C2
0000007ECDB9
000000E3F188
000000DEC787
00000040B10E
00000063A19A
0000003AB66E
000000012C5E
00000026A418
000000369F0A
000000358F00
FFFFFFF0E3BF
00000029AEE7
FFFFFFD90878
FFFFFF963939
00000019F64D
00000056A3F3
000000378044
FFFFFFF1910A
00000000B8D2
0000002182DE
000000039924
0000001910E9
00000045C79A
00000027C614
000000242D67
00000022E97F
FFFFFFE43F6E
FFFFFFC0F97B
FFFFFFB1E8D5
FFFFFFAFA947
FFFFFFB44266
FFFFFFD853B8
FFFFFFF53577
FFFFFFEA02C1
000000081147
0000000E2503
000000390656
0000003BC04D
00000040876D
0000001024ED
000000069CC7
FFFFFFA3291D
FFFFFF9D42B4
FFFFFF9E7C68
FFFFFF8F4458
FFFFFF98EE2F
FFFFFFC08761
FFFFFFE0BD3C
FFFFFFD3B508
FFFFFFF2F1CD
0000002C74A5
FFFFFFF47C43
000000091449
FFFFFFE71581
FFFFFFC8B4CD
FFFFFFA612B9
FFFFFF7BC38D
FFFFFF84D203
FFFFFF9E48D1
FFFFFF986A86
FFFFFFA5FC24
FFFFFFB5551C
FFFFFFDBD02D
FFFFFFED5E20
FFFFFFE851BA
00000003F9B9
FFFFFFE333D8
FFFFFFF25109
FFFFFFE381B8
FFFFFFB9F6BE
FFFFFF8903E4
FFFFFF9DA45A
FFFFFF93C94D
FFFFFFA18907
FFFFFF945338
FFFFFFCFC1D3
FFFFFFEBFC01
FFFFFFBE72C8
FFFFFFF7B291
0000001E96B4
FFFFFFE5BE4C
FFFFFFFDE6D1
0000000CDF27
00000005CC92
FFFFFFEFA142
FFFFFFD1FDD3
FFFFFFD38674
FFFFFFB673B5
FFFFFFABFDD4
FFFFFFD80A74
FFFFFFFBB5DB
FFFFFFBEC525
0000004A4247
00000038990B
FFFFFFADF934
FFFFFF8BEC86
000000032ED9
00000005CCBC
0000001BC1A0
FFFFFFCC141A
FFFFFFDB9483
FFFFFF9349AA
FFFFFF99D6E2
FFFFFFE139F8
0000001D1661
FFFFFFFC438F
000000133C21
00000001A0F6
FFFFFFD6EE96
FFFFFFE0B79D
000000164677
00000015AE3A
000000202AC7
FFFFFFBEB6AF
FFFFFFEEB89C
FFFFFF849DAF
FFFFFF6E51B6
FFFFFFE45783
0000000139DD
FFFFFFF2C2C0
FFFFFFCFCE36
FFFFFFBD7C17
FFFFFFFFDEBF
FFFFFFFF8097
000000750E2C
000000032E72
FFFFFFFFDEA1
FFFFFFEFC985
0000003951A8
00000008331C
FFFFFFCAEC3F
FFFFFFE30F55
FFFFFFC8B74A
00000018D5AB
000000091285
FFFFFFFBA829
FFFFFFE58672
FFFFFFF9E7D2
0000003118E6
FFFFFFFD2C2A
FFFFFFE2DC32
00000023BB28
0000000865AC
000000008EF0
0000000B4C7A
FFFFFFFBDE98
FFFFFFD8D9F3
0000000316DF
00000015F5A4
0000000B7EF7
00000013B9C4
FFFFFFE732FD
FFFFFFF0B013
FFFFFFE45AA6
00000009C99C
0000000D5C02
FFFFFFDDD09C
FFFFFFE507DA
FFFFFFFDE872
FFFFFFF37189
00000006641B
FFFFFFE5325C
FFFFFFD6AD1F
000000023432
FFFFFFED8D72
0000000299CA
0000002F3290
FFFFFFF92AD0
0000001BC524
000000903374
0000000AB7F4
FFFFFFF8D881
FFFFFFD286A3
FFFFFFFB5D01
0000001B44B7
FFFFFFE5A1B3
FFFFFFF9ABED
FFFFFFF1B669
FFFFFFFBE562
000000009789
0000002DBD39
FFFFFFCFA9DE
0000004AB212
000000511929
00000022EC05
000000A3F893
FFFFFFFA8113
FFFFFFF9EDE0
FFFFFFFF7EDA
FFFFFFC983D2
FFFFFFD10ABC
FFFFFFF3F903
0000000431FA
FFFFFFF5E80B
FFFFFFFEFFC2
FFFFFFFFB547
00000079D0EC
0000004F6144
0000003EB49E
0000004E0CB1
00000004CE93
FFFFFFF8FD44
FFFFFFEB9D55
000000085ADC
FFFFFFF61D76
0000000471CE
00000019B380
0000002D6B01
000000215CC5
000000283486
00000050A3FB
00000042632E
000000265EDA
00000020024D
000000060389
FFFFFFED8676
FFFFFFFBC012
FFFFFFF32A3F
000000154208
FFFFFFFE094B
0000000230CE
000000025AEF
FFFFFFF31BEE
0000004BEA8C
00000037C739
000000457246
00000034B118
00000025FCC8
FFFFFFF8D65A
0000001A845C
FFFFFFD8EAB9
FFFFFFC6A966
FFFFFFCC11CC
FFFFFFD18CF4
FFFFFFC8C9CD
FFFFFFC16693
FFFFFFB44D82
0000001450C1
0000003C09DA
0000003D354F
00000038D61C
0000001FD090
00000004BEC6
0000000D20FF
FFFFFFF4A6CF
FFFFFFAF023E
FFFFFFCFE42E
FFFFFFB80998
FFFFFFB760B0
FFFFFFBA3D95
FFFFFFB9000D
0000002FBB54
000000570004
0000003B1E58
0000003BACF5
0000002A5C53
00000031E510
0000000FE950
00000007B2D1
FFFFFFDEC9C6
FFFFFFAE28FE
FFFFFFB73220
FFFFFFBF379D
FFFFFFBC3529
FFFFFFBC2059
FFFFFFEF4313
0000002B3793
000000321A2A
00000032C404
0000002CCFE5
000000246131
0000001C311B
FFFFFFFAD06A
00000017F8CA
FFFFFFC13BFE
FFFFFFBA4D61
FFFFFFBFDF5F
FFFFFFC1956D
FFFFFFB4C314
FFFFFFBDB9D2
FFFFFFE60EA3
0000000C8DBB
00000029C538
0000003E1AC7
0000002CFAFD
0000001AB1D9
00000010F280
FFFFFFF9466C
FFFFFFFA83D2
FFFFFFFB0C10
0000000B018A
0000001AF1D4
FFFFFFC183D9
FFFFFFBFAF60
FFFFFFBEBDA0
00000002255A
000000059352
00000017BE5D
0000003CBA4B
00000022DADF
0000000EC51A
FFFFFFF740A9
00000005A196
0000002F9AF0
0000000A16A6
0000002D38FF
FFFFFFF12499
FFFFFFAE38C0
FFFFFFD66D6D
0000002D6BB6
0000002D3E0A
0000002992E8
00000041BF0F
0000001659B8
0000002CD0DC
0000000ADB2C
00000030EC06
000000314495
000000383CBB
0000001AB971
0000001FB8BF
FFFFFFB6CC55
FFFFFFCC40DF
FFFFFFE74824
FFFFFFC51795
FFFFFFD4B419
0000001A2ABB
0000001914DA
0000004A41F6
0000004E8C77
0000002C4853
0000001ADDEE
0000001AE029
FFFFFFFE48D7
0000000EF3B4
FFFFFFA89DC0
FFFFFFB9BA7F
FFFFFFAA3143
FFFFFFB753D5
FFFFFF9E9EDC
FFFFFFCF18E4
FFFFFFE48269
FFFFFFE31F6D
FFFFFFE08754
FFFFFFAACE72
FFFFFFC9FF5C
FFFFFFC4E371
FFFFFFCA5F5A
FFFFFFCF8524
FFFFFFD8BA8F
FFFFFFAA36AE
00000041FCF2
FFFFFFCA55BB
FFFFFF9D9012
FFFFFF950396
FFFFFFE3CB5F
FFFFFF775E35
FFFFFFCBC1F2
FFFFFF9A2616
FFFFFFAED0D9
FFFFFFCBC33A
FFFFFFD3E232
FFFFFFAA4605
FFFFFFEE2102
FFFFFFE4B6EF
00000072AE2A
00000088B2A6
FFFFFFEAF422
FFFFFFE5D4C5
FFFFFFAD00BD
FFFFFFACD3E6
FFFFFFD1B145
FFFFFFB5E1AB
FFFFFFE0D71A
FFFFFFCA8B97
FFFFFFE1E882
FFFFFFB2B781
FFFFFFD6905C
0000002E0166
0000006B7747
000000C79252
000000692727
00000014D7BA
FFFFFFB7E164
FFFFFFB4A8B1
FFFFFFC4B786
FFFFFFD10F73
FFFFFFE42726
FFFFFFD227C7
FFFFFFCD3A37
FFFFFFB8AB17
FFFFFFC3B02D
0000001FAB4A
0000003EB375
FFFFFFFE7552
00000035715D
0000002BC6F3
FFFFFFCE15CA
FFFFFFA78424
FFFFFF971A4D
FFFFFFA0FB41
FFFFFFA940DD
FFFFFFAD9F1F
FFFFFFA35967
FFFFFF97E7D1
FFFFFFF18476
00000016DB85
FFFFFFE3507B
00000005FB14
00000026910C
000000A9AEA1
FFFFFFEFDB33
FFFFFF952B85
FFFFFFBCE060
FFFFFFAB8D33
FFFFFFA3F5AA
FFFFFFACE921
FFFFFFBCF40F
FFFFFFDA7876
FFFFFFD49CCA
FFFFFFF0279C
FFFFFFEFDE5A
0000001AE79D
0000002A586D
0000008932E9
0000008740F6
FFFFFFF86DD6
FFFFFFE69F5E
FFFFFFEA0988
FFFFFFCA2620
FFFFFFE1666D
FFFFFFDD6FA2
FFFFFFDB9507
FFFFFFFCDE33
FFFFFFE58BA6
FFFFFFF2DCF1
00000013FB13
00000025C283
0000003E900C
000000D61765
000000F3ED9F
0000000EE2C2
FFFFFFDCFDF1
FFFFFFF3B2B2
FFFFFFE21016
FFFFFFF1A36E
FFFFFFD00005
FFFFFFE601E7
FFFFFFF3169B
FFFFFFFD7B09
0000000104D8
FFFFFFF7905D
000000138F01
0000005A551C
000000EE9B55
0000008D86C6
FFFFFFEFA96A
FFFFFFF86E43
FFFFFFE8DB18
FFFFFFF3E060
FFFFFFFFAD4B
FFFFFFE7A022
FFFFFFDF6C90
FFFFFFC28715
FFFFFFCEB25F
FFFFFFF1A06C
000000268596
0000003AF9C7
000000AC561D
000000FF154C
000000260913
FFFFFFF3E3CB
FFFFFFFBF08B
FFFFFFFF9B21
FFFFFFEB1554
FFFFFFD6F14B
FFFFFFC15590
FFFFFFBFBD55
FFFFFFC84DAC
FFFFFFF97DE2
00000011DFF9
00000043B621
000000666525
000000F0F4CE
0000009BB900
0000003F8640
0000005CC60D
0000003F609B
FFFFFFF57675
FFFFFFEF5E82
FFFFFFFBD4CB
FFFFFFE6A399
FFFFFFA8A2C2
FFFFFFDA35D4
000000095EC2
0000002D47C3
00000051B100
000000906F4F
0000008A116C
0000005B63B4
0000006FD1BA
00000074AB09
000000091CE8
FFFFFFC5AB34
FFFFFFC569F0
FFFFFFDA0CD4
FFFFFF957C09
FFFFFF84AAB8
FFFFFFB42792
FFFFFFECDAAE
00000010A6BA
0000003FE6F0
0000003B9F53
0000001A1CC4
00000034BEB2
00000073F2E1
FFFFFFFA9C38
000000079829
FFFFFFDFDBB1
FFFFFFDCAE95
FFFFFFC66EED
FFFFFFBD332F
FFFFFFCDA9FC
FFFFFFAD9208
FFFFFFD16909
00000020C2B5
00000030D6BF
FFFFFFF5B7EB
FFFFFFF6E7BF
0000002B06CC
00000039FD64
0000001DA6D6
FFFFFFF1B467
FFFFFFFDCCC7
FFFFFFE3BBF8
FFFFFFED10F7
FFFFFFF5A34E
FFFFFFDB0158
FFFFFFEE0EC3
FFFFFFFD510B
FFFFFFFDC8B4
FFFFFFDBCDA9
FFFFFFF51BA6
00000002C01C
FFFFFFF16DB4
FFFFFFE2558C
FFFFFFD0B692
0000007796AD
000000381541
FFFFFFE37D7F
FFFFFFF78EF8
FFFFFFE729E8
0000001EE73B
FFFFFFFB10E5
FFFFFFE33C62
00000006ED70
FFFFFFDD4844
FFFFFFEB8C31
FFFFFFFBD466
FFFFFFA17C62
00000000968D
FFFFFFFECFDB
000000503929
000000103F30
000000122B04
FFFFFFB268D4
FFFFFFDC1DF6
FFFFFFCD2D04
FFFFFFBAA401
0000000AEE90
FFFFFFF51551
FFFFFFEA2048
FFFFFFD5D46E
FFFFFFC6716C
000000096647
0000005422A1
00000032D48D
FFFFFF9FF2F0
FFFFFFF4C41B
FFFFFFD45CBC
FFFFFFCF9620
FFFFFFBE23FE
FFFFFFDAA543
FFFFFFDABD07
0000000FDE91
FFFFFFBED08D
FFFFFFCDC083
FFFFFFDA72AB
FFFFFFEDBAA7
00000024F423
0000002C23F3
FFFFFFE739A0
0000001A8D6E
FFFFFFCA7B9F
FFFFFFDF04D4
FFFFFFEA0F49
0000000A2329
FFFFFFBD1B87
00000002B951
FFFFFFCFCCB4
FFFFFFF0348E
0000002113B1
0000002ED3DE
FFFFFFD62D2C
FFFFFFF86086
000000051538
000000349074
00000026AA8D
FFFFFFDE4F9F
FFFFFFDC9A25
FFFFFFF7356B
FFFFFFB9159A
FFFFFFDE5298
FFFFFFC9E9D2
FFFFFFC4C416
FFFFFFD4ABEE
FFFFFFF3CC97
FFFFFFD20042
FFFFFFAC3FD2
FFFFFFF1A20A
00000009714C
0000003AAD01
00000048AA24
FFFFFFDA3135
FFFFFFCD1049
FFFFFFD445D0
FFFFFFEC2A9F
FFFFFFC6E288
FFFFFFE207FB
0000001AB01F
00000008D8A7
FFFFFFE14D39
FFFFFFD89160
FFFFFFF52B0E
FFFFFFFA2CC5
000000072F2E
00000057D285
0000000B99D3
FFFFFFFF0A71
FFFFFFD9CEE8
FFFFFFDD7894
FFFFFFD32BB1
FFFFFFBF7B41
0000000EE07C
FFFFFFD8493C
FFFFFFF1B060
FFFFFFDD01D0
FFFFFFF3898F
FFFFFFDA1DE6
FFFFFFEFE5C7
0000001ED739
000000085BDB
000000020DE6
FFFFFFB666BF
FFFFFFDC688B
0000000026D0
FFFFFFBD6759
0000002761A4
FFFFFFC66B6C
FFFFFFCB67C6
FFFFFFECDB9B
FFFFFFDF85EA
FFFFFFE6E3B7
FFFFFFDE5DC7
00000008D26E
FFFFFFF20612
00000011DBAB
FFFFFFA19F2F
FFFFFFE9730C
FFFFFFD807B3
FFFFFFF7A20D
FFFFFFB1CE2E
FFFFFFCD4765
FFFFFFDAC196
FFFFFFD8C0F6
FFFFFFB073E1
FFFFFFCD2D53
FFFFFFEB5B2B
FFFFFFFBFC37
0000001387B1
00000032F732
FFFFFFD8AB56
0000003F6A92
FFFFFFCCA1D8
FFFFFFC51252
FFFFFFEC9B44
FFFFFFCBE14A
FFFFFFC0E535
0000000D9405
FFFFFFC786CD
FFFFFFCE1677
0000001BD155
0000001E0F2F
000000201CFE
00000045E520
FFFFFFFE1873
0000001BFC5C
FFFFFFE6902F
FFFFFFE09997
FFFFFFE4E4B1
0000000935A1
FFFFFFFED5F2
FFFFFFF10726
FFFFFFF24380
FFFFFFC6CD6F
FFFFFFEAEA58
FFFFFFDA748E
FFFFFFFEF0E1
FFFFFFFCA2BF
FFFFFFD2D14D
FFFFFFCA5C92
FFFFFFF8314B
0000000775DD
FFFFFFF2BB7C
00000011112F
00000009CA8E
FFFFFFC32318
000000005F26
000000404932
FFFFFFF696E5
FFFFFFFD93C5
00000002D5E3
FFFFFFD1D5D9
FFFFFFDEF119
FFFFFFCFB403
FFFFFFAF0598
FFFFFFE9D6DE
FFFFFFF16F3D
FFFFFFD4651F
0000001461FA
FFFFFFF22595
FFFFFFFD583F
000000285F10
000000063710
FFFFFFEA1A68
FFFFFFD9FFE7
00000003C208
FFFFFFBE67B5
FFFFFFC4EF1B
FFFFFFA930CA
FFFFFFC7805B
FFFFFFB8B21B
FFFFFFD64855
0000001B2B2B
000000660DF4
0000000CECB1
FFFFFFE522DD
00000013868C
FFFFFFA8A897
FFFFFFD61224
FFFFFFF0B1EC
FFFFFFD2EF97
FFFFFFF24BB6
FFFFFFFB5F6F
00000028D10E
FFFFFFDA0658
FFFFFF9A6B51
FFFFFFC13996
000000615686
FFFFFFB922B0
0000001A1BB9
0000004E6983
000000186EFA
FFFFFFFFEBD2
0000004DBCB6
FFFFFFF1184C
000000415B4A
000000051AC7
FFFFFFF6ABB4
FFFFFFFC25F0
FFFFFFC84490
FFFFFFDC6B50
000000338F8C
FFFFFFC57DC0
000000156B54
000000087FBA
FFFFFFFF5B21
FFFFFFFD13C1
0000002F47CD
00000025184C
00000000E1FA
FFFFFFE81215
0000001603BD
FFFFFFD020C1
FFFFFFCEB9DE
FFFFFFF0D0DA
FFFFFFF1DDD0
FFFFFFE0A33D
00000084D0C6
00000026E11C
FFFFFFF9AD93
FFFFFFF888F6
00000038061B
FFFFFFE980A2
FFFFFFFA755C
FFFFFFE9C2F5
FFFFFFBE1A3B
FFFFFFA63665
0000001986EE
FFFFFFC74AB1
FFFFFFDC9F6C
0000001B53EF
000000971898
000000450FD2
FFFFFFF52AC6
00000000EA2F
FFFFFFE57E16
FFFFFFEC86F5
00000009D6B1
00000003B785
FFFFFFD0B94F
FFFFFFF5CA61
00000014F46E
FFFFFFC941B2
FFFFFFDDD96E
FFFFFFF56D24
00000031570D
000000507057
00000023AA75
0000000987B7
0000002BDA70
0000003AD19C
00000032F5CD
FFFFFFDF100B
0000002D58E9
FFFFFFFF0066
00000015BDC2
FFFFFFF37EED
FFFFFFBA2AC4
FFFFFFCE4158
FFFFFFF96192
0000001BB8BC
000000E2B89D
0000004E5FAE
000000157E32
0000000BB0CD
00000032D2BF
000000273483
0000000EB81B
000000358940
FFFFFFFF0F1E
FFFFFFD7CF20
FFFFFFD02789
FFFFFFA89EE9
FFFFFFE0329F
00000003155C
000000860A67
00000095C97A
0000003FE150
0000000BB547
0000002B4963
000000194D8A
0000002F30DD
000000895F24
000000347703
FFFFFFBFAEFA
FFFFFFD10DF0
0000001021DD
FFFFFFF58B16
FFFFFFFF7685
0000003F7B03
000000A3D008
0000003DF588
FFFFFFEE8B6C
FFFFFFEFDF8E
000000027553
0000003C4870
000000154DCE
0000006AAFE7
00000047EE2D
0000005377DD
0000001A0B16
FFFFFFE1A7B9
FFFFFFE9DF00
FFFFFFF6A279
0000004254B1
000000386FC6
0000001AB113
FFFFFFD366DC
FFFFFFC4B45B
000000023075
FFFFFFE924CF
FFFFFFEB1A44
FFFFFFEE87B0
0000004441B5
000000201132
FFFFFFEFF121
000000084302
0000000B7685
0000002078CE
0000001B1242
0000002512A9
000000181C7C
0000003976C7
0000002362CE
00000006B12F
FFFFFFC397B2
FFFFFFC4FA51
FFFFFFE586B5
00000023E588
FFFFFFC78BF2
FFFFFFE7C33A
00000011DE1A
0000002FADD1
FFFFFFC2E6B2
FFFFFFFACF35
00000004FEFA
000000022CDE
0000004A3D12
000000177B29
FFFFFFE5BC6A
FFFFFFC1B9A1
FFFFFFD0236D
0000001FE51D
FFFFFFE76FA7
FFFFFFF5F538
FFFFFFF3AEE8
FFFFFFDC71A7
FFFFFFD0E1D6
FFFFFFED234D
FFFFFFF77B94
FFFFFFB6B14A
0000001F6BD3
FFFFFFD0B689
FFFFFFEF398A
00000005C7A0
0000001216DB
0000000AADE7
0000000F0A03
000000216ABA
FFFFFFDF3747
FFFFFFDA510D
FFFFFFE6524B
FFFFFFEB5779
FFFFFFCA3F4C
FFFFFFE5AD72
00000035DD1B
000000106BBC
0000001B591E
00000015DCAF
0000001CE5FA
00000014FCA1
000000023D28
00000023A60F
00000028C7A5
0000000E2D4C
0000007C3FA5
00000042F6E4
0000003905DA
00000031BAE7
0000001BBBA6
000000195DE6
000000128026
0000002BA35F
000000009912
000000296D68
FFFFFFF1F2C1
00000001EB81
0000001D91C2
0000000D2AE3
0000001A3DE1
0000001D944C
00000028AFE6
FFFFFFF808E4
000000042178
0000000D7ECA
FFFFFFB86954
FFFFFFAE0F70
FFFFFFD824E0
FFFFFFBB5BE3
FFFFFFE219F4
000000353F5B
0000000DC2B7
0000000A5043
000000152DE4
FFFFFFF32701
FFFFFFEE0481
FFFFFFFDD3FB
000000135672
0000001BFEAD
FFFFFFDDC805
FFFFFFB916BB
FFFFFFDAF12E
FFFFFFCF4AD0
FFFFFFCEF550
00000016FD88
0000000E5B3D
000000057514
FFFFFFE50B9D
FFFFFFEE8EB7
FFFFFFCB7093
FFFFFFE025CC
000000069F00
00000025C385
FFFFFFEF1814
FFFFFFC3B936
0000002E6BA4
0000007AB0BF
FFFFFFF33D03
FFFFFFD82D65
0000001DF159
00000031B130
00000004A440
FFFFFFF916FF
FFFFFFF5AFB9
0000000124AA
0000000C4E25
FFFFFFB39492
FFFFFFD9ED66
000000169DE3
000000AE50BF
00000080768F
000000377289
FFFFFFD59F69
FFFFFFEE3647
FFFFFFFCBB41
FFFFFFFDD9CF
FFFFFFE519E0
FFFFFFF78F49
FFFFFFFF6B6D
000000130516
FFFFFFD55380
0000000F8D6A
00000052A080
0000009C7466
00000084CBE3
0000004E979E
00000007C0C2
000000021CF8
0000000D000B
0000001FF4E4
0000001E454A
000000181D01
00000007E353
0000003C9C5B
FFFFFFE9945C
0000005F05BF
0000007E4257
0000008BEACC
0000005AF440
0000007951AB
00000075CE6A
0000000E1C11
FFFFFFC73049
00000009A8D7
00000021FD46
00000009A4C5
FFFFFFFD2E79
000000267996
00000010E207
000000610178
0000005F704A
000000690709
000000645DF7
0000007346D9
0000006DA408
0000003171C7
FFFFFFD49C1D
FFFFFFF5888E
0000001171ED
FFFFFFFF3E68
FFFFFFFD1683
0000000CDF71
000000077AD8
000000061441
0000002A2253
0000009DE2DC
000000879586
0000006ACF93
0000004D3943
00000022DEAC
0000001EBF18
000000272337
000000207FEB
000000295139
00000019C1D1
0000000BF51B
00000003AE41
00000009C1C6
000000302B63
00000075AD13
00000041D79E
00000013CCF3
00000022815D
0000000C1357
0000001AF559
0000002996C6
0000003A734B
0000000B4C5A
FFFFFFD66C3C
FFFFFFA98690
0000001AA025
0000001B4AFA
0000004D4813
0000007A0B74
000000709335
0000007A30B5
00000060BDC7
00000072DD0A
0000005504A2
00000059A883
00000081BD24
00000078615D
FFFFFFEECB40
FFFFFFAC4D3D
FFFFFFFFAE69
FFFFFFFC2410
00000024B07F
00000018F632
00000003D39F
0000002FD9BF
000000415C74
000000A02E29
00000069954B
00000030E005
000000202523
0000004EFA3A
00000030CA2D
0000001BF15D
00000001F8C5
FFFFFFE36778
FFFFFFA59B26
FFFFFFC93A3F
FFFFFFFE06F7
00000015CBE1
FFFFFFEF0000
0000005A6847
0000000D8443
FFFFFFF2B199
0000002702B0
FFFFFFE18A40
FFFFFFEC72D9
0000001E9E36
000000540205
000000673740
00000016E455
00000015B564
0000003C6902
000000412380
000000009EB5
0000003985C5
00000057B16A
000000650832
0000004611CB
0000002BD97A
0000004D67E1
00000077BE8D
00000023D64F
00000045FBA1
0000005BE0E0
000000230BD3
000000220D2B
000000018B1D
0000001216A3
00000025CCAE
0000002CEF90
00000027CE13
000000103CF9
0000000D112F
00000002E0BD
00000024245C
00000047FD78
000000D3109F
0000010E8980
0000006D8658
000000A21E72
0000002E3650
000000283989
000000031DFE
00000015976B
00000003AE6C
0000000C5C92
0000001F7D88
FFFFFFF54178
00000005E6E8
00000055EAFD
000000C374C7
0000010B6F05
000000B8B645
000000842A93
00000044EE1F
000000482FD9
000000464487
0000004730AD
00000044CBFB
0000000924FC
FFFFFFDE7938
FFFFFFF39B18
FFFFFFE5D51D
00000065BFE5
000000347B8E
0000004DDAA8
0000004605E7
FFFFFFEA638D
00000014A14E
00000046E8C6
0000002E7D05
0000000DFE7C
00000037D254
FFFFFFFE457A
00000001EB6F
FFFFFFDAFB97
FFFFFFD366A5
000000567840
FFFFFFFCA062
FFFFFFF06D5D
FFFFFFEB5A3F
FFFFFFE59716
FFFFFFEE8C09
00000010E154
FFFFFFE28965
FFFFFFE2D848
FFFFFFD1EAFB
FFFFFFD4D6C6
FFFFFFE16257
FFFFFFD76164
FFFFFFE13473
0000001313F9
FFFFFFCE7031
FFFFFFCA7CE8
FFFFFFDC9DCD
FFFFFFE950C0
FFFFFFD4F61E
FFFFFFDD69C0
FFFFFFD56252
FFFFFFC86E42
FFFFFFF2840C
FFFFFFE70AC0
FFFFFFD32385
FFFFFFC7008A
FFFFFFCB9203
0000002162E8
FFFFFFD2C22B
FFFFFFBA5B2F
FFFFFFC46EDC
FFFFFFE1DBB1
FFFFFFEAAF8E
FFFFFFD607D6
FFFFFFE7C3A8
FFFFFFD8C0C6
FFFFFFD30AA0
FFFFFFCCF59A
FFFFFFC8A453
FFFFFFD8D0EB
FFFFFFBDB3FC
FFFFFFD3AAE4
FFFFFF92B935
FFFFFFD08D64
FFFFFFD10F6B
FFFFFFFC0068
FFFFFFF082C7
FFFFFFE1830E
FFFFFFCE1D4C
FFFFFFD956ED
FFFFFFB12534
FFFFFFDD9BD4
FFFFFFD64BD2
FFFFFFD2D681
FFFFFFC55680
0000001579E2
0000000259C7
000000066A07
FFFFFFE70C98
FFFFFFE0F84A
FFFFFFDA4B54
FFFFFFCFB374
FFFFFFD7A609
FFFFFFDB445C
FFFFFFEA6E65
000000212235
FFFFFFEB0332
FFFFFFA32BF9
FFFFFFBDD84F
FFFFFFE4FAB1
000000035194
00000024F252
0000003A9022
FFFFFFC0BA42
FFFFFFB88951
FFFFFFCE62E1
FFFFFFD97430
FFFFFFD16D71
FFFFFFFA599A
FFFFFFFDE749
FFFFFFEF5FB2
00000003793D
000000060AA4
00000027FB61
00000030253F
FFFFFFF559C3
0000002D23CA
FFFFFFDFCC70
00000012B06E
00000031E7BF
FFFFFFE8AA3D
FFFFFFE81688
FFFFFFFD5332
FFFFFFF6341C
FFFFFFE894A0
0000000A033D
0000004D3756
FFFFFFD70B0C
0000000B069A
FFFFFFE1FB40
0000001A5BE2
00000005E5ED
FFFFFFF0457B
0000000011F6
FFFFFFFE2212
FFFFFFF91531
FFFFFFF2A3EF
FFFFFFF0FFD6
FFFFFFCFAE67
FFFFFFE757D5
000000079640
FFFFFFAD30FC
FFFFFFD243D0
FFFFFFE0866C
FFFFFFF1A8E4
FFFFFFE7B6D9
FFFFFFEEFF11
FFFFFFEA7D69
FFFFFFC17513
FFFFFFF9766F
FFFFFFD3DAF2
FFFFFFF55A11
FFFFFFFA661D
FFFFFFCE410A
FFFFFFF1F7EA
000000B96A80
0000007F6C5B
0000001FF093
FFFFFFF79E68
00000011352F
00000033F3C4
FFFFFFFDE07D
0000003740C2
00000070B735
0000003A78CD
0000000E4A00
FFFFFFEE963D
00000027AB25
0000000F1A9F
000000E54765
0000000F9F8D
FFFFFFEA1B3A
FFFFFFC79DAE
FFFFFFB2257B
00000014E468
0000000BEF9F
000000003B0A
000000306434
FFFFFFD50213
FFFFFFF5857A
FFFFFFF232D0
00000009054B
0000000EF9B1
0000001F4413
FFFFFFE1FB5A
FFFFFFDF2CA2
0000003959E3
FFFFFFB30480
FFFFFFE50FC2
000000347945
0000000D1A9D
0000004AF720
00000009CC8E
FFFFFFBBB735
FFFFFFBB7A98
FFFFFFE2FA65
FFFFFFEBE359
FFFFFFF3B934
FFFFFFD38EA2
FFFFFFCD38E6
FFFFFFC94898
FFFFFFEF4FCB
FFFFFFA206DD
FFFFFFF798B3
000000154854
0000000A81D1
FFFFFFF154E1
000000167E3D
FFFFFFDCA5E7
0000000459FD
FFFFFFD384C5
FFFFFFD8A764
FFFFFFCB422F
FFFFFFC399CB
00000027AB79
0000001F8517
FFFFFFDB18F8
FFFFFF93BC8C
FFFFFFF9EDBC
FFFFFFD6353C
FFFFFFE34552
000000015B2A
000000137B51
0000000A25D6
00000007A9B1
FFFFFFF92A0A
00000025B068
FFFFFFD3C536
0000003AFCA3
000000327D31
00000053A606
FFFFFFC697D4
FFFFFFC3E160
0000000047FB
FFFFFFE81598
000000204511
00000011689E
0000000E0ECF
000000065079
FFFFFFC3BB92
FFFFFFC8E673
00000000903D
00000010D237
00000029B0CC
0000005823AE
00000091E690
FFFFFFCE0BAA
FFFFFFCF36D4
FFFFFFF07B65
00000009C891
FFFFFFFCB999
0000001B6545
0000000E1173
FFFFFFD0533B
FFFFFFD6A9CD
000000099426
FFFFFFE9723F
FFFFFFD6C1EE
000000176141
000000593A40
00000040AB32
FFFFFFA18EBB
FFFFFFEEEAA5
00000004278F
00000014D7FC
FFFFFFECE6B1
0000000A0ABD
FFFFFFDE141D
FFFFFFD787A4
00000029A5EC
FFFFFFE645AC
00000004CDBF
0000001ED4CE
000000727403
000000577078
FFFFFFF37A61
FFFFFFBD96E1
0000000E8A44
FFFFFFE5572A
FFFFFFEA31EA
0000000C4FF9
FFFFFFEECABC
FFFFFFB2F2F1
00000042FD81
00000014AE8B
000000343D6A
000000340DF0
0000001142DA
000000179305
000000793F8C
FFFFFFC3723A
FFFFFFBC1236
FFFFFFB21402
FFFFFF749B56
FFFFFFF5A556
FFFFFFED944C
FFFFFFD9B0D1
FFFFFFF87AE6
000000235260
FFFFFFF80730
FFFFFFB39A64
FFFFFFF5FF4B
0000001CFC12
000000663384
00000023558F
000000101080
0000003F67AF
0000004DB101
FFFFFFF5FAFB
00000019AEB7
FFFFFFAEED48
FFFFFFD2E6C6
FFFFFFF99CB5
FFFFFFE97393
FFFFFFFE5BB8
0000001A4D0A
00000016545F
000000747333
0000003D021D
0000003AAE72
FFFFFFE99839
0000006C553C
000000094B5A
00000008D34B
FFFFFFCFA704
FFFFFFB780A0
FFFFFFE7D617
FFFFFFF553EC
FFFFFFF992A7
0000000F2221
FFFFFFE9113F
FFFFFFD2BE60
FFFFFFEB7ABB
FFFFFFEF9376
FFFFFFA774E3
0000002614FE
FFFFFFDC24B7
FFFFFFF19AA3
FFFFFFC12408
FFFFFF9F1F38
FFFFFFC08251
FFFFFFCD7FCC
FFFFFFBB0ABE
FFFFFFD2DBDA
FFFFFFFC2EBB
FFFFFFA411FD
FFFFFF816095
FFFFFFE85A55
FFFFFFB9AFE9
FFFFFFDDCCAE
FFFFFFB7E93D
000000152538
00000008D27F
000000689B6C
0000004EE3F5
FFFFFFDE3F28
FFFFFF9C1DF9
0000002AE357
000000697847
0000003C285F
FFFFFFE4E487
FFFFFFF67106
0000001A9A6B
FFFFFFCF6B3A
FFFFFFC235AF
0000001BAA04
0000000FF787
000000099C96
000000234CBD
FFFFFFF145AB
FFFFFFF7F33F
FFFFFFFFBEDC
0000000399EE
0000000A4DB5
FFFFFFDE3E11
0000000871BB
FFFFFFFA9751
FFFFFFD651C6
00000027E0FC
FFFFFFD52B6C
FFFFFFBC2D56
FFFFFF8C75E9
FFFFFFBA3690
FFFFFFC8FEF8
000000458472
0000002CC9F3
FFFFFFFCE4AC
FFFFFFCE14F6
FFFFFFD04A30
FFFFFFD411D3
FFFFFFEC75DD
FFFFFFA7EB58
FFFFFFAB127D
0000001D7387
0000000AE48D
FFFFFF709DC5
FFFFFF911643
000000019E56
FFFFFFE87C5B
0000001018D6
00000004C260
FFFFFFD8D968
FFFFFFC6B111
FFFFFFF4096A
0000000A3519
FFFFFFA773BE
FFFFFF90D77F
0000002A007B
FFFFFFD9A195
FFFFFF8A1F05
FFFFFFCB131A
0000005F81BE
0000002473D2
FFFFFFD12DBE
FFFFFFD858B3
0000002651FE
FFFFFFCEED67
FFFFFFB8AA09
FFFFFFC69D80
FFFFFFCDE4C5
FFFFFFB807FD
FFFFFFC18FAE
FFFFFFFD71C3
FFFFFFEDA8B3
000000125992
000000369B5B
0000004836ED
FFFFFFC4B4D8
FFFFFFA4D1C8
FFFFFFB93C6C
FFFFFFBEC963
FFFFFFA7BC64
FFFFFFD92B1E
0000001D47BE
0000003C7EAA
FFFFFFFBCB0F
FFFFFFF4685B
00000031789E
0000002402D2
00000028FF59
000000371CAA
0000002B96F9
0000003308A5
0000003BD035
0000000290BF
00000005274D
00000020C91A
000000332585
0000003866D7
FFFFFFF61689
0000000DE3BA
0000001420C3
FFFFFFCF5453
FFFFFFDA5F29
0000002F6B6C
00000078AAF4
0000007B65E8
0000000AAEA4
00000001154B
0000000622BA
000000130B5A
0000002973FD
00000041F33F
FFFFFFC5CAE8
FFFFFF874C3E
FFFFFFE42680
FFFFFFF3211C
0000003E95FE
0000003B390F
00000033834B
0000003BCF02
0000004A4E13
00000004F638
FFFFFFF406A2
FFFFFFF3A8DC
0000000750C9
0000001363C9
00000035A08B
FFFFFF971E82
FFFFFFC5F77B
FFFFFFA77A56
0000002752CF
000000488624
0000005A5EB2
0000001191DA
000000786441
FFFFFFCBAFDB
FFFFFFE2EE58
FFFFFFD0C63B
FFFFFF86A106
FFFFFFF5A917
00000023E33A
FFFFFFFBD27F
0000001C4F14
FFFFFFDA7170
FFFFFFD778A5
FFFFFFD0C1C1
FFFFFFE0A667
FFFFFFD32FD4
FFFFFFFB666F
0000001A094C
0000000E9E0A
0000000922A5
FFFFFFD5CC8B
FFFFFF96D7FF
0000000FCD34
FFFFFFFF7E80
0000001BE60F
FFFFFFBBB706
FFFFFFCA34CE
FFFFFFE3340C
FFFFFF9AF953
FFFFFFD4D5D1
FFFFFFF90FF2
00000009F2F2
FFFFFFCE8BAE
FFFFFFC43357
FFFFFFDDA463
FFFFFFB38ABE
000000295AA3
FFFFFFB849BA
FFFFFF8C8125
FFFFFFA2C532
FFFFFFB85037
FFFFFF72B4D1
FFFFFF8FE007
FFFFFFC46DEB
FFFFFF897119
FFFFFF85C56E
FFFFFF657169
FFFFFF753F21
FFFFFF55B12F
FFFFFF75F691
FFFFFFF767F3
FFFFFFD60587
FFFFFFA6157B
FFFFFFFE246E
0000001C7885
FFFFFFC043B7
FFFFFF9A6CDD
FFFFFF548861
FFFFFF559F5F
FFFFFFB25684
FFFFFFC0C25A
FFFFFFFC3F4F
FFFFFFE42C67
FFFFFFD67F86
FFFFFFE73765
FFFFFFDCF967
FFFFFFB86D73
FFFFFFB813A6
0000000E9E2F
FFFFFFA774C1
FFFFFFCDF95B
FFFFFFA8FCD8
FFFFFFD9524E
FFFFFFA1E84B
FFFFFFBB83EE
FFFFFFCCB9FF
FFFFFFB41EC6
FFFFFFC721F2
00000001D06F
FFFFFFC6A5B6
FFFFFFD37AD6
FFFFFFA840C5
FFFFFFAE93F9
FFFFFFC770B3
FFFFFFF65021
FFFFFFBFE559
FFFFFFDF520A
FFFFFFEBD06A
FFFFFFD59E40
FFFFFFE7BFF7
FFFFFFE962CD
FFFFFFDDAF13
FFFFFFD0290A
FFFFFFBCCB0B
FFFFFF9AAA4E
FFFFFF9B4386
FFFFFFC06F8A
FFFFFFB5975A
FFFFFFC3096D
FFFFFFE206CF
FFFFFFCAC6ED
FFFFFFECB09D
FFFFFFDCE91B
FFFFFFED452B
FFFFFFE26F3B
FFFFFFDAA690
FFFFFFA98D8C
FFFFFFF06140
FFFFFFA4A79D
FFFFFFC10C00
FFFFFFE8B3F3
FFFFFFE03490
FFFFFFD0AE89
FFFFFFCD6A5D
FFFFFFC9E079
FFFFFFE54C25
FFFFFFEA881F
0000000756E4
FFFFFFF92719
000000091CC6
FFFFFFA9396B
FFFFFFBE84DD
FFFFFFE50CBE
FFFFFFE073AB
FFFFFFEF6129
FFFFFFE3DCCA
FFFFFFB79797
000000027195
FFFFFFFDAD1A
FFFFFFDC947E
FFFFFFE4F5B8
FFFFFFE16AB9
FFFFFFF1CE09
FFFFFFC0A01C
FFFFFFE9772C
000000184EE2
00000041BA3F
0000002C005E
0000000CE653
0000000C1E63
FFFFFFEBBE6F
FFFFFFB0C01B
FFFFFFE56847
00000000CBE7
FFFFFFFC9931
FFFFFFFCC553
0000001F7F2C
0000000ECAA5
00000001674A
00000044851E
000000439A6F
0000002587CF
000000125456
00000033E7F7
00000015D83C
FFFFFFD9EE9D
FFFFFFC9FA0C
FFFFFFE8B1F8
000000040529
FFFFFFFAE132
000000263998
0000001516FF
FFFFFFF9ADCD
000000352160
0000003C7AB3
0000003616ED
00000046B96F
0000005EE01E
0000003CF8A8
0000000E09D1
FFFFFFD33768
FFFFFFF6CF24
000000085F5A
FFFFFFF8F605
000000152718
000000024322
FFFFFFEEEEB2
0000002A9C20
00000046B5C0
0000003FF34F
0000005D5E4D
00000037A6BC
000000323D9C
00000017F718
000000004A1F
FFFFFFEEF262
0000002F6338
FFFFFFF62FA5
000000153762
000000041967
FFFFFFFF0783
FFFFFFE69CF2
FFFFFFF80912
00000015C40A
000000223D9C
0000003078B9
000000249B05
000000211911
FFFFFFFB34FE
FFFFFFE385EE
FFFFFFECB0D3
0000000ED66F
0000005876F2
FFFFFFDA8A98
FFFFFFF52CEF
FFFFFFCF429D
FFFFFFD5BDF7
FFFFFFC2348E
00000044F3E6
0000007AA5F0
00000025CE28
000000214242
0000001EEC9B
FFFFFFF83B28
00000004B1D6
FFFFFFF4D2FB
000000137FB6
FFFFFFEDB0B6
FFFFFFC74E77
FFFFFFA92F2A
FFFFFFBCF638
FFFFFFC6A672
0000004622F4
00000031D9DD
FFFFFFE8253A
0000001FB79D
0000000DED16
0000004E83AF
0000003DECD1
00000020D414
FFFFFFF36732
FFFFFFFE062A
FFFFFFE0F8E7
FFFFFFE7E8C9
000000143CA8
00000018B92D
0000002C562B
FFFFFFF27B79
00000020335A
FFFFFFF36A35
FFFFFFED5E05
00000009BFF2
0000000C8C22
00000010F022
0000000A69FD
FFFFFFC909C0
FFFFFFD29F7E
00000014BBC1
000000006F5A
0000001FC01A
FFFFFFFB62CB
FFFFFFAFE6FB
FFFFFFFCA84E
FFFFFFCA73F3
FFFFFFAF3C3A
FFFFFFDBE6DB
FFFFFFC9B3F0
00000013AA97
00000005542F
FFFFFFCECA86
FFFFFFE41D01
FFFFFFC7FC8A
FFFFFFC190B0
FFFFFFA2B259
FFFFFFF63865
00000011ADC1
000000316C0B
FFFFFFDAA629
FFFFFFAFC252
00000025482C
FFFFFFA5CD50
0000000D3922
FFFFFFBC2AD4
FFFFFFBC96CF
000000128FC7
FFFFFFF4560C
00000027917E
FFFFFFE64951
00000018758F
FFFFFFB391ED
FFFFFFC83744
FFFFFFF71F28
0000002ED60D
FFFFFFEE4747
FFFFFFAACB1B
FFFFFFB893D2
FFFFFFF47A61
FFFFFFE72907
00000072E750
00000016899A
00000034ABA2
000000735C4D
0000005B2828
00000014BAE9
FFFFFFFE5554
FFFFFFDB08CC
000000384259
0000000F409C
0000000AF879
FFFFFFE33B81
0000000632F9
FFFFFFD93B0D
000000281293
FFFFFFF5C85F
0000003531F2
0000000DADAD
0000003906BD
00000013B007
000000386097
FFFFFFDF0DC5
FFFFFFF01D20
FFFFFFDA1C2C
0000001D8664
FFFFFFCAEB4E
FFFFFFFD6649
FFFFFFE0FF01
FFFFFFDC6A06
FFFFFFB4EFE7
0000002446A4
00000027F140
FFFFFFE0DEC6
000000185FF5
FFFFFFF5D917
000000305D4C
00000066D227
00000015D588
FFFFFFECFC37
00000015ADBF
0000003FDFC3
00000050C5F4
FFFFFFCAC484
FFFFFFF6E191
0000002B0AA5
0000003DE46D
0000002C509E
00000028123B
0000000CBC47
FFFFFFED4098
0000001DB785
0000002A2FE7
FFFFFFF239E6
00000018CDD4
0000003C0E00
00000060FCAC
FFFFFFB0F61D
FFFFFFC232D6
FFFFFFE7CD50
FFFFFFE37E0A
FFFFFFFE1C7F
0000000F4415
0000002FDF38
0000001C8D32
000000230779
FFFFFFDFD244
00000023CADC
FFFFFFF858AD
000000302EF2
0000003E2DD3
FFFFFFB2838A
FFFFFFF40260
FFFFFFE3A566
00000013CF47
000000092AF4
0000003BDAC6
0000002686BB
0000002E92B2
00000009B2D1
FFFFFFE057A0
0000002A084C
0000001511F5
000000111542
0000001DABD9
FFFFFFD73DB8
00000015DE3D
000000064F5C
000000007A6D
FFFFFFFCCB1F
0000001B68CD
0000000C6751
00000020CC2F
00000012E972
FFFFFFEAF83F
000000447320
000000280D41
00000015388F
FFFFFFF64D3E
000000672AFF
0000002726D6
0000003F9FA4
0000001864A2
00000019BAE9
FFFFFFF75BA2
000000229A0E
00000027BD10
0000002F935A
000000409D3F
00000027E906
FFFFFFD33073
00000029615C
00000010A413
000000054236
0000004ED1E6
00000069D8AB
FFFFFFEE817A
FFFFFFF4F9B9
FFFFFFF83A66
FFFFFFF4F4B3
0000000EAE52
00000011522F
0000002D100E
000000179258
FFFFFFF275FE
FFFFFFF65941
000000044A5E
0000005AE5E9
FFFFFFE7F494
00000025A52B
FFFFFFF62320
FFFFFFCEEBAA
00000020F1BB
0000004BC832
00000007BF8E
00000008FC47
00000063C99F
000000272A48
0000001B611E
00000016DE7B
FFFFFFEA4EA0
000000087D7A
FFFFFFEFC3EE
FFFFFFFAE43F
00000053FD6A
0000001049DB
FFFFFFC4FD99
00000007D5DB
FFFFFFE2A615
00000018E5B6
0000004B4606
00000038C6D8
0000002FA9BD
00000080804E
00000069399F
00000030B498
00000033B57C
0000001069C8
000000397DD6
0000001CE3C1
FFFFFFE473E9
000000080B16
FFFFFFF2C0CF
0000003AC2CC
FFFFFFF926A8
00000023AB59
000000409A27
0000002C603C
000000307E01
FFFFFFECD4D6
FFFFFFE15762
FFFFFFBA20F4
00000023F9BC
000000132BC7
00000029DD0C
000000286E0A
FFFFFFCE30CE
FFFFFFCE5DC2
FFFFFFE53505
FFFFFFC29E14
FFFFFFDBB7E3
0000000EEBB2
00000007B0B4
0000000D5FCE
FFFFFFBEF125
FFFFFFA8624C
00000072A62C
FFFFFFE2C3C3
FFFFFFDE97D4
FFFFFFF92DCE
00000026CE1C
00000011F0F9
00000013A651
0000000AC624
0000000A8CD1
0000001BC38B
FFFFFFF08120
0000001A45B4
FFFFFFA99C5C
FFFFFFDB2BE3
0000000D0705
FFFFFFCAACAE
0000004998D1
00000000AAB4
FFFFFFFACDE5
FFFFFFF202C9
00000007F6F1
FFFFFFFD2DC6
FFFFFFF157A1
FFFFFFCE768C
FFFFFFFD9746
00000019D975
FFFFFFCB04AF
00000014212B
0000000C1CBD
00000009B194
0000006B50D6
0000000EA8D7
FFFFFFF23FDE
FFFFFFD4BEDA
000000076B22
FFFFFFD61BB7
FFFFFFCC99AA
FFFFFFEAD950
0000000C18D3
FFFFFFD34BD6
FFFFFFF63285
FFFFFFF3F5E4
FFFFFFDB8751
FFFFFFF437E7
000000656E10
0000009236F6
FFFFFFE43406
000000214FE7
0000000558CE
FFFFFFE71BB1
FFFFFFF0B0AD
FFFFFFEECCA5
FFFFFFE88B82
00000037E15E
0000001818BA
FFFFFFDFF578
FFFFFFBEEA88
FFFFFFDE8D32
0000001BD0FA
0000007D9E73
00000013EFB9
FFFFFFEB9166
FFFFFFF10533
0000000585A4
FFFFFFF2A19E
FFFFFFEA2A57
FFFFFFF849A9
00000006B544
FFFFFFF95593
FFFFFFE0462F
FFFFFFD16781
FFFFFFC7A643
FFFFFFDF4DC7
FFFFFFF07FFD
00000077691E
0000004CA516
000000072D2A
0000000C7A8F
0000000475EB
000000267A08
FFFFFFF2B133
00000034BC8E
FFFFFFF00418
FFFFFFCE97CB
FFFFFFD41115
FFFFFFADF8A4
FFFFFFAF77B9
FFFFFFE7F0D2
00000043260F
0000009CDF40
0000001CB6AC
0000000D1719
00000020C657
00000002F290
0000000F41B7
00000080D72F
0000002F8613
FFFFFFD36238
FFFFFFE8A198
FFFFFFCC742C
FFFFFFDC8B9A
FFFFFFE28DF9
0000001A27F0
000000B376EB
0000006ED1B2
0000000393CA
0000000538B8
FFFFFFF27C30
0000000D1950
00000032B46F
000000494DB2
000000228C7C
0000000DB8B2
00000017F3BE
FFFFFFF14A9D
FFFFFFEB446F
FFFFFFF8FAB9
00000033908D
0000003A9470
0000000BCBC5
FFFFFFB5FBBA
0000000A792B
0000000F4DD5
FFFFFFFF1E21
0000001FF935
0000000F4ECF
0000002681A1
00000027CD97
FFFFFFC0B55C
FFFFFFC0353D
FFFFFFF3225D
00000011A738
FFFFFFFB3D00
FFFFFFEF8338
FFFFFFFDD6A2
0000001A91B5
0000004DE2D5
0000003194E0
0000001F161C
000000172109
FFFFFFF3C31A
00000006DC1E
FFFFFFBF67BA
FFFFFFD21EA4
FFFFFFFF36C7
FFFFFFFE30D1
FFFFFFE3E6E4
FFFFFFF36194
0000002CC24B
000000016EAA
0000004937A1
000000170476
FFFFFFFE6D88
FFFFFFE19B3C
FFFFFFC5FC05
00000014303C
FFFFFFFDEF82
FFFFFFC99C31
FFFFFFE7C624
FFFFFFF8655F
FFFFFFC6D7FA
FFFFFFFD00D5
FFFFFFF3E3CA
FFFFFFDEE418
000000033229
000000186C6B
FFFFFFE1361F
FFFFFFF41731
0000000BC427
FFFFFFECBFE4
0000001E2EDB
00000008A654
FFFFFFF145CC
FFFFFFEFF54E
FFFFFFBAC50C
FFFFFFDEA4D3
FFFFFFE31DE8
FFFFFFED5F1D
00000012A543
FFFFFFBF175D
FFFFFFCAA774
0000005190D0
FFFFFFF6361E
FFFFFF74F3FC
FFFFFF8A152E
FFFFFFC700C1
FFFFFF9BC26D
000000148CFA
FFFFFFC3C8AC
FFFFFFEA0799
FFFFFFBEBC11
FFFFFFC7026F
FFFFFFC404E6
FFFFFFD4253C
000000293C07
000000785646
0000007D41C8
FFFFFFF84F8D
FFFFFFCFF89C
FFFFFF83D60C
FFFFFF8F1D87
FFFFFFB37661
FFFFFFCF4EC5
FFFFFFF9475D
FFFFFFBF4433
FFFFFFB8D0C4
FFFFFFF3CAB0
FFFFFFB2B1D4
000000464BB9
000000266E10
00000064B689
000000546FA7
000000167B5F
FFFFFFCF3DB7
FFFFFFE2F46D
FFFFFF91C55D
FFFFFFB6D0A1
FFFFFFE6027A
FFFFFFD817C4
FFFFFFA9FFCE
FFFFFFC32784
FFFFFFAC1A24
0000000A2700
FFFFFFED437C
FFFFFFD2A5A1
0000000C280E
0000003A65B1
FFFFFFFF3746
FFFFFFA456AF
FFFFFF8D450B
FFFFFFB41B8C
FFFFFFA4E572
FFFFFFDD9FCE
FFFFFFC75649
FFFFFFAC9141
FFFFFFE2D355
FFFFFFDA6DFA
FFFFFFD9CAB1
FFFFFFE68E4F
0000001CEB9F
000000703763
FFFFFFFAF5B5
FFFFFF921818
FFFFFF858A3B
FFFFFFA1CB32
FFFFFFA999DC
FFFFFF9AF608
FFFFFFD4CD85
FFFFFFF44FAC
FFFFFFD8585A
FFFFFFD902C5
FFFFFFC60C3B
FFFFFFE04789
000000177ADB
0000005CFD29
00000091E14E
0000005F30CA
FFFFFFE19AE0
FFFFFFD59D7A
FFFFFFD134CE
FFFFFFCB9FB2
FFFFFFD78C7D
FFFFFFEA40C5
FFFFFFB2CC0F
FFFFFFB29230
FFFFFFCFE457
FFFFFFF10D8B
FFFFFFFBE096
0000000F17E6
00000077D39A
0000009366B4
00000022F6F8
FFFFFFF99BD4
FFFFFFCB6860
FFFFFFD3E21A
00000005501A
FFFFFFD0D0B9
FFFFFFA476D3
FFFFFFCC7F31
FFFFFFE9763E
FFFFFFFB500F
FFFFFFE15359
FFFFFFF3856A
000000316E23
0000008B10EE
0000006A4A22
000000376BE8
FFFFFFD1737C
FFFFFFCD7A11
FFFFFFF86269
FFFFFFFB5D39
FFFFFFDFA75E
FFFFFFAFF70A
FFFFFFCAE5AA
FFFFFFD7A33F
FFFFFFCA5A0F
FFFFFFEF7099
000000295BDF
00000062A7E1
000000AC5616
00000041E850
FFFFFFE6ECCF
0000000228FD
0000000D9093
0000000C042F
FFFFFFA59615
FFFFFFD7039A
000000014280
FFFFFFBFA056
FFFFFFBD948D
FFFFFFE443B4
00000028B2B2
000000447530
00000081C9F6
000000658DB6
0000001CBD71
00000058D2C1
000000485C91
FFFFFFF53B06
0000002764AA
FFFFFFF2E1D9
FFFFFFE8A21C
FFFFFFD05617
FFFFFFB03EC1
FFFFFFFF6B18
000000377D74
00000012BFB5
0000003636AA
000000685BFD
FFFFFFF6E235
000000080216
00000011202D
0000000566DA
FFFFFF95884E
FFFFFFDB7F2B
FFFFFFF77A97
FFFFFFC9CE5F
FFFFFFE5E497
FFFFFFE455AC
FFFFFFDE48BA
FFFFFFDFA460
0000001D0ADE
FFFFFFFECDF7
FFFFFFBA01D3
FFFFFFDB3C16
0000001BB0A8
FFFFFFDEE88A
0000000DE0AB
00000018A5DF
00000044CDE9
FFFFFFCDF01B
000000123B75
0000002BCA3D
FFFFFFCDC9A7
FFFFFFDA0A01
FFFFFFD2BD84
FFFFFFD0FC77
FFFFFFD42E93
00000001255B
00000016510B
000000147236
FFFFFFD2BA98
FFFFFFE2E2EC
00000031E9F2
0000000CE42D
0000002AB25C
0000000A366E
0000000B2ABA
0000001C8E1A
FFFFFFC86A92
FFFFFFF7738A
FFFFFFE735ED
FFFFFFDE8C2B
FFFFFFDB7C5D
000000016B73
00000052ADE3
0000007A8EE0
FFFFFFC3E1E6
FFFFFFF0734C
00000033B3B9
0000000510C8
FFFFFFAFE129
FFFFFFF71A22
FFFFFFF813FA
000000294CE6
0000002E7F7D
FFFFFFF02744
0000004AB709
0000000B470D
000000AD3979
000000039938
FFFFFF93C29C
FFFFFF96AF34
FFFFFFD8B6C2
FFFFFFEC14A3
0000000F51AC
FFFFFFE36CB1
FFFFFFC7F24C
000000194727
00000039C6B8
00000036A79C
00000050AF8D
0000002B6E10
FFFFFFFAE4E4
FFFFFFCACB69
FFFFFFE54091
FFFFFFEE8F95
FFFFFF97CF63
FFFFFFC6BAD1
00000043451E
0000001D9264
FFFFFFF279DD
FFFFFFFB8577
00000003E91A
0000000BAB03
0000001F5C79
FFFFFFE40E5B
000000064A92
FFFFFFD97DCC
00000046EB8D
0000000F4C69
FFFFFFFF93E1
FFFFFFD62B8F
000000118F98
00000031135A
000000179F03
FFFFFFF87D51
000000205AA3
FFFFFFC8DD1B
00000002DED8
FFFFFFD04823
FFFFFF96180E
FFFFFFA277AE
FFFFFFD3499D
000000087A17
0000005982A9
000000235AC6
FFFFFFE6CD67
0000000CDD6F
0000000862EA
0000002BBD98
0000000EE495
0000002AC7AF
FFFFFFD2D076
FFFFFF844C1B
0000000559FF
0000001E53C3
0000002837C5
00000047F4F0
000000500801
0000006D7BA5
FFFFFFA5C8C7
FFFFFFAC037B
FFFFFFD83861
00000010A8F9
00000020E666
00000013B28B
FFFFFFDADB13
FFFFFFBBEB76
0000003BA892
0000003135F6
0000004EC53A
000000531FF4
0000004450D9
00000068E91D
0000003BCA7B
FFFFFFB88578
FFFFFFB8E332
00000020B014
0000000C7D29
000000255419
0000000E1D28
FFFFFFC0C36E
000000355DC4
000000611791
000000507319
0000004D09F8
0000000E8504
0000001F133E
0000003081D5
000000387088
FFFFFFAAEA1A
FFFFFFE364AD
0000000F9626
00000001D476
FFFFFFF47FFA
FFFFFFE0910F
FFFFFFB8882C
000000369347
000000554C52
0000004C03B4
0000001B0EE7
0000003B39D6
0000005B88D7
000000548653
FFFFFFEF0F73
FFFFFFAF6A51
FFFFFFFA180B
FFFFFFF08FC4
0000000724C3
FFFFFFD6033B
FFFFFFB695B8
FFFFFFD5B67B
0000002F6E6E
0000005B1E70
00000057EA35
0000006114B8
00000045F8BD
000000630D9E
0000003506BA
FFFFFFAA5E81
FFFFFFD385D7
FFFFFFB079EF
FFFFFFB2D200
FFFFFFB7E96D
FFFFFFBB0714
FFFFFFF3FF00
0000000C0F75
000000595B29
0000006010BD
000000501E27
0000000DFDDC
0000001A31BF
000000586285
000000033C0C
00000002E0D8
00000025C645
0000002CD21D
FFFFFFBEDA05
FFFFFFB681D8
FFFFFFD0B885
FFFFFFAAB832
00000048983E
000000637937
000000519816
00000046A400
000000655E07
0000004A1158
FFFFFFFEFBF5
0000003A3DB3
0000005AEDA4
000000615850
FFFFFFF007DD
FFFFFFA47C92
FFFFFFBC77E0
FFFFFF9BF527
FFFFFFD52AD4
FFFFFFBC7694
FFFFFFEFA958
FFFFFFECA305
0000004377EA
0000000F7A6B
00000005528F
FFFFFFDE4A64
FFFFFFE64348
FFFFFFB7607D
FFFFFF9BBC88
FFFFFF3CBCBE
FFFFFF9C9343
FFFFFF7186D1
FFFFFF7A07E8
FFFFFF7DB02D
FFFFFF6BFDA8
FFFFFF7485BE
FFFFFF88434F
FFFFFF620D5F
FFFFFF5B09A8
FFFFFF884967
FFFFFF856FF3
FFFFFF8259DB
FFFFFF50D718
0000000AAC9A
000000154197
FFFFFFBD02C8
FFFFFFD59E3B
FFFFFFFD41A1
000000748771
FFFFFFDE9981
FFFFFFDC778B
FFFFFFF4CAD0
FFFFFFE1D942
FFFFFFC78EEA
FFFFFFD3271B
0000001361CC
000000115755
000000076A45
FFFFFFD66ECB
FFFFFF8CE372
FFFFFFBBAA06
000000161E5E
000000051640
FFFFFFE17045
FFFFFFF3E199
000000095747
FFFFFFC860F2
FFFFFFD0EEFA
FFFFFFD7B672
0000001E7C3E
FFFFFFD8ACAB
00000006C363
0000002B3334
0000000C1890
FFFFFFE194F4
FFFFFFFA181B
FFFFFFEE0FD9
FFFFFFBB7160
FFFFFFC70734
00000012C06F
FFFFFFFDADC5
FFFFFFE27566
FFFFFFF80411
0000005BA420
00000030EDD7
FFFFFFD48E35
FFFFFFF712C0
00000051105D
FFFFFFFC13B5
FFFFFFDC84E5
FFFFFFE18738
FFFFFFC653CA
FFFFFFDA098A
0000000E811F
FFFFFFF93E80
FFFFFFD2176C
FFFFFFCF41D6
000000629B33
00000020B050
FFFFFFA8B51B
000000008692
000000541B99
FFFFFFE2BE15
FFFFFF8CB1BE
FFFFFFB00BFB
FFFFFFE5AC0F
FFFFFFF2B4A5
FFFFFFF0D312
0000000A04D2
000000018E47
00000009611D
000000405843
000000A1CF88
00000003F10E
FFFFFFDDE2FA
FFFFFFD3D33B
FFFFFFBB6BD4
FFFFFF969229
FFFFFF96FF89
FFFFFFE5658A
00000020F50B
00000022D1C1
00000031E719
0000004828AF
000000092DBC
FFFFFFE3CC15
FFFFFFB26DD4
FFFFFFC5CB12
FFFFFFE7F421
FFFFFFB8FC80
FFFFFFA20267
FFFFFF9C6559
FFFFFFB08E9D
FFFFFFB8CC40
FFFFFF9F03C6
FFFFFFEAABCA
FFFFFFDCA55B
FFFFFFE21914
FFFFFFB12221
FFFFFFD5E0E5
FFFFFF9C24AF
FFFFFFB228D6
FFFFFFABD8BD
FFFFFFADD860
FFFFFFB826C5
FFFFFF99A374
FFFFFF997AA3
FFFFFF8C7B69
FFFFFF96C586
FFFFFFD8890C
FFFFFFE2A9F2
FFFFFFC7B3A9
FFFFFFE0BB16
FFFFFFB4231A
FFFFFF9F7C3B
FFFFFF97A76D
FFFFFFF1FD13
FFFFFFC355D2
FFFFFFA2DF9D
FFFFFF6D6AAB
FFFFFF928B8D
FFFFFF9D3E16
FFFFFFB24AF0
FFFFFFAAAA13
FFFFFFF42A14
FFFFFFFC30BB
FFFFFFE5DA5D
FFFFFFC5BC23
FFFFFFE5F04A
FFFFFFD3030B
FFFFFFE624BB
FFFFFFE0DBCC
FFFFFFECF532
FFFFFFAAC4D2
FFFFFF9AABBA
FFFFFFBE5426
FFFFFFC40A82
FFFFFF969C89
FFFFFFE45ECA
FFFFFFCD58D9
FFFFFFE4C893
0000001DF4D5
00000010E0F3
FFFFFFB3D445
FFFFFFFC3684
FFFFFFD13920
00000006337B
FFFFFFD21F91
000000108EE5
000000685F7B
000000249CC8
0000000473D2
FFFFFFCCF857
FFFFFFA8444B
FFFFFFDB4AD5
0000002034FD
000000439EB1
FFFFFFD94351
0000001A7CC8
FFFFFFD474A7
FFFFFFB9EBCA
FFFFFFAE46AD
FFFFFF8F6D89
FFFFFFEF4902
FFFFFFDE9874
FFFFFFE59AA1
FFFFFFC728E6
FFFFFFDA53BF
FFFFFFE37D19
FFFFFFFA19AD
0000001F425E
FFFFFFC557F0
0000000B664D
FFFFFFBBE1EE
FFFFFFEB1FA5
FFFFFFCF04E6
0000002807D9
00000027C96D
FFFFFFCB77FB
0000001FEB74
0000000D371D
000000488E08
0000000B1B4B
000000463F04
0000005022F0
FFFFFFF7827D
FFFFFFE8AD4F
FFFFFFF79126
FFFFFFC09509
FFFFFFCD6F54
000000134CE4
0000000186AF
000000245CB7
000000164497
FFFFFFDEE1CC
FFFFFFFB7B98
FFFFFFEA9DCC
0000001A8674
00000007B2C6
FFFFFFC9039F
FFFFFFE669BE
00000005B263
00000004809F
00000002B0B5
0000004703BA
FFFFFFD69F42
FFFFFFD88EE0
FFFFFFD8387A
FFFFFFE8DDD7
FFFFFFE78B16
FFFFFFFC8C6B
000000026F8B
FFFFFFE0D255
FFFFFFDF90FA
FFFFFFEE3866
00000022AA53
FFFFFFE5A0FF
FFFFFFFBB621
0000000B7DBD
FFFFFFDCEDCF
FFFFFFD9EDC0
00000016077C
FFFFFFEDC113
FFFFFFEAEFCF
00000010780E
FFFFFFFB2833
FFFFFFBB8E49
FFFFFFDB0C31
0000001D19B9
0000002D0A08
00000000FEBE
000000116AED
FFFFFFF0AA44
000000087A1A
00000006D745
0000001744BE
00000000F5A1
FFFFFFE765CE
FFFFFFE63800
FFFFFFEF2570
FFFFFFDEECAB
FFFFFFFEDB2B
000000264944
000000184A4D
00000024CAC7
00000024C40B
FFFFFFFAE090
FFFFFFFF43FB
FFFFFFF85D4E
0000002DA454
0000000273F9
FFFFFFE7F78F
FFFFFFC7288D
FFFFFFE068BE
FFFFFFC5B08E
000000102EC8
FFFFFFF561C1
0000000E80A7
0000003186FB
000000261E18
00000002E556
FFFFFFED3BBC
0000000DD96B
0000001D520A
FFFFFFFC1515
FFFFFFD98BA5
FFFFFFE87E31
FFFFFFCB8DB4
FFFFFFD7F610
000000160438
000000179D35
0000004B0E3E
00000039C86C
000000228EDC
0000000FE875
FFFFFFEEC280
FFFFFFDD5C7E
FFFFFFE4FFC2
FFFFFFE8DF71
FFFFFFE41C25
FFFFFFE2F91C
FFFFFFD62AB9
FFFFFFD87F30
00000004D0DA
0000002C1D14
0000002BBD86
000000400CB5
000000224BB8
00000009BE72
00000001253A
FFFFFFE58ED7
FFFFFFF15E31
0000001521B2
FFFFFFF4589A
0000000751C3
000000073C74
FFFFFFE1C468
0000000AD651
00000023E627
000000424879
000000395552
0000001809F6
00000022A685
00000012BB23
FFFFFFFA9369
FFFFFFF1DD2E
FFFFFFE70235
FFFFFFFE4B87
00000010DAD2
FFFFFFFE7814
FFFFFFFD951F
FFFFFFE5491B
00000003599E
000000220242
0000001E93E5
00000031AAE6
000000212993
00000021B927
0000000F1495
FFFFFFD77E8B
FFFFFFEE31C0
00000003CC24
000000045953
FFFFFFEB4F23
FFFFFFFD5EB4
FFFFFFCDA79F
FFFFFFB476A3
0000000709DC
000000476356
00000051FFE3
0000003AE3DF
000000324F43
0000003908E2
FFFFFFED4948
FFFFFFFFA0CF
00000017477F
000000443DD4
00000021D105
00000003715D
FFFFFFDDDA60
FFFFFFDFA0DD
0000000A8CA5
0000001B32A3
00000048F578
0000003B0039
0000000E3344
0000002D1A4C
0000002933DA
0000000D50AE
0000002F9DC4
0000001B1240
000000394A1B
000000287E56
FFFFFFFA5BFD
FFFFFFE86E8E
00000006301E
000000160EC2
0000002083AE
000000359E80
0000002C958F
0000003E04A2
00000023D04C
0000002F454C
000000398271
00000036ECC7
0000002F9E10
000000493CDD
FFFFFFF30982
FFFFFFFF2AAB
FFFFFFE1EC20
FFFFFFF0C4F6
FFFFFFE03E5F
00000006A57A
0000000D7EE8
00000046B150
000000476B85
0000002BA41E
0000001E0C45
0000000296FE
0000002DCE18
0000003C49E8
FFFFFFF20EC0
FFFFFFDF079C
FFFFFFC86E90
FFFFFFF45667
FFFFFFDA33A8
000000009C3C
FFFFFFE93662
00000008616F
000000133D10
FFFFFFDE8535
FFFFFFECBDDE
FFFFFFF28674
FFFFFFFB2D01
FFFFFFDCDFA4
0000005AA8EE
00000040395F
0000000C5D52
000000138526
00000000B38D
FFFFFFF7A41F
0000006FF9E9
FFFFFFF43FC9
00000019D8A2
FFFFFFEA5586
0000001F9D85
00000061ADFC
00000071C52B
000000489BBC
0000004851B5
00000018725E
FFFFFFC67199
FFFFFFE7CDAA
000000334E5C
0000003ACC69
0000001CC2FC
0000000F1F74
00000023D4DB
00000009356D
00000022094E
00000057AF9C
000000489847
000000192C5B
00000056416D
0000000D9E3A
FFFFFFD72F47
FFFFFFB8F95F
FFFFFFEE5D71
0000000E95E7
00000031C1CE
0000000F3185
0000001152B2
000000185BDF
0000001DDB6C
0000001F187E
00000006A5CB
00000026E5A6
0000002D9C3E
000000329170
FFFFFFFBCED8
FFFFFFDFAD21
FFFFFFD9ABFD
FFFFFFA57F78
0000003B6589
FFFFFFF441BF
00000019133E
FFFFFFF9060A
0000001FF8B0
FFFFFFFB3E95
FFFFFFF75D21
FFFFFFEB6CF4
FFFFFFDF686B
0000002FDC30
0000000B84EB
FFFFFFC3AAE0
FFFFFFE7ACB2
FFFFFFB3A23B
00000006D578
FFFFFFEEF59E
000000371210
0000001F76C2
FFFFFFF7FDB0
0000001EE312
0000001C3FBC
FFFFFFFBBCFF
FFFFFFDAC067
FFFFFFCC6B70
FFFFFFD17425
FFFFFFE61D7A
00000022E9F9
FFFFFFF83157
FFFFFFC923C6
0000000DD478
00000009F10B
0000002981E1
00000001E0C4
0000002F2E58
00000029A82E
0000000868F9
00000010E596
FFFFFFD43EA6
FFFFFFF9B86C
FFFFFFDE0F65
FFFFFFE516B8
FFFFFFFA7618
00000010E8A2
FFFFFFD0A3B2
00000017AEE4
00000047A8A4
000000461DFB
0000001E1C8B
0000001DB092
0000003404AD
FFFFFFB58B27
FFFFFFD16B31
FFFFFFE7C674
FFFFFFDB7D16
FFFFFFD1D337
00000001B03D
0000001EC486
00000006A2FD
FFFFFFD32631
000000072670
0000002899D4
0000002AA503
000000124D3D
0000003C0582
FFFFFFC0BF07
FFFFFFC7CDE6
FFFFFFDC4A22
FFFFFFDBBE49
FFFFFFD5BDDE
000000014582
0000001A5070
000000182F49
FFFFFFC86F39
000000138F66
00000032400C
00000001AAF5
000000072859
0000003D5D2D
0000004E7CB9
FFFFFFDE2652
FFFFFFDEB563
FFFFFFC83075
FFFFFFE91D03
FFFFFFF4D8C6
00000022767F
0000000E8D06
FFFFFFFBF00F
000000059E9C
000000171151
FFFFFFE331F0
FFFFFFF22F67
00000008F873
00000015493F
0000001ADB99
FFFFFFBABD0F
FFFFFFCD052F
FFFFFFB2889C
FFFFFFD6E64E
FFFFFFEA3E6F
FFFFFFFA4B5D
FFFFFFF85ABF
0000000AA50C
FFFFFFF4C8D6
FFFFFFD7EA7F
FFFFFFD4C6EA
FFFFFFE7088C
0000003F5F3F
0000000D5DFC
FFFFFFD8D94B
FFFFFF970B96
FFFFFF95D72E
FFFFFFB712B3
FFFFFFCE264D
FFFFFFDCEC47
FFFFFFEA6168
FFFFFFFCC836
FFFFFFC7D1F3
FFFFFFD368E3
FFFFFFDE6331
FFFFFFADE5F7
000000663D1B
FFFFFFF51BCD
FFFFFFCD6F09
FFFFFFF8A1E2
FFFFFFED09A7
FFFFFFC7CD3D
FFFFFFB80A95
FFFFFFA1A3C1
FFFFFFC1D470
FFFFFFDB869B
FFFFFFB670BD
FFFFFFC36A87
FFFFFFD073FB
FFFFFFC2E0A3
0000005986CB
00000014B984
0000001D476E
0000001C30E7
000000419BDC
0000001BF1BC
00000006FFE7
FFFFFFDDAAE3
FFFFFFF830FB
0000000B3617
000000134CC1
00000042EC9E
000000299435
0000002B0AF5
00000015CB50
0000000B0FDA
000000153DF8
000000286463
00000004B1AA
00000003FE62
000000317F5A
00000012235F
000000201798
00000017E7B5
0000003F7193
0000003A4F97
0000005A34E1
0000004D865F
0000002D0C5B
00000007C127
000000403A41
000000575498
000000311CA9
0000002499BD
00000010AB4B
00000009DDD7
00000020B9DB
0000003B2E08
000000340909
000000343A52
00000034BC7E
FFFFFFFB765B
00000012AEF2
000000527FAD
0000002772F8
00000033455F
000000618E96
0000003BF207
0000001B4956
0000000BE0ED
0000000BBBFD
000000042E4C
FFFFFFFCF2D8
00000031EFCE
FFFFFFFCE7B0
0000000848B5
FFFFFFFD78EB
0000007A38A6
00000051FAF1
000000099AEB
0000001586BB
0000000EE1F4
0000003221A8
00000017B7AD
00000014DCDF
FFFFFFF9E284
FFFFFFEA90EF
FFFFFFD5EEA7
FFFFFFC70710
FFFFFFEFF71A
00000030C822
00000064D594
0000000B9D8C
FFFFFFF93E53
FFFFFFD6E177
000000059C56
0000003FDD6E
00000000A07C
0000003C4041
0000001EB936
FFFFFFF563FC
FFFFFFEDFEE3
FFFFFFE02CD4
FFFFFFEC56BE
000000166F9D
FFFFFFB988A0
FFFFFFCD2DBE
0000000D9BFB
FFFFFFF11E8B
FFFFFFEEB2EA
00000017E72E
FFFFFFEA7CBF
FFFFFFC741BA
FFFFFFDE9108
FFFFFFCFE18C
FFFFFFDB91CB
FFFFFFD48F73
FFFFFFDAA8FA
0000002A4CFD
FFFFFFBDC5D7
FFFFFFD44081
FFFFFFD345A1
FFFFFFF75A82
0000000D896F
00000003C12E
00000001C40E
FFFFFFF614DB
FFFFFFE4EBB7
FFFFFFCDC608
FFFFFFC74ACB
FFFFFFC2DFDB
FFFFFFE6461F
FFFFFFF9AD58
FFFFFFBF7168
FFFFFFE4C3AD
FFFFFFDD5497
FFFFFFEE130C
FFFFFFFA5869
FFFFFFECD1AD
FFFFFFE0B248
FFFFFFF41AF0
FFFFFFC35C2D
FFFFFFB01D29
FFFFFFB9B0C2
FFFFFFE0F631
FFFFFFEDC2F7
000000030FCC
000000007FD7
0000000B2EE5
FFFFFFC529ED
FFFFFFCF2DC1
FFFFFFE08446
FFFFFFEDD5CC
FFFFFFDE6316
FFFFFFF33300
FFFFFFE7A79E
FFFFFFBE1427
FFFFFFABCE79
FFFFFFA0F93C
FFFFFFC0075C
FFFFFFE5B272
00000005D3DC
000000155689
0000000DD04E
FFFFFFD76878
FFFFFFE4FABC
FFFFFFFA4820
FFFFFFBAC558
FFFFFFE7B142
00000022157F
0000004FB306
0000000903CC
FFFFFFD2FB1A
FFFFFFE406B2
FFFFFFBBEA08
FFFFFFE304F0
0000002CA2D8
000000192008
00000018DA24
FFFFFFCC3550
FFFFFFE76FC1
FFFFFFDF26B1
FFFFFFE57BD3
FFFFFFEF88B7
0000002C22D1
FFFFFFF09D0D
FFFFFFD4CB6B
FFFFFFD7ADEA
FFFFFFEE26C9
FFFFFFF73C95
FFFFFFF7C169
FFFFFFF26AFC
FFFFFFFC33C0
FFFFFFED0D24
FFFFFFF5C964
FFFFFFE38DE2
FFFFFFEBAB36
00000011BDF6
0000001F5905
FFFFFFECEF1A
FFFFFFD6DB45
FFFFFFD1B2DE
FFFFFFBF5876
FFFFFFB15337
FFFFFFE37E4A
FFFFFFF4F45F
FFFFFFE4093C
00000007B504
FFFFFFDA0CCC
FFFFFFC6E613
FFFFFFE057A1
FFFFFFF626E2
00000000D004
00000005F08E
FFFFFFF270F1
00000002A62D
FFFFFFC00C4A
FFFFFFC77858
FFFFFFB666DF
FFFFFFCF3183
FFFFFFEC166C
FFFFFFC6CD57
FFFFFFCB4825
FFFFFFE8CD82
FFFFFFF6E3C0
FFFFFFCB7000
FFFFFFE96D3D
FFFFFFC6F3A9
FFFFFFDA7E16
FFFFFFD89A30
00000018551C
FFFFFFF47AD1
000000155977
000000007C95
FFFFFFC99E34
00000017F29B
0000001A5FBB
0000001C9F79
FFFFFFDD4530
FFFFFFB71764
FFFFFFE7142F
FFFFFFE5CE14
FFFFFFD7AEEA
00000001407F
00000018F4BD
0000000B0B7D
000000150CC4
0000001BCA1E
FFFFFFCA0BDF
FFFFFFF74F87
FFFFFFF3F054
FFFFFFE59E32
FFFFFFEDC880
FFFFFFF4F45D
00000007AD8B
FFFFFFFCDD53
00000030B5B5
FFFFFFAF0216
FFFFFFC8E45B
0000000B8E5F
FFFFFFE470F3
0000001677DA
0000000F750F
000000019141
FFFFFFAFA599
FFFFFFD4FD6A
FFFFFFD0C228
FFFFFFDAE203
FFFFFFA4035B
FFFFFFEFA98D
FFFFFFAC4006
FFFFFFCF2550
FFFFFF8C5AE7
FFFFFFDCBDB1
0000001DABD1
FFFFFFEEBCE3
000000156BAC
0000001607E2
FFFFFF9AF1DE
FFFFFFF1CDA8
FFFFFFC8DCE6
FFFFFFAD5EB3
FFFFFFC74CF5
FFFFFFB68E40
FFFFFF87F3B4
FFFFFFD8DDF3
00000018C4A5
0000002AB3AF
0000002E8D20
FFFFFFF707AB
FFFFFF9DFA5D
000000375A6B
0000000843E4
FFFFFFD26B2B
FFFFFFEB6C1F
FFFFFFE99502
FFFFFFD2FA8C
FFFFFFD215DF
FFFFFFC5B02E
FFFFFFE10864
FFFFFFF1CCE1
FFFFFFDD3626
FFFFFFD0E9C0
FFFFFFB84FA8
FFFFFFB27BB9
FFFFFFF4DE5B
000000422425
FFFFFFEE3125
FFFFFF9017D3
FFFFFFA18360
FFFFFFA1D4CD
FFFFFFB2B9AD
FFFFFFADE8DB
FFFFFF912526
00000039BE07
FFFFFFB5EFE0
FFFFFFA75EC0
FFFFFF9F7F74
FFFFFFB42192
FFFFFFEECCA6
FFFFFFED315F
00000011730D
FFFFFFB0BBAB
FFFFFF811F2C
FFFFFF747520
FFFFFF719191
FFFFFF9BB7E1
FFFFFF6466C4
0000003ACAC3
FFFFFF5C3E8B
FFFFFFD55BCA
FFFFFFABDDC7
FFFFFFC4FDDB
FFFFFFC10009
FFFFFFAF05FA
FFFFFFD3426E
0000000DB90E
FFFFFF7AB353
FFFFFF654B59
FFFFFF772FEA
FFFFFF9EFBB1
FFFFFF6F95C8
FFFFFFDA5F12
FFFFFFDDDD61
0000002D4321
FFFFFF9D65E0
FFFFFFA576F1
FFFFFF9FD4A9
FFFFFFD57FC0
FFFFFFC953E2
0000001BBA39
FFFFFFBB83B4
FFFFFF672C48
FFFFFF6D45F7
FFFFFF60C11E
FFFFFF56A702
FFFFFF59E423
FFFFFFBB5BF2
00000020E163
FFFFFFF6529D
FFFFFFC28549
FFFFFFCE5187
FFFFFFC6AEEC
FFFFFFC2231D
FFFFFFDA7991
000000077D51
000000424CA1
FFFFFFFC4A35
FFFFFFB5E892
FFFFFF85368C
FFFFFF94B41E
FFFFFF964F3B
FFFFFFFB0DA7
000000134DCF
000000225855
FFFFFFD84E2C
0000001A95E6
000000162A54
FFFFFFF0F78F
FFFFFFB82C78
0000002F49E8
FFFFFFE58B59
FFFFFFFACE8F
FFFFFFE17A25
FFFFFF865E8F
FFFFFF8C1455
FFFFFFBD546F
000000065D6B
FFFFFFF882E5
FFFFFFCDE881
FFFFFFE0DD74
FFFFFFE53EDB
FFFFFFEF56B8
FFFFFFF18C91
0000000A3FC3
FFFFFFB8B968
000000065E0D
0000001EB616
FFFFFF5FADA0
FFFFFF606A85
FFFFFFB73BC4
FFFFFFB5A444
FFFFFF93B71A
00000000445A
FFFFFFE5F197
FFFFFFAD50CF
FFFFFFC41C3E
0000000B9EC4
FFFFFFFD740E
FFFFFFDCB156
FFFFFFF5A97D
FFFFFFFA6910
FFFFFF39F4B9
FFFFFF2585BD
FFFFFF2367BC
FFFFFF3FB8EE
FFFFFF2230F4
FFFFFF1C9215
FFFFFF5147BB
FFFFFF75ECAA
FFFFFF80E9E1
FFFFFF2988D0
FFFFFF534618
FFFFFF22222E
FFFFFF797349
FFFFFF3C17EE
FFFFFFF19CF0
FFFFFFDFF71A
0000003BB91C
FFFFFFED898B
00000030F430
00000045A6E1
FFFFFFF379C1
FFFFFFE71E8B
0000001414D0
FFFFFFCA689A
FFFFFF8EE3B7
FFFFFFC52748
FFFFFFC39872
FFFFFF9DA7D0
FFFFFFE52EF1
0000001F6319
0000003AA66A
0000001A5A84
0000001139A4
FFFFFFD9EC79
000000102647
0000006C6E4B
000000322008
FFFFFFE39F08
FFFFFFCABDEB
FFFFFFCD5E55
FFFFFFE4314B
FFFFFFCFE53C
FFFFFFFD0272
0000001E4E89
00000053DD33
0000003A11BF
00000051FB5A
FFFFFFE686BC
FFFFFFDF23AF
000000051567
000000203638
0000000C5358
FFFFFFEBC901
FFFFFFE3489E
0000000E39D7
000000181EFC
00000000464D
0000005C2242
0000007DC697
00000066257A
00000025DCC9
0000002B281C
FFFFFFF44703
FFFFFFED4AB4
FFFFFFF87638
0000000FDA17
000000075238
FFFFFFF4F682
000000020EB2
000000171B1F
FFFFFFF329F8
FFFFFFE7BD60
0000004C4AC1
FFFFFFF45E40
FFFFFFC4847B
FFFFFFF0D8BE
FFFFFFF38375
000000388BE9
00000016C65B
FFFFFFFE218C
0000003520AF
000000054222
00000010A211
00000007D639
FFFFFFBE2453
FFFFFFE4629C
FFFFFFE7320A
FFFFFFA6BE62
FFFFFFA73B33
FFFFFFCC42B8
00000021DDA2
FFFFFFFD810B
000000174AE0
FFFFFFF76DC1
0000001A4BEE
000000129A17
0000000A469D
000000337E2A
FFFFFF7D57F9
FFFFFFEB229F
FFFFFFC3F49E
FFFFFFC1AD71
FFFFFFB63D35
FFFFFFB966A8
FFFFFFD7AFAF
000000302B21
0000002237E5
FFFFFFCC3BA5
FFFFFFEB4BA5
000000049F4A
00000018E265
00000001B85C
FFFFFFFD5174
FFFFFFE62350
FFFFFFD0E80A
FFFFFFC8FAB6
FFFFFFCDAFF1
FFFFFFD615D1
FFFFFFDC69C0
0000000A9E48
00000025F356
000000157AA1
0000002F33A2
0000002B119F
0000001A2A35
FFFFFFE58DAD
000000181BAE
FFFFFFAC7F32
FFFFFFAA9D4C
FFFFFFE1D854
0000001A1DBF
FFFFFFDFD84E
FFFFFFBA56FA
FFFFFFEC00AA
000000028A5F
00000012F353
000000459166
0000004DFBBE
00000045129D
0000003CF94C
0000003E4E0D
FFFFFFFB80A3
FFFFFFE5D708
FFFFFFBA330A
FFFFFFEDDF85
FFFFFFCB9756
FFFFFFA63927
FFFFFFE2B6F9
0000000CC80F
0000000E8FAA
FFFFFFDD6888
FFFFFFFAAEA8
00000005B348
0000003D4AAD
0000001BF89A
FFFFFFED69B9
FFFFFFFF4AB9
FFFFFFDFB09B
FFFFFFD575CB
000000087B3D
FFFFFFF56348
FFFFFFF8876B
FFFFFFE5AF38
FFFFFFE76B10
FFFFFFD2787F
000000132B0C
0000001BB275
00000037FDA0
0000002A22D3
FFFFFFFC33F2
0000004400AF
FFFFFFEAF170
FFFFFFC88BD9
FFFFFFE9DFB8
FFFFFFF5899B
FFFFFFEB8D09
FFFFFFEE9618
FFFFFFEC34AF
FFFFFFAD69D4
FFFFFFCF149A
0000000C271F
0000004BA134
000000381D81
000000733180
0000004CC9F7
00000014E100
00000037F27F
000000222F80
0000005D59E9
00000034CB31
FFFFFFF279FD
0000000E81B2
0000000BE5F0
FFFFFFEC745D
00000034D29B
0000001360AC
00000076DFBF
000000820476
0000007D6D0A
00000065527C
000000322BAA
0000003CDA25
00000061186A
000000147484
000000414538
0000004B2AB4
0000001DAA1F
000000517C58
0000003C1DD9
00000046C986
FFFFFFC8794B
FFFFFFC54949
00000010D3F7
000000402E0B
FFFFFFEFD4C0
00000020A0CC
0000004ECCCB
0000001572EB
FFFFFFFC1906
0000005F7FD1
0000002F1CCD
000000543C8A
00000015734C
000000403FCB
FFFFFFEA5BB4
0000000692E0
FFFFFFF189A8
000000052809
FFFFFFF135AB
FFFFFFF758C1
00000027FC1D
00000055DA3A
000000082E8C
0000004BAE9A
00000030B0E8
00000059C717
0000005569B5
000000099948
000000383EB6
FFFFFFF6A016
FFFFFFC0522C
FFFFFFE8E227
FFFFFFC330C9
00000019F31D
FFFFFFF9D750
0000004E8DB3
FFFFFFD54454
00000036E6F4
0000004A81D8
FFFFFFF3135F
FFFFFFE7692F
0000000BE552
FFFFFFDA31A3
000000364CA1
0000002F109F
00000066881D
0000003C11AE
0000008AF4E3
00000034E89D
FFFFFFEDA69A
FFFFFFEE49C6
0000001BB7E8
0000002D4D9E
FFFFFFBABCC4
FFFFFFDB7F41
FFFFFFCFDA3A
FFFFFFCD868D
FFFFFFF3D8C3
FFFFFFBDD1DB
0000001003CD
000000263B4E
0000001B4CAF
000000318176
FFFFFFE7BB29
0000002EFC0C
0000001A25EF
FFFFFFC75C71
FFFFFFC8694C
00000006BF7A
FFFFFFB600C8
FFFFFFAE4441
FFFFFFD10181
FFFFFFB980A7
FFFFFFEB1579
FFFFFFE88178
00000015DF77
000000153E11
FFFFFFDDE4D2
FFFFFFE90EBB
FFFFFFEA7530
FFFFFFD9A66C
0000001A7300
0000000A2A88
00000015D0E2
FFFFFFB6885D
FFFFFFCCE42F
FFFFFFBBD8F6
FFFFFFD84757
FFFFFFE31AA0
FFFFFFD357C5
FFFFFFC37E48
00000015BF83
FFFFFFF029F4
0000001F2D38
FFFFFFE20A3D
0000001074C0
FFFFFFB80318
FFFFFFBFDFB8
FFFFFFE9FF20
FFFFFFCC25E3
FFFFFFCD56EE
FFFFFFCB62C2
FFFFFFB7CBE9
FFFFFFD5C8F6
FFFFFFF6BA11
FFFFFFF1C182
00000033A4F9
FFFFFFCFCFCE
FFFFFFEB1711
FFFFFFCEFC2C
FFFFFFDD379F
FFFFFFC65760
FFFFFFDCC4A0
FFFFFFCD9EB0
FFFFFFB3CCFB
FFFFFFC049C5
FFFFFFC99409
FFFFFFCE5B25
FFFFFFD7B89A
FFFFFFFBEA5D
FFFFFFF97BAB
00000026EEE6
FFFFFFFDE938
FFFFFFD8D978
FFFFFFCBBEB5
FFFFFFE620AA
FFFFFFE48BC3
FFFFFFF1A5F5
FFFFFFDABA60
0000000E060E
FFFFFFD6BCF0
FFFFFFD8BC4C
FFFFFFFEE44C
FFFFFFF5274E
FFFFFFEAE80D
000000933647
0000008D9EEC
FFFFFFD82A16
FFFFFF9ECABE
FFFFFFF3F7CC
FFFFFFC3F03E
00000016F577
FFFFFFFF440D
0000003BB626
FFFFFFD29E7D
FFFFFF9EF61C
FFFFFFDF6A87
0000002263C0
000000008AF8
000000408D77
0000004B67CD
FFFFFFFB718E
FFFFFFD54915
FFFFFFF69F8E
FFFFFFF35AA4
000000263E9B
FFFFFFFA1F94
00000074006D
FFFFFFCC2F65
FFFFFFC759A9
FFFFFFF7484E
0000004D0EC3
0000003510E9
0000000C714A
0000000D6B95
0000007AF8CE
FFFFFFF0060C
0000009726B5
FFFFFFF6DE5F
FFFFFFDE90B6
FFFFFFF21F50
000000278846
FFFFFFC5D2E7
FFFFFFAB2DD1
00000009C9B6
00000035F655
0000007DECC6
00000024E6D6
0000002708E2
0000004B2791
FFFFFFFC8A01
0000006712AC
000000159B5C
FFFFFFD34E6D
FFFFFFDFCFD8
00000007F895
FFFFFFCDA174
0000000295AA
FFFFFFDEB20F
FFFFFFFA4B48
0000003E6A0B
0000003644C4
0000002863F3
00000007328D
FFFFFFD9AD7C
000000117A5A
000000050749
00000015FD14
000000209530
000000306903
0000001804B0
FFFFFFED0DE0
FFFFFFDE43FE
0000002EA333
0000001E89BE
00000008C1A8
00000003DAE2
FFFFFFF5BA9B
FFFFFFF9EFDF
00000026E679
FFFFFFFADF30
000000223547
00000000E055
00000030A027
00000023C302
000000028CDB
FFFFFFE478E5
FFFFFFD77C79
00000009FEE4
0000000CC3A1
FFFFFFFF588F
000000005E6E
FFFFFFE8650B
FFFFFFFF386B
FFFFFFEFAC8B
000000434994
0000004874AA
000000321255
FFFFFFEEF2D9
0000000E295D
FFFFFFF86A47
FFFFFFEB8631
FFFFFFEABEEC
FFFFFFFE5F65
FFFFFFE80409
00000005140D
00000002FEC1
FFFFFFFAB980
000000002DC9
FFFFFFE81684
0000003FD800
0000003D6259
0000003FB3DF
0000003AE91F
0000000F88F9
0000000A8595
0000000D431C
0000001C54A3
00000011DC2E
00000001668F
000000133652
0000002F2BF9
00000046A723
0000001DFF80
000000249D61
0000004B657C
0000005B8C94
00000042AF42
000000447EC6
00000024AE92
0000001ACD9E
0000000CC86F
FFFFFFFEBFCC
FFFFFFF046D1
FFFFFFE4A15D
FFFFFF9E0AAD
0000001F41BB
000000283DE7
00000042D77F
0000005F8E2A
0000005B490F
00000044D52F
00000043C4C3
000000151F44
FFFFFFE2EA9C
FFFFFFEC6F17
FFFFFFF0FB97
FFFFFFDCA4A0
FFFFFFC136DB
FFFFFFCC9E25
00000011AB09
0000003905F9
000000463F62
00000049320F
0000005748E0
0000005B1F4A
00000036E23A
0000000B1FE2
FFFFFFED9809
FFFFFFDA777D
FFFFFFD98D30
FFFFFFE2AA29
FFFFFFC3F0EC
FFFFFFD1CDAC
0000001BE312
00000029CADF
00000039BCCF
00000055ACBE
00000069EFB7
0000005A4E21
00000043AF2C
00000017EB45
FFFFFFEF683F
FFFFFFB55D66
FFFFFFC5C106
FFFFFFE3C282
FFFFFFE40561
FFFFFFBA2CA8
000000023058
0000005564C8
000000527A09
000000548AAB
0000004A0295
00000046B980
000000513F39
0000002C0295
0000001E9ED2
FFFFFFDAA5F3
FFFFFFD180D2
FFFFFFCEFE02
FFFFFFCE1045
FFFFFFC9506E
FFFFFFBFFEF8
00000012ADDB
0000005C5818
00000072FC9B
0000003E9640
0000003E0D6D
0000003F72DE
000000440D37
0000001A6A08
00000025AC79
0000000A5A21
00000011B9F7
00000003B140
FFFFFFE6E2C4
FFFFFFA1555E
FFFFFFCE060D
00000036A226
000000662474
00000044058C
00000041EE7D
0000004C9A94
0000004B7875
000000421E17
00000039FA4A
00000038EF43
000000270FA6
000000246D00
00000010DFDD
FFFFFFE6C524
000000170399
00000007719D
0000004739F6
00000052F8E1
0000004D64DA
000000601CE6
0000005FFC8B
00000039B158
0000004188BC
00000054264B
00000043C667
0000001DCF55
00000037E52B
FFFFFFC479E7
FFFFFFF53734
000000093CF1
FFFFFFF9EF9D
FFFFFFF9FA16
00000034336B
00000053068B
0000003C718E
0000004B69D3
000000429693
0000005421C6
0000003EDE66
0000002534A3
0000002B948A
FFFFFFA9E324
FFFFFFDA6992
FFFFFFC7D484
FFFFFFC51025
FFFFFFD8BDDA
FFFFFFCDC93B
FFFFFFE94828
FFFFFFFC9A68
FFFFFFEEFA63
FFFFFFE9A42F
FFFFFFD7EDDD
FFFFFFD566B2
FFFFFFA03416
FFFFFFAE07DE
FFFFFF9D0478
FFFFFF947A34
FFFFFFE963A5
FFFFFFC36EF6
FFFFFF769EDF
FFFFFF96D3C7
FFFFFFB255C8
FFFFFFF473CD
FFFFFFB4B30C
FFFFFF9E1595
FFFFFF82B991
FFFFFF78F1A6
FFFFFF661061
FFFFFF804504
FFFFFF936355
FFFFFFDEC49C
000000507DDC
0000004BEBA9
FFFFFFE0F650
FFFFFFAD91A0
FFFFFF8F7B57
FFFFFFC15221
FFFFFF9FB31B
FFFFFF843BA8
FFFFFF988154
FFFFFF6F923C
FFFFFF7BC940
FFFFFFA28F80
FFFFFF88535E
FFFFFFE253BC
0000000CACD4
0000006F7B2F
0000004AB2B8
FFFFFFE9E1A4
FFFFFF8AF779
FFFFFFA31B43
FFFFFFA637EC
FFFFFF9AFBEB
FFFFFF9B5944
FFFFFFA471B8
FFFFFFA9B275
FFFFFFA5BFEA
FFFFFF827D4D
FFFFFFC758DC
000000038240
0000001D53F6
00000020894C
000000072E33
FFFFFF8901E4
FFFFFFAFAE39
FFFFFF927D9F
FFFFFF9C4B48
FFFFFFA78593
FFFFFFE1595B
FFFFFFD48F67
FFFFFFE51C2C
FFFFFFEF8C13
0000000E9EA3
0000000A815A
0000001E7E89
0000002512ED
0000003BAC44
FFFFFFC99084
FFFFFFAD20F2
FFFFFFC2C57D
FFFFFFAB2558
FFFFFFCF9D70
FFFFFFA48CB7
FFFFFFE238A6
0000001D856D
FFFFFFAEDF08
0000001DDB69
FFFFFFF0770E
0000000BE4BB
000000002897
0000003CBD98
00000038F906
FFFFFFF7ECD8
FFFFFFEF827F
FFFFFFCA8A63
FFFFFFDC19B1
FFFFFFBFF7EC
FFFFFFD74464
FFFFFFDEA05A
FFFFFF82AAEE
FFFFFFEC7B11
FFFFFFEF6961
000000022B04
0000001922A0
000000207B25
0000004CBF3E
000000370038
FFFFFFFC9F79
FFFFFFA7A42A
FFFFFFB56D5B
FFFFFFBD9D06
FFFFFFC7FAF0
FFFFFFC8249D
FFFFFFB4F589
FFFFFFFAA9A4
FFFFFFED93F6
FFFFFFF45259
FFFFFFFF8900
FFFFFFFF512A
00000020519C
0000004184D3
000000118ABA
FFFFFFD0FC00
FFFFFFC4D558
FFFFFFC20183
FFFFFFC4FF84
FFFFFFB41943
FFFFFFDE4F9F
FFFFFFE4BCF8
FFFFFFEBB7E5
FFFFFFF0786C
FFFFFFEE28C4
FFFFFFFD65C7
00000000D6B3
0000002C5704
00000038DF71
FFFFFFEA3FC6
FFFFFFBC7580
FFFFFFCDD1DE
FFFFFFCB2418
FFFFFFC018FE
FFFFFFB75C70
FFFFFFD688D7
FFFFFFEBB3F0
FFFFFFD045A3
FFFFFFE99919
00000005E949
00000016A37B
0000001126E6
0000005CDF14
00000030D10A
FFFFFFD8C650
FFFFFFF1BF95
FFFFFFD7EC0A
FFFFFFEFC9A2
FFFFFFCCEEDE
FFFFFFC1B48D
0000001390F8
FFFFFFED4CBF
FFFFFFDCDCDB
FFFFFFDC1E54
0000001A0DB2
00000004971F
000000220045
000000312F02
000000171022
00000048ACE5
0000001C8369
FFFFFFDB9009
FFFFFFAC33F3
FFFFFFD486B8
0000002844F6
FFFFFFF75A6B
FFFFFFCBF57B
FFFFFFED9B59
FFFFFFF48D15
FFFFFFFC3DA0
000000249B4A
00000012062B
00000001A775
0000000D6882
0000001BB00B
FFFFFFF746B4
FFFFFFAC6D52
FFFFFFD046F7
00000000C474
FFFFFFC661DF
FFFFFFCA7FF0
FFFFFFEF572A
FFFFFFF1BD1B
FFFFFFFAB779
FFFFFFF988F0
FFFFFFF5F0A7
FFFFFFEE507C
FFFFFFE12CC6
FFFFFFFE5B9E
000000009889
FFFFFFE6D130
FFFFFFD23D72
FFFFFFDFE439
FFFFFFCF8246
FFFFFFDDB2E6
FFFFFFEABC24
FFFFFFDB420D
FFFFFFFC06C2
FFFFFFE2FCEF
0000000040B7
FFFFFFE5EA11
FFFFFFD33811
FFFFFFE65D6A
FFFFFFEB1CD9
FFFFFFA3683D
FFFFFFC582D3
FFFFFF8336DD
FFFFFFE855ED
FFFFFFC44BAB
FFFFFFEFE192
FFFFFFDB7CB3
00000055F489
00000010B221
FFFFFFE87A8B
FFFFFFD4CCE2
FFFFFFF9527F
FFFFFFBBD0C7
FFFFFF98A08F
FFFFFFB385A4
FFFFFFDE44E3
0000000EB87F
FFFFFFECE87E
FFFFFFC7FF8D
FFFFFFD48270
FFFFFFE204E9
000000082AB0
0000002F9A67
000000029B18
FFFFFFF03BA2
FFFFFFD237DF
FFFFFFBBFBDE
FFFFFFDA7CE0
FFFFFFD6079F
00000015B0AC
FFFFFFBF5851
FFFFFFA80B9E
0000004CD1EA
0000006395CB
0000000D10FC
FFFFFFFC7B2D
FFFFFFE539FC
FFFFFFD3F857
FFFFFFF7BEBF
FFFFFFF61F7D
FFFFFFB379E6
FFFFFF9A6D5C
FFFFFFEE32E6
000000377D54
FFFFFFEA5FE8
FFFFFFA335F8
00000022A306
000000136A80
00000017428B
0000000D34C6
FFFFFFC732C0
FFFFFFE780CF
FFFFFFFAC773
FFFFFFFDBC2A
FFFFFFDD8D78
FFFFFFA641E4
000000241C54
FFFFFFC85878
FFFFFFDBC363
FFFFFFD2F489
FFFFFFFB3013
FFFFFFFEDA43
FFFFFFE02535
FFFFFFC0BC26
000000021AA6
FFFFFFCE445F
FFFFFFCBC603
FFFFFFBB5B2B
FFFFFFDD88B4
0000003014B8
0000003540E5
0000001CDE9D
00000015BE21
FFFFFFC8AF4E
FFFFFFD54008
FFFFFFEEA77D
FFFFFFBB293E
FFFFFF8A78EB
FFFFFFC635E6
FFFFFFB2E5AC
FFFFFFB90705
FFFFFFD06806
00000021DA08
00000021D938
000000051D67
FFFFFFF82C24
FFFFFFF5E6E7
FFFFFFDD1BFA
FFFFFFDEBD7C
FFFFFFF0CA06
FFFFFFADFD95
FFFFFFB8CF45
00000047F954
FFFFFFDCE906
FFFFFFC9BE76
FFFFFFFEA3FC
000000126C2D
FFFFFFF3F6F0
0000000E0E69
00000009127D
FFFFFFCF2817
FFFFFFA07CAB
FFFFFFC7CE5C
FFFFFFFAAE7E
000000093254
00000002318C
FFFFFFFE4503
FFFFFFF67EAA
FFFFFFBC9B61
FFFFFFE5F61A
00000016B8D3
000000068DE8
FFFFFFC1574B
FFFFFFA76E06
FFFFFFF0EB03
FFFFFFCD9DE6
FFFFFFF6F71E
FFFFFFF5BA8B
FFFFFFE1DBBB
FFFFFFEA8203
FFFFFFEC84F9
FFFFFFDD1AB5
FFFFFFDB6C8B
FFFFFFF2157E
FFFFFFE391E5
FFFFFFD956E2
0000002B0AB8
FFFFFFD46005
FFFFFFB94F4D
FFFFFF772961
FFFFFFF83EA2
0000002E6071
00000035618B
FFFFFFE43EA3
00000000662F
FFFFFFB3073A
FFFFFFDD5FF6
FFFFFFBCBCDD
FFFFFFA30DAB
000000013AE1
000000125782
FFFFFFF23581
FFFFFFFDA66F
FFFFFFF0C9B3
FFFFFFEC1817
FFFFFFEBC999
000000007996
FFFFFFDC09AF
FFFFFFE96A23
FFFFFFF78997
FFFFFFC74CC2
FFFFFFD00A95
00000006ED31
0000004B5971
FFFFFFE9DDED
FFFFFFFB9011
FFFFFFB9E1F4
FFFFFFD72EBE
FFFFFFE8FEB3
000000093B35
FFFFFFB7E785
FFFFFFDFD75B
FFFFFFF64948
FFFFFFF427E0
FFFFFFCCE430
FFFFFFCB3401
FFFFFFD756DF
00000049659D
FFFFFFDA7CDF
FFFFFFCE7EAF
FFFFFF96A762
FFFFFFC5F26C
FFFFFFBE248C
FFFFFF95986C
FFFFFF9C4148
FFFFFFB99F43
FFFFFF809BBC
FFFFFF898CA4
FFFFFFAFEBFB
FFFFFFAE2F8A
FFFFFFBA1A6E
FFFFFFAC4953
FFFFFFD34647
FFFFFFC6CA00
FFFFFFD3E88C
00000020519B
00000002DCDF
FFFFFFC467CC
FFFFFFB5AC33
FFFFFF823F4D
FFFFFF90AED0
FFFFFFE6D8C8
FFFFFFE5911F
0000000A2546
0000001BA106
000000054C9F
FFFFFFE20132
000000125AA8
FFFFFFF7641F
FFFFFFE339E2
000000348D08
00000003033C
FFFFFFC38783
FFFFFF5D7D5F
FFFFFFAFD56E
FFFFFFFDB0DB
0000001B881F
FFFFFFF7959F
0000004945D0
00000038FFC8
000000133199
FFFFFFE26F2C
FFFFFF833716
FFFFFFE85DD1
000000246348
0000000542E3
FFFFFFE022B5
FFFFFFBC8531
FFFFFFBD3D08
00000010069E
0000000F9AB8
0000003CA830
0000004380A1
0000000B5CD4
000000157E88
FFFFFFF2ED49
0000002C7B6E
0000000A4224
FFFFFFA11EFB
FFFFFFAA8E65
FFFFFFF502C3
0000000CFB87
FFFFFFF97A38
00000025DE67
000000340BB1
000000368300
000000554830
0000003B09AB
000000141D0E
FFFFFFE4459F
00000040B853
000000596D75
FFFFFFE431E3
0000000E6A6C
0000000DA9F1
000000045A38
00000022F5C6
0000003B85E4
0000000DE757
000000012421
00000043E8F1
0000002FE227
FFFFFFA0F848
FFFFFFF6DC35
000000187F0B
000000082CD6
0000000F1ECC
0000000B4D88
0000004622CE
000000219F6A
FFFFFFF099DD
0000002BFEFE
00000026743F
00000022696C
FFFFFFFFCA0A
FFFFFFB66134
FFFFFFF137DB
FFFFFFF6C9D3
000000095227
FFFFFFFF7311
00000010B43C
0000001026DA
000000362B0E
0000002020C9
000000376C90
0000005BB2EC
00000068D2D0
00000037697B
FFFFFFDE3E5C
FFFFFFF26F8D
FFFFFFD9D428
000000352DE2
00000021921E
00000018B01A
000000066F19
000000037356
00000011AA6E
000000130CF2
FFFFFFECC6CA
00000051C39B
000000477C79
000000417957
00000032B06E
000000125596
FFFFFFD97D7F
0000003A8C68
000000148C48
000000468995
0000000E4111
FFFFFFD008DE
FFFFFFE0E27A
000000154298
0000000AC4F5
00000026DBC1
00000051E4F9
0000004396B6
0000002FDEF7
000000227A8C
00000019BDCF
00000051BB0F
FFFFFFF375B4
0000004095A7
FFFFFFFFA5B0
00000010E555
0000000D28F5
000000355060
FFFFFFEF8BD2
00000028C318
00000045C105
00000037DBED
00000034FFB2
0000004F6493
FFFFFFFA6810
00000031572A
FFFFFFFD6B72
000000392A8A
0000000A8F00
00000014A76C
0000000E4408
000000481E52
FFFFFFF3325B
000000164060
FFFFFFC97486
FFFFFFF61EA7
0000005023F3
0000001B87F6
000000004963
00000020382D
FFFFFF8DD6C0
FFFFFFEF5DBB
0000002303A3
0000003962BE
0000000400ED
000000317618
00000043F0AD
0000001F4CEE
00000005E661
0000001A64B6
0000001EBC6E
000000186E71
00000009E01A
00000025C589
FFFFFFAD825A
FFFFFFE3FFE9
00000002F3B3
FFFFFFDCD79B
0000003E890E
000000354A13
000000119F30
FFFFFFED4910
0000000B4903
000000641176
000000367B1E
00000004D511
000000117FC6
0000005673CF
0000002AE989
00000023DDCC
0000003B43B7
0000003FE734
0000000C1A1A
0000000FA1AB
000000515A7D
000000274410
00000035EFDA
0000003FA796
00000003505D
00000010AF60
0000001081EC
00000035C6B7
0000005B01AD
0000002A3F8E
00000029D858
00000039E97D
0000002F4300
000000193DC7
0000001F0091
0000001AAFC1
FFFFFFF8F616
0000000498EC
FFFFFFE3CEF4
FFFFFFE6118B
0000001099AA
000000018FB0
00000007725D
0000001AAE3D
FFFFFFF46A9B
0000003687D7
FFFFFFFC2D1D
FFFFFFFB1600
0000002C8FD8
FFFFFFC24D05
FFFFFFD51CF0
FFFFFFD8DC64
FFFFFFF463FC
000000043792
000000120586
FFFFFFFD761B
FFFFFFDAAA4A
FFFFFFC6CB27
00000031C800
0000004AB7B8
FFFFFFFDF328
00000022CF2B
0000000A3650
FFFFFFCD1678
000000120A0D
000000035025
000000372A8B
FFFFFFF2BA15
FFFFFFE00E36
00000011B014
00000012C7BA
FFFFFFF554C9
00000023DCF2
FFFFFFEC3D1A
FFFFFFCD0D51
FFFFFFFFC218
0000002433D6
00000016B07F
FFFFFFD58C28
000000079AEC
00000036D0B7
0000001FBE9B
FFFFFFA93929
FFFFFFF7E798
FFFFFFCF8395
FFFFFFFE512B
FFFFFFDC2EB0
FFFFFFAC03EE
FFFFFFBCAFCC
FFFFFFDF3B38
0000001ADED9
000000096395
FFFFFFE4C3BE
0000001861CB
0000002B408B
00000028FCFF
FFFFFFD9E74A
0000003EF68A
000000777296
000000279BAF
FFFFFFBF54CD
FFFFFF7ED723
FFFFFFBEAE95
FFFFFFF09FE1
0000002AAA60
00000037C45F
0000002469B8
00000005EFDC
0000004821B6
0000003C010A
FFFFFFD63D99
FFFFFFCEAA3D
FFFFFFEBC717
FFFFFFFF3307
FFFFFFD53FF8
FFFFFFD9AE2E
FFFFFFE6DF5D
00000039E55A
0000002BCE20
000000314A9D
000000200246
0000000C3923
FFFFFFBBC64C
FFFFFF730725
FFFFFFE32A10
0000000FF599
0000000883D5
FFFFFFE8991F
FFFFFFD8E621
0000000A9478
FFFFFFFCEFC1
FFFFFFC031E0
FFFFFFA26BCA
FFFFFFE67001
FFFFFFDD5D43
FFFFFFCDC5BE
FFFFFFD3B2B5
FFFFFF979F3E
FFFFFFAA0B7C
FFFFFF89A8C7
FFFFFFEC2001
FFFFFFE23FB5
FFFFFFE8DC52
FFFFFFFBD32F
FFFFFFC9572B
FFFFFF8F2755
FFFFFFA79785
FFFFFFD2D7B1
FFFFFFC2E0AE
FFFFFFD02528
FFFFFFCEC987
FFFFFF9B6236
FFFFFFBCBEF8
FFFFFFDCBDBE
FFFFFFFBADC9
FFFFFFFCD0E2
FFFFFFC429DC
FFFFFFAA14A0
FFFFFFDCF333
FFFFFFB4D98E
FFFFFF97B655
FFFFFFDA5AB8
FFFFFFED6F06
FFFFFFE2774D
FFFFFFC73375
FFFFFFCB61EF
FFFFFF8B96FC
FFFFFFA6667F
FFFFFFF6A4E6
0000001368B8
FFFFFFC6535E
FFFFFFCBFAD6
FFFFFFF1B626
FFFFFFCE2A38
FFFFFFC5C0F1
FFFFFFDE898C
FFFFFFEA461C
0000000860E4
0000003B3835
FFFFFFF61167
FFFFFFA0CFFD
FFFFFF850BE8
FFFFFF8C8BC6
FFFFFFE76E5A
FFFFFFFCA51D
00000066F2AB
00000099DE68
00000060925D
0000001434FE
FFFFFFEC1A9D
0000002D3240
0000000CBBEB
0000001A23EF
000000059F89
FFFFFFCFA1FA
FFFFFFB60DFD
FFFFFFBDAF31
FFFFFFAC2C3C
FFFFFFC1B6E6
FFFFFFDA0700
FFFFFFC774BD
FFFFFFED90A8
000000007F4C
FFFFFFEC27CE
FFFFFFF99239
FFFFFFB3D2BF
FFFFFFE96DCD
FFFFFFC3A59A
FFFFFFDE2C20
00000013E3FB
0000001F23BD
FFFFFFD24FEC
FFFFFFCF6F6A
000000791BD4
00000009DB28
FFFFFFE5E68D
0000004864A1
000000589625
00000052EE9D
0000001FD15C
0000003B708A
0000003810FE
FFFFFFBFD554
FFFFFFE36FB0
FFFFFFDFE440
FFFFFFC4BF6A
FFFFFFC891AC
FFFFFFC8E825
FFFFFFE198A6
FFFFFFFC6E68
FFFFFFF030FB
FFFFFFBAFBD5
FFFFFFCC97F2
FFFFFFC3DF49
FFFFFFDF2287
FFFFFFA24F19
FFFFFFAB2770
FFFFFFD4DA3F
FFFFFF96FC77
FFFFFFD6C6A9
00000009150D
0000001FFB24
000000108D5C
FFFFFFD6D498
FFFFFFF8D3DE
000000133E20
000000118D8D
00000029B959
00000039A8C6
FFFFFFFA8212
0000000325B9
0000001DA445
000000635D75
FFFFFFED844B
0000001C553A
000000339D22
00000055E25C
00000051C55C
000000530B8A
000000597459
0000003B8B05
00000048DA1B
0000003EC642
0000002C13E7
000000405AD3
000000579A6A
0000001C73B8
FFFFFFEE7ED9
00000084EB07
00000048F736
000000537B13
0000005E2C14
0000005C1A72
000000400187
00000061177A
0000003D4A7A
000000549604
00000055253F
000000469096
000000801E0C
00000030B7F7
000000086E1C
00000025F523
0000001378B1
000000714BBD
00000038AAB3
0000003FE63B
00000028A02F
00000052761A
000000224AC0
000000301766
00000029F327
000000258882
00000035574F
0000004BB4D0
0000002E795B
0000000DEACD
FFFFFFDFBD3D
000000178B8F
0000003BD891
0000003AE66D
00000042C9AC
000000513C19
000000639263
00000043BE51
000000506CA8
000000625F21
0000001D69A3
000000590F1F
000000335E1C
000000124457
FFFFFFE7BC49
FFFFFFDED787
0000002305B2
000000301911
00000037DF9F
00000033EB71
0000004D0FAD
0000003FC680
000000366813
0000006CDA5D
000000246480
000000217AC4
0000001714D2
FFFFFFFE46ED
FFFFFFF93EC5
FFFFFFCBF1CF
FFFFFFE27EF3
000000343183
00000038B5B7
0000002B9A2B
000000375FCA
00000028A310
000000445A94
000000396133
00000011FE59
000000176657
0000001D4977
0000001C10B7
00000025657A
FFFFFFE58D55
FFFFFFC99D09
0000001935C9
0000003670D9
000000269DC9
00000023CA65
000000320852
0000004AEF17
0000002FD6C0
0000003AB4E6
0000002E72C6
00000017E28D
0000001F7F7B
00000002CDDA
FFFFFFFEB550
FFFFFFD4E4C0
FFFFFFE05CC5
000000380EAF
0000005AD946
000000472F82
000000476B8D
00000048F81C
00000028F81F
00000053D0A7
00000023E9DB
00000037CBBC
00000013AE93
00000006BF9E
FFFFFFFBC48E
FFFFFFE95E50
FFFFFFC187D3
000000173437
0000007AA3B9
0000004E34B9
00000070FE61
0000006F24B1
000000112C3F
0000004124B7
0000003782A0
0000003CA666
00000036D995
000000487914
000000163AE8
FFFFFFF69B66
FFFFFFDABEDB
FFFFFFF17553
00000011DE9E
FFFFFFE1A295
000000117DA1
0000009024C7
0000000D74CD
00000023BD7C
000000230CCC
000000422567
0000003DDDE1
00000043DEF3
0000001DA46C
0000000D3136
FFFFFFF54D9F
000000093154
0000000D3B6D
FFFFFFF51B55
FFFFFFDA0E78
0000002E665A
0000002BD7BF
0000002EFC18
0000004671BE
00000059E873
000000413B12
0000004428B9
00000041AACD
000000463A39
000000288F89
0000003A8497
0000003FBBD3
00000051EDCD
0000004B4457
0000004664FD
0000002C8328
000000566A4B
0000003353C2
00000055B521
00000038CD34
00000037A4FA
00000064815C
0000006E8081
0000006CF218
00000058C170
0000006AEE5B
0000005CF51B
0000005E0789
0000007AF667
FFFFFFD2F453
00000011B5EE
000000184C5C
00000033435E
FFFFFFF61587
FFFFFFBB8185
FFFFFFF5E517
FFFFFFAD9C2A
00000031A87A
FFFFFFFB24F9
00000012FBFC
00000021BF37
0000004E4572
00000037E68C
FFFFFFE99DAD
000000611524
00000084308F
0000008C93AE
000000550587
0000000EA46D
00000020906A
0000002CB471
00000033707C
0000004A4BEC
0000004C7566
0000003A930C
0000002D58A4
000000206890
00000007B527
0000006919DF
FFFFFFBFA08D
FFFFFFC43DB3
00000073AEE3
0000006DAA35
0000002F26E2
0000002CE148
000000008888
0000000874CF
0000001F0DE1
000000674E19
0000000EC408
00000043AB36
000000225B85
000000AFFB40
00000027EDDC
000000036E3B
0000001125D5
0000004D87FC
00000074F64E
0000005446F5
0000003B44FE
0000003306AA
00000010B059
0000000CCB70
FFFFFFE835DF
0000004038E1
00000057F9DC
0000006E4469
0000002E287B
FFFFFFE9AD06
FFFFFFDCF4D9
0000000AA7CF
000000858778
0000004C34D1
0000006171F1
0000003E21CB
00000027136C
0000000342BD
0000001D6A9E
0000001A3F54
FFFFFFEF7981
FFFFFFC61A84
FFFFFFFCF69D
FFFFFFEAE98F
FFFFFFE0160B
FFFFFFCC70CD
000000730727
0000003B4C42
00000005B5EE
FFFFFFFB611E
FFFFFFF0E861
000000017C1B
00000002025C
00000005CCE2
FFFFFFF41824
FFFFFFC5AA50
FFFFFFDB5022
FFFFFFDC3A03
FFFFFFD7315B
FFFFFFD01AFD
FFFFFFBE9465
0000002ED6D2
0000003CDBAE
00000000C7C9
FFFFFFF51224
FFFFFFE5F673
000000026321
FFFFFFFEC680
0000001AF080
FFFFFFC01547
FFFFFFDF8B65
FFFFFFEE55FD
00000000CDB8
FFFFFFF2D941
FFFFFFDCF946
FFFFFFF017BB
00000053F9D0
0000001F3EB9
FFFFFFDC942B
FFFFFFE2B5F7
00000007EE8D
00000002241C
0000002558CF
FFFFFFE68FD2
FFFFFFE9B21A
FFFFFFD9A76B
0000000222EE
FFFFFFFFD813
FFFFFFEA058E
FFFFFFD4FA71
0000002D570B
0000004D8C32
000000176B99
0000000FFCF8
000000148B7C
000000080B45
FFFFFFFF5028
0000003E7DFB
FFFFFFF4263B
FFFFFFFB0718
FFFFFFD6DD79
FFFFFFE21461
FFFFFFEB9CEA
FFFFFFD22253
FFFFFFCEAC95
0000003BADA1
0000005FCBCB
00000048D5BA
00000047B553
00000031984D
FFFFFFEFCBE5
FFFFFFE65CFF
000000157C8E
0000000FD23A
FFFFFFFC4949
FFFFFFF79E13
FFFFFFF4FD1D
FFFFFFBD597F
FFFFFFC6DF9C
FFFFFFEB29E4
0000000AEB4E
FFFFFFD2B999
FFFFFFB0B85D
000000160994
FFFFFFA9A4E4
0000000BC655
00000045A454
0000002CF03E
0000003215FD
0000000176F6
FFFFFFFB1140
FFFFFFC34E68
FFFFFFCD22B1
FFFFFFF165CE
FFFFFFCB5520
FFFFFFD33E3D
FFFFFFACB37C
FFFFFFCF8A5D
FFFFFFF85530
0000003DA30B
000000811CD4
00000041CF5F
000000476FF5
00000067A9A5
0000001C64EF
FFFFFFFDF3FD
FFFFFFF59A02
00000009A855
000000145A3F
00000041024A
00000019990A
0000001AA3BA
FFFFFFDC9D78
0000001043B1
00000011CF2D
00000034B2C5
00000023E2D4
0000003AB7A6
00000061FBD6
0000003C6E36
000000308EDD
000000367F8D
000000306C72
00000044F2D0
000000367177
00000044585D
FFFFFFDF7519
FFFFFFDC041B
FFFFFF6CB081
FFFFFFC66A61
FFFFFFC2C32B
FFFFFFB868BB
FFFFFF912445
00000016504B
FFFFFFD83225
FFFFFFF5DA0F
FFFFFFC53786
FFFFFFB5476E
FFFFFFBC44DE
FFFFFFCFE845
FFFFFFBF8F0E
FFFFFFB6798E
FFFFFFDCA5D7
FFFFFFBE1655
FFFFFFBFF968
FFFFFFC25295
FFFFFFE2FDF1
FFFFFFD11BAD
FFFFFFB642EC
FFFFFFC403A9
FFFFFFC18A46
FFFFFF9E69F4
FFFFFFB1DB80
FFFFFFE854BB
FFFFFFDC0DCF
FFFFFFC30DF5
FFFFFFDD387A
FFFFFFC0AFEC
FFFFFFCB2A6A
FFFFFFD67799
FFFFFFC6F1CC
FFFFFFAD1A56
FFFFFFDE5D69
FFFFFFC1655A
FFFFFFDDF2DB
FFFFFFF77749
FFFFFFE305DB
FFFFFFC4AA32
FFFFFFF6C60D
FFFFFFDCF88E
FFFFFFD6AE1B
FFFFFFF22D40
FFFFFFCA6FA5
FFFFFFE15D4E
FFFFFFBF3AF7
0000000050E9
FFFFFFBB0226
FFFFFFF8C972
FFFFFFF994B3
00000009895F
0000001F94AA
000000130D66
FFFFFFB90BE7
FFFFFFB95646
FFFFFFB6A03B
0000000EA08D
FFFFFFE4C1EE
FFFFFFB51DBB
FFFFFFC8BC97
FFFFFFE275F2
FFFFFFCABFE8
FFFFFFEBEBAD
00000000A587
000000051742
0000001BD6F9
0000002D615F
FFFFFFF9D7B7
00000018AD79
FFFFFFF9AE34
FFFFFFC5514B
FFFFFFD320B2
FFFFFFCCE09D
FFFFFF9DD976
FFFFFFBB6995
0000000A44A3
FFFFFFEA17B1
000000033DA8
00000009A5C9
0000002BEAAB
0000000850C4
00000001B073
00000015D40C
FFFFFFF6B2D9
FFFFFFD8018D
FFFFFFE83D4C
FFFFFFF7D3E6
FFFFFFC38244
FFFFFF9D16F3
FFFFFFFF1912
FFFFFFF2337B
FFFFFFFD3A8D
FFFFFFFF5895
FFFFFFF3A8A1
FFFFFFF36AA3
FFFFFFF5BCAC
0000000282A6
FFFFFFB47BB1
FFFFFFB2777E
FFFFFFFC550D
00000001419B
FFFFFFE5AD13
FFFFFFC7490C
FFFFFFB2B98B
0000000229F0
FFFFFFDD2AE3
FFFFFFE2525F
FFFFFFF5269B
FFFFFFC816C8
FFFFFFFE3D7E
FFFFFFE8D132
FFFFFFDA8D88
FFFFFFF365E3
00000003456C
FFFFFFF84927
FFFFFFE5053C
FFFFFFE14602
FFFFFF9547A6
FFFFFFD6774B
FFFFFFE5BF98
00000002419C
FFFFFFF30591
FFFFFFE14453
FFFFFFFC779D
FFFFFFEB6386
FFFFFFDB5297
FFFFFF9C5F25
FFFFFFCB8EBD
FFFFFFFBA5B8
00000004D40F
FFFFFFEC7F97
FFFFFFCFB667
FFFFFFC187A0
FFFFFFB1C894
FFFFFFAB3104
FFFFFFAED622
FFFFFFE1FED9
000000029A8C
FFFFFFCC2AF3
FFFFFFC3611B
FFFFFFC6293B
FFFFFFBBC76A
FFFFFFD12504
00000010461F
FFFFFFFBD7BC
FFFFFFF98F15
FFFFFFFC1DDA
FFFFFFCF3462
FFFFFFEC80D6
FFFFFFEDDDE3
00000003C181
FFFFFFDF7BF5
FFFFFFE41D3F
FFFFFFE22896
FFFFFFF22BB4
FFFFFFDFB843
FFFFFFE70925
FFFFFFD87FD7
FFFFFFCF15B2
0000000263C7
FFFFFFE68BBA
FFFFFFE268CC
FFFFFFCAFBE5
FFFFFFE1D0DA
0000000D6EB2
FFFFFFCEF13F
FFFFFFF69139
FFFFFFD32B97
FFFFFFE7C0AA
FFFFFFDF9FEA
FFFFFFF7187D
FFFFFFD528C3
FFFFFFD9E9EE
FFFFFFED1656
FFFFFFCBD3B8
FFFFFFD8EE0A
FFFFFFC3F794
FFFFFFC5A746
FFFFFFA45644
FFFFFFF19E8C
FFFFFFE93008
00000021D199
FFFFFFFEA40B
FFFFFFCB4D44
FFFFFFDC6E9F
FFFFFFEF8DE4
FFFFFFCB70FC
FFFFFFAE9DB6
FFFFFFF4C5AC
FFFFFFDCD737
FFFFFFE05810
FFFFFFF24F67
FFFFFFDB39E8
00000002EEE7
0000000710B8
000000261BE2
00000019696D
0000002B68A2
0000008AD670
0000003AE03A
000000262B60
00000018C2C5
0000001AAC4D
000000032BB2
000000010321
0000002757C0
0000002CB421
0000000D1A7C
0000001BA8C0
00000037F23F
0000004BA425
0000001CE4F2
0000000EB1C5
000000122613
0000003164D7
0000003BDCE3
0000000BB574
0000001823DD
0000001D3E72
000000374D85
00000015A2C2
00000015A7EA
00000013089D
0000002C0BD6
00000024A68E
FFFFFFF01DFC
0000001C5888
000000071A80
00000005DABD
00000015A0B8
0000001292BC
FFFFFFE2DC78
00000025D012
00000023695A
0000002CD3C9
00000016DA9F
000000205148
00000043CBEB
0000004E6EAD
0000000F5006
000000139E3D
FFFFFFF162A5
0000000995A1
0000002D2969
00000014A217
0000000A7E74
FFFFFFFC7129
0000002E17C2
0000005E3ADA
000000418D5D
000000656C70
0000005DC64F
000000322CFC
FFFFFFC8058C
FFFFFFE682D0
0000003B16FB
000000480704
00000041F553
000000274237
00000027A9AF
00000020889A
0000000490A2
00000022EEE2
0000001BC8F6
000000006FA0
FFFFFFFC3FC6
FFFFFFE65894
FFFFFFD2EE6C
FFFFFFBF446F
000000363452
0000003E9C6C
FFFFFFE1849C
FFFFFFCB50C8
FFFFFFE8BB91
FFFFFFE1CD3D
FFFFFFBFDD61
FFFFFFDC8FA8
FFFFFFE90E0D
FFFFFFF63BAC
FFFFFFD77C90
FFFFFFE31A6E
FFFFFFDE9F07
FFFFFFC6A0FA
FFFFFFBCA078
00000013E977
FFFFFFF86F0B
FFFFFFC64547
FFFFFFD126B1
FFFFFFB6DEFB
FFFFFFBA2372
FFFFFFCF89FE
0000002B6655
FFFFFFDE59C1
FFFFFFEC0CFD
FFFFFFEE12E9
FFFFFFE1391B
FFFFFFD2277F
FFFFFFBBF33F
FFFFFFB4D16F
00000014CF5C
FFFFFFC882C0
FFFFFFC20C39
FFFFFFC66289
FFFFFFC4855A
FFFFFFA84319
000000257A38
0000002D9EA7
FFFFFFFE1535
FFFFFFEA96CA
FFFFFFDD9C05
FFFFFFCE4BAD
FFFFFFBFAAC8
FFFFFFB597EC
FFFFFFDA9153
000000046B86
FFFFFFD4C601
FFFFFFDBCD63
FFFFFFBEDFEA
FFFFFFBB1F63
FFFFFFC431A8
0000001D4914
000000209154
000000405895
FFFFFFFAF185
FFFFFFD15C5D
FFFFFFBCF637
FFFFFFC6BB8B
FFFFFFB19852
0000000AE564
00000004AF4F
00000013E529
FFFFFFF4E02F
FFFFFFFF7A9B
FFFFFF972FD4
FFFFFFE76EEB
0000002E5306
00000044B878
0000000063ED
FFFFFFAAEA0D
FFFFFFDC15A9
FFFFFFFE2584
FFFFFFEA9007
FFFFFFDD00FF
FFFFFFF994EE
FFFFFFF5B36D
FFFFFFF0CA32
0000002D6A62
FFFFFFF2FDCD
0000002F15EC
000000700741
0000002D7F57
000000114723
FFFFFFDE1378
000000193AC6
FFFFFFF33D2B
FFFFFFECB13F
FFFFFFF879B0
00000014FEA8
00000007FC23
FFFFFFF21D99
0000002AE353
FFFFFFBD6B19
FFFFFFFB98C1
FFFFFFF88113
FFFFFFFCC57D
00000007E50A
00000042F7D5
0000007639CA
00000029C671
000000290943
00000005BDDE
0000004A185A
0000002A6F14
00000046FB05
0000004EB9A2
FFFFFFFD4CDF
FFFFFFD284EC
FFFFFFC1EA6B
FFFFFFC8D53D
FFFFFFBD5C87
00000008777F
000000103BD3
000000431039
00000046D8D6
FFFFFFF1172E
FFFFFFF2C4CE
FFFFFFD38D83
FFFFFFD3EDC6
FFFFFFF15D62
FFFFFFE5B1FA
FFFFFFC96636
FFFFFFCF29BD
0000001E428E
0000003D0797
0000004ED02C
000000641174
FFFFFFFC5CDA
00000010AB7F
00000048C07B
000000100CBB
0000003CF72C
0000001F2309
FFFFFFD890E2
FFFFFFC95623
FFFFFFC7E6B8
FFFFFF698158
FFFFFFCCF4C2
000000060A5F
0000002F51D4
0000003B480E
00000043E780
0000003C1383
00000028ECE9
000000160C23
000000205CBD
0000000918E6
FFFFFFCC45B8
000000332067
FFFFFFA7217A
FFFFFFBAEE7E
FFFFFFC14D6C
FFFFFF818D8F
00000008CFBF
00000024F6B5
0000003CC34D
0000005BA4DA
0000004AEAA2
0000003330F9
000000084470
000000103A19
0000002D31B3
0000000C418B
FFFFFF7F0E18
FFFFFFDC3DAF
FFFFFFCBB930
FFFFFFDB2BE2
FFFFFFF7588D
0000001A000D
000000249A55
0000000C45F2
0000001E2521
0000001576D9
FFFFFFE89841
FFFFFFB91E4D
FFFFFFEF1E37
FFFFFFEA2B8F
FFFFFFB17321
FFFFFFDCA860
FFFFFFB60FF3
FFFFFFCEABAA
FFFFFFC1B2F5
00000001613B
0000001FD339
00000027AE2C
0000000D17C4
000000213E42
0000002D155C
0000001ED0CA
0000006A783B
000000041437
FFFFFFC87404
FFFFFFC8D21F
FFFFFFD08B4C
FFFFFFC4F609
FFFFFFE40363
FFFFFFDD6480
0000005FE9D1
00000061AB19
0000005879C3
0000005F48C8
0000005BC8AF
0000006D53EB
000000834D4D
00000035ACF0
FFFFFFCD6280
FFFFFFC568EB
FFFFFFCF5AAC
FFFFFFDCA448
FFFFFFDA8C42
FFFFFFC71F47
00000018215B
00000063ECBB
00000062B6F6
0000005D23C7
00000058307C
0000005F9757
0000008B5C77
00000007827E
FFFFFFCB585C
FFFFFFE6884A
FFFFFFEB1E98
FFFFFFE6F0DE
FFFFFFCA4330
FFFFFFC03D65
FFFFFFC54DC5
00000049E522
000000917656
00000071E718
0000004D36E4
0000005C54CE
00000074D725
0000002F1F37
FFFFFFF7CBBC
FFFFFFF55962
FFFFFFE69EC6
FFFFFFBBB17F
FFFFFFC31130
FFFFFFB9F954
FFFFFFCDE271
FFFFFFEED50B
000000720DB7
0000008307DC
000000630545
00000064CCFA
000000752172
00000074E410
0000005DD97F
00000002E6A9
FFFFFFFC616B
FFFFFFB7E2E2
FFFFFFC04239
FFFFFFB3AE21
FFFFFFC40FE5
FFFFFFC7D3FF
000000196E4F
00000057B8F1
0000002BC2A6
00000044D91C
00000084E1FB
00000073971D
0000006C8D32
FFFFFFF9F740
0000000F38D6
FFFFFFF6EFCE
FFFFFFEA10F5
FFFFFFCAE07D
FFFFFFD250ED
FFFFFFCCFADD
FFFFFFD2EC0B
FFFFFFC92BEB
FFFFFFD46162
FFFFFFB13CA9
000000435B4D
000000744CDD
000000576299
FFFFFFE56EE4
FFFFFFEE4910
0000000A09CC
FFFFFFD813E1
FFFFFFE922FD
FFFFFFD663CC
FFFFFFC9B6D4
FFFFFFB27BF4
FFFFFFC05C11
FFFFFFBD2314
FFFFFFB2428D
FFFFFFE4BE05
000000565AEA
0000005116D6
0000003F1676
000000507CD9
000000566C39
FFFFFFE93880
0000001E743C
FFFFFFC9C90E
FFFFFF984EAC
FFFFFFBDF961
FFFFFFDD788E
000000000D78
0000000FA030
000000241D4D
000000966A0E
0000009A59D8
000000919009
000000A64F6E
000000A58E18
0000007C09F4
000000675490
000000652C67
000000723FC9
0000007CE37C
000000897826
000000891F7D
000000997ED5
000000B335A8
000000619264
00000010CF6F
0000005EA568
00000012E78E
00000025044D
FFFFFFE86AB0
FFFFFFCC283D
000000297C24
000000213B46
FFFFFFDF686A
000000155929
FFFFFFE9D4E0
FFFFFFE90BD2
FFFFFFF180C7
00000055CB7C
FFFFFFCBCDB1
FFFFFFFE02B7
FFFFFFF2039F
FFFFFFE09454
FFFFFFF83EA0
FFFFFFFB049D
FFFFFFCB9777
FFFFFFD142F0
00000010B278
FFFFFFED646C
FFFFFFE42CCD
FFFFFFD611C9
FFFFFFE44991
FFFFFFF338BA
FFFFFFB7CA6A
FFFFFFE35C61
0000000F0B9D
0000000A0BD8
FFFFFFA025AF
FFFFFFB3594E
FFFFFFC39F51
FFFFFFA8B7F0
FFFFFFDBCB5F
FFFFFFD3AB31
FFFFFFB7EA6C
FFFFFFEF0E46
FFFFFFCB6D31
FFFFFFB884CB
0000000C040A
FFFFFFE9F12E
FFFFFFB31AB7
FFFFFFC4D847
FFFFFFF3A43C
FFFFFFBA3943
FFFFFFC9060B
FFFFFFB034F6
FFFFFFB46732
FFFFFFC0B3E2
FFFFFFC457E9
FFFFFFCB01A7
FFFFFFC1F90F
FFFFFFE9E44A
FFFFFFFFF9DD
0000000E158B
FFFFFFCA8377
FFFFFFF13F5F
00000025CD47
FFFFFFBDB6A8
FFFFFFD11788
FFFFFFB56520
FFFFFFB4E1D5
FFFFFFCCB6BB
FFFFFFAD1D22
FFFFFFB2128C
FFFFFFCF4994
FFFFFFCA217A
FFFFFFD31746
FFFFFFF0E2CE
FFFFFFD6F09F
FFFFFFD18F55
FFFFFFF6B46F
FFFFFF9B4D1B
FFFFFF6B036C
FFFFFFC06F90
FFFFFFDE8660
FFFFFFE0B0D8
FFFFFFBD798C
FFFFFFC684C5
00000000EF80
FFFFFFED7382
0000000626AE
FFFFFFEEC782
FFFFFFD71C03
FFFFFFE14998
000000002603
FFFFFFF36BBB
000000114DB1
FFFFFFE27931
FFFFFFA95CB0
FFFFFFC7F9ED
FFFFFFF6B06A
FFFFFFDC6672
FFFFFFE7DF05
0000001D9BEA
00000013AD1B
FFFFFFE52A6E
FFFFFFC38CC9
FFFFFFE43BC2
FFFFFFDE3EAB
FFFFFFF8CC23
000000071AB8
FFFFFFF0ADA8
FFFFFFABA8BE
FFFFFFDA809A
FFFFFFCCAA63
FFFFFFE5B3F8
FFFFFFF27BFD
00000017210A
00000004D260
FFFFFFEF0D3D
FFFFFFD9CB04
000000293829
FFFFFFDA9288
FFFFFFEACCA5
FFFFFFF77525
FFFFFFDC471E
FFFFFF95E986
FFFFFFC79330
FFFFFFAB65E9
FFFFFFD3719E
FFFFFFE55A7F
FFFFFFD16AEC
FFFFFFBCC88A
FFFFFFE184D6
FFFFFFDA53A9
00000017AF52
0000001308FF
FFFFFFE38357
FFFFFFDBBF2A
FFFFFFF5D6A3
FFFFFFCEF7E5
FFFFFFFE39ED
FFFFFFE2C8D1
FFFFFF99EB44
FFFFFFD132B1
FFFFFFF2E8EF
FFFFFFC6BADD
00000004F58A
FFFFFFC9A450
000000331FC9
0000002530D3
FFFFFFCB89C8
FFFFFFCBA40E
FFFFFFE05574
FFFFFFC744D3
FFFFFFF263A9
FFFFFFF8AE7F
00000025DE4F
FFFFFFC4C236
FFFFFFEAC3AB
FFFFFFBE420E
FFFFFFA0E56B
FFFFFFAAB5B4
00000001DA5F
FFFFFFDB689A
FFFFFFA27FA6
FFFFFFFDB825
FFFFFFE78789
FFFFFFD00EEE
00000000B10A
00000009E8C2
FFFFFFEE9457
0000001F37FE
FFFFFFC7547E
FFFFFF97B93D
FFFFFFA01BE6
FFFFFFE800BA
FFFFFFF0C6F2
FFFFFFBAD7F7
FFFFFFDF4B6A
FFFFFFE1CBD2
FFFFFFA9F041
FFFFFFF08386
FFFFFFE263A5
FFFFFFCDF0CC
FFFFFFA72794
FFFFFF896BFF
FFFFFFD4BF1D
FFFFFFC4315A
FFFFFF9C32FC
FFFFFFA69F4D
FFFFFFDF6A41
FFFFFF9DED69
FFFFFF8B29BA
FFFFFFA942A6
FFFFFF8C6053
FFFFFFE920A5
FFFFFFB3C233
FFFFFFA4608C
FFFFFFC89B9C
FFFFFFC24275
FFFFFFCCB4C0
0000000BA80C
FFFFFFBF7FF6
0000003DC1F2
00000021ABC4
00000008AC12
00000006D563
FFFFFFC809CD
FFFFFFD47D7E
FFFFFFC2ECDF
FFFFFFB1876D
FFFFFFC08916
FFFFFFEC3E19
FFFFFFFF20D1
FFFFFFF6C7BD
FFFFFFD7284E
FFFFFFF8B87F
0000007233B7
FFFFFFF89EBA
00000008F48D
000000078CC1
FFFFFFF21AF3
FFFFFFF9F805
0000000B4CB1
FFFFFFF6BAFD
FFFFFFF99A2F
FFFFFFE2F8F1
000000081CE1
FFFFFFC54B60
FFFFFFFE5108
000000514202
000000545833
0000000A88BA
00000021AE88
FFFFFFE112EA
FFFFFFD4F398
FFFFFFD2C9AC
000000094B9A
FFFFFFCE4558
FFFFFFF9C8D6
FFFFFFBD42FE
FFFFFFD804DB
FFFFFFB197A7
FFFFFFB44C88
00000017B8CD
0000000D6001
00000022BAF5
00000046E776
FFFFFFE0D0E3
FFFFFFD20B7A
FFFFFFC98D13
000000121146
FFFFFFAAF1C7
FFFFFFDE2DFE
FFFFFFD10868
FFFFFFE6ACF0
FFFFFFE2D7CB
000000406943
00000007DEBA
FFFFFFF66775
FFFFFFFE6160
000000695760
000000411D1E
FFFFFFF33319
FFFFFFEC6C96
FFFFFFD448F1
FFFFFFD1E613
0000000701F8
FFFFFFADED4F
FFFFFFC17869
00000099D1CD
00000095A3B8
00000038B09E
000000401B73
FFFFFFFDC5AD
0000004371C5
000000B3D3BC
00000067FB09
FFFFFFB95188
FFFFFFD36F19
000000081A7D
FFFFFFE67C08
FFFFFFCCFF95
FFFFFFC4BB88
0000008045F4
00000079B4CF
0000004D6AC7
000000325937
000000203BF7
000000362E43
00000063C589
0000008AFCB2
FFFFFFFBB32C
FFFFFFE657B4
FFFFFFF4883E
FFFFFFDCF739
00000004D32F
FFFFFFED38FE
000000624ED3
0000006C4356
0000004C3F91
0000003921BF
FFFFFFFD95BE
00000039F495
000000201C8B
0000005BB4EF
00000060E963
00000041365A
FFFFFFDE2C89
FFFFFFF9527B
FFFFFFE93AF5
FFFFFFE04857
0000006B6BA5
000000B6A99A
000000467A43
00000047C7B5
FFFFFFFED809
000000258EA9
0000000B71F8
0000003A7225
000000B39C6D
0000005754A3
FFFFFFE35FDC
FFFFFFF935C1
00000003BAB2
FFFFFFE0F5C3
FFFFFFE02E20
000000775A63
0000007CC231
0000007141C8
000000343EF3
0000000B0312
FFFFFFFFBF2B
000000084461
00000048B5C4
00000033D9AB
0000000AFCDD
00000049F31A
000000D5702C
FFFFFFF82546
FFFFFFCB6161
FFFFFFECCC50
0000002C59F7
0000003A8176
00000066D3C3
00000047D6ED
0000001C8E3C
0000000EADD4
00000029ADDA
0000000E0998
FFFFFFFEDE5B
0000001ADDE9
0000008E5669
0000006A5776
FFFFFFD8E71B
FFFFFFDE8DDA
0000000A304C
FFFFFFD1AA7A
000000AA6298
00000065BE7A
000000001A04
00000027BD8F
0000002687E5
000000245DEA
00000050FDB0
0000001EC39D
000000311B64
0000004B54FB
FFFFFFCB2CCE
FFFFFFEA20D8
FFFFFFE3AA65
FFFFFFAE38ED
0000004D7C61
000000439CAF
0000002656C9
00000028D237
FFFFFFDBF85C
FFFFFFD7F557
000000031EC4
000000098056
000000007AAC
0000000B6094
FFFFFF9AFE00
000000112FE7
FFFFFFFAB7BF
0000001C3D7A
FFFFFFE9DDB4
FFFFFFC1292D
000000103F12
FFFFFFFEFF5B
FFFFFFDCB8A0
FFFFFF940F55
FFFFFFB5BBDD
FFFFFFC95299
FFFFFFE2FF88
FFFFFFF6B6F5
00000014CB79
0000003150A5
FFFFFFC66833
FFFFFFF4A118
0000001EB304
000000197328
FFFFFFCCD50B
FFFFFFFB7964
FFFFFFF87F8B
00000043E27D
000000218416
FFFFFFF4B026
0000000F9FC9
000000166675
0000006889E7
0000002537A3
FFFFFFF1E220
FFFFFFD9C082
FFFFFFE166D4
FFFFFFDD0938
FFFFFFF7232B
000000039A6C
FFFFFFF9502A
000000251760
0000002A11B1
FFFFFFFE68CC
000000105A1E
000000258DD7
00000017833F
0000000F206C
FFFFFFD1A878
FFFFFFDA7567
FFFFFFE5310E
00000013B017
00000025BCFF
0000001EE357
000000110B67
FFFFFFFCAEEE
FFFFFFEB445E
FFFFFFF0E1CD
FFFFFFDBF005
FFFFFFE16AB9
0000001D6429
0000000D3EAB
0000001DD74E
0000001309DC
0000000FE83E
000000243EE2
0000001FE7C0
0000002C0A13
000000177CD0
000000035982
FFFFFFEFF6AA
FFFFFFD2AF61
FFFFFFE0AB40
FFFFFFDFE704
00000009247A
FFFFFFDEF180
FFFFFFE34293
0000001285A0
0000000E2E78
000000089340
00000023AD4F
00000016222C
0000000F96ED
0000001AAB0A
FFFFFFE79834
0000000AE3B7
FFFFFFD9105D
FFFFFFCBBACB
0000002C169D
0000003310EA
00000017D697
000000208E32
00000012FC1A
0000001C9669
FFFFFFFEAB49
FFFFFFE0BDA1
FFFFFFD461C3
FFFFFFD67005
FFFFFFFBF179
FFFFFFF7EE73
00000012391E
0000000CE984
0000000E44F0
0000000EC068
00000009D6DC
0000001BD40A
00000011F4D1
0000001F45A0
FFFFFFE9F156
FFFFFFB9A652
FFFFFFF0A895
000000173ACE
000000051F5F
0000000462FD
000000075841
00000008C728
0000002AB114
000000062E8B
0000000EBE3F
00000011FE25
00000004235C
0000000DD913
00000004F84D
FFFFFFDA3C7D
FFFFFFD3829E
00000009EE61
FFFFFFF5F6C7
FFFFFFF80502
00000001A7E9
FFFFFFF791AC
000000229724
0000001BC553
000000441543
000000252353
000000105AE0
00000012F1EE
00000017B677
FFFFFFEE74D0
FFFFFFC77EBC
FFFFFFF2F79C
FFFFFFF6C035
FFFFFFFC5DF2
FFFFFFF4F607
FFFFFFF10423
00000005F6FC
0000001C8076
000000410EF6
00000044BF36
0000002301B8
0000001B74D3
FFFFFFFFEEC1
FFFFFFF6C572
FFFFFFDF81AD
FFFFFFD9215F
FFFFFFF1BD37
FFFFFFEFF9E9
FFFFFFEB9D2A
FFFFFFF7384C
FFFFFFFC864E
0000000DA17C
00000039E6C7
000000406667
0000003DD9F5
FFFFFFFA961B
FFFFFFD77B39
FFFFFFE55467
FFFFFFFA71CC
FFFFFFF30A2B
FFFFFFF945DE
FFFFFFEFB1E8
FFFFFFFAFADB
0000000C31D7
FFFFFFFCBED6
00000002F2C4
0000000DEBDF
0000003BC355
0000005937E0
000000455370
000000365773
0000001CFD2E
00000007CB6E
00000014AD87
000000362770
000000214C27
0000000B7788
0000002E64FD
FFFFFFCFB3F0
FFFFFFDCCE91
FFFFFFFB20A6
0000001E47F9
000000278A2E
0000001522D3
FFFFFFEAE658
0000001F097B
FFFFFFF29555
00000004863B
FFFFFFF3AE1F
FFFFFFFB8515
FFFFFFEB0694
FFFFFFEF2635
FFFFFFB466CB
FFFFFFCAF0DD
FFFFFFB93D59
FFFFFFEC65A7
FFFFFFDC0F8D
FFFFFFC7687D
FFFFFFE2BDB2
FFFFFFE7B29B
FFFFFFD9BD71
FFFFFFB65CEB
FFFFFFD4025B
FFFFFFCDD298
FFFFFFD8DD0B
FFFFFFE10CD6
FFFFFFE2727A
0000000C7A6F
00000023764A
FFFFFF9E091B
000000149D7D
FFFFFFD3B043
FFFFFFD5CA3B
000000148591
FFFFFFC87D87
0000000B721B
0000002F3E82
0000001D2559
00000016027E
FFFFFFDFF431
000000157DB1
000000482314
0000004B88C3
FFFFFFE7BADA
000000064AAD
FFFFFFE14C9B
FFFFFFE8B92C
FFFFFFE39DAA
FFFFFFD91E78
FFFFFFF995A8
FFFFFFF8A3C0
00000007C2BB
000000019387
FFFFFFF9E762
000000021D92
FFFFFFF29A23
000000163D03
FFFFFFD894E3
FFFFFFD3FECE
FFFFFFB67DCA
0000001B0046
000000328313
0000000519DF
FFFFFFE91BBE
FFFFFFF89FA3
000000232060
0000000A39B6
0000000003DA
000000550C0D
0000002C4582
0000000C8F12
00000005F1D3
00000000B36B
FFFFFFBA4864
FFFFFFFA4DEB
000000375B74
0000001B26BA
FFFFFFFAC2C1
00000041BC6A
0000001AA6D4
00000006C0ED
000000311D15
0000003419A0
FFFFFFD8D269
FFFFFFF97C32
00000019CD7C
0000002E078C
FFFFFFDC8A36
FFFFFF8D93A9
0000003BA9C4
FFFFFFFF2B8A
FFFFFFF3754E
000000259B13
00000029BFDE
FFFFFFE1DD34
FFFFFFD912E8
FFFFFFD14FF1
FFFFFFEBAEF5
000000379AA6
0000003AD3C8
0000002DAC67
FFFFFFEF4719
FFFFFFB157CB
FFFFFF9F8106
FFFFFFE08ADB
FFFFFFDE4A6B
FFFFFFE94004
00000011D8E2
00000003E8D0
00000040AD2C
FFFFFFEF047E
0000000C02CB
0000003B6A09
00000046DF59
000000585A1F
0000003425EE
FFFFFFF1B64D
FFFFFFAF9A35
FFFFFFC514DD
000000039EE2
0000000D5D2D
0000001AAE96
000000145E7C
00000061B992
FFFFFFE1CAAA
0000004C5F7A
0000004C50C3
00000039AAF8
000000636043
0000004B70D7
0000002BAD17
FFFFFFEE3668
FFFFFF8B16BC
FFFFFFD2C627
0000001C3F86
000000034AF1
0000002CCD12
000000344C82
FFFFFFD43B2C
FFFFFFFEF37E
00000033CB8D
0000004DB7C2
00000066CB6E
00000057A34E
00000030B041
00000001584E
FFFFFF860D24
FFFFFFB391A7
0000001A611C
0000001AA4C2
000000262012
00000020163F
FFFFFFF2DE11
FFFFFFD5B41F
FFFFFFBDD302
FFFFFFF7B69D
0000000CB9AE
0000006D6654
00000034CBA7
0000001D6379
FFFFFFEF92B2
FFFFFFBD2875
FFFFFFCA9885
00000006B9F1
FFFFFFFC6E2E
00000015528F
0000000C95DB
0000000BB847
FFFFFFE5E146
FFFFFFF27577
FFFFFFE91FD1
FFFFFFD6BE36
FFFFFFF073D7
FFFFFFFC153F
00000007C709
00000008A5A1
00000006C48F
FFFFFFDF26B6
FFFFFFB65DFA
FFFFFFBA5222
FFFFFFEE6F94
00000024C13B
000000009697
000000237980
FFFFFFFD65B8
00000019EA34
000000286DE1
FFFFFFFDF194
000000095C65
00000027205F
000000031058
FFFFFFFDF336
000000073752
FFFFFFBC9754
FFFFFFECB167
000000096546
FFFFFFFB4B7C
0000000F1194
FFFFFFF8F8AF
0000000119CB
0000004005AA
0000001DC979
0000000B4073
00000011E303
FFFFFFF297A7
0000000B33BA
000000095C37
FFFFFFC56105
FFFFFFF1B5E6
0000000A900E
FFFFFFF21C69
0000000B50E0
FFFFFFFDB3FE
FFFFFFCC075B
FFFFFFEF6BBB
FFFFFFE46DE3
FFFFFFD4615B
FFFFFFE66362
FFFFFFE02AE4
FFFFFFF8FB66
FFFFFFFB429E
FFFFFFC01512
FFFFFFBAF8D6
FFFFFFAEC55E
000000B84422
0000005FD2F3
00000031067E
0000003E2A8E
000000828F1E
00000024D3CA
00000058182B
00000017B53C
0000002C2431
0000003F8F49
FFFFFFFC4791
0000004AC09F
FFFFFF839F5C
0000007342FE
000000B2A11C
000000978D07
00000083284F
00000047DEE2
00000045A250
0000007045F3
0000005255FB
000000237832
0000000D4F82
0000001B1E35
0000001472FD
0000000FF2C5
00000020FB11
000000AAC7EE
00000065E715
000000292939
0000008F285A
00000072469C
00000008D247
0000001D5429
00000000E1CA
000000163296
0000000AD36A
00000054F330
000000137796
0000005C2C62
000000727107
000000F20E6F
00000043BB9B
00000039B271
0000004B7B91
0000006233F8
000000466AC7
0000001D8484
0000002535AA
0000003B06D0
0000000EA17D
0000002EB4C1
FFFFFFD2970C
000000511FF0
000000CEEF68
00000081CF72
00000076FBBD
000000142A7F
FFFFFFD0A98C
00000010496F
000000847053
00000058A02E
0000005538FC
0000003288E6
00000011559F
0000000E111D
000000095A32
000000121C20
0000003C0DE4
FFFFFFC61FA9
FFFFFFF09F73
FFFFFFF6CA8C
FFFFFFDB36F3
FFFFFFC793F5
000000644583
0000004AD744
FFFFFFE9470C
FFFFFFE255E2
FFFFFFBB22A2
FFFFFFF45742
FFFFFFDFEB9A
00000016393B
0000003CFC03
FFFFFFDDEEB0
FFFFFFC70A10
FFFFFFE5D2A8
FFFFFFCEB1AC
FFFFFFB22CB3
FFFFFFBFBF69
0000006BAC9E
0000002ACDF7
FFFFFFD04A29
FFFFFFCD6BF2
FFFFFFBDA4DC
FFFFFFDEA67F
000000091BB0
0000002AC704
FFFFFFC4527E
FFFFFFD83DA9
FFFFFFEE10A1
00000017E108
00000006AAFC
FFFFFFCE552C
FFFFFFF8BFCB
00000062333D
00000006AD2D
FFFFFFDB9574
FFFFFFC686CA
0000000B9F30
00000008985A
0000003D1C92
FFFFFFDB584F
FFFFFFCE2B2C
FFFFFFE807F4
0000001CC52E
FFFFFFE39255
FFFFFFBB5F40
FFFFFFBED4C1
0000005422AF
0000003C7FB0
FFFFFFF94513
FFFFFFEB9D47
FFFFFFF7F492
FFFFFFF5E45F
000000190CF0
0000003345B6
FFFFFFC41761
FFFFFFFEB824
FFFFFFEEF10E
FFFFFFB76D94
FFFFFFB35FC4
FFFFFFB11B0E
FFFFFFE186EA
000000526365
0000004D6109
0000003FE387
00000021D1E6
00000015919E
0000001098F9
0000003C8C99
00000009460E
FFFFFFDC2302
FFFFFFD31624
FFFFFFFBC433
FFFFFFF1539B
FFFFFFE24C50
FFFFFFB87DE7
FFFFFFE2D699
000000117C6B
FFFFFFD9AA5C
FFFFFFC98B08
00000043EC49
00000004BD4E
0000006CE921
0000006BF180
00000013F5E7
00000011D25C
0000000D9B52
FFFFFFDCC642
FFFFFFEA74AB
FFFFFFCB00A5
000000268B62
FFFFFFED4DB2
FFFFFFE7BE30
FFFFFFB0CD84
000000482A7D
00000014E191
0000003B686E
0000006A097F
0000004030A3
0000005744DB
000000414DC2
000000716625
000000262E95
00000023CB30
00000023443A
00000035309A
0000003A2890
000000394B66
00000094506E
000000353B56
0000003BAA8E
0000002678BA
000000486F45
0000002713E3
000000441366
00000057DCD1
0000003F2613
00000078C2DC
00000045A17C
0000002BFD6F
000000497E68
0000001610D2
0000004EB4DD
000000171BC8
FFFFFFD99655
000000183BE6
0000001AC75B
0000002B6F16
00000002F3C3
000000792A43
000000034032
FFFFFFF22A4D
0000001D79E1
0000002247F3
00000056B2DD
00000023A201
0000001D0650
000000043D30
FFFFFFF4331A
0000001D0FD5
00000028CDA8
0000003532AA
000000568FAF
0000005BF531
000000384EB8
00000025AA94
0000001A7046
000000262F7C
00000048374A
00000035AB40
FFFFFFFE0275
000000453409
000000131AE3
FFFFFFD9F0CB
0000002E10BE
FFFFFFF59B4A
000000418710
0000001ABDF5
0000000289B0
00000022FCF3
0000004CE9B8
0000006BE0AD
00000047ECAC
0000004C2862
000000330304
0000003391C7
000000139070
FFFFFFCE19CA
0000000C5F6E
FFFFFFC7AAA3
0000001863CE
FFFFFFF20312
00000034D982
FFFFFFFD8D9A
0000002D3C13
0000004CB23B
000000432095
0000001EA002
00000026B319
0000003E64EE
000000578B9B
FFFFFFD5BAEC
000000226B71
000000059D74
0000003487AF
0000001EF7C2
00000008D3C1
0000001EECF0
FFFFFFF9495E
00000034AF3A
0000004DFFBF
000000527A61
0000005AA8B6
00000052C556
000000205181
0000001D159E
0000000D60B6
FFFFFFFC90C6
FFFFFFFABA31
00000019A596
000000487ED3
0000003F5BDA
00000034AA48
0000002DD311
0000005615F8
00000058E069
000000462675
000000969FD5
000000342025
0000002931BA
0000000C87E9
000000106AEC
0000000C4E6D
0000001E15DF
0000007CF201
0000003DEA88
0000001039A0
00000045D3FF
00000043C5C6
000000211773
00000058FB9F
000000B2EBAD
0000006422C4
0000003AC249
0000000E7E73
0000000777A4
000000196A7B
0000003CBB8D
000000436B84
0000006FB813
0000003ECFCC
000000314FF3
0000004B208B
0000002E0424
0000005596F8
00000095D017
00000076CB51
00000015AA46
0000002AE161
00000037E233
0000003EE1E2
0000001DBD98
0000003A0F1E
000000665186
00000075FC6D
00000024C85D
0000004CA224
0000002F06C6
000000429E80
00000064BCD2
000000841631
0000001EE6D1
FFFFFFF5E3B0
0000002D310D
000000359A34
000000245E43
0000000CB09D
00000038AC54
000000541369
000000443227
000000484F52
00000050CBF0
00000040BDB6
00000046E3F7
00000058DB88
000000250111
FFFFFFD737C0
0000002E6367
00000016784C
00000011E3F8
000000279B01
000000355E96
0000001BF663
0000003B3275
000000164C2C
000000444EB8
00000060FE85
0000001E6482
0000001322A3
00000034FB47
0000001A50E8
00000019AB07
000000162BC8
0000000B4C64
0000003259EB
0000003C28E4
0000004A26D5
000000345ED4
000000362FC2
00000033C750
0000005306D8
00000066074E
0000003C82FD
00000027B3A2
000000428FBE
00000026FFF0
000000401982
0000003F3BA8
000000335AF3
0000003D4813
0000005B6345
00000066A0FA
0000006264BE
000000425C88
000000540ABA
0000008FAEF9
00000068BFB1
00000053ABD1
0000002D2A58
000000275B68
00000052A1A0
000000575FDE
0000003D5A13
0000007ABD2A
0000009288AD
0000006F4B9D
000000546A48
000000541877
000000520B50
000000812441
0000005ED8CA
0000003E095F
FFFFFFEC4148
FFFFFFEE45F2
00000026B1A4
FFFFFFE821D2
0000000B0AD2
FFFFFFC865EC
FFFFFFE50B8E
FFFFFFADE995
FFFFFFB5B46E
0000001BAA40
FFFFFFE47C17
0000009FC88F
0000004D814C
000000368E58
00000007C2D9
0000002094FC
FFFFFFF1B796
FFFFFFEC80B1
0000000F6C37
FFFFFFC2C883
FFFFFF9F4ACB
FFFFFFC4C557
FFFFFFDEFC70
000000222B70
FFFFFFD097A5
00000019656E
FFFFFFFF79D7
00000027283D
000000996335
00000004A4F1
FFFFFFF0349D
00000029DC70
FFFFFFE1EBD0
000000235F19
FFFFFFDDADF6
FFFFFFD3D310
FFFFFFC4326F
00000002AF4B
FFFFFFFD2A65
0000000512A7
FFFFFFFD2F84
000000C93493
0000005CB8AA
00000014DCF5
FFFFFFF756E7
FFFFFFF85EF2
000000177674
0000001BB228
FFFFFFDE8C42
00000001824A
FFFFFFB01F72
FFFFFFE1575A
FFFFFFF5EA64
0000000A72DF
0000001E3E52
FFFFFFFF2672
000000071816
0000004B0A1B
00000089A28A
00000020F0CD
00000020A127
0000003B4150
00000025F3E6
0000002D3DE5
0000005BECF6
0000000765D5
FFFFFFFDC905
FFFFFFEC3F56
0000002C9BFE
FFFFFFDC18FE
00000000F547
0000002F8F5F
0000006D306B
FFFFFFEDD3DD
0000002DDAD4
0000000E6913
00000024E70E
000000493F12
00000047F75B
FFFFFFF804AC
0000000ADEEE
0000000C7ABC
FFFFFFCEF846
FFFFFFE09717
FFFFFFCE8F5A
FFFFFFF528FC
0000002AB53F
000000740D28
0000002B7EBA
0000000A0E27
FFFFFFF86381
FFFFFFFEF924
00000004519E
000000035A29
FFFFFFE188D7
000000537B91
00000002E171
0000000C2D7A
FFFFFFFAA9CC
FFFFFFB08170
FFFFFFD82C8A
0000001A9547
00000078A7D6
FFFFFFC80F35
FFFFFFEBCB63
000000096CA6
0000002207FB
FFFFFFE040F3
FFFFFFEECAF4
00000013727C
FFFFFFE40C64
FFFFFFF7D103
FFFFFFE1BF52
FFFFFFEC42D2
00000016D327
0000003475DD
000000723B7A
0000001ED514
FFFFFFF79441
FFFFFFEAB58B
FFFFFFF88F91
000000069060
00000023AD77
FFFFFFF1629D
0000000A4091
000000470A07
00000039E9AA
00000015C3D8
FFFFFFFD4240
FFFFFFE88A3A
00000029F982
0000007A47CC
0000001335C6
FFFFFFCF2EA9
FFFFFFAC49F6
FFFFFF694107
00000013D18E
FFFFFFD20578
000000090897
000000528ABB
00000068C2FB
FFFFFFED9F29
FFFFFFBBA997
FFFFFFE8C656
FFFFFFDC6371
0000004D7E9C
00000006308E
FFFFFFF8F085
00000063F9BA
00000046E085
FFFFFFF6C6EA
FFFFFFD6B6C9
FFFFFFBAFA9B
00000037B4D1
000000731216
00000005FE3E
00000006C9AB
00000053053A
0000000BF941
0000005E6604
0000000DC471
FFFFFFCF1039
FFFFFFDB1E64
0000006C364D
0000001C7BEB
FFFFFFE2F027
FFFFFFC5483E
FFFFFFEEF38A
FFFFFFF47911
FFFFFFDE0FCF
00000038A695
0000000E1B10
0000001EE846
00000002EE52
00000043C920
FFFFFFE8069A
FFFFFF8F815E
FFFFFFE873C4
0000000E86D5
FFFFFFEAFB94
FFFFFFE8A392
FFFFFFC53AD4
FFFFFFA440D1
FFFFFFB383C8
FFFFFFF73B40
0000000CB356
0000000D843A
FFFFFFEEB293
FFFFFFDFAC23
FFFFFFF90D0A
FFFFFFE76D6E
FFFFFFCAD943
FFFFFFDB7432
FFFFFFAF9EF3
FFFFFFBC4D54
FFFFFFCDD941
FFFFFFAA9BB2
FFFFFFCF0412
00000030863A
FFFFFFF8616A
FFFFFFE4924C
FFFFFFC7E5E4
FFFFFFD25AAB
FFFFFFCE0945
FFFFFFBDE43B
FFFFFFE26EB0
FFFFFFAE9CB6
FFFFFFFF6F73
FFFFFFEDB5C5
0000000FAB64
FFFFFFEBF964
FFFFFFFAA1D9
FFFFFFE5F178
FFFFFFE3595D
FFFFFFF66110
FFFFFFD91D6C
FFFFFFCDA63B
FFFFFFE33849
FFFFFFDB29C6
00000006A046
FFFFFFCB7B57
FFFFFFF6E4D0
FFFFFFAB07EE
FFFFFF6F795B
FFFFFFE38980
FFFFFFE30243
FFFFFFE3734A
FFFFFFE0E70D
FFFFFFEF64F5
FFFFFFF34BF6
FFFFFFE4CA4B
FFFFFFE3FDD7
FFFFFFED41DB
FFFFFFF8DBFA
0000000AD4BB
FFFFFFDE8207
00000006D290
FFFFFFDE70EA
FFFFFFEC2DED
FFFFFFE2B8F4
FFFFFFD732AD
FFFFFFC5D48D
FFFFFFDD5D27
FFFFFFEA693A
FFFFFFD953AB
FFFFFFEAC951
FFFFFFE892D2
00000003E8A4
FFFFFFFD0E77
FFFFFFDCB100
0000002C23CA
0000003AAAE7
00000003371B
FFFFFFF2FA42
FFFFFFF748FF
FFFFFFD672FB
FFFFFFED2210
00000004F9FB
00000007588D
0000000B9C1B
0000000ED786
000000138605
0000005642FB
FFFFFFE7ED2B
0000001073EB
000000059776
FFFFFFD6D9F2
FFFFFFEAC08A
000000028FB7
FFFFFFCD80D5
0000001B1AF6
000000017B9E
000000046605
000000149B9E
0000000A2C53
FFFFFFE98743
000000093E85
FFFFFFE9AB5A
00000000F5D9
FFFFFFDF7415
FFFFFFE112E1
FFFFFFD52F55
FFFFFFDBD05C
FFFFFFDB9E4D
FFFFFFE5EBBB
FFFFFFE96033
FFFFFFDEEF4C
FFFFFFE14289
FFFFFFDA6B54
FFFFFFF1C5A7
FFFFFFEDA467
000000018B03
FFFFFFF411FE
FFFFFFE20E65
FFFFFFE996FD
FFFFFFD15B7C
FFFFFFC48361
FFFFFFD75301
FFFFFFF6AD3E
FFFFFFF354DD
0000000908BA
FFFFFFE22903
FFFFFFE6B896
FFFFFFE926CC
FFFFFFEE66C1
00000015266B
FFFFFFFC2CA7
FFFFFFFBBEE8
FFFFFFEB7381
FFFFFFD40299
FFFFFFCAA31E
FFFFFFE3BED5
00000006A5ED
FFFFFFDE4FB1
000000051588
FFFFFFEC5002
FFFFFFF5063A
FFFFFFF44667
FFFFFFFF22C6
FFFFFFCE573D
0000000F2D5F
0000000F2714
000000115964
FFFFFFF15422
FFFFFFF8F55D
FFFFFFF52882
FFFFFFF9DB77
FFFFFFE2D409
FFFFFFF7E3A5
FFFFFFD5F887
FFFFFFFC46FF
FFFFFFDC4F0B
0000001E2FE8
FFFFFFDAED0C
0000000BF567
000000258EE8
000000471002
000000193DDC
00000002644B
FFFFFFFBBFCB
FFFFFFE3E23E
000000053D65
FFFFFFF00F8B
FFFFFFD5A3EF
0000000EC403
00000003B0BE
0000002B6139
FFFFFFBE3A55
FFFFFFFB2C2B
0000003715A9
000000298940
000000014223
FFFFFFF17FF8
FFFFFFE8A425
FFFFFFF06886
00000018DBA7
FFFFFFEFDB11
FFFFFFCFC6D6
FFFFFFF2A894
FFFFFFF7D052
00000021DFDB
FFFFFFCA19DC
FFFFFFE6F307
0000000B7164
FFFFFFEEE245
FFFFFFF9A448
0000000736B8
0000002301CA
000000064B7F
FFFFFFED9572
FFFFFFFC4074
000000129D44
FFFFFFEC04E8
FFFFFFFD8182
0000001A45BC
FFFFFFE91478
FFFFFFD1D5B8
FFFFFFD06CB6
FFFFFFD21189
FFFFFFD4639B
0000000C4347
000000032FC4
0000001970E9
FFFFFFFF04A0
FFFFFFE4A2B2
FFFFFFF52246
FFFFFFDAB5F9
FFFFFFFB415B
00000016ED76
00000026F97F
00000020861B
00000037217E
0000001056B5
FFFFFFEC60C8
FFFFFFB13996
FFFFFFD18AED
000000004198
FFFFFFE83594
FFFFFFFFF3AF
FFFFFFD5DED3
FFFFFFF12661
FFFFFFC59BFA
00000003A3C4
0000003287D7
0000003C1949
000000745E18
0000006D146C
000000264F35
FFFFFFE2BA41
FFFFFFBB6652
FFFFFFB6BD72
FFFFFFF47E41
FFFFFFE9C6AD
FFFFFFECFF34
FFFFFFE46D5F
FFFFFFDC9A5A
FFFFFFFE6207
FFFFFFFA1D99
00000081E678
000000623A5C
000000652CDD
00000046E08E
0000002309A2
FFFFFFBC0D7F
FFFFFFB2D1F9
FFFFFFD316E6
0000000355A5
FFFFFFEC09F9
FFFFFFDBB944
FFFFFFDECCF4
FFFFFFA896DD
FFFFFFE48078
00000001E155
0000002F07BB
00000050FA2A
0000001BA745
00000067A88B
FFFFFFC422C0
FFFFFFE70D49
FFFFFF9E6013
FFFFFFDC908B
FFFFFFD6A975
FFFFFFD52ED4
00000006F1EF
FFFFFFDD5609
0000006E108E
00000020215A
FFFFFFFE4501
0000005D9B6C
0000004628E6
000000998505
000000277334
FFFFFFD6AD14
FFFFFFC0786B
FFFFFFB2BC6E
FFFFFFCB8FBF
FFFFFFB3477E
FFFFFFCD705B
FFFFFFC7A97C
000000561349
0000003F5102
00000039C962
0000003C5C12
000000117388
00000052AFDC
0000008E3425
0000000D09F1
FFFFFFDFB411
FFFFFFCB7F43
FFFFFFD6CBEC
FFFFFFDA26EE
FFFFFFEDCE4B
FFFFFFE0A050
000000521B69
0000003C5B03
0000004498E7
00000055E02F
000000399E0A
00000033984B
0000003BF8BB
0000007AEE8F
00000007CF6E
FFFFFFCA599F
FFFFFFF016D3
FFFFFFF4AB40
FFFFFFD4AF6A
FFFFFFDC7AC3
0000006946C5
0000004C10B8
000000435712
000000325CA1
0000002899A5
0000003F7138
0000004E0259
0000005DD818
00000040E0D4
FFFFFFE4245A
FFFFFFE238A7
000000010E75
FFFFFFD241F1
FFFFFFCF10C7
00000027C19B
00000062367E
00000045B24D
00000046846C
0000005D3D4E
000000677181
00000058325E
0000004DFC1F
00000069172D
000000311341
FFFFFFEFAFC4
00000008E1CB
FFFFFFEC19F2
FFFFFFDC5EE7
FFFFFFE0DE25
000000383B20
0000004BF33C
00000029F0CC
0000004BBCAD
0000006B267C
00000059328A
000000447155
00000057A4D5
00000052C3B4
000000381022
00000059CB81
0000008EAFDF
000000070A9C
FFFFFFEC47B1
0000000F0C11
0000003E365D
000000353DB7
0000005C364E
0000006A6F30
00000063AB79
000000572F3E
000000558832
0000003D557A
0000004DF2BE
00000019F9B4
000000860D6F
00000059583C
FFFFFFE3C80E
FFFFFFF2F5A4
FFFFFFFBD3F0
000000354AB1
0000004806EA
000000746643
00000070FF58
0000006BAD27
000000562BC5
0000006881CF
0000006C92A4
0000005A3EFC
0000004BC87A
00000083F50A
FFFFFFF8BF74
000000054328
000000149386
000000045046
FFFFFFEB8FE2
0000004E8C67
000000380B7B
00000052AB16
0000005EA771
00000075E31C
000000752986
0000005BD52C
0000004D0AF1
0000004A74BC
FFFFFFECB91B
FFFFFFF4781E
FFFFFFD6953D
FFFFFFCB8AC4
FFFFFFC71EC9
FFFFFFA5598E
FFFFFFCFEA12
FFFFFFDB7439
FFFFFFFDDEDB
FFFFFFFD84B8
FFFFFFD713F1
FFFFFFBE1B65
FFFFFFB32A96
FFFFFFB4EB78
0000003E3E1A
00000033FE82
00000017DEE6
000000409F5C
0000000461DF
FFFFFFB8C773
FFFFFFEFB37F
000000036012
000000272D84
000000304C7D
FFFFFFEEB6B2
0000000182A6
FFFFFFE5A101
0000001DF487
0000002B5FA7
0000002EBB70
000000127964
00000055E9F1
000000185497
0000001AE8B8
FFFFFFEDF22C
FFFFFFCAC039
00000017C29B
FFFFFFF87C6E
0000000D123E
FFFFFFE9E735
FFFFFFDC8D11
0000000CB779
0000001E9CD9
0000004F1E8D
0000002EB4C9
0000003FBEB3
FFFFFFE1120E
0000004533A3
00000004F842
FFFFFFEC3407
00000014EF60
0000002581ED
0000000DBF2A
FFFFFFF7C14B
FFFFFFFA9129
FFFFFFEE2850
000000184D84
FFFFFFBBFC79
FFFFFFFEEDFC
00000030AA77
0000001175A7
000000615F37
000000060E33
0000002D62A7
FFFFFFE29CB5
0000001102FE
FFFFFFF4070F
FFFFFFF5EF39
0000000743F0
FFFFFFFE99F3
000000587518
FFFFFFEA3629
FFFFFFD9EC94
0000004C4658
00000051A9F1
0000006D14C3
0000004DCB49
FFFFFFFBC8AE
FFFFFFDD8333
FFFFFFC89582
FFFFFFF26562
FFFFFFE948FF
FFFFFFF9A74C
FFFFFFFA31D6
00000030A975
000000220F39
0000000DA0D7
00000034AFC2
00000013BA1B
00000051F865
00000073ECAF
000000580D08
000000322950
000000179EFF
00000032AC49
0000002F7A54
0000005024B9
0000003DDDC8
0000002AB1BF
000000077E89
000000234ED5
000000375630
00000037966B
00000040DC4E
00000041B2FC
0000006A4BA2
000000600B23
0000002B708F
0000004F17DF
000000497785
00000032CFA0
00000049861B
0000003D160C
FFFFFFFE8EFB
0000001E588E
0000001067CA
00000012B3D7
0000002B662E
0000005254E8
00000049AB10
00000051D7E6
00000051EB05
0000003772B0
00000049B1AB
000000280FAC
00000031E424
0000003A2495
00000016459D
00000028DD04
000000255DE4
0000003A24BE
00000054F781
0000004C84E7
00000043C010
00000054BA3B
0000007CECF3
000000532520
0000004AA646
00000049D6FE
0000004D3C07
00000038D8DC
00000057AE02
00000040C3C6
0000000AEAC7
00000016306C
00000031207A
0000002B0E52
000000262D74
000000571065
000000541104
000000616C25
00000048ABDC
00000069C6B6
000000635F8F
0000003BB266
0000004D82A2
000000378B27
0000003CA6A5
0000001A547B
000000078C05
0000003C6E8A
000000392754
000000487EF0
000000437804
0000002CC852
0000001E209F
0000003CCC85
0000006084BD
000000259DD2
000000332EFB
000000064190
000000201004
0000001B658B
0000002C5F98
0000004F6045
0000002A378D
000000435C95
00000040EF26
00000032CAB2
0000000E52C6
0000001D0BDA
0000003F510F
0000004E5AFC
0000004BDCDC
000000432B15
0000004609DD
0000003B95B8
00000035D3D3
0000002C784A
00000013D87C
0000000B7B88
000000124D1F
0000002DD74B
0000001A4F33
000000263A2F
000000245F6B
0000004DD22B
0000005BFF65
00000041ABF8
0000003FF511
000000549CDC
0000001D021C
0000003C37F7
00000022485F
00000021E4D7
0000004F1150
000000432746
0000004323D7
0000001CA1E0
000000296E86
00000008BBA8
000000023D5D
FFFFFFCF43E3
FFFFFFDB9096
0000003A17D7
000000352F5D
FFFFFFDD8DF5
0000000E05C9
00000025A399
000000626DF7
000000302F39
00000008C4E8
FFFFFFF67740
FFFFFFCA442F
00000041E505
000000317F2C
00000046F5FB
FFFFFFDD5DD2
FFFFFFF1F59B
FFFFFFCD42B2
FFFFFFF27523
0000001517D1
FFFFFFFD9313
00000026A71D
0000001A2D5C
FFFFFFEB9AF9
0000000AEBC5
0000000EC150
000000114B65
0000005D3FD7
0000008A35EC
0000002F2EC9
00000025E075
FFFFFFE8D0B7
000000020BE3
0000003A1ECF
00000001A96E
00000012F7BC
00000013E72F
000000003263
0000000E9F43
FFFFFFFF4231
FFFFFFFB12D3
00000075456B
000000AF335E
0000006ED3CB
00000069940D
0000003DC84D
0000002B6F56
00000026F8D6
FFFFFFEFD4A0
FFFFFFF15B2D
0000001BC966
FFFFFFEB1AFC
000000007E26
FFFFFFF6022F
0000002F815A
FFFFFFF34A04
00000054E1EE
00000068AB77
000000514364
000000253001
000000056D2C
0000001B8EC5
FFFFFFEDC120
00000011BEA4
0000000DFFD2
0000000E9B0D
FFFFFFE60CA0
FFFFFFBB0230
00000069179B
00000058C1FC
0000005A43AD
000000485306
000000301FD2
00000054C9DD
FFFFFFF23C1A
FFFFFFC86826
FFFFFFCF910D
FFFFFFC62627
FFFFFFFCB6D8
FFFFFFFDCB0A
00000007943D
000000077D40
0000003D4F7B
00000043533B
00000024CA17
0000004E3E96
0000003AE733
0000003BAA44
0000000024C2
FFFFFFBF3003
FFFFFFE6F836
FFFFFFCF9F94
FFFFFFE83210
00000000F916
FFFFFFFF12C5
FFFFFFE1E877
0000005007CF
000000496758
0000003E97EF
0000003C3A6E
0000002A5C1C
0000002CDE5C
0000002DE405
00000011D218
FFFFFFF794E0
000000100971
00000000B2CC
FFFFFFE22B3B
000000147984
FFFFFFE03E5E
FFFFFFFC4567
00000013F53A
0000003A24BD
00000050A7A6
0000004A9F2E
000000284DEB
0000001EB042
0000002159A9
FFFFFFF01B3C
FFFFFFF224EB
0000002ECF6E
0000002C75DC
0000002CA6F4
FFFFFFE0A5F0
FFFFFFF20121
FFFFFFFD61CC
0000002E7202
000000293C2F
0000003802D8
00000030E0BF
00000005B4BA
00000024459A
0000002750EF
000000205021
000000457BA0
0000003A8021
0000003084D9
00000028EDB4
FFFFFFFF257D
000000017A31
0000004887F3
000000462E0C
0000003C09BD
00000047CE44
00000015DFCF
00000005E348
0000002D3066
000000214D45
FFFFFFFE06FC
0000001FC4D4
00000052FEE3
000000609D7F
FFFFFFE54052
FFFFFFF3CCA1
0000000B14F0
000000829D22
000000664375
000000816E46
00000057865F
00000053FDE9
0000003A259D
00000050A257
00000046760F
000000749151
00000059E4F9
000000A3C0E3
FFFFFFCD583C
0000000E31DB
000000386195
00000053554E
000000252084
00000044E47D
0000004A4483
000000B15698
00000053A020
00000053A4C5
0000005A5C8D
000000561B53
000000492A2D
00000027E07B
FFFFFFC3CE7C
0000000860DD
FFFFFFD3507C
0000001107B5
FFFFFFF68C8E
FFFFFFD60437
FFFFFFF35783
FFFFFFFD4817
FFFFFFE68DEC
00000000B744
0000000386B4
0000000183C3
FFFFFFC98B57
FFFFFFD380AB
FFFFFFB071C7
000000161229
0000001CB46B
000000188E16
FFFFFFB07089
FFFFFFB16C9E
FFFFFFAF10E8
FFFFFFC2EF5F
FFFFFFEFFC0E
FFFFFFB4A17F
FFFFFFE37FDE
FFFFFFD88842
000000043ACA
FFFFFFCBD7EA
FFFFFFEB9AEB
00000014E153
FFFFFFE81934
000000175D3A
FFFFFFF68FFD
FFFFFFEE13FD
FFFFFFC36FA5
FFFFFFBB6E5F
FFFFFFCF57AD
FFFFFFED44EA
000000177FBA
0000002A3A30
0000001067AE
000000095101
FFFFFFA63379
FFFFFFBC9610
FFFFFF93D1C2
FFFFFFB4A3F4
FFFFFFD25BCA
FFFFFFFA0E8C
000000061441
FFFFFFF81A64
FFFFFFA8D182
FFFFFFD1D815
FFFFFFDCEC10
FFFFFFEBEA23
FFFFFFB8FC47
FFFFFFD5AE4A
FFFFFFD89A8B
FFFFFFC79A92
FFFFFF9110CA
FFFFFFB37BE9
FFFFFFD3C083
FFFFFFF50FE7
000000107651
FFFFFFCD1A96
FFFFFFEB4C3D
FFFFFFDB9C2D
FFFFFFD0F823
FFFFFFD06725
FFFFFFD0C620
FFFFFFB3F5D6
FFFFFF8115DD
FFFFFF989DA0
FFFFFF956BE0
FFFFFFA291B8
000000030DFB
FFFFFFF8387C
FFFFFFF2838E
FFFFFFDB90F9
FFFFFFD8A800
FFFFFFDD2B10
FFFFFFD0747D
FFFFFFAD401B
FFFFFFC520B9
FFFFFFA9C98D
FFFFFF6EDF9F
FFFFFFD189CE
FFFFFFD9BCB9
FFFFFFE04882
000000021C91
0000000FC9AB
00000029AE70
FFFFFFF77D57
FFFFFFC62416
FFFFFFDFD1F0
FFFFFFCA926C
FFFFFFC6C596
FFFFFFB1E583
FFFFFFBC298C
FFFFFF6E6100
FFFFFFE47866
FFFFFFFCF468
000000012ED5
FFFFFFFDB1DF
FFFFFFF12253
0000000FF90E
0000000973EB
FFFFFFEFE091
000000137339
FFFFFFC73020
FFFFFFEC9A4A
000000053CD5
FFFFFFBB5DAA
FFFFFF63A966
FFFFFFD93FBF
FFFFFFEEC77E
FFFFFFF3771E
FFFFFFCCEBE9
FFFFFFE0E769
000000028AC0
0000003D7A79
000000055048
FFFFFFFF23BD
FFFFFFE27823
FFFFFFE6EEA7
FFFFFFF4057F
FFFFFFD55F40
FFFFFF51C3C5
FFFFFF9A9B1B
FFFFFFB96617
FFFFFFDF57DA
FFFFFFB8E81D
FFFFFFDBD2E4
FFFFFFF8E8D2
0000002A84CE
0000001C1E8B
FFFFFFF02054
FFFFFFC82F0E
FFFFFFD9D52C
FFFFFFE22ECB
FFFFFFEC9AB1
FFFFFF80A163
FFFFFF871693
FFFFFFD0B0A3
FFFFFFC5FFC6
FFFFFFC090A0
FFFFFFE0F5CD
0000001E8806
000000292C4A
0000001834EA
FFFFFFECD747
FFFFFFA74A62
FFFFFFD4E462
FFFFFFD1AD32
FFFFFFA9B48A
FFFFFFBB9BEE
FFFFFFC55CD1
FFFFFFC8CA40
FFFFFFF73ECA
FFFFFFCAAD5A
FFFFFFD4888B
FFFFFFFAF1C1
FFFFFFED9087
FFFFFFF6F794
00000014535C
FFFFFFCFC6ED
FFFFFFF257EA
FFFFFFBE60CA
FFFFFF84534F
FFFFFF92A6C1
FFFFFFE3FBD2
FFFFFFED17A7
FFFFFFB4A505
FFFFFFD63FF5
FFFFFFB9AE91
FFFFFFB8651D
FFFFFFD56DA6
FFFFFFFAC72E
FFFFFFBE75B9
FFFFFF9E924E
FFFFFFCEACEB
FFFFFFDF21F2
FFFFFF7777CD
FFFFFFDBA9E4
FFFFFFF3BAE5
FFFFFFC6B9D8
FFFFFF79A1CC
FFFFFFAB05E4
FFFFFF9D2E7D
FFFFFF8A6E4F
FFFFFFB50713
FFFFFFA7B65B
FFFFFF72CB9E
FFFFFF5B6CDE
FFFFFF8B5709
FFFFFF6D655A
FFFFFF6FA7BD
FFFFFF69B0AD
FFFFFF9168FE
FFFFFFC02484
FFFFFFBC3DB7
FFFFFFBE81E9
FFFFFFA90C2F
FFFFFF8536D7
FFFFFF817034
FFFFFF670A90
FFFFFF769A46
FFFFFF8539FD
FFFFFF930A75
FFFFFFAA98A5
FFFFFF8B0A18
0000001E13CB
00000001B724
00000023E093
0000003B28AA
0000003C5E10
000000570417
0000007A0E09
0000005B3A0E
000000644A29
00000017D0E8
00000009FB9D
00000045FDE2
0000004E8782
FFFFFFF75C9B
00000049605D
0000000F66B5
00000061F5C5
0000004642C2
0000001F2EE3
00000066B1B6
0000003DAF79
00000062C5C2
000000973568
0000003D8806
0000006DA124
0000007B80D0
0000004EA219
00000018CF8E
00000035FCE6
FFFFFFEB9BA9
0000000F0AA2
000000290AA0
FFFFFFEE1C1A
0000004715B2
0000003AEA94
00000024A272
00000049E4B7
000000456E5F
000000117B55
0000002BA6BC
FFFFFFE6CA5C
0000000697AE
FFFFFFDC379B
0000002FEE25
FFFFFFC6EED6
FFFFFFC335AD
FFFFFFCA9651
FFFFFFB1ED67
0000002BDDC3
FFFFFFFCD8E8
00000012E86F
00000019F7D6
0000000560AF
FFFFFFEA9657
FFFFFFCBB698
000000053533
00000010A05D
0000001D59DA
FFFFFFC46B7D
FFFFFFC3774F
FFFFFFA689D2
FFFFFFB5F00F
FFFFFFEBFD7E
00000035DA64
0000006E8905
0000002264FE
FFFFFFEA0F45
0000000A6794
FFFFFFF58421
0000001E316B
FFFFFFC2830F
FFFFFFD6C167
FFFFFFDE40A2
FFFFFFD89AB0
FFFFFFC9F894
FFFFFFD40EA5
FFFFFFC399D5
FFFFFFF44110
FFFFFFEFDC7B
FFFFFFD7BC1D
FFFFFFC9D89F
FFFFFFFBDE34
00000003D657
000000189A39
0000001D6C18
FFFFFFC2680F
FFFFFFD861CA
FFFFFFBDF1FC
FFFFFFF356F0
00000004A7A7
00000005C8D5
FFFFFFFA0FD7
FFFFFFF254BE
FFFFFFDF27F2
FFFFFFEB41BD
FFFFFFD93326
FFFFFFD1E3E4
00000003D866
FFFFFFE225A2
FFFFFFA80B66
FFFFFFD1C055
FFFFFFB3588A
FFFFFFC4F271
00000005B534
0000000AC234
FFFFFFEDB5A3
FFFFFFD71CD3
FFFFFFE06CB8
FFFFFFC061DC
FFFFFFD1344C
0000000B0F4E
FFFFFFD48C1B
FFFFFFFA7D8B
FFFFFFB46418
FFFFFFD63CE4
FFFFFFAA449E
FFFFFFBBE281
FFFFFFAABEB9
FFFFFFC4DEE6
FFFFFFD49339
FFFFFFAB4A8C
FFFFFFEB691B
FFFFFFEE94CF
FFFFFFEBA466
FFFFFFD32F72
FFFFFFE350E4
FFFFFFC74BEC
FFFFFFC1CE88
FFFFFFD0417D
FFFFFFC73EF3
FFFFFF8D3CC5
FFFFFFC81876
FFFFFFE5A50B
FFFFFFAF97B7
00000004C778
00000010F83A
00000047505D
000000358483
FFFFFFBC6633
FFFFFFDA4BDD
FFFFFF9EDD7B
FFFFFFD9AA3A
00000023A437
000000143C65
FFFFFFE1ACDE
FFFFFF9F2D89
FFFFFFBE8C89
FFFFFFE5B109
FFFFFFF6744A
00000008105E
00000008FB37
FFFFFFF7355B
FFFFFFC2F85F
FFFFFFDB1A65
0000000A3A57
FFFFFFF10207
0000001EAA5D
FFFFFFCDF0D7
FFFFFFE19B0C
FFFFFFBB59E7
FFFFFF96F87B
FFFFFFB6A4D9
00000003D479
00000017FE81
0000000430AB
FFFFFF981F43
FFFFFFBED673
FFFFFFC06A91
FFFFFFF1C1BC
FFFFFFF52719
0000000A42F8
00000018B496
000000060C8F
FFFFFFE67133
FFFFFFFE4D62
FFFFFFAEB13E
FFFFFFA9CFE0
FFFFFFC9DDCD
FFFFFFFD51DE
FFFFFFEDB47C
FFFFFFDF4836
FFFFFFCB1219
00000010B7FA
0000000493B1
FFFFFFFE4341
0000001F86BB
00000027A7BC
FFFFFFFEADCE
FFFFFFFFC2DF
00000018B4C9
0000004558E1
0000002DD30C
0000001A066C
00000003A89D
0000000F1B88
0000001495F0
